exception_id,dataset,exception_type,severity,status,client_id,client_name,region,raised_date,raised_time,sla_deadline,sla_breached,resolved_date,assigned_to,description,root_cause,priority
EXC-2024-0001,Trades,Schema Mismatch,Low,Resolved,CLT0003,SBI Life Insurance,APAC,2025-01-20,08:29,2025-01-20 04:00,True,,Data Ops,Schema Mismatch detected in Trades for SBI Life Insurance,Feed Failure,P3
EXC-2024-0002,Trades,Missing Performance,Low,Closed,CLT0007,ICICI Prudential AMC,APAC,2025-01-21,16:45,2025-01-21 04:00,True,2025-01-22,IT Support,Missing Performance detected in Trades for ICICI Prudential AMC,Config Error,P2
EXC-2024-0003,Trades,Missing Performance,Low,In Progress,CLT0015,Norges Bank Investment Mgmt,EMEA,2024-09-29,18:39,2024-09-29 08:00,True,2024-10-04,Data Ops,Missing Performance detected in Trades for Norges Bank Investment Mgmt,Vendor Issue,P1
EXC-2024-0004,Performance,Missing Performance,Medium,In Progress,CLT0004,HDFC Pension Fund,APAC,2024-11-21,09:12,2024-11-21 08:00,True,2024-11-26,Recon Team,Missing Performance detected in Performance for HDFC Pension Fund,Config Error,P2
EXC-2024-0005,Trades,Duplicate Trade,Low,In Progress,CLT0002,Aditya Birla Capital,APAC,2024-06-13,15:54,2024-06-13 04:00,True,2024-06-14,Client Services,Duplicate Trade detected in Trades for Aditya Birla Capital,Manual Error,P1
EXC-2024-0006,Share Prices,Recon Break,Medium,In Progress,CLT0004,HDFC Pension Fund,APAC,2024-10-28,16:48,2024-10-29 00:00,True,,IT Support,Recon Break detected in Share Prices for HDFC Pension Fund,Feed Failure,P1
EXC-2024-0007,Performance,Missing ISIN,Medium,Resolved,CLT0006,LIC of India,APAC,2025-01-24,09:04,2025-01-25 00:00,True,2025-01-25,Data Ops,Missing ISIN detected in Performance for LIC of India,Vendor Issue,P2
EXC-2024-0008,Client Data,Missing Performance,Medium,Resolved,CLT0014,Temasek Holdings,APAC,2025-05-17,17:06,2025-05-17 04:00,True,2025-05-19,Data Ops,Missing Performance detected in Client Data for Temasek Holdings,System Lag,P2
EXC-2024-0009,Performance,Missing Performance,Medium,Open,CLT0002,Aditya Birla Capital,APAC,2024-10-15,09:21,2024-10-15 08:00,True,2024-10-18,Data Ops,Missing Performance detected in Performance for Aditya Birla Capital,Manual Error,P1
EXC-2024-0010,Share Prices,Schema Mismatch,High,Resolved,CLT0015,Norges Bank Investment Mgmt,EMEA,2024-11-22,08:21,2024-11-24 00:00,True,,Data Ops,Schema Mismatch detected in Share Prices for Norges Bank Investment Mgmt,Config Error,P2
EXC-2024-0011,Share Prices,KYC Expired,Medium,In Progress,CLT0015,Norges Bank Investment Mgmt,EMEA,2024-08-08,14:34,2024-08-10 00:00,True,2024-08-09,Data Ops,KYC Expired detected in Share Prices for Norges Bank Investment Mgmt,Vendor Issue,P2
EXC-2024-0012,Client Data,Missing Price,Medium,Resolved,CLT0007,ICICI Prudential AMC,APAC,2024-08-30,10:56,2024-09-01 00:00,True,2024-09-03,Client Services,Missing Price detected in Client Data for ICICI Prudential AMC,System Lag,P1
EXC-2024-0013,Client Data,Missing Broker,Low,In Progress,CLT0008,Nippon India MF,APAC,2025-04-04,14:51,2025-04-05 00:00,True,2025-04-05,IT Support,Missing Broker detected in Client Data for Nippon India MF,Config Error,P1
EXC-2024-0014,Securities Reference,Stale Data,Medium,In Progress,CLT0009,Emirates NBD Asset Mgmt,EMEA,2024-06-10,16:43,2024-06-11 00:00,True,2024-06-12,Data Ops,Stale Data detected in Securities Reference for Emirates NBD Asset Mgmt,Manual Error,P1
EXC-2024-0015,Securities Reference,Invalid Quantity,Medium,Open,CLT0006,LIC of India,APAC,2024-06-27,10:52,2024-06-27 04:00,True,2024-06-30,Client Services,Invalid Quantity detected in Securities Reference for LIC of India,Feed Failure,P1
EXC-2024-0016,Share Prices,Stale Data,Low,In Progress,CLT0009,Emirates NBD Asset Mgmt,EMEA,2024-10-22,17:31,2024-10-24 00:00,True,,Data Ops,Stale Data detected in Share Prices for Emirates NBD Asset Mgmt,Vendor Issue,P1
EXC-2024-0017,Performance,Invalid Quantity,High,Closed,CLT0007,ICICI Prudential AMC,APAC,2025-01-16,09:45,2025-01-16 08:00,True,,Client Services,Invalid Quantity detected in Performance for ICICI Prudential AMC,System Lag,P3
EXC-2024-0018,Share Prices,Invalid Quantity,High,Open,CLT0008,Nippon India MF,APAC,2024-11-29,15:14,2024-11-29 04:00,True,,Data Ops,Invalid Quantity detected in Share Prices for Nippon India MF,Vendor Issue,P1
EXC-2024-0019,Share Prices,Stale Data,Low,Open,CLT0005,Kotak Mahindra AMC,APAC,2025-02-12,15:48,2025-02-12 04:00,True,,Client Services,Stale Data detected in Share Prices for Kotak Mahindra AMC,Vendor Issue,P2
EXC-2024-0020,Client Data,Stale Data,Medium,Resolved,CLT0013,GIC Private Ltd Singapore,APAC,2024-08-28,11:57,2024-08-30 00:00,True,,Recon Team,Stale Data detected in Client Data for GIC Private Ltd Singapore,Vendor Issue,P1
EXC-2024-0021,Performance,Missing Performance,High,Open,CLT0015,Norges Bank Investment Mgmt,EMEA,2024-11-27,16:55,2024-11-28 00:00,True,,Data Ops,Missing Performance detected in Performance for Norges Bank Investment Mgmt,Config Error,P2
EXC-2024-0022,Securities Reference,Invalid Quantity,High,In Progress,CLT0008,Nippon India MF,APAC,2024-12-12,14:45,2024-12-12 08:00,True,,Recon Team,Invalid Quantity detected in Securities Reference for Nippon India MF,System Lag,P1
EXC-2024-0023,Trades,Recon Break,Medium,In Progress,CLT0003,SBI Life Insurance,APAC,2024-11-06,15:44,2024-11-07 00:00,True,2024-11-07,Data Ops,Recon Break detected in Trades for SBI Life Insurance,Vendor Issue,P3
EXC-2024-0024,Trades,KYC Expired,Low,In Progress,CLT0014,Temasek Holdings,APAC,2024-09-14,18:38,2024-09-15 00:00,True,2024-09-15,Client Services,KYC Expired detected in Trades for Temasek Holdings,System Lag,P1
EXC-2024-0025,Trades,Missing Performance,Medium,Open,CLT0004,HDFC Pension Fund,APAC,2025-01-26,09:25,2025-01-26 08:00,True,2025-01-28,Data Ops,Missing Performance detected in Trades for HDFC Pension Fund,Vendor Issue,P3
EXC-2024-0026,Securities Reference,Missing Price,Medium,Open,CLT0006,LIC of India,APAC,2025-04-26,18:04,2025-04-26 04:00,True,2025-04-30,Data Ops,Missing Price detected in Securities Reference for LIC of India,Manual Error,P3
EXC-2024-0027,Share Prices,Duplicate Trade,Low,In Progress,CLT0001,Tata Investment Corp,APAC,2024-07-03,12:50,2024-07-03 08:00,True,2024-07-05,Recon Team,Duplicate Trade detected in Share Prices for Tata Investment Corp,Config Error,P2
EXC-2024-0028,Client Data,Missing Performance,Low,Closed,CLT0013,GIC Private Ltd Singapore,APAC,2024-11-07,18:26,2024-11-08 00:00,True,2024-11-12,Data Ops,Missing Performance detected in Client Data for GIC Private Ltd Singapore,Manual Error,P1
EXC-2024-0029,Positions,Invalid Quantity,Medium,Resolved,CLT0006,LIC of India,APAC,2024-06-24,18:35,2024-06-24 04:00,True,2024-06-26,IT Support,Invalid Quantity detected in Positions for LIC of India,System Lag,P1
EXC-2024-0030,Positions,Stale Data,Low,Open,CLT0013,GIC Private Ltd Singapore,APAC,2024-07-25,17:23,2024-07-26 00:00,True,,Data Ops,Stale Data detected in Positions for GIC Private Ltd Singapore,Feed Failure,P2
EXC-2024-0031,Client Data,Schema Mismatch,Medium,Open,CLT0007,ICICI Prudential AMC,APAC,2024-06-03,09:07,2024-06-04 00:00,True,,Client Services,Schema Mismatch detected in Client Data for ICICI Prudential AMC,System Lag,P3
EXC-2024-0032,Performance,Stale Data,Low,In Progress,CLT0015,Norges Bank Investment Mgmt,EMEA,2025-02-04,12:12,2025-02-06 00:00,True,,Client Services,Stale Data detected in Performance for Norges Bank Investment Mgmt,Feed Failure,P1
EXC-2024-0033,Positions,Schema Mismatch,Low,Resolved,CLT0004,HDFC Pension Fund,APAC,2024-12-30,18:23,2024-12-30 04:00,True,2025-01-02,Client Services,Schema Mismatch detected in Positions for HDFC Pension Fund,System Lag,P1
EXC-2024-0034,Client Data,Missing Performance,Medium,In Progress,CLT0004,HDFC Pension Fund,APAC,2024-11-09,13:23,2024-11-10 00:00,True,,Client Services,Missing Performance detected in Client Data for HDFC Pension Fund,Manual Error,P2
EXC-2024-0035,Securities Reference,Missing Performance,Medium,Open,CLT0002,Aditya Birla Capital,APAC,2024-07-21,12:00,2024-07-21 04:00,True,2024-07-26,Recon Team,Missing Performance detected in Securities Reference for Aditya Birla Capital,Manual Error,P3
EXC-2024-0036,Securities Reference,Missing ISIN,Medium,In Progress,CLT0015,Norges Bank Investment Mgmt,EMEA,2025-05-17,10:23,2025-05-17 08:00,True,2025-05-20,Recon Team,Missing ISIN detected in Securities Reference for Norges Bank Investment Mgmt,System Lag,P2
EXC-2024-0037,Trades,KYC Expired,Medium,Open,CLT0013,GIC Private Ltd Singapore,APAC,2024-12-07,13:51,2024-12-08 00:00,True,2024-12-10,Data Ops,KYC Expired detected in Trades for GIC Private Ltd Singapore,Feed Failure,P1
EXC-2024-0038,Performance,Schema Mismatch,Medium,Closed,CLT0004,HDFC Pension Fund,APAC,2025-05-17,17:58,2025-05-17 04:00,True,,IT Support,Schema Mismatch detected in Performance for HDFC Pension Fund,Config Error,P1
EXC-2024-0039,Client Data,Stale Data,Medium,Resolved,CLT0009,Emirates NBD Asset Mgmt,EMEA,2024-12-21,13:39,2024-12-23 00:00,True,,Data Ops,Stale Data detected in Client Data for Emirates NBD Asset Mgmt,Vendor Issue,P1
EXC-2024-0040,Positions,Invalid Quantity,High,Closed,CLT0001,Tata Investment Corp,APAC,2025-03-19,11:45,2025-03-20 00:00,True,2025-03-20,Data Ops,Invalid Quantity detected in Positions for Tata Investment Corp,Manual Error,P1
EXC-2024-0041,Trades,Invalid Quantity,Medium,Open,CLT0012,Vanguard Emerging Markets,Americas,2024-07-27,17:34,2024-07-27 04:00,True,2024-08-01,Client Services,Invalid Quantity detected in Trades for Vanguard Emerging Markets,Config Error,P2
EXC-2024-0042,Trades,KYC Expired,Low,Open,CLT0007,ICICI Prudential AMC,APAC,2024-12-31,16:07,2025-01-02 00:00,True,2025-01-02,Data Ops,KYC Expired detected in Trades for ICICI Prudential AMC,Manual Error,P1
EXC-2024-0043,Trades,Missing ISIN,Medium,Resolved,CLT0015,Norges Bank Investment Mgmt,EMEA,2024-07-12,14:02,2024-07-12 04:00,True,2024-07-16,Data Ops,Missing ISIN detected in Trades for Norges Bank Investment Mgmt,System Lag,P1
EXC-2024-0044,Positions,Missing ISIN,Low,Closed,CLT0007,ICICI Prudential AMC,APAC,2025-05-26,14:48,2025-05-27 00:00,False,2025-05-29,Recon Team,Missing ISIN detected in Positions for ICICI Prudential AMC,Feed Failure,P3
EXC-2024-0045,Share Prices,KYC Expired,Medium,Resolved,CLT0002,Aditya Birla Capital,APAC,2024-06-08,13:13,2024-06-10 00:00,True,2024-06-09,Recon Team,KYC Expired detected in Share Prices for Aditya Birla Capital,Manual Error,P2
EXC-2024-0046,Share Prices,Recon Break,Medium,In Progress,CLT0013,GIC Private Ltd Singapore,APAC,2025-04-17,09:02,2025-04-17 04:00,True,,Client Services,Recon Break detected in Share Prices for GIC Private Ltd Singapore,System Lag,P2
EXC-2024-0047,Client Data,Missing Performance,Medium,Open,CLT0005,Kotak Mahindra AMC,APAC,2024-12-23,16:19,2024-12-23 08:00,True,,Data Ops,Missing Performance detected in Client Data for Kotak Mahindra AMC,System Lag,P3
EXC-2024-0048,Share Prices,Schema Mismatch,Medium,Closed,CLT0005,Kotak Mahindra AMC,APAC,2025-04-19,13:40,2025-04-21 00:00,True,2025-04-21,Client Services,Schema Mismatch detected in Share Prices for Kotak Mahindra AMC,Config Error,P1
EXC-2024-0049,Trades,Missing Broker,High,Resolved,CLT0006,LIC of India,APAC,2024-10-16,10:57,2024-10-16 04:00,True,2024-10-19,Data Ops,Missing Broker detected in Trades for LIC of India,Feed Failure,P2
EXC-2024-0050,Positions,Stale Data,High,Resolved,CLT0011,BlackRock India Fund,Americas,2025-05-12,18:58,2025-05-12 08:00,True,,Client Services,Stale Data detected in Positions for BlackRock India Fund,Feed Failure,P3
EXC-2024-0051,Performance,Missing Performance,Low,Open,CLT0007,ICICI Prudential AMC,APAC,2025-02-03,15:39,2025-02-04 00:00,True,2025-02-08,Data Ops,Missing Performance detected in Performance for ICICI Prudential AMC,Manual Error,P3
EXC-2024-0052,Client Data,Invalid Quantity,High,In Progress,CLT0011,BlackRock India Fund,Americas,2024-09-28,18:42,2024-09-28 04:00,True,2024-10-03,Data Ops,Invalid Quantity detected in Client Data for BlackRock India Fund,Manual Error,P3
EXC-2024-0053,Share Prices,Duplicate Trade,Medium,Resolved,CLT0001,Tata Investment Corp,APAC,2025-05-20,12:18,2025-05-20 04:00,True,2025-05-24,Data Ops,Duplicate Trade detected in Share Prices for Tata Investment Corp,Config Error,P1
EXC-2024-0054,Trades,Missing Price,Low,Open,CLT0004,HDFC Pension Fund,APAC,2024-10-09,09:57,2024-10-09 04:00,True,,Data Ops,Missing Price detected in Trades for HDFC Pension Fund,Config Error,P2
EXC-2024-0055,Securities Reference,Missing Price,Medium,In Progress,CLT0004,HDFC Pension Fund,APAC,2024-12-30,14:55,2024-12-30 04:00,True,2025-01-03,Data Ops,Missing Price detected in Securities Reference for HDFC Pension Fund,Manual Error,P2
EXC-2024-0056,Securities Reference,Duplicate Trade,Low,In Progress,CLT0012,Vanguard Emerging Markets,Americas,2025-02-26,11:50,2025-02-26 04:00,True,,Client Services,Duplicate Trade detected in Securities Reference for Vanguard Emerging Markets,Vendor Issue,P3
EXC-2024-0057,Performance,Recon Break,High,In Progress,CLT0013,GIC Private Ltd Singapore,APAC,2024-07-07,09:26,2024-07-07 04:00,True,2024-07-12,IT Support,Recon Break detected in Performance for GIC Private Ltd Singapore,Manual Error,P1
EXC-2024-0058,Performance,Duplicate Trade,Medium,In Progress,CLT0009,Emirates NBD Asset Mgmt,EMEA,2024-11-30,15:34,2024-12-01 00:00,True,2024-12-01,Client Services,Duplicate Trade detected in Performance for Emirates NBD Asset Mgmt,System Lag,P1
EXC-2024-0059,Client Data,Missing Broker,Low,Open,CLT0015,Norges Bank Investment Mgmt,EMEA,2024-07-12,13:13,2024-07-14 00:00,True,,Client Services,Missing Broker detected in Client Data for Norges Bank Investment Mgmt,Manual Error,P2
EXC-2024-0060,Securities Reference,Schema Mismatch,Medium,Closed,CLT0003,SBI Life Insurance,APAC,2025-01-04,14:33,2025-01-06 00:00,True,2025-01-09,Data Ops,Schema Mismatch detected in Securities Reference for SBI Life Insurance,Feed Failure,P2
EXC-2024-0061,Share Prices,Missing Broker,Medium,Resolved,CLT0009,Emirates NBD Asset Mgmt,EMEA,2024-08-29,15:37,2024-08-29 04:00,True,2024-09-02,Client Services,Missing Broker detected in Share Prices for Emirates NBD Asset Mgmt,Feed Failure,P2
EXC-2024-0062,Trades,Missing Price,Medium,Open,CLT0015,Norges Bank Investment Mgmt,EMEA,2025-03-17,08:15,2025-03-19 00:00,True,,Data Ops,Missing Price detected in Trades for Norges Bank Investment Mgmt,Feed Failure,P2
EXC-2024-0063,Share Prices,Missing Price,Medium,Open,CLT0006,LIC of India,APAC,2025-02-04,18:42,2025-02-06 00:00,True,2025-02-07,Data Ops,Missing Price detected in Share Prices for LIC of India,Config Error,P1
EXC-2024-0064,Share Prices,Missing Broker,Medium,Resolved,CLT0013,GIC Private Ltd Singapore,APAC,2024-10-07,12:58,2024-10-08 00:00,True,,Recon Team,Missing Broker detected in Share Prices for GIC Private Ltd Singapore,Feed Failure,P1
EXC-2024-0065,Trades,Duplicate Trade,Medium,Resolved,CLT0004,HDFC Pension Fund,APAC,2024-06-23,18:22,2024-06-23 08:00,True,,Recon Team,Duplicate Trade detected in Trades for HDFC Pension Fund,System Lag,P2
EXC-2024-0066,Positions,Missing Performance,Low,Open,CLT0002,Aditya Birla Capital,APAC,2024-09-28,10:40,2024-09-28 08:00,True,2024-09-29,Recon Team,Missing Performance detected in Positions for Aditya Birla Capital,Feed Failure,P3
EXC-2024-0067,Trades,KYC Expired,Low,Closed,CLT0007,ICICI Prudential AMC,APAC,2025-04-29,13:42,2025-04-30 00:00,True,2025-05-04,IT Support,KYC Expired detected in Trades for ICICI Prudential AMC,Feed Failure,P3
EXC-2024-0068,Performance,KYC Expired,Low,In Progress,CLT0007,ICICI Prudential AMC,APAC,2025-01-08,15:05,2025-01-08 04:00,True,,Recon Team,KYC Expired detected in Performance for ICICI Prudential AMC,System Lag,P3
EXC-2024-0069,Client Data,Missing ISIN,Medium,In Progress,CLT0012,Vanguard Emerging Markets,Americas,2024-12-25,13:06,2024-12-25 08:00,True,2024-12-29,Data Ops,Missing ISIN detected in Client Data for Vanguard Emerging Markets,Feed Failure,P2
EXC-2024-0070,Securities Reference,Duplicate Trade,Medium,In Progress,CLT0014,Temasek Holdings,APAC,2025-02-16,11:25,2025-02-16 08:00,True,,Recon Team,Duplicate Trade detected in Securities Reference for Temasek Holdings,Feed Failure,P1
EXC-2024-0071,Performance,Stale Data,High,Open,CLT0008,Nippon India MF,APAC,2025-04-07,10:31,2025-04-07 08:00,True,2025-04-09,Recon Team,Stale Data detected in Performance for Nippon India MF,Manual Error,P3
EXC-2024-0072,Trades,Missing Performance,Low,Open,CLT0006,LIC of India,APAC,2025-04-16,09:27,2025-04-18 00:00,True,2025-04-17,Data Ops,Missing Performance detected in Trades for LIC of India,Vendor Issue,P2
EXC-2024-0073,Client Data,Invalid Quantity,High,Resolved,CLT0002,Aditya Birla Capital,APAC,2024-11-08,10:26,2024-11-08 04:00,True,,Recon Team,Invalid Quantity detected in Client Data for Aditya Birla Capital,Vendor Issue,P2
EXC-2024-0074,Performance,Missing ISIN,Low,Closed,CLT0009,Emirates NBD Asset Mgmt,EMEA,2025-03-08,14:54,2025-03-08 08:00,True,,Recon Team,Missing ISIN detected in Performance for Emirates NBD Asset Mgmt,Feed Failure,P3
EXC-2024-0075,Trades,Recon Break,Medium,Resolved,CLT0015,Norges Bank Investment Mgmt,EMEA,2024-11-02,18:38,2024-11-02 08:00,True,,Recon Team,Recon Break detected in Trades for Norges Bank Investment Mgmt,Config Error,P3
EXC-2024-0076,Securities Reference,Missing Performance,Medium,Resolved,CLT0006,LIC of India,APAC,2024-07-17,17:19,2024-07-18 00:00,True,2024-07-21,Data Ops,Missing Performance detected in Securities Reference for LIC of India,Config Error,P3
EXC-2024-0077,Client Data,KYC Expired,High,Resolved,CLT0013,GIC Private Ltd Singapore,APAC,2024-08-10,14:26,2024-08-10 04:00,True,,Client Services,KYC Expired detected in Client Data for GIC Private Ltd Singapore,System Lag,P2
EXC-2024-0078,Share Prices,Missing Broker,Low,In Progress,CLT0012,Vanguard Emerging Markets,Americas,2025-02-21,08:05,2025-02-21 04:00,True,2025-02-25,Client Services,Missing Broker detected in Share Prices for Vanguard Emerging Markets,Feed Failure,P1
EXC-2024-0079,Trades,Missing Broker,Medium,In Progress,CLT0003,SBI Life Insurance,APAC,2024-06-05,09:15,2024-06-05 04:00,True,2024-06-09,Recon Team,Missing Broker detected in Trades for SBI Life Insurance,System Lag,P3
EXC-2024-0080,Positions,Missing Performance,High,Open,CLT0009,Emirates NBD Asset Mgmt,EMEA,2024-11-30,10:08,2024-12-02 00:00,True,2024-12-05,Client Services,Missing Performance detected in Positions for Emirates NBD Asset Mgmt,Manual Error,P2
EXC-2024-0081,Trades,Missing ISIN,High,Resolved,CLT0014,Temasek Holdings,APAC,2024-10-07,17:16,2024-10-07 04:00,True,,IT Support,Missing ISIN detected in Trades for Temasek Holdings,Manual Error,P2
EXC-2024-0082,Positions,Stale Data,High,Open,CLT0004,HDFC Pension Fund,APAC,2024-08-16,12:41,2024-08-17 00:00,True,,Data Ops,Stale Data detected in Positions for HDFC Pension Fund,System Lag,P2
EXC-2024-0083,Trades,Missing Price,Medium,Open,CLT0004,HDFC Pension Fund,APAC,2024-07-16,15:23,2024-07-16 04:00,True,,IT Support,Missing Price detected in Trades for HDFC Pension Fund,Vendor Issue,P3
EXC-2024-0084,Positions,Invalid Quantity,Medium,Open,CLT0002,Aditya Birla Capital,APAC,2025-01-25,16:17,2025-01-25 04:00,True,2025-01-30,Data Ops,Invalid Quantity detected in Positions for Aditya Birla Capital,Vendor Issue,P1
EXC-2024-0085,Trades,Stale Data,Medium,Resolved,CLT0009,Emirates NBD Asset Mgmt,EMEA,2024-11-02,17:09,2024-11-04 00:00,True,2024-11-05,Data Ops,Stale Data detected in Trades for Emirates NBD Asset Mgmt,Config Error,P3
EXC-2024-0086,Trades,Invalid Quantity,High,In Progress,CLT0012,Vanguard Emerging Markets,Americas,2025-02-05,13:42,2025-02-05 08:00,True,2025-02-09,IT Support,Invalid Quantity detected in Trades for Vanguard Emerging Markets,Feed Failure,P1
EXC-2024-0087,Share Prices,Duplicate Trade,Medium,Open,CLT0006,LIC of India,APAC,2024-11-23,10:58,2024-11-23 08:00,True,2024-11-28,IT Support,Duplicate Trade detected in Share Prices for LIC of India,Feed Failure,P3
EXC-2024-0088,Share Prices,Missing Price,Low,In Progress,CLT0008,Nippon India MF,APAC,2025-01-20,16:22,2025-01-20 04:00,True,2025-01-23,Data Ops,Missing Price detected in Share Prices for Nippon India MF,Vendor Issue,P1
EXC-2024-0089,Client Data,Missing Performance,Low,In Progress,CLT0011,BlackRock India Fund,Americas,2025-03-30,11:45,2025-03-31 00:00,True,2025-03-31,IT Support,Missing Performance detected in Client Data for BlackRock India Fund,Config Error,P1
EXC-2024-0090,Trades,Recon Break,Medium,Resolved,CLT0006,LIC of India,APAC,2024-11-02,12:01,2024-11-02 04:00,True,2024-11-06,Data Ops,Recon Break detected in Trades for LIC of India,System Lag,P2
EXC-2024-0091,Share Prices,Schema Mismatch,High,In Progress,CLT0005,Kotak Mahindra AMC,APAC,2024-09-15,13:00,2024-09-15 08:00,True,2024-09-16,Client Services,Schema Mismatch detected in Share Prices for Kotak Mahindra AMC,Vendor Issue,P3
EXC-2024-0092,Securities Reference,Missing Price,Low,Closed,CLT0003,SBI Life Insurance,APAC,2025-02-11,14:10,2025-02-12 00:00,True,,Recon Team,Missing Price detected in Securities Reference for SBI Life Insurance,Manual Error,P2
EXC-2024-0093,Securities Reference,Missing Performance,Medium,Open,CLT0001,Tata Investment Corp,APAC,2024-11-24,10:12,2024-11-24 08:00,True,,Client Services,Missing Performance detected in Securities Reference for Tata Investment Corp,Config Error,P3
EXC-2024-0094,Positions,Schema Mismatch,High,Open,CLT0005,Kotak Mahindra AMC,APAC,2024-08-18,12:27,2024-08-18 04:00,True,2024-08-20,Data Ops,Schema Mismatch detected in Positions for Kotak Mahindra AMC,System Lag,P1
EXC-2024-0095,Securities Reference,Schema Mismatch,High,Open,CLT0005,Kotak Mahindra AMC,APAC,2024-11-20,09:51,2024-11-22 00:00,True,,Recon Team,Schema Mismatch detected in Securities Reference for Kotak Mahindra AMC,Feed Failure,P1
EXC-2024-0096,Performance,Missing Performance,Low,Open,CLT0011,BlackRock India Fund,Americas,2025-02-16,17:14,2025-02-16 04:00,True,2025-02-21,Data Ops,Missing Performance detected in Performance for BlackRock India Fund,Vendor Issue,P2
EXC-2024-0097,Trades,KYC Expired,Medium,Open,CLT0004,HDFC Pension Fund,APAC,2025-02-26,10:05,2025-02-27 00:00,True,2025-03-01,Data Ops,KYC Expired detected in Trades for HDFC Pension Fund,System Lag,P2
EXC-2024-0098,Performance,Invalid Quantity,High,In Progress,CLT0007,ICICI Prudential AMC,APAC,2025-04-24,08:29,2025-04-26 00:00,True,2025-04-28,IT Support,Invalid Quantity detected in Performance for ICICI Prudential AMC,Config Error,P3
EXC-2024-0099,Performance,Recon Break,Low,Closed,CLT0012,Vanguard Emerging Markets,Americas,2025-02-04,11:09,2025-02-06 00:00,True,,Data Ops,Recon Break detected in Performance for Vanguard Emerging Markets,System Lag,P3
EXC-2024-0100,Trades,Missing Price,Medium,Open,CLT0008,Nippon India MF,APAC,2024-06-19,10:21,2024-06-20 00:00,True,,Client Services,Missing Price detected in Trades for Nippon India MF,Config Error,P3
EXC-2024-0101,Trades,Missing Performance,Medium,Open,CLT0013,GIC Private Ltd Singapore,APAC,2024-09-20,08:40,2024-09-22 00:00,True,,Client Services,Missing Performance detected in Trades for GIC Private Ltd Singapore,System Lag,P3
EXC-2024-0102,Positions,KYC Expired,Medium,Resolved,CLT0014,Temasek Holdings,APAC,2024-08-15,11:18,2024-08-17 00:00,True,2024-08-17,Recon Team,KYC Expired detected in Positions for Temasek Holdings,Manual Error,P1
EXC-2024-0103,Share Prices,Duplicate Trade,Low,Open,CLT0009,Emirates NBD Asset Mgmt,EMEA,2024-09-07,18:31,2024-09-09 00:00,True,,Recon Team,Duplicate Trade detected in Share Prices for Emirates NBD Asset Mgmt,Feed Failure,P2
EXC-2024-0104,Performance,Missing Price,High,Open,CLT0005,Kotak Mahindra AMC,APAC,2025-03-08,11:19,2025-03-09 00:00,True,,IT Support,Missing Price detected in Performance for Kotak Mahindra AMC,Manual Error,P1
EXC-2024-0105,Share Prices,Missing Performance,Medium,In Progress,CLT0008,Nippon India MF,APAC,2025-04-06,12:49,2025-04-06 08:00,True,,Client Services,Missing Performance detected in Share Prices for Nippon India MF,Vendor Issue,P2
EXC-2024-0106,Client Data,Missing ISIN,Low,Open,CLT0003,SBI Life Insurance,APAC,2025-05-16,11:52,2025-05-16 04:00,True,2025-05-20,Recon Team,Missing ISIN detected in Client Data for SBI Life Insurance,Config Error,P1
EXC-2024-0107,Client Data,Schema Mismatch,Medium,In Progress,CLT0006,LIC of India,APAC,2025-05-14,16:10,2025-05-15 00:00,True,2025-05-18,Client Services,Schema Mismatch detected in Client Data for LIC of India,Config Error,P2
EXC-2024-0108,Performance,Missing Broker,Low,Resolved,CLT0006,LIC of India,APAC,2024-12-06,17:16,2024-12-08 00:00,True,2024-12-08,Data Ops,Missing Broker detected in Performance for LIC of India,Feed Failure,P3
EXC-2024-0109,Share Prices,Stale Data,Medium,Open,CLT0013,GIC Private Ltd Singapore,APAC,2025-05-15,17:41,2025-05-17 00:00,True,,Recon Team,Stale Data detected in Share Prices for GIC Private Ltd Singapore,Feed Failure,P3
EXC-2024-0110,Securities Reference,Missing ISIN,Medium,In Progress,CLT0003,SBI Life Insurance,APAC,2025-05-10,14:56,2025-05-11 00:00,True,2025-05-13,IT Support,Missing ISIN detected in Securities Reference for SBI Life Insurance,Vendor Issue,P1
EXC-2024-0111,Securities Reference,KYC Expired,Medium,Open,CLT0003,SBI Life Insurance,APAC,2025-05-07,13:05,2025-05-07 04:00,True,2025-05-09,Data Ops,KYC Expired detected in Securities Reference for SBI Life Insurance,Config Error,P2
EXC-2024-0112,Positions,Invalid Quantity,Low,Resolved,CLT0002,Aditya Birla Capital,APAC,2024-08-12,15:51,2024-08-14 00:00,True,2024-08-15,Client Services,Invalid Quantity detected in Positions for Aditya Birla Capital,Feed Failure,P3
EXC-2024-0113,Securities Reference,Duplicate Trade,Medium,Open,CLT0005,Kotak Mahindra AMC,APAC,2025-05-19,18:20,2025-05-20 00:00,True,,Data Ops,Duplicate Trade detected in Securities Reference for Kotak Mahindra AMC,System Lag,P2
EXC-2024-0114,Positions,Schema Mismatch,High,In Progress,CLT0015,Norges Bank Investment Mgmt,EMEA,2024-11-27,12:17,2024-11-28 00:00,True,2024-11-30,Data Ops,Schema Mismatch detected in Positions for Norges Bank Investment Mgmt,Manual Error,P1
EXC-2024-0115,Performance,Stale Data,Medium,In Progress,CLT0003,SBI Life Insurance,APAC,2025-04-02,16:38,2025-04-03 00:00,True,2025-04-06,Data Ops,Stale Data detected in Performance for SBI Life Insurance,Feed Failure,P2
EXC-2024-0116,Performance,Missing Price,Medium,Open,CLT0012,Vanguard Emerging Markets,Americas,2024-11-09,17:03,2024-11-10 00:00,True,2024-11-13,IT Support,Missing Price detected in Performance for Vanguard Emerging Markets,Config Error,P3
EXC-2024-0117,Client Data,Missing ISIN,Low,Open,CLT0002,Aditya Birla Capital,APAC,2024-12-08,12:46,2024-12-10 00:00,True,2024-12-12,Data Ops,Missing ISIN detected in Client Data for Aditya Birla Capital,Config Error,P3
EXC-2024-0118,Performance,KYC Expired,Medium,Open,CLT0001,Tata Investment Corp,APAC,2024-08-19,17:00,2024-08-21 00:00,True,2024-08-24,Recon Team,KYC Expired detected in Performance for Tata Investment Corp,System Lag,P1
EXC-2024-0119,Securities Reference,Schema Mismatch,Low,Open,CLT0013,GIC Private Ltd Singapore,APAC,2025-02-11,13:10,2025-02-12 00:00,True,,Data Ops,Schema Mismatch detected in Securities Reference for GIC Private Ltd Singapore,System Lag,P2
EXC-2024-0120,Performance,Duplicate Trade,Medium,Resolved,CLT0002,Aditya Birla Capital,APAC,2024-11-09,15:08,2024-11-11 00:00,True,2024-11-12,Recon Team,Duplicate Trade detected in Performance for Aditya Birla Capital,Feed Failure,P2
EXC-2024-0121,Share Prices,Missing Broker,Medium,Resolved,CLT0004,HDFC Pension Fund,APAC,2024-06-18,11:47,2024-06-18 04:00,True,2024-06-21,IT Support,Missing Broker detected in Share Prices for HDFC Pension Fund,Manual Error,P3
EXC-2024-0122,Positions,Missing Performance,Medium,Closed,CLT0009,Emirates NBD Asset Mgmt,EMEA,2024-11-04,15:26,2024-11-06 00:00,True,2024-11-07,Data Ops,Missing Performance detected in Positions for Emirates NBD Asset Mgmt,System Lag,P2
EXC-2024-0123,Performance,Recon Break,High,Resolved,CLT0006,LIC of India,APAC,2025-04-02,10:52,2025-04-04 00:00,True,2025-04-03,Data Ops,Recon Break detected in Performance for LIC of India,Config Error,P2
EXC-2024-0124,Positions,Missing Performance,Medium,In Progress,CLT0001,Tata Investment Corp,APAC,2024-11-24,10:37,2024-11-25 00:00,True,2024-11-29,Recon Team,Missing Performance detected in Positions for Tata Investment Corp,System Lag,P3
EXC-2024-0125,Securities Reference,Missing Price,Medium,In Progress,CLT0001,Tata Investment Corp,APAC,2024-12-05,18:52,2024-12-05 08:00,True,,Client Services,Missing Price detected in Securities Reference for Tata Investment Corp,System Lag,P1
EXC-2024-0126,Positions,Missing ISIN,High,Open,CLT0007,ICICI Prudential AMC,APAC,2024-06-13,15:45,2024-06-13 08:00,True,,Client Services,Missing ISIN detected in Positions for ICICI Prudential AMC,Config Error,P2
EXC-2024-0127,Performance,Invalid Quantity,Low,In Progress,CLT0003,SBI Life Insurance,APAC,2025-01-17,12:34,2025-01-18 00:00,True,,IT Support,Invalid Quantity detected in Performance for SBI Life Insurance,Feed Failure,P1
EXC-2024-0128,Trades,Duplicate Trade,High,Resolved,CLT0004,HDFC Pension Fund,APAC,2025-05-25,08:17,2025-05-26 00:00,False,,Data Ops,Duplicate Trade detected in Trades for HDFC Pension Fund,System Lag,P2
EXC-2024-0129,Trades,Missing Broker,High,Closed,CLT0012,Vanguard Emerging Markets,Americas,2024-07-27,08:09,2024-07-27 04:00,True,,Data Ops,Missing Broker detected in Trades for Vanguard Emerging Markets,Feed Failure,P2
EXC-2024-0130,Client Data,Missing Performance,Low,Resolved,CLT0002,Aditya Birla Capital,APAC,2024-08-13,12:38,2024-08-14 00:00,True,2024-08-14,Recon Team,Missing Performance detected in Client Data for Aditya Birla Capital,Manual Error,P2
EXC-2024-0131,Share Prices,Missing Price,High,In Progress,CLT0001,Tata Investment Corp,APAC,2025-04-15,13:21,2025-04-15 08:00,True,,Data Ops,Missing Price detected in Share Prices for Tata Investment Corp,Vendor Issue,P1
EXC-2024-0132,Share Prices,KYC Expired,High,In Progress,CLT0009,Emirates NBD Asset Mgmt,EMEA,2025-05-22,09:08,2025-05-22 08:00,True,,Recon Team,KYC Expired detected in Share Prices for Emirates NBD Asset Mgmt,Vendor Issue,P3
EXC-2024-0133,Share Prices,Missing ISIN,High,Open,CLT0008,Nippon India MF,APAC,2024-12-25,11:49,2024-12-25 04:00,True,,Data Ops,Missing ISIN detected in Share Prices for Nippon India MF,Feed Failure,P1
EXC-2024-0134,Positions,Schema Mismatch,High,Closed,CLT0009,Emirates NBD Asset Mgmt,EMEA,2025-05-09,08:55,2025-05-10 00:00,True,,Recon Team,Schema Mismatch detected in Positions for Emirates NBD Asset Mgmt,System Lag,P3
EXC-2024-0135,Performance,Missing ISIN,Medium,In Progress,CLT0015,Norges Bank Investment Mgmt,EMEA,2024-07-28,12:36,2024-07-28 08:00,True,,IT Support,Missing ISIN detected in Performance for Norges Bank Investment Mgmt,Config Error,P1
EXC-2024-0136,Securities Reference,Stale Data,Medium,Resolved,CLT0007,ICICI Prudential AMC,APAC,2025-05-25,09:26,2025-05-25 04:00,True,2025-05-28,IT Support,Stale Data detected in Securities Reference for ICICI Prudential AMC,Vendor Issue,P2
EXC-2024-0137,Securities Reference,Duplicate Trade,Medium,Resolved,CLT0011,BlackRock India Fund,Americas,2025-04-18,09:32,2025-04-18 08:00,True,2025-04-23,IT Support,Duplicate Trade detected in Securities Reference for BlackRock India Fund,Config Error,P3
EXC-2024-0138,Performance,Missing Performance,Low,Open,CLT0014,Temasek Holdings,APAC,2025-01-22,16:40,2025-01-24 00:00,True,,Client Services,Missing Performance detected in Performance for Temasek Holdings,Feed Failure,P2
EXC-2024-0139,Positions,Invalid Quantity,Medium,Open,CLT0007,ICICI Prudential AMC,APAC,2024-09-02,16:48,2024-09-04 00:00,True,,Recon Team,Invalid Quantity detected in Positions for ICICI Prudential AMC,System Lag,P1
EXC-2024-0140,Securities Reference,Stale Data,Low,Open,CLT0014,Temasek Holdings,APAC,2024-11-25,11:07,2024-11-26 00:00,True,2024-11-27,Data Ops,Stale Data detected in Securities Reference for Temasek Holdings,System Lag,P2
EXC-2024-0141,Share Prices,Missing Performance,Low,Open,CLT0003,SBI Life Insurance,APAC,2025-05-02,08:59,2025-05-02 08:00,True,,Client Services,Missing Performance detected in Share Prices for SBI Life Insurance,System Lag,P1
EXC-2024-0142,Trades,Stale Data,Medium,Open,CLT0003,SBI Life Insurance,APAC,2025-02-04,08:52,2025-02-05 00:00,True,2025-02-09,Recon Team,Stale Data detected in Trades for SBI Life Insurance,Feed Failure,P3
EXC-2024-0143,Performance,Missing ISIN,High,Closed,CLT0012,Vanguard Emerging Markets,Americas,2025-01-30,18:27,2025-01-30 04:00,True,,Recon Team,Missing ISIN detected in Performance for Vanguard Emerging Markets,Vendor Issue,P3
EXC-2024-0144,Performance,Missing ISIN,Low,In Progress,CLT0008,Nippon India MF,APAC,2024-12-30,16:20,2024-12-30 08:00,True,2025-01-01,Client Services,Missing ISIN detected in Performance for Nippon India MF,Config Error,P1
EXC-2024-0145,Share Prices,Duplicate Trade,High,Resolved,CLT0004,HDFC Pension Fund,APAC,2025-05-23,10:47,2025-05-23 04:00,True,2025-05-28,IT Support,Duplicate Trade detected in Share Prices for HDFC Pension Fund,Config Error,P2
EXC-2024-0146,Performance,Recon Break,High,Resolved,CLT0006,LIC of India,APAC,2025-03-19,15:59,2025-03-21 00:00,True,2025-03-24,Data Ops,Recon Break detected in Performance for LIC of India,Feed Failure,P1
EXC-2024-0147,Client Data,Recon Break,Low,Open,CLT0009,Emirates NBD Asset Mgmt,EMEA,2024-07-28,08:51,2024-07-28 04:00,True,,IT Support,Recon Break detected in Client Data for Emirates NBD Asset Mgmt,System Lag,P3
EXC-2024-0148,Trades,Missing Price,Low,Open,CLT0002,Aditya Birla Capital,APAC,2024-12-10,10:51,2024-12-12 00:00,True,2024-12-15,Data Ops,Missing Price detected in Trades for Aditya Birla Capital,Vendor Issue,P3
EXC-2024-0149,Share Prices,Missing Price,High,In Progress,CLT0015,Norges Bank Investment Mgmt,EMEA,2024-09-05,10:22,2024-09-06 00:00,True,2024-09-07,Data Ops,Missing Price detected in Share Prices for Norges Bank Investment Mgmt,Feed Failure,P3
EXC-2024-0150,Performance,Missing Price,Medium,Open,CLT0009,Emirates NBD Asset Mgmt,EMEA,2024-11-21,16:17,2024-11-21 08:00,True,,Recon Team,Missing Price detected in Performance for Emirates NBD Asset Mgmt,Config Error,P1
EXC-2024-0151,Positions,Schema Mismatch,Low,Open,CLT0004,HDFC Pension Fund,APAC,2024-12-09,18:57,2024-12-09 08:00,True,,IT Support,Schema Mismatch detected in Positions for HDFC Pension Fund,Manual Error,P2
EXC-2024-0152,Share Prices,Invalid Quantity,Medium,In Progress,CLT0005,Kotak Mahindra AMC,APAC,2024-08-29,09:12,2024-08-29 08:00,True,2024-08-31,Data Ops,Invalid Quantity detected in Share Prices for Kotak Mahindra AMC,Feed Failure,P2
EXC-2024-0153,Positions,Recon Break,Low,Resolved,CLT0010,Abu Dhabi Investment Auth,EMEA,2024-12-12,15:35,2024-12-13 00:00,True,,Client Services,Recon Break detected in Positions for Abu Dhabi Investment Auth,System Lag,P2
EXC-2024-0154,Performance,Stale Data,Low,Open,CLT0007,ICICI Prudential AMC,APAC,2024-09-29,11:07,2024-09-30 00:00,True,2024-10-02,Data Ops,Stale Data detected in Performance for ICICI Prudential AMC,Manual Error,P3
EXC-2024-0155,Trades,Schema Mismatch,Low,Open,CLT0004,HDFC Pension Fund,APAC,2025-01-17,12:23,2025-01-17 08:00,True,2025-01-21,Client Services,Schema Mismatch detected in Trades for HDFC Pension Fund,Feed Failure,P3
EXC-2024-0156,Performance,Missing Price,Medium,Open,CLT0003,SBI Life Insurance,APAC,2025-04-11,15:56,2025-04-13 00:00,True,2025-04-12,Client Services,Missing Price detected in Performance for SBI Life Insurance,System Lag,P1
EXC-2024-0157,Performance,KYC Expired,High,Open,CLT0006,LIC of India,APAC,2024-09-21,15:57,2024-09-21 04:00,True,2024-09-23,Data Ops,KYC Expired detected in Performance for LIC of India,Vendor Issue,P3
EXC-2024-0158,Client Data,Duplicate Trade,Low,In Progress,CLT0009,Emirates NBD Asset Mgmt,EMEA,2025-03-15,10:49,2025-03-17 00:00,True,,Data Ops,Duplicate Trade detected in Client Data for Emirates NBD Asset Mgmt,Feed Failure,P3
EXC-2024-0159,Positions,Invalid Quantity,Low,In Progress,CLT0004,HDFC Pension Fund,APAC,2024-07-11,11:27,2024-07-11 08:00,True,2024-07-14,Recon Team,Invalid Quantity detected in Positions for HDFC Pension Fund,Config Error,P2
EXC-2024-0160,Trades,Duplicate Trade,Medium,Open,CLT0008,Nippon India MF,APAC,2024-07-28,10:04,2024-07-28 08:00,True,,Client Services,Duplicate Trade detected in Trades for Nippon India MF,Manual Error,P1
EXC-2024-0161,Positions,Stale Data,Medium,Closed,CLT0004,HDFC Pension Fund,APAC,2025-03-31,18:05,2025-03-31 08:00,True,2025-04-03,Data Ops,Stale Data detected in Positions for HDFC Pension Fund,Config Error,P3
EXC-2024-0162,Securities Reference,Schema Mismatch,Low,Open,CLT0006,LIC of India,APAC,2024-06-22,09:03,2024-06-24 00:00,True,2024-06-27,Data Ops,Schema Mismatch detected in Securities Reference for LIC of India,Config Error,P3
EXC-2024-0163,Client Data,Missing Performance,Medium,Open,CLT0009,Emirates NBD Asset Mgmt,EMEA,2025-01-14,08:14,2025-01-14 04:00,True,2025-01-19,Data Ops,Missing Performance detected in Client Data for Emirates NBD Asset Mgmt,Feed Failure,P3
EXC-2024-0164,Securities Reference,Invalid Quantity,High,In Progress,CLT0004,HDFC Pension Fund,APAC,2024-08-05,11:14,2024-08-05 04:00,True,2024-08-10,IT Support,Invalid Quantity detected in Securities Reference for HDFC Pension Fund,Feed Failure,P1
EXC-2024-0165,Trades,KYC Expired,Low,In Progress,CLT0007,ICICI Prudential AMC,APAC,2025-03-25,15:38,2025-03-25 04:00,True,,Client Services,KYC Expired detected in Trades for ICICI Prudential AMC,System Lag,P2
EXC-2024-0166,Share Prices,Schema Mismatch,High,Open,CLT0010,Abu Dhabi Investment Auth,EMEA,2024-12-11,17:48,2024-12-11 04:00,True,,Data Ops,Schema Mismatch detected in Share Prices for Abu Dhabi Investment Auth,System Lag,P2
EXC-2024-0167,Securities Reference,Missing Price,Low,Closed,CLT0014,Temasek Holdings,APAC,2024-12-24,17:58,2024-12-24 04:00,True,,Recon Team,Missing Price detected in Securities Reference for Temasek Holdings,Manual Error,P2
EXC-2024-0168,Trades,Missing Price,Medium,Open,CLT0010,Abu Dhabi Investment Auth,EMEA,2025-05-21,18:50,2025-05-21 08:00,True,2025-05-24,IT Support,Missing Price detected in Trades for Abu Dhabi Investment Auth,Config Error,P1
EXC-2024-0169,Positions,Stale Data,Low,Open,CLT0006,LIC of India,APAC,2024-11-13,08:06,2024-11-13 04:00,True,,Data Ops,Stale Data detected in Positions for LIC of India,Vendor Issue,P2
EXC-2024-0170,Performance,Duplicate Trade,High,In Progress,CLT0001,Tata Investment Corp,APAC,2024-11-24,11:20,2024-11-24 04:00,True,,Client Services,Duplicate Trade detected in Performance for Tata Investment Corp,Manual Error,P3
EXC-2024-0171,Securities Reference,Invalid Quantity,Medium,In Progress,CLT0004,HDFC Pension Fund,APAC,2025-01-05,17:06,2025-01-06 00:00,True,,Recon Team,Invalid Quantity detected in Securities Reference for HDFC Pension Fund,Vendor Issue,P2
EXC-2024-0172,Client Data,Missing ISIN,Medium,Resolved,CLT0003,SBI Life Insurance,APAC,2024-11-04,09:32,2024-11-04 04:00,True,2024-11-08,Client Services,Missing ISIN detected in Client Data for SBI Life Insurance,Config Error,P2
EXC-2024-0173,Client Data,Schema Mismatch,Low,Open,CLT0005,Kotak Mahindra AMC,APAC,2025-01-12,08:05,2025-01-12 08:00,True,2025-01-13,Recon Team,Schema Mismatch detected in Client Data for Kotak Mahindra AMC,Vendor Issue,P3
EXC-2024-0174,Trades,Missing Broker,Low,Resolved,CLT0003,SBI Life Insurance,APAC,2024-10-31,09:52,2024-10-31 08:00,True,,Data Ops,Missing Broker detected in Trades for SBI Life Insurance,Vendor Issue,P1
EXC-2024-0175,Trades,Invalid Quantity,Low,Open,CLT0007,ICICI Prudential AMC,APAC,2025-02-28,15:07,2025-02-28 08:00,True,,IT Support,Invalid Quantity detected in Trades for ICICI Prudential AMC,Vendor Issue,P2
EXC-2024-0176,Securities Reference,Recon Break,High,In Progress,CLT0004,HDFC Pension Fund,APAC,2024-06-17,08:53,2024-06-17 04:00,True,,Recon Team,Recon Break detected in Securities Reference for HDFC Pension Fund,Feed Failure,P1
EXC-2024-0177,Performance,KYC Expired,Medium,Closed,CLT0013,GIC Private Ltd Singapore,APAC,2025-01-13,09:42,2025-01-15 00:00,True,2025-01-16,Client Services,KYC Expired detected in Performance for GIC Private Ltd Singapore,Feed Failure,P2
EXC-2024-0178,Positions,Duplicate Trade,High,Open,CLT0015,Norges Bank Investment Mgmt,EMEA,2024-08-12,17:21,2024-08-12 08:00,True,,Data Ops,Duplicate Trade detected in Positions for Norges Bank Investment Mgmt,Config Error,P2
EXC-2024-0179,Performance,Schema Mismatch,Medium,In Progress,CLT0003,SBI Life Insurance,APAC,2025-04-03,10:26,2025-04-05 00:00,True,,Recon Team,Schema Mismatch detected in Performance for SBI Life Insurance,Manual Error,P1
EXC-2024-0180,Trades,Missing Broker,High,Open,CLT0004,HDFC Pension Fund,APAC,2024-08-20,15:17,2024-08-21 00:00,True,,Client Services,Missing Broker detected in Trades for HDFC Pension Fund,Feed Failure,P3
EXC-2024-0181,Performance,Missing Broker,Low,Resolved,CLT0006,LIC of India,APAC,2024-12-06,15:29,2024-12-06 04:00,True,2024-12-08,Data Ops,Missing Broker detected in Performance for LIC of India,Vendor Issue,P1
EXC-2024-0182,Client Data,Missing ISIN,Low,Open,CLT0011,BlackRock India Fund,Americas,2025-01-02,12:25,2025-01-02 08:00,True,,IT Support,Missing ISIN detected in Client Data for BlackRock India Fund,Config Error,P1
EXC-2024-0183,Share Prices,Duplicate Trade,Medium,In Progress,CLT0001,Tata Investment Corp,APAC,2025-01-28,12:50,2025-01-29 00:00,True,2025-02-01,Client Services,Duplicate Trade detected in Share Prices for Tata Investment Corp,Config Error,P3
EXC-2024-0184,Positions,Stale Data,High,Open,CLT0004,HDFC Pension Fund,APAC,2025-05-10,15:26,2025-05-12 00:00,True,,Data Ops,Stale Data detected in Positions for HDFC Pension Fund,Vendor Issue,P2
EXC-2024-0185,Securities Reference,Missing Broker,Medium,Open,CLT0013,GIC Private Ltd Singapore,APAC,2025-02-14,10:07,2025-02-14 04:00,True,2025-02-16,IT Support,Missing Broker detected in Securities Reference for GIC Private Ltd Singapore,Manual Error,P2
EXC-2024-0186,Positions,Invalid Quantity,Medium,Open,CLT0010,Abu Dhabi Investment Auth,EMEA,2025-01-01,11:41,2025-01-03 00:00,True,,Client Services,Invalid Quantity detected in Positions for Abu Dhabi Investment Auth,Feed Failure,P2
EXC-2024-0187,Performance,Recon Break,Medium,Resolved,CLT0011,BlackRock India Fund,Americas,2024-10-07,17:59,2024-10-09 00:00,True,,IT Support,Recon Break detected in Performance for BlackRock India Fund,System Lag,P2
EXC-2024-0188,Securities Reference,Schema Mismatch,High,Open,CLT0002,Aditya Birla Capital,APAC,2024-12-09,10:35,2024-12-11 00:00,True,2024-12-11,Client Services,Schema Mismatch detected in Securities Reference for Aditya Birla Capital,Manual Error,P3
EXC-2024-0189,Securities Reference,Schema Mismatch,Medium,In Progress,CLT0009,Emirates NBD Asset Mgmt,EMEA,2024-08-26,10:09,2024-08-26 04:00,True,,Client Services,Schema Mismatch detected in Securities Reference for Emirates NBD Asset Mgmt,Manual Error,P2
EXC-2024-0190,Trades,Stale Data,Low,Open,CLT0012,Vanguard Emerging Markets,Americas,2024-08-31,16:26,2024-08-31 08:00,True,2024-09-04,IT Support,Stale Data detected in Trades for Vanguard Emerging Markets,Manual Error,P1
EXC-2024-0191,Client Data,Missing Price,Medium,Resolved,CLT0006,LIC of India,APAC,2025-03-18,11:55,2025-03-20 00:00,True,2025-03-21,IT Support,Missing Price detected in Client Data for LIC of India,System Lag,P3
EXC-2024-0192,Positions,Missing ISIN,High,Resolved,CLT0006,LIC of India,APAC,2025-04-14,08:49,2025-04-14 08:00,True,2025-04-15,Client Services,Missing ISIN detected in Positions for LIC of India,Feed Failure,P3
EXC-2024-0193,Securities Reference,KYC Expired,Medium,Resolved,CLT0005,Kotak Mahindra AMC,APAC,2024-12-05,15:04,2024-12-05 04:00,True,,Client Services,KYC Expired detected in Securities Reference for Kotak Mahindra AMC,Config Error,P3
EXC-2024-0194,Positions,Missing Price,High,Closed,CLT0005,Kotak Mahindra AMC,APAC,2025-03-17,14:08,2025-03-18 00:00,True,2025-03-21,Data Ops,Missing Price detected in Positions for Kotak Mahindra AMC,Vendor Issue,P2
EXC-2024-0195,Securities Reference,Invalid Quantity,Medium,Resolved,CLT0009,Emirates NBD Asset Mgmt,EMEA,2024-08-23,14:32,2024-08-25 00:00,True,2024-08-26,IT Support,Invalid Quantity detected in Securities Reference for Emirates NBD Asset Mgmt,System Lag,P2
EXC-2024-0196,Securities Reference,Recon Break,Low,Open,CLT0006,LIC of India,APAC,2024-08-10,17:21,2024-08-10 04:00,True,,IT Support,Recon Break detected in Securities Reference for LIC of India,System Lag,P2
EXC-2024-0197,Client Data,Schema Mismatch,Low,In Progress,CLT0007,ICICI Prudential AMC,APAC,2024-10-23,15:43,2024-10-23 08:00,True,2024-10-24,IT Support,Schema Mismatch detected in Client Data for ICICI Prudential AMC,Feed Failure,P1
EXC-2024-0198,Share Prices,Missing Broker,Low,Resolved,CLT0005,Kotak Mahindra AMC,APAC,2024-12-21,13:43,2024-12-23 00:00,True,,IT Support,Missing Broker detected in Share Prices for Kotak Mahindra AMC,Feed Failure,P1
EXC-2024-0199,Trades,Stale Data,Low,Open,CLT0013,GIC Private Ltd Singapore,APAC,2024-11-01,10:00,2024-11-03 00:00,True,,Data Ops,Stale Data detected in Trades for GIC Private Ltd Singapore,Config Error,P1
EXC-2024-0200,Performance,KYC Expired,Low,Open,CLT0010,Abu Dhabi Investment Auth,EMEA,2025-04-28,14:36,2025-04-28 04:00,True,,Client Services,KYC Expired detected in Performance for Abu Dhabi Investment Auth,Config Error,P3
EXC-2024-0201,Performance,Duplicate Trade,High,Open,CLT0002,Aditya Birla Capital,APAC,2025-05-02,08:56,2025-05-02 04:00,True,2025-05-05,Client Services,Duplicate Trade detected in Performance for Aditya Birla Capital,Config Error,P1
EXC-2024-0202,Trades,Missing Performance,High,Resolved,CLT0007,ICICI Prudential AMC,APAC,2025-02-06,15:00,2025-02-06 08:00,True,2025-02-09,Recon Team,Missing Performance detected in Trades for ICICI Prudential AMC,System Lag,P2
EXC-2024-0203,Securities Reference,KYC Expired,High,In Progress,CLT0014,Temasek Holdings,APAC,2024-09-30,17:14,2024-09-30 08:00,True,,IT Support,KYC Expired detected in Securities Reference for Temasek Holdings,System Lag,P1
EXC-2024-0204,Securities Reference,Missing Performance,Medium,Resolved,CLT0006,LIC of India,APAC,2025-01-26,14:17,2025-01-28 00:00,True,,IT Support,Missing Performance detected in Securities Reference for LIC of India,Config Error,P2
EXC-2024-0205,Positions,Recon Break,High,Closed,CLT0012,Vanguard Emerging Markets,Americas,2024-11-20,09:48,2024-11-20 08:00,True,2024-11-21,IT Support,Recon Break detected in Positions for Vanguard Emerging Markets,Config Error,P2
EXC-2024-0206,Client Data,Schema Mismatch,Low,Resolved,CLT0012,Vanguard Emerging Markets,Americas,2025-04-06,14:13,2025-04-07 00:00,True,2025-04-09,Client Services,Schema Mismatch detected in Client Data for Vanguard Emerging Markets,System Lag,P3
EXC-2024-0207,Securities Reference,Invalid Quantity,Medium,Resolved,CLT0015,Norges Bank Investment Mgmt,EMEA,2024-06-22,18:52,2024-06-23 00:00,True,2024-06-27,Data Ops,Invalid Quantity detected in Securities Reference for Norges Bank Investment Mgmt,System Lag,P3
EXC-2024-0208,Performance,Stale Data,Medium,Closed,CLT0011,BlackRock India Fund,Americas,2024-11-20,09:00,2024-11-20 04:00,True,2024-11-25,IT Support,Stale Data detected in Performance for BlackRock India Fund,Manual Error,P2
EXC-2024-0209,Client Data,Recon Break,Low,In Progress,CLT0010,Abu Dhabi Investment Auth,EMEA,2025-05-16,11:31,2025-05-16 04:00,True,,Recon Team,Recon Break detected in Client Data for Abu Dhabi Investment Auth,Vendor Issue,P3
EXC-2024-0210,Client Data,Schema Mismatch,High,In Progress,CLT0007,ICICI Prudential AMC,APAC,2025-01-04,15:45,2025-01-05 00:00,True,,Client Services,Schema Mismatch detected in Client Data for ICICI Prudential AMC,Vendor Issue,P3
EXC-2024-0211,Positions,Recon Break,Medium,In Progress,CLT0004,HDFC Pension Fund,APAC,2024-07-26,15:22,2024-07-26 08:00,True,,IT Support,Recon Break detected in Positions for HDFC Pension Fund,Vendor Issue,P2
EXC-2024-0212,Client Data,Duplicate Trade,Medium,Open,CLT0005,Kotak Mahindra AMC,APAC,2024-07-01,09:26,2024-07-01 04:00,True,2024-07-05,Recon Team,Duplicate Trade detected in Client Data for Kotak Mahindra AMC,Feed Failure,P3
EXC-2024-0213,Positions,Missing Price,Low,In Progress,CLT0015,Norges Bank Investment Mgmt,EMEA,2025-02-23,16:08,2025-02-24 00:00,True,2025-02-26,IT Support,Missing Price detected in Positions for Norges Bank Investment Mgmt,Vendor Issue,P1
EXC-2024-0214,Share Prices,Missing ISIN,Low,Open,CLT0003,SBI Life Insurance,APAC,2025-03-04,18:28,2025-03-04 08:00,True,2025-03-06,IT Support,Missing ISIN detected in Share Prices for SBI Life Insurance,System Lag,P1
EXC-2024-0215,Client Data,Missing Price,Medium,Open,CLT0007,ICICI Prudential AMC,APAC,2024-11-07,12:36,2024-11-09 00:00,True,,IT Support,Missing Price detected in Client Data for ICICI Prudential AMC,Feed Failure,P2
EXC-2024-0216,Securities Reference,Duplicate Trade,Medium,In Progress,CLT0012,Vanguard Emerging Markets,Americas,2024-09-06,16:31,2024-09-06 04:00,True,2024-09-08,Recon Team,Duplicate Trade detected in Securities Reference for Vanguard Emerging Markets,Feed Failure,P2
EXC-2024-0217,Performance,Schema Mismatch,Medium,Open,CLT0001,Tata Investment Corp,APAC,2024-06-16,13:38,2024-06-16 04:00,True,2024-06-17,IT Support,Schema Mismatch detected in Performance for Tata Investment Corp,System Lag,P2
EXC-2024-0218,Trades,Duplicate Trade,High,Resolved,CLT0013,GIC Private Ltd Singapore,APAC,2024-11-24,08:26,2024-11-25 00:00,True,2024-11-29,Client Services,Duplicate Trade detected in Trades for GIC Private Ltd Singapore,Manual Error,P2
EXC-2024-0219,Performance,Schema Mismatch,Medium,Open,CLT0008,Nippon India MF,APAC,2024-08-08,09:55,2024-08-10 00:00,True,,Client Services,Schema Mismatch detected in Performance for Nippon India MF,Config Error,P2
EXC-2024-0220,Client Data,Missing Performance,Medium,Open,CLT0002,Aditya Birla Capital,APAC,2025-01-18,09:35,2025-01-18 04:00,True,2025-01-22,Client Services,Missing Performance detected in Client Data for Aditya Birla Capital,Config Error,P3
EXC-2024-0221,Positions,Schema Mismatch,High,Open,CLT0012,Vanguard Emerging Markets,Americas,2025-04-19,12:30,2025-04-19 04:00,True,,IT Support,Schema Mismatch detected in Positions for Vanguard Emerging Markets,Manual Error,P1
EXC-2024-0222,Client Data,Recon Break,Medium,Open,CLT0001,Tata Investment Corp,APAC,2024-09-09,08:37,2024-09-10 00:00,True,2024-09-12,Recon Team,Recon Break detected in Client Data for Tata Investment Corp,Feed Failure,P3
EXC-2024-0223,Securities Reference,Missing Broker,Medium,Open,CLT0010,Abu Dhabi Investment Auth,EMEA,2024-10-30,18:02,2024-10-30 08:00,True,,IT Support,Missing Broker detected in Securities Reference for Abu Dhabi Investment Auth,Feed Failure,P3
EXC-2024-0224,Performance,Invalid Quantity,Low,Resolved,CLT0010,Abu Dhabi Investment Auth,EMEA,2024-12-22,08:27,2024-12-22 04:00,True,2024-12-26,Data Ops,Invalid Quantity detected in Performance for Abu Dhabi Investment Auth,Vendor Issue,P1
EXC-2024-0225,Performance,Duplicate Trade,Medium,In Progress,CLT0004,HDFC Pension Fund,APAC,2024-06-10,13:10,2024-06-10 04:00,True,2024-06-12,Client Services,Duplicate Trade detected in Performance for HDFC Pension Fund,System Lag,P1
EXC-2024-0226,Positions,Invalid Quantity,Low,Open,CLT0014,Temasek Holdings,APAC,2024-12-31,09:29,2025-01-01 00:00,True,,Data Ops,Invalid Quantity detected in Positions for Temasek Holdings,Config Error,P3
EXC-2024-0227,Share Prices,Invalid Quantity,Medium,Open,CLT0003,SBI Life Insurance,APAC,2024-08-13,09:13,2024-08-13 04:00,True,,Data Ops,Invalid Quantity detected in Share Prices for SBI Life Insurance,Feed Failure,P1
EXC-2024-0228,Positions,Schema Mismatch,Low,In Progress,CLT0013,GIC Private Ltd Singapore,APAC,2024-07-24,15:16,2024-07-25 00:00,True,2024-07-25,Recon Team,Schema Mismatch detected in Positions for GIC Private Ltd Singapore,Manual Error,P2
EXC-2024-0229,Securities Reference,Recon Break,Low,Open,CLT0007,ICICI Prudential AMC,APAC,2025-01-14,18:17,2025-01-14 04:00,True,,Client Services,Recon Break detected in Securities Reference for ICICI Prudential AMC,Feed Failure,P1
EXC-2024-0230,Trades,Missing Broker,Low,Resolved,CLT0003,SBI Life Insurance,APAC,2024-12-16,16:53,2024-12-17 00:00,True,,IT Support,Missing Broker detected in Trades for SBI Life Insurance,Feed Failure,P3
EXC-2024-0231,Client Data,Missing Performance,High,Open,CLT0009,Emirates NBD Asset Mgmt,EMEA,2024-06-29,16:34,2024-06-29 08:00,True,2024-07-01,IT Support,Missing Performance detected in Client Data for Emirates NBD Asset Mgmt,Vendor Issue,P1
EXC-2024-0232,Client Data,Stale Data,Low,Open,CLT0002,Aditya Birla Capital,APAC,2024-07-08,09:44,2024-07-08 08:00,True,2024-07-10,Data Ops,Stale Data detected in Client Data for Aditya Birla Capital,Config Error,P3
EXC-2024-0233,Client Data,Missing ISIN,Low,In Progress,CLT0008,Nippon India MF,APAC,2024-08-24,16:06,2024-08-24 04:00,True,2024-08-25,Client Services,Missing ISIN detected in Client Data for Nippon India MF,Feed Failure,P1
EXC-2024-0234,Share Prices,Recon Break,Low,Resolved,CLT0013,GIC Private Ltd Singapore,APAC,2025-04-02,17:35,2025-04-02 08:00,True,2025-04-04,Recon Team,Recon Break detected in Share Prices for GIC Private Ltd Singapore,Feed Failure,P2
EXC-2024-0235,Performance,Recon Break,Medium,Resolved,CLT0012,Vanguard Emerging Markets,Americas,2025-04-27,18:35,2025-04-28 00:00,True,2025-05-01,Recon Team,Recon Break detected in Performance for Vanguard Emerging Markets,Feed Failure,P2
EXC-2024-0236,Positions,Missing Price,Low,Closed,CLT0007,ICICI Prudential AMC,APAC,2025-03-12,09:23,2025-03-14 00:00,True,,IT Support,Missing Price detected in Positions for ICICI Prudential AMC,Config Error,P2
EXC-2024-0237,Client Data,Stale Data,High,Resolved,CLT0006,LIC of India,APAC,2024-09-10,18:08,2024-09-10 08:00,True,2024-09-14,Client Services,Stale Data detected in Client Data for LIC of India,Config Error,P3
EXC-2024-0238,Client Data,Missing Performance,Medium,Open,CLT0009,Emirates NBD Asset Mgmt,EMEA,2024-06-25,08:50,2024-06-27 00:00,True,2024-06-27,Data Ops,Missing Performance detected in Client Data for Emirates NBD Asset Mgmt,Config Error,P3
EXC-2024-0239,Trades,Duplicate Trade,Medium,Open,CLT0015,Norges Bank Investment Mgmt,EMEA,2024-09-30,08:08,2024-09-30 08:00,True,,Client Services,Duplicate Trade detected in Trades for Norges Bank Investment Mgmt,Manual Error,P1
EXC-2024-0240,Securities Reference,Stale Data,Low,Closed,CLT0005,Kotak Mahindra AMC,APAC,2025-05-18,17:15,2025-05-19 00:00,True,,Recon Team,Stale Data detected in Securities Reference for Kotak Mahindra AMC,System Lag,P2
EXC-2024-0241,Share Prices,Schema Mismatch,Medium,Open,CLT0002,Aditya Birla Capital,APAC,2025-01-11,12:06,2025-01-13 00:00,True,2025-01-15,IT Support,Schema Mismatch detected in Share Prices for Aditya Birla Capital,Manual Error,P1
EXC-2024-0242,Securities Reference,Missing Price,Low,Open,CLT0001,Tata Investment Corp,APAC,2024-09-20,12:37,2024-09-22 00:00,True,2024-09-25,IT Support,Missing Price detected in Securities Reference for Tata Investment Corp,Feed Failure,P1
EXC-2024-0243,Positions,Missing ISIN,Medium,Resolved,CLT0008,Nippon India MF,APAC,2025-02-27,14:42,2025-02-28 00:00,True,2025-03-03,Recon Team,Missing ISIN detected in Positions for Nippon India MF,Feed Failure,P3
EXC-2024-0244,Performance,Stale Data,Medium,Open,CLT0005,Kotak Mahindra AMC,APAC,2024-08-01,17:50,2024-08-01 08:00,True,,Recon Team,Stale Data detected in Performance for Kotak Mahindra AMC,Manual Error,P3
EXC-2024-0245,Share Prices,Missing Price,Medium,Closed,CLT0005,Kotak Mahindra AMC,APAC,2025-02-08,14:28,2025-02-08 04:00,True,,IT Support,Missing Price detected in Share Prices for Kotak Mahindra AMC,Vendor Issue,P1
EXC-2024-0246,Client Data,Missing Broker,Medium,Open,CLT0007,ICICI Prudential AMC,APAC,2025-02-28,09:02,2025-03-01 00:00,True,2025-03-05,IT Support,Missing Broker detected in Client Data for ICICI Prudential AMC,Manual Error,P2
EXC-2024-0247,Share Prices,Schema Mismatch,Low,In Progress,CLT0009,Emirates NBD Asset Mgmt,EMEA,2025-05-12,13:31,2025-05-12 08:00,True,,IT Support,Schema Mismatch detected in Share Prices for Emirates NBD Asset Mgmt,Vendor Issue,P1
EXC-2024-0248,Performance,Duplicate Trade,Medium,In Progress,CLT0001,Tata Investment Corp,APAC,2024-12-01,10:08,2024-12-03 00:00,True,2024-12-03,IT Support,Duplicate Trade detected in Performance for Tata Investment Corp,Feed Failure,P3
EXC-2024-0249,Trades,Missing ISIN,Medium,In Progress,CLT0013,GIC Private Ltd Singapore,APAC,2024-07-19,12:21,2024-07-20 00:00,True,2024-07-21,Data Ops,Missing ISIN detected in Trades for GIC Private Ltd Singapore,Vendor Issue,P1
EXC-2024-0250,Client Data,Missing Price,High,Open,CLT0005,Kotak Mahindra AMC,APAC,2025-04-03,15:29,2025-04-05 00:00,True,,IT Support,Missing Price detected in Client Data for Kotak Mahindra AMC,Manual Error,P3
EXC-2024-0251,Share Prices,Recon Break,Low,In Progress,CLT0003,SBI Life Insurance,APAC,2025-02-14,18:09,2025-02-16 00:00,True,2025-02-19,Recon Team,Recon Break detected in Share Prices for SBI Life Insurance,System Lag,P3
EXC-2024-0252,Performance,Duplicate Trade,Medium,In Progress,CLT0006,LIC of India,APAC,2025-05-13,17:44,2025-05-13 04:00,True,2025-05-18,Recon Team,Duplicate Trade detected in Performance for LIC of India,Config Error,P2
EXC-2024-0253,Client Data,Missing Price,Medium,In Progress,CLT0003,SBI Life Insurance,APAC,2024-11-25,09:29,2024-11-25 04:00,True,,Client Services,Missing Price detected in Client Data for SBI Life Insurance,System Lag,P1
EXC-2024-0254,Trades,Recon Break,Medium,Resolved,CLT0015,Norges Bank Investment Mgmt,EMEA,2025-03-01,13:12,2025-03-02 00:00,True,,Recon Team,Recon Break detected in Trades for Norges Bank Investment Mgmt,Manual Error,P3
EXC-2024-0255,Positions,Stale Data,Medium,Open,CLT0012,Vanguard Emerging Markets,Americas,2024-12-05,09:03,2024-12-05 08:00,True,2024-12-08,Client Services,Stale Data detected in Positions for Vanguard Emerging Markets,Config Error,P3
EXC-2024-0256,Trades,Duplicate Trade,Low,Resolved,CLT0008,Nippon India MF,APAC,2025-03-19,12:06,2025-03-20 00:00,True,,Client Services,Duplicate Trade detected in Trades for Nippon India MF,Manual Error,P2
EXC-2024-0257,Positions,Missing Broker,High,Open,CLT0012,Vanguard Emerging Markets,Americas,2024-08-24,13:45,2024-08-24 08:00,True,,IT Support,Missing Broker detected in Positions for Vanguard Emerging Markets,Feed Failure,P1
EXC-2024-0258,Client Data,Stale Data,Medium,In Progress,CLT0006,LIC of India,APAC,2024-12-24,17:24,2024-12-26 00:00,True,2024-12-27,Data Ops,Stale Data detected in Client Data for LIC of India,Vendor Issue,P2
EXC-2024-0259,Share Prices,KYC Expired,Medium,Closed,CLT0011,BlackRock India Fund,Americas,2025-04-17,17:16,2025-04-18 00:00,True,2025-04-19,Data Ops,KYC Expired detected in Share Prices for BlackRock India Fund,Feed Failure,P1
EXC-2024-0260,Trades,Missing Broker,Medium,Open,CLT0003,SBI Life Insurance,APAC,2024-12-06,14:49,2024-12-08 00:00,True,2024-12-11,IT Support,Missing Broker detected in Trades for SBI Life Insurance,Feed Failure,P3
EXC-2024-0261,Performance,Missing Broker,Medium,Closed,CLT0002,Aditya Birla Capital,APAC,2024-08-17,15:13,2024-08-19 00:00,True,2024-08-19,Recon Team,Missing Broker detected in Performance for Aditya Birla Capital,Vendor Issue,P3
EXC-2024-0262,Trades,Missing Price,Medium,In Progress,CLT0008,Nippon India MF,APAC,2024-07-20,18:22,2024-07-20 08:00,True,,Recon Team,Missing Price detected in Trades for Nippon India MF,Manual Error,P2
EXC-2024-0263,Securities Reference,Missing Performance,Low,Open,CLT0010,Abu Dhabi Investment Auth,EMEA,2024-06-21,14:15,2024-06-21 04:00,True,2024-06-23,IT Support,Missing Performance detected in Securities Reference for Abu Dhabi Investment Auth,System Lag,P1
EXC-2024-0264,Share Prices,Missing Price,High,Resolved,CLT0001,Tata Investment Corp,APAC,2025-03-04,10:43,2025-03-06 00:00,True,,Data Ops,Missing Price detected in Share Prices for Tata Investment Corp,Vendor Issue,P3
EXC-2024-0265,Securities Reference,Schema Mismatch,Low,In Progress,CLT0005,Kotak Mahindra AMC,APAC,2024-10-17,12:34,2024-10-19 00:00,True,2024-10-19,Recon Team,Schema Mismatch detected in Securities Reference for Kotak Mahindra AMC,Feed Failure,P2
EXC-2024-0266,Securities Reference,Missing Performance,Low,Open,CLT0011,BlackRock India Fund,Americas,2024-10-12,10:51,2024-10-13 00:00,True,,Recon Team,Missing Performance detected in Securities Reference for BlackRock India Fund,Feed Failure,P2
EXC-2024-0267,Performance,Missing Performance,Medium,Resolved,CLT0008,Nippon India MF,APAC,2024-12-09,09:30,2024-12-10 00:00,True,,Recon Team,Missing Performance detected in Performance for Nippon India MF,Config Error,P1
EXC-2024-0268,Positions,Schema Mismatch,Medium,In Progress,CLT0012,Vanguard Emerging Markets,Americas,2024-12-20,11:58,2024-12-22 00:00,True,,Client Services,Schema Mismatch detected in Positions for Vanguard Emerging Markets,Vendor Issue,P2
EXC-2024-0269,Trades,Recon Break,Low,Resolved,CLT0008,Nippon India MF,APAC,2024-08-19,13:43,2024-08-20 00:00,True,2024-08-22,Client Services,Recon Break detected in Trades for Nippon India MF,Vendor Issue,P1
EXC-2024-0270,Trades,Invalid Quantity,Medium,In Progress,CLT0014,Temasek Holdings,APAC,2024-11-22,10:20,2024-11-22 08:00,True,,Data Ops,Invalid Quantity detected in Trades for Temasek Holdings,Manual Error,P3
EXC-2024-0271,Trades,Missing Performance,High,Resolved,CLT0011,BlackRock India Fund,Americas,2024-06-13,10:38,2024-06-15 00:00,True,,Client Services,Missing Performance detected in Trades for BlackRock India Fund,Feed Failure,P1
EXC-2024-0272,Client Data,Recon Break,High,Resolved,CLT0005,Kotak Mahindra AMC,APAC,2024-07-14,14:29,2024-07-14 08:00,True,,Data Ops,Recon Break detected in Client Data for Kotak Mahindra AMC,System Lag,P1
EXC-2024-0273,Share Prices,Duplicate Trade,Low,Closed,CLT0014,Temasek Holdings,APAC,2024-12-04,08:00,2024-12-06 00:00,True,2024-12-09,Data Ops,Duplicate Trade detected in Share Prices for Temasek Holdings,Manual Error,P3
EXC-2024-0274,Share Prices,Stale Data,Low,Resolved,CLT0003,SBI Life Insurance,APAC,2025-04-10,10:41,2025-04-10 04:00,True,2025-04-15,Client Services,Stale Data detected in Share Prices for SBI Life Insurance,Feed Failure,P2
EXC-2024-0275,Trades,KYC Expired,Medium,In Progress,CLT0011,BlackRock India Fund,Americas,2025-02-12,17:57,2025-02-12 08:00,True,2025-02-15,Recon Team,KYC Expired detected in Trades for BlackRock India Fund,Feed Failure,P3
EXC-2024-0276,Positions,Missing ISIN,Low,Closed,CLT0006,LIC of India,APAC,2025-02-24,08:58,2025-02-24 08:00,True,,Data Ops,Missing ISIN detected in Positions for LIC of India,Vendor Issue,P1
EXC-2024-0277,Trades,Invalid Quantity,Medium,Resolved,CLT0014,Temasek Holdings,APAC,2024-06-23,16:20,2024-06-25 00:00,True,2024-06-26,Data Ops,Invalid Quantity detected in Trades for Temasek Holdings,Manual Error,P3
EXC-2024-0278,Securities Reference,Invalid Quantity,Medium,In Progress,CLT0012,Vanguard Emerging Markets,Americas,2024-08-30,16:19,2024-08-31 00:00,True,2024-09-04,Recon Team,Invalid Quantity detected in Securities Reference for Vanguard Emerging Markets,System Lag,P1
EXC-2024-0279,Share Prices,Duplicate Trade,Medium,Open,CLT0014,Temasek Holdings,APAC,2024-07-02,18:02,2024-07-03 00:00,True,,Client Services,Duplicate Trade detected in Share Prices for Temasek Holdings,Vendor Issue,P1
EXC-2024-0280,Performance,Missing Performance,High,Resolved,CLT0004,HDFC Pension Fund,APAC,2025-03-25,13:44,2025-03-25 04:00,True,2025-03-29,Client Services,Missing Performance detected in Performance for HDFC Pension Fund,System Lag,P3
EXC-2024-0281,Client Data,Duplicate Trade,Low,Open,CLT0004,HDFC Pension Fund,APAC,2025-05-06,18:59,2025-05-06 08:00,True,2025-05-09,Recon Team,Duplicate Trade detected in Client Data for HDFC Pension Fund,Manual Error,P1
EXC-2024-0282,Performance,Stale Data,High,In Progress,CLT0009,Emirates NBD Asset Mgmt,EMEA,2025-04-06,16:34,2025-04-06 08:00,True,,Client Services,Stale Data detected in Performance for Emirates NBD Asset Mgmt,System Lag,P1
EXC-2024-0283,Share Prices,Duplicate Trade,Low,Open,CLT0007,ICICI Prudential AMC,APAC,2024-09-12,14:48,2024-09-14 00:00,True,2024-09-13,Client Services,Duplicate Trade detected in Share Prices for ICICI Prudential AMC,Config Error,P1
EXC-2024-0284,Positions,Duplicate Trade,Medium,Open,CLT0012,Vanguard Emerging Markets,Americas,2025-03-15,10:23,2025-03-15 08:00,True,2025-03-20,IT Support,Duplicate Trade detected in Positions for Vanguard Emerging Markets,Feed Failure,P2
EXC-2024-0285,Positions,KYC Expired,Medium,Open,CLT0010,Abu Dhabi Investment Auth,EMEA,2025-04-07,09:15,2025-04-07 04:00,True,,Data Ops,KYC Expired detected in Positions for Abu Dhabi Investment Auth,System Lag,P3
EXC-2024-0286,Share Prices,Missing Price,High,Closed,CLT0002,Aditya Birla Capital,APAC,2024-07-06,13:35,2024-07-06 08:00,True,2024-07-11,Data Ops,Missing Price detected in Share Prices for Aditya Birla Capital,Feed Failure,P2
EXC-2024-0287,Performance,Missing ISIN,Low,Open,CLT0013,GIC Private Ltd Singapore,APAC,2024-10-09,17:42,2024-10-09 08:00,True,,Client Services,Missing ISIN detected in Performance for GIC Private Ltd Singapore,Vendor Issue,P1
EXC-2024-0288,Securities Reference,Missing Broker,High,Open,CLT0004,HDFC Pension Fund,APAC,2024-12-02,11:52,2024-12-03 00:00,True,2024-12-05,IT Support,Missing Broker detected in Securities Reference for HDFC Pension Fund,System Lag,P3
EXC-2024-0289,Trades,Stale Data,Low,Open,CLT0007,ICICI Prudential AMC,APAC,2024-08-01,18:45,2024-08-01 04:00,True,2024-08-04,Data Ops,Stale Data detected in Trades for ICICI Prudential AMC,Feed Failure,P1
EXC-2024-0290,Client Data,Stale Data,Low,Resolved,CLT0008,Nippon India MF,APAC,2024-08-10,15:22,2024-08-11 00:00,True,,IT Support,Stale Data detected in Client Data for Nippon India MF,Manual Error,P1
EXC-2024-0291,Positions,Missing ISIN,Medium,In Progress,CLT0009,Emirates NBD Asset Mgmt,EMEA,2024-07-04,13:26,2024-07-06 00:00,True,,IT Support,Missing ISIN detected in Positions for Emirates NBD Asset Mgmt,System Lag,P2
EXC-2024-0292,Trades,Missing Performance,High,Resolved,CLT0008,Nippon India MF,APAC,2025-01-17,16:47,2025-01-19 00:00,True,,Recon Team,Missing Performance detected in Trades for Nippon India MF,Manual Error,P3
EXC-2024-0293,Securities Reference,Recon Break,Medium,Open,CLT0008,Nippon India MF,APAC,2024-08-15,10:55,2024-08-17 00:00,True,,Client Services,Recon Break detected in Securities Reference for Nippon India MF,System Lag,P1
EXC-2024-0294,Client Data,Recon Break,High,Open,CLT0013,GIC Private Ltd Singapore,APAC,2024-12-19,18:34,2024-12-20 00:00,True,2024-12-21,IT Support,Recon Break detected in Client Data for GIC Private Ltd Singapore,Manual Error,P1
EXC-2024-0295,Share Prices,Duplicate Trade,Medium,Open,CLT0012,Vanguard Emerging Markets,Americas,2024-11-21,10:05,2024-11-21 04:00,True,2024-11-26,Recon Team,Duplicate Trade detected in Share Prices for Vanguard Emerging Markets,Manual Error,P3
EXC-2024-0296,Positions,Duplicate Trade,High,Open,CLT0014,Temasek Holdings,APAC,2025-01-13,12:16,2025-01-13 08:00,True,2025-01-15,Data Ops,Duplicate Trade detected in Positions for Temasek Holdings,Vendor Issue,P1
EXC-2024-0297,Trades,Missing Price,Low,Open,CLT0003,SBI Life Insurance,APAC,2024-08-14,08:59,2024-08-14 08:00,True,,IT Support,Missing Price detected in Trades for SBI Life Insurance,Manual Error,P1
EXC-2024-0298,Performance,Missing Performance,Low,Open,CLT0013,GIC Private Ltd Singapore,APAC,2024-08-15,12:17,2024-08-16 00:00,True,,Client Services,Missing Performance detected in Performance for GIC Private Ltd Singapore,Feed Failure,P1
EXC-2024-0299,Client Data,Missing Performance,Medium,In Progress,CLT0011,BlackRock India Fund,Americas,2025-01-16,12:50,2025-01-17 00:00,True,2025-01-17,Data Ops,Missing Performance detected in Client Data for BlackRock India Fund,System Lag,P2
EXC-2024-0300,Client Data,Duplicate Trade,Medium,Open,CLT0012,Vanguard Emerging Markets,Americas,2024-09-01,17:14,2024-09-02 00:00,True,,Recon Team,Duplicate Trade detected in Client Data for Vanguard Emerging Markets,Manual Error,P1
EXC-2024-0301,Trades,Recon Break,Low,Open,CLT0014,Temasek Holdings,APAC,2024-08-11,10:49,2024-08-11 04:00,True,2024-08-13,Recon Team,Recon Break detected in Trades for Temasek Holdings,Feed Failure,P1
EXC-2024-0302,Trades,Missing Broker,Medium,Open,CLT0009,Emirates NBD Asset Mgmt,EMEA,2024-12-30,14:03,2024-12-30 04:00,True,2024-12-31,IT Support,Missing Broker detected in Trades for Emirates NBD Asset Mgmt,Config Error,P2
EXC-2024-0303,Trades,Stale Data,Medium,Resolved,CLT0003,SBI Life Insurance,APAC,2025-04-30,12:31,2025-04-30 04:00,True,2025-05-01,Client Services,Stale Data detected in Trades for SBI Life Insurance,Feed Failure,P1
EXC-2024-0304,Client Data,Missing ISIN,High,Resolved,CLT0014,Temasek Holdings,APAC,2024-08-25,08:53,2024-08-27 00:00,True,2024-08-27,Recon Team,Missing ISIN detected in Client Data for Temasek Holdings,Config Error,P3
EXC-2024-0305,Securities Reference,Invalid Quantity,Medium,Open,CLT0015,Norges Bank Investment Mgmt,EMEA,2024-12-06,15:41,2024-12-07 00:00,True,2024-12-10,Data Ops,Invalid Quantity detected in Securities Reference for Norges Bank Investment Mgmt,Manual Error,P3
EXC-2024-0306,Securities Reference,KYC Expired,High,Closed,CLT0012,Vanguard Emerging Markets,Americas,2025-03-02,08:49,2025-03-03 00:00,True,,Recon Team,KYC Expired detected in Securities Reference for Vanguard Emerging Markets,Vendor Issue,P1
EXC-2024-0307,Client Data,Schema Mismatch,Medium,Resolved,CLT0007,ICICI Prudential AMC,APAC,2024-09-08,14:28,2024-09-09 00:00,True,2024-09-09,Recon Team,Schema Mismatch detected in Client Data for ICICI Prudential AMC,Manual Error,P3
EXC-2024-0308,Client Data,Missing Price,High,Open,CLT0002,Aditya Birla Capital,APAC,2025-01-21,13:08,2025-01-22 00:00,True,2025-01-25,Recon Team,Missing Price detected in Client Data for Aditya Birla Capital,Manual Error,P3
EXC-2024-0309,Share Prices,Duplicate Trade,Low,Closed,CLT0007,ICICI Prudential AMC,APAC,2024-11-30,16:46,2024-11-30 08:00,True,2024-12-03,IT Support,Duplicate Trade detected in Share Prices for ICICI Prudential AMC,Feed Failure,P1
EXC-2024-0310,Share Prices,Missing Performance,High,Open,CLT0004,HDFC Pension Fund,APAC,2024-10-21,14:48,2024-10-21 04:00,True,2024-10-25,Data Ops,Missing Performance detected in Share Prices for HDFC Pension Fund,Vendor Issue,P1
EXC-2024-0311,Trades,Stale Data,Medium,Open,CLT0006,LIC of India,APAC,2024-09-18,16:17,2024-09-20 00:00,True,2024-09-23,IT Support,Stale Data detected in Trades for LIC of India,Vendor Issue,P2
EXC-2024-0312,Client Data,Missing Price,Low,Resolved,CLT0008,Nippon India MF,APAC,2024-07-08,11:12,2024-07-08 04:00,True,2024-07-10,Data Ops,Missing Price detected in Client Data for Nippon India MF,Vendor Issue,P3
EXC-2024-0313,Trades,KYC Expired,High,Resolved,CLT0007,ICICI Prudential AMC,APAC,2024-09-01,14:59,2024-09-02 00:00,True,2024-09-06,Client Services,KYC Expired detected in Trades for ICICI Prudential AMC,Config Error,P3
EXC-2024-0314,Share Prices,Schema Mismatch,Medium,Resolved,CLT0012,Vanguard Emerging Markets,Americas,2024-07-13,08:39,2024-07-15 00:00,True,,Data Ops,Schema Mismatch detected in Share Prices for Vanguard Emerging Markets,Manual Error,P2
EXC-2024-0315,Share Prices,Missing Performance,Medium,Open,CLT0007,ICICI Prudential AMC,APAC,2025-01-26,15:14,2025-01-27 00:00,True,,IT Support,Missing Performance detected in Share Prices for ICICI Prudential AMC,Config Error,P3
EXC-2024-0316,Performance,Stale Data,Medium,In Progress,CLT0013,GIC Private Ltd Singapore,APAC,2025-01-17,17:46,2025-01-17 08:00,True,,Client Services,Stale Data detected in Performance for GIC Private Ltd Singapore,Vendor Issue,P2
EXC-2024-0317,Securities Reference,Missing Performance,Medium,In Progress,CLT0011,BlackRock India Fund,Americas,2025-02-20,15:44,2025-02-21 00:00,True,,Recon Team,Missing Performance detected in Securities Reference for BlackRock India Fund,System Lag,P2
EXC-2024-0318,Client Data,Invalid Quantity,Low,Resolved,CLT0005,Kotak Mahindra AMC,APAC,2024-11-06,10:58,2024-11-06 08:00,True,,Data Ops,Invalid Quantity detected in Client Data for Kotak Mahindra AMC,System Lag,P1
EXC-2024-0319,Client Data,Stale Data,Low,Resolved,CLT0010,Abu Dhabi Investment Auth,EMEA,2024-09-19,16:45,2024-09-19 04:00,True,2024-09-20,Data Ops,Stale Data detected in Client Data for Abu Dhabi Investment Auth,Manual Error,P2
EXC-2024-0320,Client Data,Missing ISIN,Medium,Resolved,CLT0006,LIC of India,APAC,2025-04-06,08:24,2025-04-08 00:00,True,2025-04-10,Recon Team,Missing ISIN detected in Client Data for LIC of India,Manual Error,P3
EXC-2024-0321,Trades,Missing Performance,Medium,Resolved,CLT0005,Kotak Mahindra AMC,APAC,2024-08-18,18:23,2024-08-18 04:00,True,2024-08-23,Data Ops,Missing Performance detected in Trades for Kotak Mahindra AMC,Feed Failure,P1
EXC-2024-0322,Share Prices,Missing Performance,High,Open,CLT0012,Vanguard Emerging Markets,Americas,2024-06-15,17:08,2024-06-15 08:00,True,2024-06-18,IT Support,Missing Performance detected in Share Prices for Vanguard Emerging Markets,Manual Error,P1
EXC-2024-0323,Client Data,Invalid Quantity,Low,Open,CLT0001,Tata Investment Corp,APAC,2024-08-26,17:40,2024-08-28 00:00,True,2024-08-30,Client Services,Invalid Quantity detected in Client Data for Tata Investment Corp,Feed Failure,P1
EXC-2024-0324,Trades,Stale Data,High,Open,CLT0004,HDFC Pension Fund,APAC,2025-04-07,17:55,2025-04-07 08:00,True,2025-04-08,IT Support,Stale Data detected in Trades for HDFC Pension Fund,Config Error,P2
EXC-2024-0325,Share Prices,Recon Break,Medium,Open,CLT0014,Temasek Holdings,APAC,2024-06-21,11:23,2024-06-21 04:00,True,,Recon Team,Recon Break detected in Share Prices for Temasek Holdings,Feed Failure,P1
EXC-2024-0326,Trades,Schema Mismatch,Low,Resolved,CLT0010,Abu Dhabi Investment Auth,EMEA,2025-04-05,09:12,2025-04-06 00:00,True,2025-04-07,Data Ops,Schema Mismatch detected in Trades for Abu Dhabi Investment Auth,Manual Error,P2
EXC-2024-0327,Client Data,Stale Data,Medium,Open,CLT0003,SBI Life Insurance,APAC,2024-08-26,12:14,2024-08-27 00:00,True,,IT Support,Stale Data detected in Client Data for SBI Life Insurance,System Lag,P1
EXC-2024-0328,Positions,Missing Performance,Medium,Resolved,CLT0012,Vanguard Emerging Markets,Americas,2025-03-22,13:23,2025-03-23 00:00,True,2025-03-27,Data Ops,Missing Performance detected in Positions for Vanguard Emerging Markets,Manual Error,P1
EXC-2024-0329,Trades,Recon Break,High,Open,CLT0007,ICICI Prudential AMC,APAC,2024-11-27,12:15,2024-11-28 00:00,True,,IT Support,Recon Break detected in Trades for ICICI Prudential AMC,System Lag,P2
EXC-2024-0330,Securities Reference,Duplicate Trade,High,Open,CLT0005,Kotak Mahindra AMC,APAC,2025-04-22,17:39,2025-04-22 08:00,True,2025-04-26,Data Ops,Duplicate Trade detected in Securities Reference for Kotak Mahindra AMC,System Lag,P1
EXC-2024-0331,Share Prices,Stale Data,High,Closed,CLT0003,SBI Life Insurance,APAC,2024-07-01,15:46,2024-07-03 00:00,True,,Recon Team,Stale Data detected in Share Prices for SBI Life Insurance,Vendor Issue,P3
EXC-2024-0332,Positions,Missing Performance,High,Resolved,CLT0007,ICICI Prudential AMC,APAC,2024-11-27,10:16,2024-11-27 04:00,True,2024-12-01,Client Services,Missing Performance detected in Positions for ICICI Prudential AMC,Config Error,P1
EXC-2024-0333,Securities Reference,KYC Expired,Medium,Open,CLT0010,Abu Dhabi Investment Auth,EMEA,2025-01-12,15:43,2025-01-12 08:00,True,2025-01-16,Client Services,KYC Expired detected in Securities Reference for Abu Dhabi Investment Auth,Manual Error,P1
EXC-2024-0334,Securities Reference,Invalid Quantity,Medium,Open,CLT0011,BlackRock India Fund,Americas,2025-02-04,15:51,2025-02-05 00:00,True,2025-02-08,Client Services,Invalid Quantity detected in Securities Reference for BlackRock India Fund,Manual Error,P2
EXC-2024-0335,Positions,Missing Broker,Medium,In Progress,CLT0002,Aditya Birla Capital,APAC,2024-06-23,16:28,2024-06-23 04:00,True,,IT Support,Missing Broker detected in Positions for Aditya Birla Capital,Vendor Issue,P2
EXC-2024-0336,Trades,Recon Break,Low,In Progress,CLT0011,BlackRock India Fund,Americas,2025-02-07,18:59,2025-02-09 00:00,True,2025-02-12,IT Support,Recon Break detected in Trades for BlackRock India Fund,Feed Failure,P2
EXC-2024-0337,Share Prices,Recon Break,Medium,Open,CLT0012,Vanguard Emerging Markets,Americas,2024-12-12,11:50,2024-12-13 00:00,True,2024-12-17,Recon Team,Recon Break detected in Share Prices for Vanguard Emerging Markets,Vendor Issue,P1
EXC-2024-0338,Securities Reference,Invalid Quantity,Low,Resolved,CLT0005,Kotak Mahindra AMC,APAC,2025-01-19,16:43,2025-01-20 00:00,True,2025-01-21,Client Services,Invalid Quantity detected in Securities Reference for Kotak Mahindra AMC,Vendor Issue,P1
EXC-2024-0339,Positions,Recon Break,Medium,Open,CLT0012,Vanguard Emerging Markets,Americas,2024-10-26,09:51,2024-10-27 00:00,True,2024-10-29,Client Services,Recon Break detected in Positions for Vanguard Emerging Markets,Config Error,P2
EXC-2024-0340,Positions,Stale Data,Medium,In Progress,CLT0009,Emirates NBD Asset Mgmt,EMEA,2024-09-19,13:40,2024-09-19 08:00,True,2024-09-23,Recon Team,Stale Data detected in Positions for Emirates NBD Asset Mgmt,Config Error,P2
EXC-2024-0341,Share Prices,Invalid Quantity,Medium,Open,CLT0007,ICICI Prudential AMC,APAC,2025-01-11,18:18,2025-01-11 08:00,True,,IT Support,Invalid Quantity detected in Share Prices for ICICI Prudential AMC,System Lag,P2
EXC-2024-0342,Securities Reference,Missing ISIN,Medium,Resolved,CLT0010,Abu Dhabi Investment Auth,EMEA,2024-09-24,16:57,2024-09-26 00:00,True,2024-09-28,Recon Team,Missing ISIN detected in Securities Reference for Abu Dhabi Investment Auth,Config Error,P3
EXC-2024-0343,Client Data,Missing Broker,Medium,Resolved,CLT0012,Vanguard Emerging Markets,Americas,2024-10-17,15:44,2024-10-17 04:00,True,2024-10-19,Client Services,Missing Broker detected in Client Data for Vanguard Emerging Markets,Config Error,P1
EXC-2024-0344,Performance,Recon Break,Low,Resolved,CLT0007,ICICI Prudential AMC,APAC,2024-10-06,16:26,2024-10-06 08:00,True,,IT Support,Recon Break detected in Performance for ICICI Prudential AMC,System Lag,P2
EXC-2024-0345,Trades,Schema Mismatch,Low,Resolved,CLT0013,GIC Private Ltd Singapore,APAC,2025-02-06,15:24,2025-02-06 04:00,True,2025-02-10,IT Support,Schema Mismatch detected in Trades for GIC Private Ltd Singapore,Manual Error,P1
EXC-2024-0346,Trades,Duplicate Trade,Medium,Resolved,CLT0011,BlackRock India Fund,Americas,2025-04-23,17:15,2025-04-23 04:00,True,2025-04-25,Data Ops,Duplicate Trade detected in Trades for BlackRock India Fund,Feed Failure,P1
EXC-2024-0347,Share Prices,Missing Price,Low,In Progress,CLT0013,GIC Private Ltd Singapore,APAC,2024-10-21,12:58,2024-10-22 00:00,True,,Client Services,Missing Price detected in Share Prices for GIC Private Ltd Singapore,Feed Failure,P1
EXC-2024-0348,Trades,KYC Expired,Low,Open,CLT0010,Abu Dhabi Investment Auth,EMEA,2024-06-17,10:19,2024-06-17 08:00,True,,Client Services,KYC Expired detected in Trades for Abu Dhabi Investment Auth,Manual Error,P1
EXC-2024-0349,Positions,Missing Price,Medium,Open,CLT0006,LIC of India,APAC,2024-12-22,10:51,2024-12-24 00:00,True,,Data Ops,Missing Price detected in Positions for LIC of India,Feed Failure,P2
EXC-2024-0350,Positions,Missing Performance,Medium,In Progress,CLT0008,Nippon India MF,APAC,2025-03-18,13:59,2025-03-18 08:00,True,,IT Support,Missing Performance detected in Positions for Nippon India MF,System Lag,P1
EXC-2024-0351,Share Prices,Missing Performance,Low,In Progress,CLT0003,SBI Life Insurance,APAC,2024-12-18,13:38,2024-12-18 04:00,True,2024-12-19,Data Ops,Missing Performance detected in Share Prices for SBI Life Insurance,Feed Failure,P3
EXC-2024-0352,Securities Reference,Missing ISIN,Medium,Closed,CLT0001,Tata Investment Corp,APAC,2025-02-14,17:49,2025-02-14 04:00,True,2025-02-17,Data Ops,Missing ISIN detected in Securities Reference for Tata Investment Corp,System Lag,P3
EXC-2024-0353,Client Data,Recon Break,Low,Resolved,CLT0005,Kotak Mahindra AMC,APAC,2025-02-20,10:49,2025-02-20 08:00,True,2025-02-22,IT Support,Recon Break detected in Client Data for Kotak Mahindra AMC,Manual Error,P2
EXC-2024-0354,Positions,Stale Data,High,In Progress,CLT0013,GIC Private Ltd Singapore,APAC,2025-02-15,13:02,2025-02-15 04:00,True,2025-02-19,Client Services,Stale Data detected in Positions for GIC Private Ltd Singapore,Vendor Issue,P1
EXC-2024-0355,Client Data,Duplicate Trade,Medium,Open,CLT0014,Temasek Holdings,APAC,2024-07-26,10:36,2024-07-26 08:00,True,2024-07-28,IT Support,Duplicate Trade detected in Client Data for Temasek Holdings,Vendor Issue,P2
EXC-2024-0356,Trades,Duplicate Trade,Low,Resolved,CLT0008,Nippon India MF,APAC,2024-07-30,14:35,2024-07-30 04:00,True,,IT Support,Duplicate Trade detected in Trades for Nippon India MF,Config Error,P3
EXC-2024-0357,Securities Reference,Missing Price,Medium,Open,CLT0013,GIC Private Ltd Singapore,APAC,2024-07-02,10:58,2024-07-04 00:00,True,,Recon Team,Missing Price detected in Securities Reference for GIC Private Ltd Singapore,Config Error,P1
EXC-2024-0358,Performance,Recon Break,High,In Progress,CLT0012,Vanguard Emerging Markets,Americas,2025-02-09,17:09,2025-02-11 00:00,True,2025-02-13,Client Services,Recon Break detected in Performance for Vanguard Emerging Markets,Manual Error,P1
EXC-2024-0359,Client Data,Missing Price,Medium,Resolved,CLT0002,Aditya Birla Capital,APAC,2024-08-24,16:47,2024-08-25 00:00,True,2024-08-25,Client Services,Missing Price detected in Client Data for Aditya Birla Capital,Manual Error,P2
EXC-2024-0360,Share Prices,KYC Expired,Medium,Open,CLT0007,ICICI Prudential AMC,APAC,2025-02-27,13:14,2025-02-28 00:00,True,,Client Services,KYC Expired detected in Share Prices for ICICI Prudential AMC,Manual Error,P1
EXC-2024-0361,Performance,Duplicate Trade,Low,Resolved,CLT0002,Aditya Birla Capital,APAC,2024-12-19,14:15,2024-12-20 00:00,True,2024-12-23,Data Ops,Duplicate Trade detected in Performance for Aditya Birla Capital,Feed Failure,P3
EXC-2024-0362,Performance,Recon Break,Medium,In Progress,CLT0011,BlackRock India Fund,Americas,2025-03-07,15:34,2025-03-09 00:00,True,2025-03-11,Recon Team,Recon Break detected in Performance for BlackRock India Fund,Config Error,P1
EXC-2024-0363,Securities Reference,Recon Break,Low,Resolved,CLT0003,SBI Life Insurance,APAC,2024-10-24,17:09,2024-10-24 04:00,True,2024-10-29,Recon Team,Recon Break detected in Securities Reference for SBI Life Insurance,System Lag,P3
EXC-2024-0364,Securities Reference,Stale Data,High,Resolved,CLT0004,HDFC Pension Fund,APAC,2025-01-28,18:40,2025-01-29 00:00,True,,Recon Team,Stale Data detected in Securities Reference for HDFC Pension Fund,System Lag,P1
EXC-2024-0365,Trades,KYC Expired,High,Resolved,CLT0010,Abu Dhabi Investment Auth,EMEA,2025-05-16,12:26,2025-05-17 00:00,True,2025-05-19,Recon Team,KYC Expired detected in Trades for Abu Dhabi Investment Auth,System Lag,P3
EXC-2024-0366,Share Prices,Stale Data,Low,In Progress,CLT0004,HDFC Pension Fund,APAC,2024-11-01,14:19,2024-11-01 08:00,True,,Recon Team,Stale Data detected in Share Prices for HDFC Pension Fund,System Lag,P3
EXC-2024-0367,Client Data,Missing Broker,Low,Closed,CLT0014,Temasek Holdings,APAC,2025-04-01,08:06,2025-04-02 00:00,True,,Client Services,Missing Broker detected in Client Data for Temasek Holdings,Config Error,P3
EXC-2024-0368,Positions,Missing Performance,Medium,Resolved,CLT0007,ICICI Prudential AMC,APAC,2024-10-13,16:47,2024-10-15 00:00,True,2024-10-15,Recon Team,Missing Performance detected in Positions for ICICI Prudential AMC,Config Error,P1
EXC-2024-0369,Performance,Missing ISIN,Low,Open,CLT0005,Kotak Mahindra AMC,APAC,2025-02-19,11:26,2025-02-21 00:00,True,2025-02-24,Recon Team,Missing ISIN detected in Performance for Kotak Mahindra AMC,System Lag,P3
EXC-2024-0370,Share Prices,Stale Data,Low,Open,CLT0010,Abu Dhabi Investment Auth,EMEA,2024-11-17,08:24,2024-11-18 00:00,True,2024-11-20,Data Ops,Stale Data detected in Share Prices for Abu Dhabi Investment Auth,Feed Failure,P3
EXC-2024-0371,Positions,Schema Mismatch,Medium,Closed,CLT0001,Tata Investment Corp,APAC,2024-12-17,09:36,2024-12-19 00:00,True,2024-12-19,Data Ops,Schema Mismatch detected in Positions for Tata Investment Corp,Feed Failure,P1
EXC-2024-0372,Client Data,Duplicate Trade,High,Resolved,CLT0013,GIC Private Ltd Singapore,APAC,2024-07-26,13:23,2024-07-28 00:00,True,2024-07-29,Data Ops,Duplicate Trade detected in Client Data for GIC Private Ltd Singapore,Config Error,P3
EXC-2024-0373,Client Data,Invalid Quantity,Low,Resolved,CLT0010,Abu Dhabi Investment Auth,EMEA,2025-05-02,18:43,2025-05-02 04:00,True,2025-05-07,IT Support,Invalid Quantity detected in Client Data for Abu Dhabi Investment Auth,Feed Failure,P2
EXC-2024-0374,Share Prices,Stale Data,Low,Closed,CLT0010,Abu Dhabi Investment Auth,EMEA,2024-08-12,13:26,2024-08-12 08:00,True,,Recon Team,Stale Data detected in Share Prices for Abu Dhabi Investment Auth,Feed Failure,P3
EXC-2024-0375,Trades,Recon Break,Medium,Open,CLT0011,BlackRock India Fund,Americas,2025-04-22,18:03,2025-04-24 00:00,True,2025-04-27,Recon Team,Recon Break detected in Trades for BlackRock India Fund,System Lag,P3
EXC-2024-0376,Securities Reference,Missing ISIN,High,In Progress,CLT0015,Norges Bank Investment Mgmt,EMEA,2025-03-31,10:44,2025-04-01 00:00,True,2025-04-02,Data Ops,Missing ISIN detected in Securities Reference for Norges Bank Investment Mgmt,Config Error,P2
EXC-2024-0377,Client Data,Missing Price,Medium,In Progress,CLT0011,BlackRock India Fund,Americas,2024-12-03,09:39,2024-12-04 00:00,True,,Data Ops,Missing Price detected in Client Data for BlackRock India Fund,System Lag,P3
EXC-2024-0378,Securities Reference,Stale Data,High,Open,CLT0009,Emirates NBD Asset Mgmt,EMEA,2024-11-03,09:20,2024-11-05 00:00,True,,Recon Team,Stale Data detected in Securities Reference for Emirates NBD Asset Mgmt,Vendor Issue,P1
EXC-2024-0379,Share Prices,Missing ISIN,High,Closed,CLT0013,GIC Private Ltd Singapore,APAC,2025-05-22,08:07,2025-05-22 08:00,True,2025-05-26,Recon Team,Missing ISIN detected in Share Prices for GIC Private Ltd Singapore,Vendor Issue,P1
EXC-2024-0380,Share Prices,Missing Broker,High,Closed,CLT0010,Abu Dhabi Investment Auth,EMEA,2024-07-23,12:00,2024-07-25 00:00,True,,IT Support,Missing Broker detected in Share Prices for Abu Dhabi Investment Auth,Manual Error,P3
EXC-2024-0381,Positions,Schema Mismatch,Medium,In Progress,CLT0006,LIC of India,APAC,2025-01-03,09:02,2025-01-05 00:00,True,,IT Support,Schema Mismatch detected in Positions for LIC of India,Manual Error,P3
EXC-2024-0382,Share Prices,KYC Expired,Medium,Open,CLT0002,Aditya Birla Capital,APAC,2025-01-03,11:34,2025-01-05 00:00,True,2025-01-05,Client Services,KYC Expired detected in Share Prices for Aditya Birla Capital,Feed Failure,P3
EXC-2024-0383,Share Prices,Missing Price,High,In Progress,CLT0004,HDFC Pension Fund,APAC,2025-05-14,12:28,2025-05-15 00:00,True,2025-05-15,Data Ops,Missing Price detected in Share Prices for HDFC Pension Fund,Manual Error,P3
EXC-2024-0384,Securities Reference,Missing Price,High,Open,CLT0009,Emirates NBD Asset Mgmt,EMEA,2024-07-18,09:55,2024-07-20 00:00,True,,Client Services,Missing Price detected in Securities Reference for Emirates NBD Asset Mgmt,Manual Error,P1
EXC-2024-0385,Client Data,Missing Broker,Medium,In Progress,CLT0008,Nippon India MF,APAC,2024-11-05,16:10,2024-11-06 00:00,True,2024-11-07,Client Services,Missing Broker detected in Client Data for Nippon India MF,Vendor Issue,P1
EXC-2024-0386,Trades,Missing Broker,Low,Resolved,CLT0008,Nippon India MF,APAC,2024-08-11,17:31,2024-08-12 00:00,True,2024-08-16,IT Support,Missing Broker detected in Trades for Nippon India MF,Config Error,P2
EXC-2024-0387,Share Prices,Recon Break,Medium,Open,CLT0003,SBI Life Insurance,APAC,2024-07-01,10:14,2024-07-02 00:00,True,,Recon Team,Recon Break detected in Share Prices for SBI Life Insurance,System Lag,P1
EXC-2024-0388,Client Data,Schema Mismatch,Low,Resolved,CLT0004,HDFC Pension Fund,APAC,2024-09-17,14:08,2024-09-17 04:00,True,2024-09-21,IT Support,Schema Mismatch detected in Client Data for HDFC Pension Fund,Feed Failure,P1
EXC-2024-0389,Client Data,Missing Performance,Low,Open,CLT0009,Emirates NBD Asset Mgmt,EMEA,2025-02-09,10:15,2025-02-10 00:00,True,2025-02-11,Data Ops,Missing Performance detected in Client Data for Emirates NBD Asset Mgmt,Config Error,P2
EXC-2024-0390,Trades,Duplicate Trade,High,Resolved,CLT0015,Norges Bank Investment Mgmt,EMEA,2025-03-18,13:55,2025-03-18 04:00,True,,Client Services,Duplicate Trade detected in Trades for Norges Bank Investment Mgmt,Feed Failure,P2
EXC-2024-0391,Securities Reference,Missing ISIN,Medium,Resolved,CLT0015,Norges Bank Investment Mgmt,EMEA,2024-11-01,15:06,2024-11-03 00:00,True,2024-11-04,IT Support,Missing ISIN detected in Securities Reference for Norges Bank Investment Mgmt,Feed Failure,P2
EXC-2024-0392,Performance,Stale Data,Low,In Progress,CLT0015,Norges Bank Investment Mgmt,EMEA,2024-09-25,18:59,2024-09-26 00:00,True,2024-09-28,Data Ops,Stale Data detected in Performance for Norges Bank Investment Mgmt,System Lag,P1
EXC-2024-0393,Trades,KYC Expired,Medium,Resolved,CLT0010,Abu Dhabi Investment Auth,EMEA,2024-10-07,11:14,2024-10-09 00:00,True,2024-10-09,IT Support,KYC Expired detected in Trades for Abu Dhabi Investment Auth,Feed Failure,P2
EXC-2024-0394,Positions,Missing Broker,Medium,Closed,CLT0004,HDFC Pension Fund,APAC,2024-10-27,15:04,2024-10-28 00:00,True,2024-10-28,Client Services,Missing Broker detected in Positions for HDFC Pension Fund,Manual Error,P3
EXC-2024-0395,Trades,Missing Price,High,Closed,CLT0006,LIC of India,APAC,2025-02-01,09:24,2025-02-01 08:00,True,,IT Support,Missing Price detected in Trades for LIC of India,Manual Error,P3
EXC-2024-0396,Client Data,Missing Price,Medium,Open,CLT0001,Tata Investment Corp,APAC,2025-04-19,12:08,2025-04-21 00:00,True,2025-04-22,Recon Team,Missing Price detected in Client Data for Tata Investment Corp,Vendor Issue,P1
EXC-2024-0397,Securities Reference,Recon Break,Low,Open,CLT0006,LIC of India,APAC,2024-10-12,11:26,2024-10-12 04:00,True,,Client Services,Recon Break detected in Securities Reference for LIC of India,Config Error,P1
EXC-2024-0398,Securities Reference,Recon Break,High,In Progress,CLT0015,Norges Bank Investment Mgmt,EMEA,2025-03-04,14:44,2025-03-05 00:00,True,2025-03-05,Client Services,Recon Break detected in Securities Reference for Norges Bank Investment Mgmt,Config Error,P3
EXC-2024-0399,Securities Reference,Missing ISIN,High,In Progress,CLT0003,SBI Life Insurance,APAC,2024-11-22,15:04,2024-11-22 04:00,True,,IT Support,Missing ISIN detected in Securities Reference for SBI Life Insurance,Feed Failure,P2
EXC-2024-0400,Client Data,Stale Data,Medium,Open,CLT0013,GIC Private Ltd Singapore,APAC,2025-02-07,08:26,2025-02-07 04:00,True,2025-02-08,IT Support,Stale Data detected in Client Data for GIC Private Ltd Singapore,Vendor Issue,P3
EXC-2024-0401,Share Prices,Duplicate Trade,Low,Resolved,CLT0002,Aditya Birla Capital,APAC,2024-09-08,16:50,2024-09-08 04:00,True,2024-09-11,IT Support,Duplicate Trade detected in Share Prices for Aditya Birla Capital,Vendor Issue,P3
EXC-2024-0402,Share Prices,Missing Broker,High,Resolved,CLT0004,HDFC Pension Fund,APAC,2024-11-13,11:18,2024-11-13 04:00,True,2024-11-17,Data Ops,Missing Broker detected in Share Prices for HDFC Pension Fund,Feed Failure,P3
EXC-2024-0403,Client Data,Invalid Quantity,Low,Open,CLT0003,SBI Life Insurance,APAC,2024-12-19,08:27,2024-12-19 08:00,True,2024-12-22,Recon Team,Invalid Quantity detected in Client Data for SBI Life Insurance,Manual Error,P3
EXC-2024-0404,Positions,Schema Mismatch,Medium,Open,CLT0004,HDFC Pension Fund,APAC,2024-06-03,16:05,2024-06-03 04:00,True,2024-06-08,Client Services,Schema Mismatch detected in Positions for HDFC Pension Fund,System Lag,P3
EXC-2024-0405,Securities Reference,Stale Data,Medium,Resolved,CLT0011,BlackRock India Fund,Americas,2025-05-06,18:37,2025-05-08 00:00,True,2025-05-09,Data Ops,Stale Data detected in Securities Reference for BlackRock India Fund,Config Error,P3
EXC-2024-0406,Trades,Stale Data,Low,Open,CLT0010,Abu Dhabi Investment Auth,EMEA,2025-04-16,18:00,2025-04-16 08:00,True,2025-04-18,IT Support,Stale Data detected in Trades for Abu Dhabi Investment Auth,Manual Error,P3
EXC-2024-0407,Securities Reference,Recon Break,Medium,In Progress,CLT0007,ICICI Prudential AMC,APAC,2024-09-11,17:24,2024-09-13 00:00,True,,Client Services,Recon Break detected in Securities Reference for ICICI Prudential AMC,Manual Error,P1
EXC-2024-0408,Securities Reference,Duplicate Trade,Medium,Open,CLT0010,Abu Dhabi Investment Auth,EMEA,2024-11-15,18:19,2024-11-15 08:00,True,,Client Services,Duplicate Trade detected in Securities Reference for Abu Dhabi Investment Auth,Vendor Issue,P2
EXC-2024-0409,Performance,Duplicate Trade,Medium,Closed,CLT0001,Tata Investment Corp,APAC,2024-07-28,17:56,2024-07-30 00:00,True,2024-07-31,Client Services,Duplicate Trade detected in Performance for Tata Investment Corp,Config Error,P3
EXC-2024-0410,Positions,Missing Performance,Medium,Closed,CLT0002,Aditya Birla Capital,APAC,2024-12-25,12:07,2024-12-26 00:00,True,,IT Support,Missing Performance detected in Positions for Aditya Birla Capital,Feed Failure,P2
EXC-2024-0411,Performance,Invalid Quantity,Medium,Resolved,CLT0003,SBI Life Insurance,APAC,2024-11-29,16:49,2024-12-01 00:00,True,,Recon Team,Invalid Quantity detected in Performance for SBI Life Insurance,Feed Failure,P3
EXC-2024-0412,Positions,Missing ISIN,Low,In Progress,CLT0004,HDFC Pension Fund,APAC,2025-02-14,08:00,2025-02-14 08:00,True,2025-02-15,Client Services,Missing ISIN detected in Positions for HDFC Pension Fund,System Lag,P1
EXC-2024-0413,Performance,Invalid Quantity,Low,Closed,CLT0003,SBI Life Insurance,APAC,2024-07-12,11:43,2024-07-13 00:00,True,2024-07-13,IT Support,Invalid Quantity detected in Performance for SBI Life Insurance,System Lag,P3
EXC-2024-0414,Positions,Invalid Quantity,Low,Resolved,CLT0008,Nippon India MF,APAC,2024-10-26,08:07,2024-10-27 00:00,True,,IT Support,Invalid Quantity detected in Positions for Nippon India MF,System Lag,P3
EXC-2024-0415,Securities Reference,Recon Break,High,Resolved,CLT0011,BlackRock India Fund,Americas,2024-06-25,17:29,2024-06-25 08:00,True,2024-06-30,Data Ops,Recon Break detected in Securities Reference for BlackRock India Fund,System Lag,P2
EXC-2024-0416,Positions,Missing Broker,Medium,Open,CLT0007,ICICI Prudential AMC,APAC,2025-01-14,13:06,2025-01-15 00:00,True,,IT Support,Missing Broker detected in Positions for ICICI Prudential AMC,System Lag,P1
EXC-2024-0417,Performance,Stale Data,Medium,In Progress,CLT0008,Nippon India MF,APAC,2025-04-29,10:51,2025-04-29 04:00,True,,Client Services,Stale Data detected in Performance for Nippon India MF,Config Error,P2
EXC-2024-0418,Securities Reference,Missing Broker,Medium,Open,CLT0010,Abu Dhabi Investment Auth,EMEA,2025-02-19,12:33,2025-02-19 04:00,True,2025-02-22,Recon Team,Missing Broker detected in Securities Reference for Abu Dhabi Investment Auth,Feed Failure,P1
EXC-2024-0419,Trades,KYC Expired,High,Resolved,CLT0005,Kotak Mahindra AMC,APAC,2025-01-05,08:58,2025-01-07 00:00,True,2025-01-06,Client Services,KYC Expired detected in Trades for Kotak Mahindra AMC,Manual Error,P2
EXC-2024-0420,Trades,KYC Expired,Medium,Resolved,CLT0006,LIC of India,APAC,2025-04-27,10:26,2025-04-29 00:00,True,2025-05-01,IT Support,KYC Expired detected in Trades for LIC of India,Feed Failure,P3
EXC-2024-0421,Share Prices,Missing ISIN,Medium,In Progress,CLT0003,SBI Life Insurance,APAC,2025-02-19,18:14,2025-02-20 00:00,True,2025-02-21,IT Support,Missing ISIN detected in Share Prices for SBI Life Insurance,Config Error,P1
EXC-2024-0422,Positions,KYC Expired,Low,Closed,CLT0012,Vanguard Emerging Markets,Americas,2025-03-12,15:34,2025-03-14 00:00,True,2025-03-14,Client Services,KYC Expired detected in Positions for Vanguard Emerging Markets,Config Error,P2
EXC-2024-0423,Positions,Invalid Quantity,High,Resolved,CLT0013,GIC Private Ltd Singapore,APAC,2024-10-28,11:22,2024-10-30 00:00,True,2024-11-01,Recon Team,Invalid Quantity detected in Positions for GIC Private Ltd Singapore,Feed Failure,P2
EXC-2024-0424,Securities Reference,Duplicate Trade,High,Resolved,CLT0015,Norges Bank Investment Mgmt,EMEA,2024-12-26,18:24,2024-12-27 00:00,True,,Recon Team,Duplicate Trade detected in Securities Reference for Norges Bank Investment Mgmt,Config Error,P3
EXC-2024-0425,Securities Reference,Stale Data,Low,In Progress,CLT0009,Emirates NBD Asset Mgmt,EMEA,2024-06-24,14:56,2024-06-24 04:00,True,,IT Support,Stale Data detected in Securities Reference for Emirates NBD Asset Mgmt,Vendor Issue,P3
EXC-2024-0426,Performance,Missing Broker,Medium,Closed,CLT0014,Temasek Holdings,APAC,2024-08-03,18:47,2024-08-04 00:00,True,2024-08-06,Recon Team,Missing Broker detected in Performance for Temasek Holdings,System Lag,P2
EXC-2024-0427,Performance,KYC Expired,Low,In Progress,CLT0015,Norges Bank Investment Mgmt,EMEA,2025-04-16,16:03,2025-04-18 00:00,True,2025-04-17,Recon Team,KYC Expired detected in Performance for Norges Bank Investment Mgmt,Vendor Issue,P1
EXC-2024-0428,Trades,KYC Expired,Low,Resolved,CLT0013,GIC Private Ltd Singapore,APAC,2024-07-19,09:08,2024-07-19 08:00,True,2024-07-22,Client Services,KYC Expired detected in Trades for GIC Private Ltd Singapore,Vendor Issue,P3
EXC-2024-0429,Trades,Duplicate Trade,Medium,Resolved,CLT0010,Abu Dhabi Investment Auth,EMEA,2024-08-11,10:52,2024-08-12 00:00,True,2024-08-12,Data Ops,Duplicate Trade detected in Trades for Abu Dhabi Investment Auth,Vendor Issue,P2
EXC-2024-0430,Performance,KYC Expired,Medium,Open,CLT0004,HDFC Pension Fund,APAC,2025-01-05,15:42,2025-01-07 00:00,True,2025-01-08,Recon Team,KYC Expired detected in Performance for HDFC Pension Fund,Feed Failure,P2
EXC-2024-0431,Trades,Missing Performance,Medium,Open,CLT0001,Tata Investment Corp,APAC,2024-09-18,17:48,2024-09-18 04:00,True,2024-09-20,Data Ops,Missing Performance detected in Trades for Tata Investment Corp,Config Error,P3
EXC-2024-0432,Performance,KYC Expired,Low,In Progress,CLT0002,Aditya Birla Capital,APAC,2025-05-20,08:33,2025-05-22 00:00,True,,Client Services,KYC Expired detected in Performance for Aditya Birla Capital,Vendor Issue,P3
EXC-2024-0433,Client Data,Duplicate Trade,High,Open,CLT0004,HDFC Pension Fund,APAC,2025-03-10,15:53,2025-03-10 04:00,True,2025-03-14,Client Services,Duplicate Trade detected in Client Data for HDFC Pension Fund,Manual Error,P2
EXC-2024-0434,Share Prices,Schema Mismatch,Medium,Open,CLT0013,GIC Private Ltd Singapore,APAC,2025-02-19,08:19,2025-02-21 00:00,True,,Recon Team,Schema Mismatch detected in Share Prices for GIC Private Ltd Singapore,Config Error,P2
EXC-2024-0435,Performance,Missing Broker,Low,Open,CLT0013,GIC Private Ltd Singapore,APAC,2025-04-12,09:15,2025-04-12 04:00,True,2025-04-13,Data Ops,Missing Broker detected in Performance for GIC Private Ltd Singapore,Config Error,P3
EXC-2024-0436,Performance,Missing Price,Medium,Resolved,CLT0014,Temasek Holdings,APAC,2024-08-02,13:55,2024-08-02 04:00,True,,IT Support,Missing Price detected in Performance for Temasek Holdings,Config Error,P2
EXC-2024-0437,Performance,KYC Expired,Low,Open,CLT0006,LIC of India,APAC,2024-08-01,18:44,2024-08-01 08:00,True,,Recon Team,KYC Expired detected in Performance for LIC of India,System Lag,P3
EXC-2024-0438,Client Data,KYC Expired,Medium,Resolved,CLT0011,BlackRock India Fund,Americas,2025-03-06,12:06,2025-03-08 00:00,True,,IT Support,KYC Expired detected in Client Data for BlackRock India Fund,Vendor Issue,P3
EXC-2024-0439,Securities Reference,Missing Performance,Medium,In Progress,CLT0008,Nippon India MF,APAC,2025-05-16,10:21,2025-05-16 04:00,True,2025-05-21,IT Support,Missing Performance detected in Securities Reference for Nippon India MF,Vendor Issue,P1
EXC-2024-0440,Securities Reference,Missing ISIN,Low,Open,CLT0013,GIC Private Ltd Singapore,APAC,2024-10-06,15:32,2024-10-06 08:00,True,2024-10-10,IT Support,Missing ISIN detected in Securities Reference for GIC Private Ltd Singapore,Feed Failure,P1
EXC-2024-0441,Trades,Missing Price,Medium,In Progress,CLT0014,Temasek Holdings,APAC,2025-05-14,09:59,2025-05-14 08:00,True,,Client Services,Missing Price detected in Trades for Temasek Holdings,Vendor Issue,P2
EXC-2024-0442,Client Data,Schema Mismatch,High,In Progress,CLT0008,Nippon India MF,APAC,2024-07-10,16:16,2024-07-12 00:00,True,2024-07-15,IT Support,Schema Mismatch detected in Client Data for Nippon India MF,Manual Error,P3
EXC-2024-0443,Client Data,Schema Mismatch,Medium,Resolved,CLT0003,SBI Life Insurance,APAC,2024-10-17,16:22,2024-10-19 00:00,True,2024-10-18,Recon Team,Schema Mismatch detected in Client Data for SBI Life Insurance,Feed Failure,P1
EXC-2024-0444,Share Prices,Invalid Quantity,Medium,Resolved,CLT0008,Nippon India MF,APAC,2025-04-21,16:05,2025-04-23 00:00,True,,Data Ops,Invalid Quantity detected in Share Prices for Nippon India MF,System Lag,P1
EXC-2024-0445,Client Data,Duplicate Trade,Low,Open,CLT0007,ICICI Prudential AMC,APAC,2025-04-24,13:44,2025-04-24 04:00,True,,IT Support,Duplicate Trade detected in Client Data for ICICI Prudential AMC,Manual Error,P3
EXC-2024-0446,Share Prices,Recon Break,Medium,Resolved,CLT0015,Norges Bank Investment Mgmt,EMEA,2025-05-26,13:44,2025-05-27 00:00,False,2025-05-27,Recon Team,Recon Break detected in Share Prices for Norges Bank Investment Mgmt,Feed Failure,P3
EXC-2024-0447,Client Data,KYC Expired,Low,Resolved,CLT0015,Norges Bank Investment Mgmt,EMEA,2025-04-03,09:54,2025-04-03 04:00,True,2025-04-06,IT Support,KYC Expired detected in Client Data for Norges Bank Investment Mgmt,Manual Error,P2
EXC-2024-0448,Share Prices,Invalid Quantity,Low,Resolved,CLT0009,Emirates NBD Asset Mgmt,EMEA,2024-09-16,15:55,2024-09-17 00:00,True,,IT Support,Invalid Quantity detected in Share Prices for Emirates NBD Asset Mgmt,Vendor Issue,P1
EXC-2024-0449,Performance,Invalid Quantity,Low,Resolved,CLT0003,SBI Life Insurance,APAC,2024-09-29,17:31,2024-09-29 04:00,True,2024-10-04,IT Support,Invalid Quantity detected in Performance for SBI Life Insurance,Config Error,P3
EXC-2024-0450,Trades,Missing ISIN,Low,Open,CLT0010,Abu Dhabi Investment Auth,EMEA,2025-02-09,18:44,2025-02-09 08:00,True,2025-02-13,IT Support,Missing ISIN detected in Trades for Abu Dhabi Investment Auth,System Lag,P1
EXC-2024-0451,Securities Reference,Invalid Quantity,High,Resolved,CLT0004,HDFC Pension Fund,APAC,2024-12-05,16:43,2024-12-07 00:00,True,2024-12-09,Recon Team,Invalid Quantity detected in Securities Reference for HDFC Pension Fund,Manual Error,P2
EXC-2024-0452,Performance,Invalid Quantity,Low,Open,CLT0012,Vanguard Emerging Markets,Americas,2024-12-31,13:09,2024-12-31 04:00,True,,Data Ops,Invalid Quantity detected in Performance for Vanguard Emerging Markets,Config Error,P2
EXC-2024-0453,Share Prices,Invalid Quantity,Low,Closed,CLT0014,Temasek Holdings,APAC,2024-09-26,15:28,2024-09-27 00:00,True,2024-09-27,IT Support,Invalid Quantity detected in Share Prices for Temasek Holdings,Feed Failure,P2
EXC-2024-0454,Performance,Recon Break,Low,Resolved,CLT0011,BlackRock India Fund,Americas,2024-09-09,16:16,2024-09-10 00:00,True,2024-09-14,IT Support,Recon Break detected in Performance for BlackRock India Fund,System Lag,P1
EXC-2024-0455,Performance,Stale Data,High,Resolved,CLT0004,HDFC Pension Fund,APAC,2024-12-04,12:26,2024-12-04 08:00,True,2024-12-06,IT Support,Stale Data detected in Performance for HDFC Pension Fund,Config Error,P1
EXC-2024-0456,Positions,Duplicate Trade,Low,Closed,CLT0008,Nippon India MF,APAC,2024-06-26,08:53,2024-06-26 04:00,True,2024-06-27,Data Ops,Duplicate Trade detected in Positions for Nippon India MF,Manual Error,P3
EXC-2024-0457,Share Prices,Invalid Quantity,High,In Progress,CLT0004,HDFC Pension Fund,APAC,2025-04-28,15:57,2025-04-28 08:00,True,2025-05-01,Client Services,Invalid Quantity detected in Share Prices for HDFC Pension Fund,System Lag,P1
EXC-2024-0458,Securities Reference,Schema Mismatch,Low,Resolved,CLT0008,Nippon India MF,APAC,2025-04-22,18:59,2025-04-24 00:00,True,,Recon Team,Schema Mismatch detected in Securities Reference for Nippon India MF,Manual Error,P2
EXC-2024-0459,Client Data,KYC Expired,Medium,Open,CLT0007,ICICI Prudential AMC,APAC,2024-12-23,11:02,2024-12-23 08:00,True,2024-12-27,IT Support,KYC Expired detected in Client Data for ICICI Prudential AMC,Vendor Issue,P1
EXC-2024-0460,Client Data,KYC Expired,Medium,In Progress,CLT0003,SBI Life Insurance,APAC,2025-04-21,11:12,2025-04-21 08:00,True,2025-04-25,Client Services,KYC Expired detected in Client Data for SBI Life Insurance,System Lag,P3
EXC-2024-0461,Trades,KYC Expired,Medium,In Progress,CLT0005,Kotak Mahindra AMC,APAC,2025-05-26,16:53,2025-05-26 08:00,False,2025-05-27,IT Support,KYC Expired detected in Trades for Kotak Mahindra AMC,Vendor Issue,P1
EXC-2024-0462,Share Prices,Stale Data,Medium,Resolved,CLT0005,Kotak Mahindra AMC,APAC,2025-03-16,10:46,2025-03-18 00:00,True,2025-03-21,Recon Team,Stale Data detected in Share Prices for Kotak Mahindra AMC,Config Error,P1
EXC-2024-0463,Share Prices,Schema Mismatch,Medium,In Progress,CLT0005,Kotak Mahindra AMC,APAC,2025-04-29,09:56,2025-04-30 00:00,True,,Client Services,Schema Mismatch detected in Share Prices for Kotak Mahindra AMC,Vendor Issue,P1
EXC-2024-0464,Positions,Duplicate Trade,Low,Resolved,CLT0003,SBI Life Insurance,APAC,2025-05-23,16:32,2025-05-24 00:00,True,,Recon Team,Duplicate Trade detected in Positions for SBI Life Insurance,Feed Failure,P1
EXC-2024-0465,Trades,Duplicate Trade,Medium,Open,CLT0011,BlackRock India Fund,Americas,2024-10-26,18:51,2024-10-26 04:00,True,2024-10-29,Data Ops,Duplicate Trade detected in Trades for BlackRock India Fund,Config Error,P3
EXC-2024-0466,Trades,Invalid Quantity,High,Resolved,CLT0008,Nippon India MF,APAC,2024-09-29,18:21,2024-09-29 04:00,True,2024-10-03,Data Ops,Invalid Quantity detected in Trades for Nippon India MF,Config Error,P2
EXC-2024-0467,Client Data,Missing Performance,High,Closed,CLT0004,HDFC Pension Fund,APAC,2025-05-02,17:57,2025-05-03 00:00,True,,Client Services,Missing Performance detected in Client Data for HDFC Pension Fund,Vendor Issue,P1
EXC-2024-0468,Securities Reference,Duplicate Trade,Medium,In Progress,CLT0002,Aditya Birla Capital,APAC,2025-05-06,17:46,2025-05-08 00:00,True,2025-05-11,IT Support,Duplicate Trade detected in Securities Reference for Aditya Birla Capital,System Lag,P3
EXC-2024-0469,Securities Reference,Invalid Quantity,Medium,Open,CLT0013,GIC Private Ltd Singapore,APAC,2024-11-20,10:34,2024-11-22 00:00,True,2024-11-21,Data Ops,Invalid Quantity detected in Securities Reference for GIC Private Ltd Singapore,Config Error,P1
EXC-2024-0470,Share Prices,Schema Mismatch,Low,Open,CLT0001,Tata Investment Corp,APAC,2024-07-12,18:47,2024-07-12 08:00,True,2024-07-13,IT Support,Schema Mismatch detected in Share Prices for Tata Investment Corp,Config Error,P2
EXC-2024-0471,Client Data,Missing Broker,High,Open,CLT0011,BlackRock India Fund,Americas,2024-10-03,13:06,2024-10-05 00:00,True,,Recon Team,Missing Broker detected in Client Data for BlackRock India Fund,Manual Error,P3
EXC-2024-0472,Performance,Duplicate Trade,Medium,In Progress,CLT0009,Emirates NBD Asset Mgmt,EMEA,2024-08-23,13:11,2024-08-23 04:00,True,2024-08-24,Recon Team,Duplicate Trade detected in Performance for Emirates NBD Asset Mgmt,Config Error,P3
EXC-2024-0473,Client Data,Duplicate Trade,Medium,Open,CLT0002,Aditya Birla Capital,APAC,2024-09-19,16:08,2024-09-20 00:00,True,2024-09-22,Client Services,Duplicate Trade detected in Client Data for Aditya Birla Capital,Vendor Issue,P3
EXC-2024-0474,Securities Reference,Schema Mismatch,Low,Resolved,CLT0014,Temasek Holdings,APAC,2025-01-02,10:14,2025-01-04 00:00,True,2025-01-05,IT Support,Schema Mismatch detected in Securities Reference for Temasek Holdings,Feed Failure,P1
EXC-2024-0475,Performance,Missing ISIN,Medium,In Progress,CLT0001,Tata Investment Corp,APAC,2024-06-03,13:09,2024-06-03 04:00,True,2024-06-04,Client Services,Missing ISIN detected in Performance for Tata Investment Corp,Feed Failure,P2
EXC-2024-0476,Performance,Invalid Quantity,High,In Progress,CLT0007,ICICI Prudential AMC,APAC,2024-12-01,09:37,2024-12-01 08:00,True,,Client Services,Invalid Quantity detected in Performance for ICICI Prudential AMC,Feed Failure,P3
EXC-2024-0477,Performance,Missing Broker,Medium,Closed,CLT0003,SBI Life Insurance,APAC,2025-04-03,13:08,2025-04-03 04:00,True,2025-04-04,Data Ops,Missing Broker detected in Performance for SBI Life Insurance,Manual Error,P3
EXC-2024-0478,Trades,Stale Data,Low,Closed,CLT0008,Nippon India MF,APAC,2024-10-20,14:40,2024-10-20 04:00,True,2024-10-24,Client Services,Stale Data detected in Trades for Nippon India MF,Manual Error,P2
EXC-2024-0479,Securities Reference,KYC Expired,Medium,In Progress,CLT0010,Abu Dhabi Investment Auth,EMEA,2024-11-10,10:52,2024-11-11 00:00,True,,Recon Team,KYC Expired detected in Securities Reference for Abu Dhabi Investment Auth,Manual Error,P1
EXC-2024-0480,Positions,Duplicate Trade,Medium,Resolved,CLT0012,Vanguard Emerging Markets,Americas,2025-05-10,15:25,2025-05-10 08:00,True,,Recon Team,Duplicate Trade detected in Positions for Vanguard Emerging Markets,Config Error,P3
EXC-2024-0481,Performance,Missing Broker,Medium,Closed,CLT0003,SBI Life Insurance,APAC,2025-01-31,11:41,2025-01-31 04:00,True,,IT Support,Missing Broker detected in Performance for SBI Life Insurance,Feed Failure,P1
EXC-2024-0482,Trades,Stale Data,High,In Progress,CLT0013,GIC Private Ltd Singapore,APAC,2025-05-25,17:09,2025-05-25 04:00,True,2025-05-26,Client Services,Stale Data detected in Trades for GIC Private Ltd Singapore,Config Error,P1
EXC-2024-0483,Performance,Recon Break,Medium,Open,CLT0003,SBI Life Insurance,APAC,2024-08-24,12:48,2024-08-24 08:00,True,,Recon Team,Recon Break detected in Performance for SBI Life Insurance,System Lag,P1
EXC-2024-0484,Performance,Duplicate Trade,Low,Closed,CLT0005,Kotak Mahindra AMC,APAC,2024-10-05,16:15,2024-10-06 00:00,True,,Client Services,Duplicate Trade detected in Performance for Kotak Mahindra AMC,Feed Failure,P1
EXC-2024-0485,Performance,KYC Expired,High,Open,CLT0006,LIC of India,APAC,2025-03-05,13:10,2025-03-05 08:00,True,2025-03-10,Recon Team,KYC Expired detected in Performance for LIC of India,Manual Error,P2
EXC-2024-0486,Trades,Invalid Quantity,High,Open,CLT0005,Kotak Mahindra AMC,APAC,2025-01-02,12:30,2025-01-02 08:00,True,,Data Ops,Invalid Quantity detected in Trades for Kotak Mahindra AMC,Vendor Issue,P1
EXC-2024-0487,Performance,Invalid Quantity,Low,Resolved,CLT0011,BlackRock India Fund,Americas,2024-09-30,17:41,2024-10-02 00:00,True,,Data Ops,Invalid Quantity detected in Performance for BlackRock India Fund,Feed Failure,P2
EXC-2024-0488,Securities Reference,Invalid Quantity,Low,In Progress,CLT0011,BlackRock India Fund,Americas,2025-01-09,14:29,2025-01-09 08:00,True,,Recon Team,Invalid Quantity detected in Securities Reference for BlackRock India Fund,Feed Failure,P1
EXC-2024-0489,Share Prices,Invalid Quantity,High,Open,CLT0007,ICICI Prudential AMC,APAC,2025-02-10,10:01,2025-02-11 00:00,True,2025-02-14,Recon Team,Invalid Quantity detected in Share Prices for ICICI Prudential AMC,Manual Error,P3
EXC-2024-0490,Positions,Schema Mismatch,Low,Closed,CLT0007,ICICI Prudential AMC,APAC,2025-01-18,17:18,2025-01-18 08:00,True,2025-01-20,IT Support,Schema Mismatch detected in Positions for ICICI Prudential AMC,System Lag,P3
EXC-2024-0491,Securities Reference,Duplicate Trade,Medium,Open,CLT0007,ICICI Prudential AMC,APAC,2024-10-17,17:26,2024-10-17 04:00,True,2024-10-19,Recon Team,Duplicate Trade detected in Securities Reference for ICICI Prudential AMC,Config Error,P1
EXC-2024-0492,Securities Reference,KYC Expired,Medium,Open,CLT0004,HDFC Pension Fund,APAC,2024-09-21,12:48,2024-09-21 04:00,True,2024-09-23,Recon Team,KYC Expired detected in Securities Reference for HDFC Pension Fund,System Lag,P3
EXC-2024-0493,Share Prices,Missing Performance,Medium,Resolved,CLT0013,GIC Private Ltd Singapore,APAC,2024-10-12,18:54,2024-10-14 00:00,True,,Client Services,Missing Performance detected in Share Prices for GIC Private Ltd Singapore,Config Error,P2
EXC-2024-0494,Securities Reference,Missing Broker,Medium,In Progress,CLT0011,BlackRock India Fund,Americas,2025-03-08,08:38,2025-03-08 04:00,True,2025-03-13,Client Services,Missing Broker detected in Securities Reference for BlackRock India Fund,Feed Failure,P2
EXC-2024-0495,Client Data,Invalid Quantity,Medium,Open,CLT0006,LIC of India,APAC,2024-12-17,11:34,2024-12-19 00:00,True,2024-12-18,Data Ops,Invalid Quantity detected in Client Data for LIC of India,Feed Failure,P2
EXC-2024-0496,Client Data,Missing ISIN,Low,In Progress,CLT0010,Abu Dhabi Investment Auth,EMEA,2024-11-26,18:26,2024-11-26 04:00,True,,Client Services,Missing ISIN detected in Client Data for Abu Dhabi Investment Auth,Vendor Issue,P3
EXC-2024-0497,Positions,Duplicate Trade,Low,In Progress,CLT0003,SBI Life Insurance,APAC,2024-09-07,16:05,2024-09-07 04:00,True,2024-09-10,IT Support,Duplicate Trade detected in Positions for SBI Life Insurance,Manual Error,P1
EXC-2024-0498,Positions,Stale Data,Medium,In Progress,CLT0011,BlackRock India Fund,Americas,2025-04-09,15:58,2025-04-10 00:00,True,,Recon Team,Stale Data detected in Positions for BlackRock India Fund,Manual Error,P2
EXC-2024-0499,Share Prices,Schema Mismatch,Low,Open,CLT0006,LIC of India,APAC,2024-12-23,12:40,2024-12-23 04:00,True,2024-12-27,Recon Team,Schema Mismatch detected in Share Prices for LIC of India,System Lag,P3
EXC-2024-0500,Positions,KYC Expired,Medium,Open,CLT0014,Temasek Holdings,APAC,2024-07-17,17:39,2024-07-19 00:00,True,,Recon Team,KYC Expired detected in Positions for Temasek Holdings,Config Error,P2
