position_id,client_id,client_name,security_id,ticker,security_name,position_date,quantity,market_price,market_value,cost_basis,unrealised_pnl,currency,portfolio_id,region,sector,asset_class,custodian,source_system,validated,recon_status,days_since_update
POS-00001,CLT0015,Norges Bank Investment Mgmt,INE467B01029,TCS,Tata Consultancy Services,2025-04-05,11646,3542.58,41256886.68,43001597.05,-1744710.37,INR,PORT-043,EMEA,IT,Equity,Axis Bank Custody,Simcorp,True,Matched,10
POS-00002,CLT0003,SBI Life Insurance,INE075A01022,WIPRO,Wipro Ltd,2024-01-10,51609,524.49,27068404.41,26367061.88,701342.53,INR,PORT-003,APAC,IT,Equity,Axis Bank Custody,Bloomberg AIM,True,Matched,8
POS-00003,CLT0014,Temasek Holdings,INE009A01021,INFY,Infosys Ltd,2024-02-08,156935,1424.27,223517812.45,232522418.5,-9004606.05,INR,PORT-025,APAC,IT,Equity,Citi India,Bloomberg AIM,True,Matched,6
POS-00004,CLT0015,Norges Bank Investment Mgmt,INE040A01034,HDFCBANK,HDFC Bank Ltd,2025-04-02,122508,1618.49,198277972.92,170135417.91,28142555.01,INR,PORT-048,EMEA,Banking,Equity,Deutsche Bank,Simcorp,True,Matched,8
POS-00005,CLT0007,ICICI Prudential AMC,INE002A01018,RELIANCE,Reliance Industries Ltd,2024-04-14,193391,3045.22,588918141.02,566312483.41,22605657.61,INR,PORT-023,APAC,Energy,Equity,Axis Bank Custody,Charles River,False,Matched,1
POS-00006,CLT0012,Vanguard Emerging Markets,INE117A01022,BHARTIARTL,Bharti Airtel Ltd,2024-06-15,49650,1368.1,67926165.0,59153780.49,8772384.51,INR,PORT-037,Americas,Telecom,Equity,Deutsche Bank,In-house,False,Matched,0
POS-00007,CLT0011,BlackRock India Fund,INE066A01021,ONGC,Oil & Natural Gas Corp,2025-04-30,20060,286.75,5752205.0,4827935.92,924269.08,INR,PORT-043,Americas,Energy,Equity,Axis Bank Custody,Bloomberg AIM,True,Matched,0
POS-00008,CLT0014,Temasek Holdings,INE031A01017,POWERGRID,Power Grid Corp of India,2024-01-01,39776,301.99,12011954.24,10883982.28,1127971.96,INR,PORT-013,APAC,Utilities,Equity,Deutsche Bank,In-house,True,Matched,9
POS-00009,CLT0004,HDFC Pension Fund,INE040A01034,HDFCBANK,HDFC Bank Ltd,2025-05-16,101134,1530.99,154835142.66,170478527.88,-15643385.22,INR,PORT-031,APAC,Banking,Equity,Deutsche Bank,Charles River,True,Matched,5
POS-00010,CLT0001,Tata Investment Corp,INE038A01020,HINDALCO,Hindalco Industries Ltd,2025-02-11,184674,595.54,109980753.96,106087874.05,3892879.91,INR,PORT-010,APAC,Metals,Equity,Citi India,In-house,True,Matched,4
POS-00011,CLT0009,Emirates NBD Asset Mgmt,INE213A01029,MARUTI,Maruti Suzuki India Ltd,2024-05-17,63720,13179.87,839821316.4,694160857.16,145660459.24,INR,PORT-002,EMEA,Auto,Equity,Axis Bank Custody,Simcorp,True,Break,5
POS-00012,CLT0009,Emirates NBD Asset Mgmt,INE066A01021,ONGC,Oil & Natural Gas Corp,2025-01-02,188354,279.48,52641175.92,47178824.29,5462351.63,INR,PORT-048,EMEA,Energy,Equity,Deutsche Bank,Charles River,True,Matched,10
POS-00013,CLT0001,Tata Investment Corp,INE018A01030,LARSEN,Larsen & Toubro Ltd,2024-01-02,37316,3440.93,128401743.88,142401683.14,-13999939.26,INR,PORT-007,APAC,Infrastructure,Equity,HDFC Bank Custody,In-house,True,Break,1
POS-00014,CLT0013,GIC Private Ltd Singapore,INE020B01018,NTPC,NTPC Ltd,2025-05-11,92003,326.33,30023338.99,34241502.14,-4218163.15,INR,PORT-048,APAC,Utilities,Equity,Axis Bank Custody,In-house,True,Matched,10
POS-00015,CLT0013,GIC Private Ltd Singapore,INE066A01021,ONGC,Oil & Natural Gas Corp,2024-02-18,5978,258.15,1543220.7,1580972.74,-37752.04,INR,PORT-043,APAC,Energy,Equity,Axis Bank Custody,Simcorp,False,Matched,10
POS-00016,CLT0006,LIC of India,INE213A01029,MARUTI,Maruti Suzuki India Ltd,2025-01-15,111904,12897.1,1443237078.4,1377396357.57,65840720.83,INR,PORT-049,APAC,Auto,Equity,Citi India,Charles River,True,Break,4
POS-00017,CLT0008,Nippon India MF,INE361B01024,HCLTECH,HCL Technologies Ltd,2025-02-28,21558,1703.17,36716938.86,34286411.23,2430527.63,INR,PORT-022,APAC,IT,Equity,Axis Bank Custody,Simcorp,True,Matched,1
POS-00018,CLT0005,Kotak Mahindra AMC,INE090A01021,ICICIBANK,ICICI Bank Ltd,2024-12-29,37896,1295.2,49082899.2,44350287.78,4732611.42,INR,PORT-044,APAC,Banking,Equity,Citi India,Simcorp,True,Matched,4
POS-00019,CLT0010,Abu Dhabi Investment Auth,INE066A01021,ONGC,Oil & Natural Gas Corp,2025-05-05,97022,262.18,25437227.96,22533344.9,2903883.06,INR,PORT-010,EMEA,Energy,Equity,HDFC Bank Custody,In-house,True,Matched,7
POS-00020,CLT0006,LIC of India,INE296A01024,BAJFINANCE,Bajaj Finance Ltd,2024-05-10,111839,7684.01,859371994.39,746267137.44,113104856.95,INR,PORT-009,APAC,NBFC,Equity,Deutsche Bank,Charles River,True,Matched,9
POS-00021,CLT0010,Abu Dhabi Investment Auth,INE002A01018,RELIANCE,Reliance Industries Ltd,2024-05-13,137000,3101.03,424841110.0,382248785.33,42592324.67,INR,PORT-008,EMEA,Energy,Equity,Deutsche Bank,In-house,True,Matched,2
POS-00022,CLT0007,ICICI Prudential AMC,INE296A01024,BAJFINANCE,Bajaj Finance Ltd,2024-02-27,2080,7014.36,14589868.8,14869462.9,-279594.1,INR,PORT-001,APAC,NBFC,Equity,Axis Bank Custody,Charles River,True,Matched,3
POS-00023,CLT0004,HDFC Pension Fund,INE009A01021,INFY,Infosys Ltd,2024-08-18,67243,1551.93,104356428.99,104375306.07,-18877.08,INR,PORT-035,APAC,IT,Equity,HDFC Bank Custody,Simcorp,True,Matched,5
POS-00024,CLT0011,BlackRock India Fund,INE090A01021,ICICIBANK,ICICI Bank Ltd,2024-05-06,8778,1139.86,10005691.08,10229745.15,-224054.07,INR,PORT-003,Americas,Banking,Equity,Deutsche Bank,Simcorp,True,Matched,7
POS-00025,CLT0010,Abu Dhabi Investment Auth,INE296A01024,BAJFINANCE,Bajaj Finance Ltd,2025-03-10,54020,6690.03,361395420.6,357162237.44,4233183.16,INR,PORT-041,EMEA,NBFC,Equity,HDFC Bank Custody,Bloomberg AIM,True,Pending,8
POS-00026,CLT0013,GIC Private Ltd Singapore,INE075A01022,WIPRO,Wipro Ltd,2024-12-04,153865,512.02,78781957.3,74954252.46,3827704.84,INR,PORT-007,APAC,IT,Equity,Axis Bank Custody,Bloomberg AIM,True,Pending,4
POS-00027,CLT0005,Kotak Mahindra AMC,INE117A01022,BHARTIARTL,Bharti Airtel Ltd,2025-04-27,189467,1364.64,258554246.88,243661115.23,14893131.65,INR,PORT-030,APAC,Telecom,Equity,Deutsche Bank,In-house,True,Break,8
POS-00028,CLT0015,Norges Bank Investment Mgmt,INE090A01021,ICICIBANK,ICICI Bank Ltd,2024-12-14,93034,1130.38,105163772.92,118060046.82,-12896273.9,INR,PORT-020,EMEA,Banking,Equity,Axis Bank Custody,Charles River,True,Break,9
POS-00029,CLT0015,Norges Bank Investment Mgmt,INE031A01017,POWERGRID,Power Grid Corp of India,2024-03-02,45230,,,13594822.87,694238.73,INR,PORT-041,EMEA,Utilities,Equity,Deutsche Bank,Bloomberg AIM,True,Matched,2
POS-00030,CLT0011,BlackRock India Fund,INE001A01036,SBIN,State Bank of India,2024-05-06,87941,723.99,63668404.59,71001618.11,-7333213.52,INR,PORT-047,Americas,Banking,Equity,Citi India,Simcorp,True,Matched,1
POS-00031,CLT0013,GIC Private Ltd Singapore,INE031A01017,POWERGRID,Power Grid Corp of India,2024-06-27,139199,285.73,39773330.27,44779445.99,-5006115.72,INR,PORT-039,APAC,Utilities,Equity,HDFC Bank Custody,Simcorp,True,Pending,7
POS-00032,CLT0015,Norges Bank Investment Mgmt,INE585B01010,AXISBANK,Axis Bank Ltd,2024-10-04,4424,1099.13,4862551.12,3997735.28,864815.84,INR,PORT-036,EMEA,Banking,Equity,Deutsche Bank,Bloomberg AIM,True,Matched,7
POS-00033,CLT0013,GIC Private Ltd Singapore,INE414G01012,ADANIENT,Adani Enterprises Ltd,2024-12-22,105842,2495.31,264108601.02,223795696.03,40312904.99,INR,PORT-042,APAC,Conglomerate,Equity,HDFC Bank Custody,Bloomberg AIM,True,Break,1
POS-00034,CLT0008,Nippon India MF,INE031A01017,POWERGRID,Power Grid Corp of India,2025-05-15,9676,321.42,3110059.92,3182998.04,-72938.12,INR,PORT-049,APAC,Utilities,Equity,Deutsche Bank,Simcorp,False,Matched,6
POS-00035,CLT0002,Aditya Birla Capital,INE031A01017,POWERGRID,Power Grid Corp of India,2024-08-20,81608,299.08,24407320.64,24271193.14,136127.5,INR,PORT-036,APAC,Utilities,Equity,Deutsche Bank,Charles River,True,Matched,10
POS-00036,CLT0012,Vanguard Emerging Markets,INE001A01036,SBIN,State Bank of India,2024-08-05,98190,766.45,75257725.5,74282339.96,975385.54,INR,PORT-030,Americas,Banking,Equity,Axis Bank Custody,In-house,True,Matched,2
POS-00037,CLT0004,HDFC Pension Fund,INE020B01018,NTPC,NTPC Ltd,2025-04-30,44382,393.36,17458103.52,15996840.03,1461263.49,INR,PORT-013,APAC,Utilities,Equity,HDFC Bank Custody,Bloomberg AIM,True,Matched,5
POS-00038,CLT0015,Norges Bank Investment Mgmt,INE467B01029,TCS,Tata Consultancy Services,2024-04-29,70114,3577.31,250819513.34,234777349.7,16042163.64,INR,PORT-029,EMEA,IT,Equity,Citi India,Charles River,True,Matched,8
POS-00039,CLT0007,ICICI Prudential AMC,INE414G01012,ADANIENT,Adani Enterprises Ltd,2024-11-24,182734,2473.18,451934074.12,419175823.09,32758251.03,INR,PORT-023,APAC,Conglomerate,Equity,HDFC Bank Custody,Bloomberg AIM,True,Matched,10
POS-00040,CLT0003,SBI Life Insurance,INE090A01021,ICICIBANK,ICICI Bank Ltd,2024-05-03,62822,1222.08,76773509.76,77570331.65,-796821.89,INR,PORT-014,APAC,Banking,Equity,Citi India,Charles River,True,Matched,1
POS-00041,CLT0005,Kotak Mahindra AMC,INE038A01020,HINDALCO,Hindalco Industries Ltd,2024-04-06,51035,631.92,32250037.2,33170880.72,-920843.52,INR,PORT-046,APAC,Metals,Equity,HDFC Bank Custody,In-house,True,Matched,1
POS-00042,CLT0002,Aditya Birla Capital,INE009A01021,INFY,Infosys Ltd,2024-08-24,194603,1627.65,316745572.95,296469224.57,20276348.38,INR,PORT-002,APAC,IT,Equity,Citi India,Charles River,True,Matched,3
POS-00043,CLT0005,Kotak Mahindra AMC,INE066A01021,ONGC,Oil & Natural Gas Corp,2025-05-08,32230,258.15,8320174.5,8004173.14,316001.36,INR,PORT-027,APAC,Energy,Equity,Deutsche Bank,In-house,False,Pending,1
POS-00044,CLT0013,GIC Private Ltd Singapore,INE467B01029,TCS,Tata Consultancy Services,2024-06-16,104421,3929.29,410300391.09,381047638.48,29252752.61,INR,PORT-015,APAC,IT,Equity,Citi India,Bloomberg AIM,True,Break,8
POS-00045,CLT0005,Kotak Mahindra AMC,INE018A01030,LARSEN,Larsen & Toubro Ltd,2024-01-24,59113,3685.64,217869237.32,207002834.19,10866403.13,INR,PORT-024,APAC,Infrastructure,Equity,Citi India,Bloomberg AIM,True,Break,0
POS-00046,CLT0009,Emirates NBD Asset Mgmt,INE038A01020,HINDALCO,Hindalco Industries Ltd,2025-02-09,12883,711.48,9165996.84,8752870.94,413125.9,INR,PORT-033,EMEA,Metals,Equity,HDFC Bank Custody,Charles River,True,Pending,2
POS-00047,CLT0009,Emirates NBD Asset Mgmt,INE361B01024,HCLTECH,HCL Technologies Ltd,2024-08-27,45188,1558.58,70429113.04,70575710.7,-146597.66,INR,PORT-003,EMEA,IT,Equity,Citi India,Charles River,True,Matched,3
POS-00048,CLT0005,Kotak Mahindra AMC,INE009A01021,INFY,Infosys Ltd,2024-02-17,148342,1389.76,206159777.92,194956340.73,11203437.19,INR,PORT-009,APAC,IT,Equity,Axis Bank Custody,Charles River,True,Pending,4
POS-00049,CLT0001,Tata Investment Corp,INE001A01036,SBIN,State Bank of India,2025-02-01,170876,737.76,126065477.76,127276395.58,-1210917.82,INR,PORT-048,APAC,Banking,Equity,Axis Bank Custody,Simcorp,True,Matched,6
POS-00050,CLT0008,Nippon India MF,INE721A01013,SUNPHARMA,Sun Pharmaceutical Ltd,2024-04-04,108613,1597.7,173530990.1,162310150.5,11220839.6,INR,PORT-045,APAC,Pharma,Equity,Citi India,Bloomberg AIM,True,Matched,7
POS-00051,CLT0015,Norges Bank Investment Mgmt,INE154A01025,ITC,ITC Ltd,2024-09-06,183647,433.51,79612810.97,85924441.58,-6311630.61,INR,PORT-007,EMEA,FMCG,Equity,HDFC Bank Custody,Simcorp,True,Matched,9
POS-00052,CLT0006,LIC of India,INE075A01022,WIPRO,Wipro Ltd,2024-05-07,180953,,,83272807.65,10895133.55,INR,PORT-013,APAC,IT,Equity,Citi India,In-house,True,Matched,3
POS-00053,CLT0009,Emirates NBD Asset Mgmt,INE585B01010,AXISBANK,Axis Bank Ltd,2025-01-06,82002,960.26,78743240.52,82160414.43,-3417173.91,INR,PORT-026,EMEA,Banking,Equity,HDFC Bank Custody,Charles River,True,Matched,0
POS-00054,CLT0003,SBI Life Insurance,INE020B01018,NTPC,NTPC Ltd,2024-12-17,108932,389.76,42457336.32,37323858.1,5133478.22,INR,PORT-001,APAC,Utilities,Equity,Deutsche Bank,Bloomberg AIM,True,Matched,7
POS-00055,CLT0002,Aditya Birla Capital,INE361B01024,HCLTECH,HCL Technologies Ltd,2024-12-08,46017,1589.82,73158746.94,70665002.36,2493744.58,INR,PORT-015,APAC,IT,Equity,Deutsche Bank,Charles River,False,Pending,8
POS-00056,CLT0013,GIC Private Ltd Singapore,INE154A01025,ITC,ITC Ltd,2024-11-26,48691,491.7,23941364.7,19681668.7,4259696.0,INR,PORT-028,APAC,FMCG,Equity,Deutsche Bank,Charles River,True,Matched,6
POS-00057,CLT0009,Emirates NBD Asset Mgmt,INE031A01017,POWERGRID,Power Grid Corp of India,2025-04-29,191634,292.86,56121933.24,53414734.49,2707198.75,INR,PORT-029,EMEA,Utilities,Equity,Axis Bank Custody,Simcorp,True,Matched,10
POS-00058,CLT0006,LIC of India,INE009A01021,INFY,Infosys Ltd,2024-12-10,113697,1568.73,178359894.81,169319515.33,9040379.48,INR,PORT-011,APAC,IT,Equity,Axis Bank Custody,Bloomberg AIM,True,Matched,8
POS-00059,CLT0002,Aditya Birla Capital,INE002A01018,RELIANCE,Reliance Industries Ltd,2024-07-16,178540,2893.32,516573352.8,533769334.16,-17195981.36,INR,PORT-018,APAC,Energy,Equity,HDFC Bank Custody,Charles River,True,Pending,4
POS-00060,CLT0008,Nippon India MF,INE721A01013,SUNPHARMA,Sun Pharmaceutical Ltd,2025-03-30,28075,1845.27,51805955.25,40441527.73,11364427.52,INR,PORT-036,APAC,Pharma,Equity,Axis Bank Custody,In-house,True,Matched,4
POS-00061,CLT0006,LIC of India,INE038A01020,HINDALCO,Hindalco Industries Ltd,2025-02-21,106063,618.53,65603147.39,68553111.7,-2949964.31,INR,PORT-036,APAC,Metals,Equity,Citi India,Bloomberg AIM,True,Matched,2
POS-00062,CLT0008,Nippon India MF,INE414G01012,ADANIENT,Adani Enterprises Ltd,2024-07-31,107252,2217.41,237821657.32,233244699.63,4576957.69,INR,PORT-042,APAC,Conglomerate,Equity,Deutsche Bank,Bloomberg AIM,True,Matched,9
POS-00063,CLT0001,Tata Investment Corp,INE031A01017,POWERGRID,Power Grid Corp of India,2024-08-30,112342,306.16,34394626.72,35019966.61,-625339.89,INR,PORT-038,APAC,Utilities,Equity,Deutsche Bank,Charles River,False,Matched,3
POS-00064,CLT0008,Nippon India MF,INE585B01010,AXISBANK,Axis Bank Ltd,2024-07-09,194837,1120.2,218256407.4,177395341.7,40861065.7,INR,PORT-033,APAC,Banking,Equity,Deutsche Bank,Simcorp,True,Matched,7
POS-00065,CLT0015,Norges Bank Investment Mgmt,INE020B01018,NTPC,NTPC Ltd,2024-03-11,138015,350.08,48316291.2,44980937.37,3335353.83,INR,PORT-022,EMEA,Utilities,Equity,Axis Bank Custody,In-house,True,Pending,8
POS-00066,CLT0008,Nippon India MF,INE296A01024,BAJFINANCE,Bajaj Finance Ltd,2025-03-24,76950,6833.12,525808584.0,482553389.65,43255194.35,INR,PORT-049,APAC,NBFC,Equity,Citi India,Bloomberg AIM,True,Matched,5
POS-00067,CLT0003,SBI Life Insurance,INE002A01018,RELIANCE,Reliance Industries Ltd,2024-07-18,92619,3039.58,281522860.02,227655270.55,53867589.47,INR,PORT-008,APAC,Energy,Equity,Citi India,Charles River,True,Matched,9
POS-00068,CLT0009,Emirates NBD Asset Mgmt,INE361B01024,HCLTECH,HCL Technologies Ltd,2025-01-23,19275,1710.55,32970851.25,25906837.55,7064013.7,INR,PORT-015,EMEA,IT,Equity,Citi India,In-house,True,Matched,4
POS-00069,CLT0004,HDFC Pension Fund,INE002A01018,RELIANCE,Reliance Industries Ltd,2025-01-06,133650,3130.92,418447458.0,346927537.38,71519920.62,INR,PORT-032,APAC,Energy,Equity,Deutsche Bank,Bloomberg AIM,True,Matched,8
POS-00070,CLT0009,Emirates NBD Asset Mgmt,INE002A01018,RELIANCE,Reliance Industries Ltd,2024-06-12,192166,2778.93,534015862.38,467184837.41,66831024.97,INR,PORT-027,EMEA,Energy,Equity,HDFC Bank Custody,In-house,False,Matched,7
POS-00071,CLT0004,HDFC Pension Fund,INE038A01020,HINDALCO,Hindalco Industries Ltd,2024-12-13,164247,698.37,114705177.39,94915626.45,19789550.94,INR,PORT-020,APAC,Metals,Equity,HDFC Bank Custody,Charles River,True,Matched,9
POS-00072,CLT0003,SBI Life Insurance,INE721A01013,SUNPHARMA,Sun Pharmaceutical Ltd,2024-02-03,94600,1815.0,171699000.0,147915368.35,23783631.65,INR,PORT-029,APAC,Pharma,Equity,Deutsche Bank,Simcorp,True,Matched,6
POS-00073,CLT0011,BlackRock India Fund,INE296A01024,BAJFINANCE,Bajaj Finance Ltd,2025-05-12,39418,,,288632558.65,-5672416.55,INR,PORT-032,Americas,NBFC,Equity,HDFC Bank Custody,Simcorp,True,Break,5
POS-00074,CLT0008,Nippon India MF,INE001A01036,SBIN,State Bank of India,2024-11-16,55597,783.65,43568589.05,44129833.33,-561244.28,INR,PORT-008,APAC,Banking,Equity,HDFC Bank Custody,In-house,True,Matched,6
POS-00075,CLT0014,Temasek Holdings,INE117A01022,BHARTIARTL,Bharti Airtel Ltd,2025-05-13,31023,1364.43,42328711.89,44083521.91,-1754810.02,INR,PORT-043,APAC,Telecom,Equity,Deutsche Bank,Charles River,False,Matched,6
POS-00076,CLT0013,GIC Private Ltd Singapore,INE002A01018,RELIANCE,Reliance Industries Ltd,2024-05-29,182143,2658.78,484278165.54,480341036.17,3937129.37,INR,PORT-030,APAC,Energy,Equity,HDFC Bank Custody,Bloomberg AIM,True,Matched,6
POS-00077,CLT0008,Nippon India MF,INE018A01030,LARSEN,Larsen & Toubro Ltd,2025-03-09,86520,3619.46,313155679.2,285030259.01,28125420.19,INR,PORT-002,APAC,Infrastructure,Equity,Citi India,Charles River,True,Pending,6
POS-00078,CLT0006,LIC of India,INE002A01018,RELIANCE,Reliance Industries Ltd,2024-09-25,51449,2699.22,138872169.78,148473402.92,-9601233.14,INR,PORT-020,APAC,Energy,Equity,Citi India,In-house,True,Matched,10
POS-00079,CLT0009,Emirates NBD Asset Mgmt,INE467B01029,TCS,Tata Consultancy Services,2024-09-21,122725,4122.11,505885949.75,436673095.82,69212853.93,INR,PORT-019,EMEA,IT,Equity,HDFC Bank Custody,Charles River,True,Matched,4
POS-00080,CLT0008,Nippon India MF,INE038A01020,HINDALCO,Hindalco Industries Ltd,2024-03-11,68683,638.04,43822501.32,42070064.72,1752436.6,INR,PORT-037,APAC,Metals,Equity,Axis Bank Custody,In-house,True,Break,2
POS-00081,CLT0004,HDFC Pension Fund,INE018A01030,LARSEN,Larsen & Toubro Ltd,2024-12-18,6272,3723.48,23353666.56,20445324.35,2908342.21,INR,PORT-005,APAC,Infrastructure,Equity,Axis Bank Custody,Bloomberg AIM,True,Matched,5
POS-00082,CLT0014,Temasek Holdings,INE001A01036,SBIN,State Bank of India,2024-11-01,115719,,,77460394.38,14725989.78,INR,PORT-012,APAC,Banking,Equity,Deutsche Bank,In-house,True,Break,8
POS-00083,CLT0003,SBI Life Insurance,INE020B01018,NTPC,NTPC Ltd,2024-11-24,65915,328.13,21628688.95,22158976.38,-530287.43,INR,PORT-029,APAC,Utilities,Equity,Axis Bank Custody,In-house,True,Matched,5
POS-00084,CLT0013,GIC Private Ltd Singapore,INE467B01029,TCS,Tata Consultancy Services,2024-04-30,14290,3751.3,53606077.0,52716645.75,889431.25,INR,PORT-025,APAC,IT,Equity,Citi India,Simcorp,True,Matched,10
POS-00085,CLT0012,Vanguard Emerging Markets,INE296A01024,BAJFINANCE,Bajaj Finance Ltd,2024-03-08,34216,7411.71,253599069.36,235717359.65,17881709.71,INR,PORT-031,Americas,NBFC,Equity,Axis Bank Custody,In-house,True,Matched,5
POS-00086,CLT0013,GIC Private Ltd Singapore,INE001A01036,SBIN,State Bank of India,2024-03-01,118871,792.89,94251627.19,79369789.18,14881838.01,INR,PORT-039,APAC,Banking,Equity,Deutsche Bank,Simcorp,True,Matched,2
POS-00087,CLT0012,Vanguard Emerging Markets,INE361B01024,HCLTECH,HCL Technologies Ltd,2024-05-22,164229,1701.15,279378163.35,231114107.34,48264056.01,INR,PORT-048,Americas,IT,Equity,Axis Bank Custody,In-house,True,Matched,9
POS-00088,CLT0002,Aditya Birla Capital,INE090A01021,ICICIBANK,ICICI Bank Ltd,2024-07-17,62247,1283.42,79889044.74,77441494.82,2447549.92,INR,PORT-034,APAC,Banking,Equity,Citi India,In-house,True,Matched,7
POS-00089,CLT0007,ICICI Prudential AMC,INE038A01020,HINDALCO,Hindalco Industries Ltd,2024-02-10,61303,668.56,40984733.68,36794451.77,4190281.91,INR,PORT-035,APAC,Metals,Equity,Axis Bank Custody,Simcorp,True,Matched,9
POS-00090,CLT0010,Abu Dhabi Investment Auth,INE721A01013,SUNPHARMA,Sun Pharmaceutical Ltd,2025-02-08,14377,1742.83,25056666.91,22783694.44,2272972.47,INR,PORT-012,EMEA,Pharma,Equity,Citi India,Bloomberg AIM,True,Matched,4
POS-00091,CLT0012,Vanguard Emerging Markets,INE001A01036,SBIN,State Bank of India,2024-07-29,39968,776.95,31053137.6,30249574.31,803563.29,INR,PORT-017,Americas,Banking,Equity,Citi India,Charles River,True,Matched,0
POS-00092,CLT0006,LIC of India,INE414G01012,ADANIENT,Adani Enterprises Ltd,2024-05-05,24189,2632.32,63673188.48,61415230.69,2257957.79,INR,PORT-025,APAC,Conglomerate,Equity,HDFC Bank Custody,Charles River,True,Matched,8
POS-00093,CLT0004,HDFC Pension Fund,INE002A01018,RELIANCE,Reliance Industries Ltd,2025-05-01,82851,2800.93,232059851.43,233255829.58,-1195978.15,INR,PORT-044,APAC,Energy,Equity,HDFC Bank Custody,Simcorp,True,Matched,0
POS-00094,CLT0006,LIC of India,INE020B01018,NTPC,NTPC Ltd,2024-10-21,8207,331.65,2721851.55,2880116.19,-158264.64,INR,PORT-039,APAC,Utilities,Equity,Axis Bank Custody,Simcorp,True,Pending,9
POS-00095,CLT0012,Vanguard Emerging Markets,INE020B01018,NTPC,NTPC Ltd,2025-02-18,80317,379.67,30493955.39,25992798.55,4501156.84,INR,PORT-049,Americas,Utilities,Equity,Citi India,In-house,True,Matched,6
POS-00096,CLT0012,Vanguard Emerging Markets,INE213A01029,MARUTI,Maruti Suzuki India Ltd,2025-03-11,115749,13401.14,1551168553.86,1280091847.35,271076706.51,INR,PORT-015,Americas,Auto,Equity,Axis Bank Custody,In-house,True,Matched,3
POS-00097,CLT0004,HDFC Pension Fund,INE002A01018,RELIANCE,Reliance Industries Ltd,2024-07-28,37832,2989.21,113087792.72,106416065.76,6671726.96,INR,PORT-040,APAC,Energy,Equity,Citi India,Simcorp,True,Matched,6
POS-00098,CLT0013,GIC Private Ltd Singapore,INE066A01021,ONGC,Oil & Natural Gas Corp,2024-08-19,73062,,,18001841.26,1989383.18,INR,PORT-026,APAC,Energy,Equity,Deutsche Bank,Simcorp,False,Break,4
POS-00099,CLT0011,BlackRock India Fund,INE031A01017,POWERGRID,Power Grid Corp of India,2024-03-08,88707,301.6,26754031.2,26350403.8,403627.4,INR,PORT-011,Americas,Utilities,Equity,HDFC Bank Custody,Bloomberg AIM,True,Matched,8
POS-00100,CLT0004,HDFC Pension Fund,INE018A01030,LARSEN,Larsen & Toubro Ltd,2024-03-24,67258,3955.06,266009425.48,253697164.31,12312261.17,INR,PORT-044,APAC,Infrastructure,Equity,Axis Bank Custody,Bloomberg AIM,True,Break,5
POS-00101,CLT0005,Kotak Mahindra AMC,INE002A01018,RELIANCE,Reliance Industries Ltd,2024-09-25,166433,2767.29,460568376.57,442910950.14,17657426.43,INR,PORT-003,APAC,Energy,Equity,HDFC Bank Custody,Bloomberg AIM,True,Break,3
POS-00102,CLT0013,GIC Private Ltd Singapore,INE009A01021,INFY,Infosys Ltd,2024-06-02,83373,,,111605234.22,2730830.52,INR,PORT-008,APAC,IT,Equity,Deutsche Bank,In-house,True,Matched,2
POS-00103,CLT0007,ICICI Prudential AMC,INE414G01012,ADANIENT,Adani Enterprises Ltd,2025-03-08,136099,2409.45,327923735.55,337496799.66,-9573064.11,INR,PORT-031,APAC,Conglomerate,Equity,Citi India,Charles River,True,Matched,5
POS-00104,CLT0014,Temasek Holdings,INE213A01029,MARUTI,Maruti Suzuki India Ltd,2024-03-20,161863,,,1989557184.02,3855262.07,INR,PORT-017,APAC,Auto,Equity,Deutsche Bank,In-house,True,Matched,6
POS-00105,CLT0015,Norges Bank Investment Mgmt,INE075A01022,WIPRO,Wipro Ltd,2025-04-12,151306,555.49,84048969.94,72605080.22,11443889.72,INR,PORT-047,EMEA,IT,Equity,Citi India,Simcorp,True,Matched,8
POS-00106,CLT0002,Aditya Birla Capital,INE721A01013,SUNPHARMA,Sun Pharmaceutical Ltd,2025-03-25,167306,1730.6,289539763.6,288817368.18,722395.42,INR,PORT-043,APAC,Pharma,Equity,Axis Bank Custody,In-house,True,Matched,4
POS-00107,CLT0006,LIC of India,INE213A01029,MARUTI,Maruti Suzuki India Ltd,2024-07-04,184299,13806.62,2544546259.38,2357974379.95,186571879.43,INR,PORT-009,APAC,Auto,Equity,HDFC Bank Custody,Charles River,True,Matched,6
POS-00108,CLT0011,BlackRock India Fund,INE414G01012,ADANIENT,Adani Enterprises Ltd,2024-06-03,45988,2418.44,111219218.72,97485444.96,13733773.76,INR,PORT-039,Americas,Conglomerate,Equity,Axis Bank Custody,Bloomberg AIM,False,Matched,5
POS-00109,CLT0006,LIC of India,INE296A01024,BAJFINANCE,Bajaj Finance Ltd,2024-04-02,168435,6762.25,1138999578.75,1187536876.3,-48537297.55,INR,PORT-028,APAC,NBFC,Equity,Axis Bank Custody,In-house,True,Matched,7
POS-00110,CLT0002,Aditya Birla Capital,INE038A01020,HINDALCO,Hindalco Industries Ltd,2025-05-05,199365,626.74,124950020.1,119310335.34,5639684.76,INR,PORT-046,APAC,Metals,Equity,Citi India,Simcorp,True,Matched,4
POS-00111,CLT0008,Nippon India MF,INE040A01034,HDFCBANK,HDFC Bank Ltd,2024-02-15,176833,1546.52,273475771.16,285623595.11,-12147823.95,INR,PORT-002,APAC,Banking,Equity,Deutsche Bank,Charles River,True,Matched,5
POS-00112,CLT0013,GIC Private Ltd Singapore,INE001A01036,SBIN,State Bank of India,2024-06-28,71130,767.16,54568090.8,47818935.15,6749155.65,INR,PORT-040,APAC,Banking,Equity,HDFC Bank Custody,In-house,True,Matched,5
POS-00113,CLT0008,Nippon India MF,INE031A01017,POWERGRID,Power Grid Corp of India,2024-03-20,57784,323.77,18708725.68,18350027.92,358697.76,INR,PORT-015,APAC,Utilities,Equity,HDFC Bank Custody,Simcorp,True,Matched,3
POS-00114,CLT0013,GIC Private Ltd Singapore,INE018A01030,LARSEN,Larsen & Toubro Ltd,2025-03-02,66104,3483.17,230251469.68,231486054.53,-1234584.85,INR,PORT-045,APAC,Infrastructure,Equity,Deutsche Bank,Simcorp,True,Matched,2
POS-00115,CLT0002,Aditya Birla Capital,INE296A01024,BAJFINANCE,Bajaj Finance Ltd,2025-04-18,151230,6893.99,1042578107.7,1014070686.4,28507421.3,INR,PORT-032,APAC,NBFC,Equity,Axis Bank Custody,Bloomberg AIM,False,Matched,3
POS-00116,CLT0001,Tata Investment Corp,INE031A01017,POWERGRID,Power Grid Corp of India,2024-05-19,10447,298.61,3119578.67,3299736.45,-180157.78,INR,PORT-014,APAC,Utilities,Equity,Axis Bank Custody,Charles River,False,Matched,5
POS-00117,CLT0013,GIC Private Ltd Singapore,INE066A01021,ONGC,Oil & Natural Gas Corp,2024-06-26,186359,262.86,48986326.74,50063594.03,-1077267.29,INR,PORT-025,APAC,Energy,Equity,Axis Bank Custody,Simcorp,True,Matched,5
POS-00118,CLT0009,Emirates NBD Asset Mgmt,INE414G01012,ADANIENT,Adani Enterprises Ltd,2025-05-18,181757,2312.62,420334873.34,431437720.2,-11102846.86,INR,PORT-039,EMEA,Conglomerate,Equity,Deutsche Bank,Charles River,True,Matched,5
POS-00119,CLT0009,Emirates NBD Asset Mgmt,INE009A01021,INFY,Infosys Ltd,2025-01-25,132773,1482.51,196837300.23,184316503.08,12520797.15,INR,PORT-012,EMEA,IT,Equity,HDFC Bank Custody,Simcorp,True,Matched,8
POS-00120,CLT0010,Abu Dhabi Investment Auth,INE585B01010,AXISBANK,Axis Bank Ltd,2024-01-07,117337,1053.87,123657944.19,106477344.36,17180599.83,INR,PORT-039,EMEA,Banking,Equity,Citi India,Simcorp,True,Matched,10
POS-00121,CLT0005,Kotak Mahindra AMC,INE038A01020,HINDALCO,Hindalco Industries Ltd,2024-11-21,106461,693.78,73860512.58,59973719.59,13886792.99,INR,PORT-029,APAC,Metals,Equity,Deutsche Bank,Simcorp,True,Matched,5
POS-00122,CLT0011,BlackRock India Fund,INE117A01022,BHARTIARTL,Bharti Airtel Ltd,2024-04-17,123119,1251.99,154143756.81,160782029.02,-6638272.21,INR,PORT-035,Americas,Telecom,Equity,Citi India,Simcorp,True,Break,0
POS-00123,CLT0009,Emirates NBD Asset Mgmt,INE031A01017,POWERGRID,Power Grid Corp of India,2024-01-18,8853,325.37,2880500.61,2864586.3,15914.31,INR,PORT-043,EMEA,Utilities,Equity,Axis Bank Custody,Bloomberg AIM,True,Matched,9
POS-00124,CLT0015,Norges Bank Investment Mgmt,INE040A01034,HDFCBANK,HDFC Bank Ltd,2024-04-16,121796,1775.8,216285336.8,192684090.06,23601246.74,INR,PORT-017,EMEA,Banking,Equity,Deutsche Bank,In-house,False,Matched,2
POS-00125,CLT0003,SBI Life Insurance,INE040A01034,HDFCBANK,HDFC Bank Ltd,2024-05-10,78585,1661.84,130595696.4,128047007.41,2548688.99,INR,PORT-001,APAC,Banking,Equity,Citi India,Charles River,True,Matched,1
POS-00126,CLT0011,BlackRock India Fund,INE361B01024,HCLTECH,HCL Technologies Ltd,2024-01-01,164115,1658.68,272214268.2,229786649.03,42427619.17,INR,PORT-049,Americas,IT,Equity,Axis Bank Custody,In-house,True,Matched,10
POS-00127,CLT0012,Vanguard Emerging Markets,INE009A01021,INFY,Infosys Ltd,2024-11-18,103990,1515.04,157549009.6,134677062.81,22871946.79,INR,PORT-028,Americas,IT,Equity,HDFC Bank Custody,In-house,True,Matched,7
POS-00128,CLT0001,Tata Investment Corp,INE009A01021,INFY,Infosys Ltd,2024-04-22,128613,1537.54,197747632.02,178658686.44,19088945.58,INR,PORT-027,APAC,IT,Equity,Deutsche Bank,Charles River,False,Matched,8
POS-00129,CLT0002,Aditya Birla Capital,INE585B01010,AXISBANK,Axis Bank Ltd,2025-01-25,179987,1134.23,204146655.01,161070657.14,43075997.87,INR,PORT-001,APAC,Banking,Equity,HDFC Bank Custody,In-house,True,Break,3
POS-00130,CLT0002,Aditya Birla Capital,INE075A01022,WIPRO,Wipro Ltd,2024-10-18,87146,484.47,42219622.62,39057020.44,3162602.18,INR,PORT-032,APAC,IT,Equity,Deutsche Bank,Bloomberg AIM,True,Matched,6
POS-00131,CLT0004,HDFC Pension Fund,INE090A01021,ICICIBANK,ICICI Bank Ltd,2024-01-13,10378,1252.36,12996992.08,11320271.56,1676720.52,INR,PORT-043,APAC,Banking,Equity,Axis Bank Custody,Bloomberg AIM,True,Matched,2
POS-00132,CLT0007,ICICI Prudential AMC,INE721A01013,SUNPHARMA,Sun Pharmaceutical Ltd,2024-05-23,194351,1596.72,310324128.72,280023631.82,30300496.9,INR,PORT-004,APAC,Pharma,Equity,Citi India,Bloomberg AIM,True,Pending,3
POS-00133,CLT0015,Norges Bank Investment Mgmt,INE020B01018,NTPC,NTPC Ltd,2025-03-29,119284,362.04,43185579.36,37122705.32,6062874.04,INR,PORT-008,EMEA,Utilities,Equity,HDFC Bank Custody,Bloomberg AIM,True,Matched,9
POS-00134,CLT0009,Emirates NBD Asset Mgmt,INE002A01018,RELIANCE,Reliance Industries Ltd,2024-11-13,173699,2711.61,471003945.39,503131757.75,-32127812.36,INR,PORT-047,EMEA,Energy,Equity,HDFC Bank Custody,Bloomberg AIM,True,Matched,5
POS-00135,CLT0005,Kotak Mahindra AMC,INE117A01022,BHARTIARTL,Bharti Airtel Ltd,2024-12-13,122384,1428.29,174799843.36,155859664.34,18940179.02,INR,PORT-041,APAC,Telecom,Equity,Deutsche Bank,In-house,True,Matched,0
POS-00136,CLT0013,GIC Private Ltd Singapore,INE585B01010,AXISBANK,Axis Bank Ltd,2024-11-17,192259,992.23,190765147.57,200993007.13,-10227859.56,INR,PORT-041,APAC,Banking,Equity,Deutsche Bank,In-house,False,Pending,0
POS-00137,CLT0013,GIC Private Ltd Singapore,INE031A01017,POWERGRID,Power Grid Corp of India,2024-10-25,162502,328.62,53401407.24,45736025.36,7665381.88,INR,PORT-031,APAC,Utilities,Equity,Deutsche Bank,In-house,True,Matched,0
POS-00138,CLT0001,Tata Investment Corp,INE361B01024,HCLTECH,HCL Technologies Ltd,2024-04-19,76262,1521.8,116055511.6,123553952.81,-7498441.21,INR,PORT-002,APAC,IT,Equity,Deutsche Bank,Charles River,True,Matched,0
POS-00139,CLT0001,Tata Investment Corp,INE002A01018,RELIANCE,Reliance Industries Ltd,2025-01-28,40847,2788.81,113914522.07,106810994.69,7103527.38,INR,PORT-029,APAC,Energy,Equity,Deutsche Bank,Charles River,True,Matched,6
POS-00140,CLT0013,GIC Private Ltd Singapore,INE721A01013,SUNPHARMA,Sun Pharmaceutical Ltd,2024-08-05,186994,1542.03,288350357.82,275792323.04,12558034.78,INR,PORT-006,APAC,Pharma,Equity,HDFC Bank Custody,In-house,True,Matched,10
POS-00141,CLT0001,Tata Investment Corp,INE296A01024,BAJFINANCE,Bajaj Finance Ltd,2024-06-27,50951,7586.62,386545875.62,313981386.69,72564488.93,INR,PORT-012,APAC,NBFC,Equity,Citi India,Charles River,True,Break,8
POS-00142,CLT0013,GIC Private Ltd Singapore,INE040A01034,HDFCBANK,HDFC Bank Ltd,2024-10-10,196762,1755.44,345403885.28,324677610.39,20726274.89,INR,PORT-041,APAC,Banking,Equity,HDFC Bank Custody,In-house,False,Matched,2
POS-00143,CLT0009,Emirates NBD Asset Mgmt,INE066A01021,ONGC,Oil & Natural Gas Corp,2024-12-25,5925,259.34,1536589.5,1379009.16,157580.34,INR,PORT-021,EMEA,Energy,Equity,Citi India,In-house,True,Matched,7
POS-00144,CLT0012,Vanguard Emerging Markets,INE467B01029,TCS,Tata Consultancy Services,2024-01-01,106581,3932.96,419178809.76,430330082.11,-11151272.35,INR,PORT-043,Americas,IT,Equity,Citi India,In-house,False,Pending,5
POS-00145,CLT0002,Aditya Birla Capital,INE154A01025,ITC,ITC Ltd,2024-08-02,88010,432.66,38078406.6,41564083.24,-3485676.64,INR,PORT-029,APAC,FMCG,Equity,HDFC Bank Custody,Bloomberg AIM,True,Matched,6
POS-00146,CLT0007,ICICI Prudential AMC,INE361B01024,HCLTECH,HCL Technologies Ltd,2024-05-20,138382,1625.75,224974536.5,218126509.51,6848026.99,INR,PORT-020,APAC,IT,Equity,HDFC Bank Custody,Simcorp,True,Matched,9
POS-00147,CLT0007,ICICI Prudential AMC,INE721A01013,SUNPHARMA,Sun Pharmaceutical Ltd,2024-04-08,144484,1703.28,246096707.52,220490036.35,25606671.17,INR,PORT-012,APAC,Pharma,Equity,Deutsche Bank,Charles River,True,Matched,6
POS-00148,CLT0010,Abu Dhabi Investment Auth,INE361B01024,HCLTECH,HCL Technologies Ltd,2024-09-08,149828,1624.27,243361125.56,239627776.76,3733348.8,INR,PORT-015,EMEA,IT,Equity,Deutsche Bank,Bloomberg AIM,True,Break,0
POS-00149,CLT0012,Vanguard Emerging Markets,INE585B01010,AXISBANK,Axis Bank Ltd,2024-11-29,42727,1149.57,49117677.39,42444508.44,6673168.95,INR,PORT-002,Americas,Banking,Equity,HDFC Bank Custody,Simcorp,True,Matched,9
POS-00150,CLT0012,Vanguard Emerging Markets,INE066A01021,ONGC,Oil & Natural Gas Corp,2024-12-13,169971,295.18,50172039.78,44938461.49,5233578.29,INR,PORT-005,Americas,Energy,Equity,Deutsche Bank,Bloomberg AIM,True,Pending,10
POS-00151,CLT0003,SBI Life Insurance,INE585B01010,AXISBANK,Axis Bank Ltd,2024-06-06,59114,957.17,56582147.38,58858321.14,-2276173.76,INR,PORT-022,APAC,Banking,Equity,Citi India,Bloomberg AIM,True,Matched,10
POS-00152,CLT0012,Vanguard Emerging Markets,INE018A01030,LARSEN,Larsen & Toubro Ltd,2024-11-18,90826,3786.29,343893575.54,297044241.33,46849334.21,INR,PORT-050,Americas,Infrastructure,Equity,Deutsche Bank,Bloomberg AIM,True,Pending,10
POS-00153,CLT0011,BlackRock India Fund,INE031A01017,POWERGRID,Power Grid Corp of India,2024-10-07,5037,310.87,1565852.19,1510132.32,55719.87,INR,PORT-021,Americas,Utilities,Equity,Citi India,In-house,True,Break,3
POS-00154,CLT0015,Norges Bank Investment Mgmt,INE002A01018,RELIANCE,Reliance Industries Ltd,2024-06-28,151413,2870.03,434559852.39,421938901.62,12620950.77,INR,PORT-014,EMEA,Energy,Equity,Deutsche Bank,Charles River,True,Matched,6
POS-00155,CLT0006,LIC of India,INE585B01010,AXISBANK,Axis Bank Ltd,2024-12-20,114563,1055.76,120951032.88,114813125.29,6137907.59,INR,PORT-029,APAC,Banking,Equity,Axis Bank Custody,Simcorp,True,Matched,4
POS-00156,CLT0012,Vanguard Emerging Markets,INE467B01029,TCS,Tata Consultancy Services,2024-03-14,111755,3891.59,434904640.45,419398195.2,15506445.25,INR,PORT-048,Americas,IT,Equity,Deutsche Bank,Charles River,True,Matched,7
POS-00157,CLT0003,SBI Life Insurance,INE721A01013,SUNPHARMA,Sun Pharmaceutical Ltd,2024-03-12,158495,1727.13,273741469.35,238912559.52,34828909.83,INR,PORT-020,APAC,Pharma,Equity,Citi India,Bloomberg AIM,True,Pending,2
POS-00158,CLT0014,Temasek Holdings,INE031A01017,POWERGRID,Power Grid Corp of India,2024-12-10,88475,290.07,25663943.25,27644198.67,-1980255.42,INR,PORT-003,APAC,Utilities,Equity,Deutsche Bank,Simcorp,True,Matched,6
POS-00159,CLT0008,Nippon India MF,INE154A01025,ITC,ITC Ltd,2024-04-24,125484,502.74,63085826.16,60388362.1,2697464.06,INR,PORT-022,APAC,FMCG,Equity,HDFC Bank Custody,Charles River,True,Pending,8
POS-00160,CLT0007,ICICI Prudential AMC,INE414G01012,ADANIENT,Adani Enterprises Ltd,2024-01-04,105993,2314.24,245293240.32,226146672.15,19146568.17,INR,PORT-029,APAC,Conglomerate,Equity,Deutsche Bank,Simcorp,False,Matched,5
POS-00161,CLT0014,Temasek Holdings,INE075A01022,WIPRO,Wipro Ltd,2025-03-08,34331,499.55,17150051.05,17016797.74,133253.31,INR,PORT-022,APAC,IT,Equity,HDFC Bank Custody,In-house,True,Matched,5
POS-00162,CLT0008,Nippon India MF,INE009A01021,INFY,Infosys Ltd,2024-12-18,27844,1405.27,39128337.88,40211719.27,-1083381.39,INR,PORT-020,APAC,IT,Equity,Deutsche Bank,Simcorp,True,Matched,10
POS-00163,CLT0001,Tata Investment Corp,INE001A01036,SBIN,State Bank of India,2025-02-16,164501,705.59,116070260.59,115731610.8,338649.79,INR,PORT-022,APAC,Banking,Equity,HDFC Bank Custody,In-house,True,Matched,7
POS-00164,CLT0005,Kotak Mahindra AMC,INE038A01020,HINDALCO,Hindalco Industries Ltd,2024-12-07,30654,623.81,19122271.74,17920379.28,1201892.46,INR,PORT-028,APAC,Metals,Equity,HDFC Bank Custody,In-house,True,Matched,5
POS-00165,CLT0005,Kotak Mahindra AMC,INE018A01030,LARSEN,Larsen & Toubro Ltd,2025-04-14,142230,3413.82,485547618.6,454511599.09,31036019.51,INR,PORT-017,APAC,Infrastructure,Equity,Deutsche Bank,Charles River,True,Pending,8
POS-00166,CLT0002,Aditya Birla Capital,INE361B01024,HCLTECH,HCL Technologies Ltd,2024-12-05,101923,1697.76,173040792.48,148625154.21,24415638.27,INR,PORT-016,APAC,IT,Equity,Deutsche Bank,Bloomberg AIM,True,Matched,5
POS-00167,CLT0007,ICICI Prudential AMC,INE721A01013,SUNPHARMA,Sun Pharmaceutical Ltd,2024-02-20,28453,1783.29,50739950.37,47950498.78,2789451.59,INR,PORT-042,APAC,Pharma,Equity,HDFC Bank Custody,Bloomberg AIM,True,Matched,7
POS-00168,CLT0010,Abu Dhabi Investment Auth,INE585B01010,AXISBANK,Axis Bank Ltd,2025-03-30,168502,1083.7,182605617.4,156383020.82,26222596.58,INR,PORT-037,EMEA,Banking,Equity,Axis Bank Custody,Simcorp,True,Matched,0
POS-00169,CLT0003,SBI Life Insurance,INE467B01029,TCS,Tata Consultancy Services,2024-03-10,120741,3900.26,470921292.66,495043261.09,-24121968.43,INR,PORT-045,APAC,IT,Equity,HDFC Bank Custody,Simcorp,True,Matched,5
POS-00170,CLT0014,Temasek Holdings,INE296A01024,BAJFINANCE,Bajaj Finance Ltd,2024-10-29,158199,6396.38,1011900919.62,1056020769.07,-44119849.45,INR,PORT-018,APAC,NBFC,Equity,Citi India,Simcorp,True,Matched,10
POS-00171,CLT0001,Tata Investment Corp,INE296A01024,BAJFINANCE,Bajaj Finance Ltd,2025-01-10,198860,7153.76,1422596713.6,1359997272.72,62599440.88,INR,PORT-003,APAC,NBFC,Equity,Citi India,Simcorp,True,Matched,6
POS-00172,CLT0009,Emirates NBD Asset Mgmt,INE001A01036,SBIN,State Bank of India,2024-03-20,196806,748.08,147226632.48,138007530.95,9219101.53,INR,PORT-027,EMEA,Banking,Equity,Deutsche Bank,Simcorp,True,Matched,5
POS-00173,CLT0008,Nippon India MF,INE361B01024,HCLTECH,HCL Technologies Ltd,2025-04-20,34446,1587.8,54693358.8,52249177.28,2444181.52,INR,PORT-025,APAC,IT,Equity,Deutsche Bank,In-house,True,Matched,0
POS-00174,CLT0001,Tata Investment Corp,INE361B01024,HCLTECH,HCL Technologies Ltd,2024-01-14,96197,1605.16,154411576.52,132844139.8,21567436.72,INR,PORT-034,APAC,IT,Equity,HDFC Bank Custody,Bloomberg AIM,True,Matched,5
POS-00175,CLT0008,Nippon India MF,INE296A01024,BAJFINANCE,Bajaj Finance Ltd,2025-05-12,141554,6608.36,935439791.44,959584098.9,-24144307.46,INR,PORT-031,APAC,NBFC,Equity,Axis Bank Custody,Charles River,True,Matched,3
POS-00176,CLT0008,Nippon India MF,INE002A01018,RELIANCE,Reliance Industries Ltd,2025-03-15,18986,2600.01,49363789.86,55729437.0,-6365647.14,INR,PORT-028,APAC,Energy,Equity,Axis Bank Custody,Charles River,True,Matched,7
POS-00177,CLT0011,BlackRock India Fund,INE117A01022,BHARTIARTL,Bharti Airtel Ltd,2024-07-06,103152,1297.52,133841783.04,131864809.79,1976973.25,INR,PORT-045,Americas,Telecom,Equity,HDFC Bank Custody,Bloomberg AIM,True,Break,10
POS-00178,CLT0008,Nippon India MF,INE154A01025,ITC,ITC Ltd,2024-12-05,192875,430.97,83123338.75,90968445.92,-7845107.17,INR,PORT-039,APAC,FMCG,Equity,Deutsche Bank,Charles River,True,Matched,5
POS-00179,CLT0013,GIC Private Ltd Singapore,INE361B01024,HCLTECH,HCL Technologies Ltd,2024-03-26,62814,1518.81,95402531.34,92109188.55,3293342.79,INR,PORT-036,APAC,IT,Equity,Citi India,Simcorp,True,Matched,1
POS-00180,CLT0010,Abu Dhabi Investment Auth,INE040A01034,HDFCBANK,HDFC Bank Ltd,2025-01-17,37408,1707.88,63888375.04,54416743.29,9471631.75,INR,PORT-024,EMEA,Banking,Equity,Deutsche Bank,In-house,True,Matched,8
POS-00181,CLT0005,Kotak Mahindra AMC,INE585B01010,AXISBANK,Axis Bank Ltd,2024-11-27,105358,1082.51,114051088.58,107505792.79,6545295.79,INR,PORT-028,APAC,Banking,Equity,HDFC Bank Custody,Bloomberg AIM,True,Pending,8
POS-00182,CLT0006,LIC of India,INE020B01018,NTPC,NTPC Ltd,2024-11-21,55014,325.34,17898254.76,18455845.6,-557590.84,INR,PORT-018,APAC,Utilities,Equity,HDFC Bank Custody,Simcorp,True,Matched,5
POS-00183,CLT0011,BlackRock India Fund,INE075A01022,WIPRO,Wipro Ltd,2024-11-01,11548,487.46,5629188.08,5714347.95,-85159.87,INR,PORT-044,Americas,IT,Equity,HDFC Bank Custody,Simcorp,True,Matched,8
POS-00184,CLT0013,GIC Private Ltd Singapore,INE009A01021,INFY,Infosys Ltd,2024-11-11,19120,1498.48,28650937.6,26731078.54,1919859.06,INR,PORT-011,APAC,IT,Equity,Deutsche Bank,Simcorp,True,Matched,7
POS-00185,CLT0010,Abu Dhabi Investment Auth,INE090A01021,ICICIBANK,ICICI Bank Ltd,2024-01-23,67992,1126.65,76603186.8,74602790.69,2000396.11,INR,PORT-012,EMEA,Banking,Equity,Citi India,Simcorp,True,Break,7
POS-00186,CLT0001,Tata Investment Corp,INE075A01022,WIPRO,Wipro Ltd,2024-12-04,15128,,,7405314.06,551560.1,INR,PORT-002,APAC,IT,Equity,HDFC Bank Custody,In-house,True,Matched,10
POS-00187,CLT0008,Nippon India MF,INE001A01036,SBIN,State Bank of India,2024-12-02,84781,808.96,68584437.76,57913920.94,10670516.82,INR,PORT-023,APAC,Banking,Equity,Deutsche Bank,In-house,True,Matched,8
POS-00188,CLT0007,ICICI Prudential AMC,INE090A01021,ICICIBANK,ICICI Bank Ltd,2024-01-01,157731,1296.77,204540828.87,193417846.48,11122982.39,INR,PORT-036,APAC,Banking,Equity,HDFC Bank Custody,Charles River,True,Matched,2
POS-00189,CLT0012,Vanguard Emerging Markets,INE090A01021,ICICIBANK,ICICI Bank Ltd,2024-11-26,49581,1188.76,58939909.56,55768209.07,3171700.49,INR,PORT-031,Americas,Banking,Equity,HDFC Bank Custody,Bloomberg AIM,True,Break,1
POS-00190,CLT0012,Vanguard Emerging Markets,INE031A01017,POWERGRID,Power Grid Corp of India,2024-11-29,10929,308.27,3369082.83,3021931.53,347151.3,INR,PORT-045,Americas,Utilities,Equity,Deutsche Bank,In-house,True,Pending,7
POS-00191,CLT0015,Norges Bank Investment Mgmt,INE020B01018,NTPC,NTPC Ltd,2024-09-29,42268,384.31,16244015.08,13813049.21,2430965.87,INR,PORT-025,EMEA,Utilities,Equity,Axis Bank Custody,Bloomberg AIM,False,Matched,5
POS-00192,CLT0003,SBI Life Insurance,INE414G01012,ADANIENT,Adani Enterprises Ltd,2024-01-16,175969,2467.93,434279174.17,374602863.82,59676310.35,INR,PORT-044,APAC,Conglomerate,Equity,HDFC Bank Custody,Bloomberg AIM,True,Break,3
POS-00193,CLT0011,BlackRock India Fund,INE090A01021,ICICIBANK,ICICI Bank Ltd,2025-01-29,121139,1192.23,144425549.97,142848649.98,1576899.99,INR,PORT-017,Americas,Banking,Equity,Axis Bank Custody,Bloomberg AIM,True,Matched,0
POS-00194,CLT0013,GIC Private Ltd Singapore,INE001A01036,SBIN,State Bank of India,2024-06-25,148263,776.37,115106945.31,103266450.44,11840494.87,INR,PORT-050,APAC,Banking,Equity,Citi India,Charles River,False,Break,6
POS-00195,CLT0008,Nippon India MF,INE066A01021,ONGC,Oil & Natural Gas Corp,2024-06-26,94850,282.29,26775206.5,24374728.39,2400478.11,INR,PORT-036,APAC,Energy,Equity,Deutsche Bank,In-house,False,Matched,6
POS-00196,CLT0005,Kotak Mahindra AMC,INE117A01022,BHARTIARTL,Bharti Airtel Ltd,2024-03-26,131824,1383.59,182390368.16,167106245.57,15284122.59,INR,PORT-033,APAC,Telecom,Equity,Citi India,Bloomberg AIM,True,Matched,2
POS-00197,CLT0006,LIC of India,INE001A01036,SBIN,State Bank of India,2024-05-15,68970,765.21,52776533.7,48409689.82,4366843.88,INR,PORT-019,APAC,Banking,Equity,Citi India,Simcorp,True,Matched,10
POS-00198,CLT0005,Kotak Mahindra AMC,INE038A01020,HINDALCO,Hindalco Industries Ltd,2024-05-26,75952,654.08,49678684.16,49521105.16,157579.0,INR,PORT-020,APAC,Metals,Equity,Deutsche Bank,Bloomberg AIM,True,Matched,3
POS-00199,CLT0008,Nippon India MF,INE296A01024,BAJFINANCE,Bajaj Finance Ltd,2025-04-10,11083,6996.91,77546753.53,68552611.73,8994141.8,INR,PORT-005,APAC,NBFC,Equity,HDFC Bank Custody,In-house,True,Matched,10
POS-00200,CLT0014,Temasek Holdings,INE414G01012,ADANIENT,Adani Enterprises Ltd,2024-06-27,95913,2525.93,242269524.09,212870307.85,29399216.24,INR,PORT-012,APAC,Conglomerate,Equity,HDFC Bank Custody,Charles River,True,Pending,2
POS-00201,CLT0002,Aditya Birla Capital,INE721A01013,SUNPHARMA,Sun Pharmaceutical Ltd,2024-08-23,161980,1736.36,281255592.8,279768432.1,1487160.7,INR,PORT-047,APAC,Pharma,Equity,HDFC Bank Custody,Bloomberg AIM,True,Break,6
POS-00202,CLT0012,Vanguard Emerging Markets,INE414G01012,ADANIENT,Adani Enterprises Ltd,2025-02-22,121291,2349.31,284950159.21,255655346.52,29294812.69,INR,PORT-017,Americas,Conglomerate,Equity,HDFC Bank Custody,Simcorp,True,Matched,4
POS-00203,CLT0011,BlackRock India Fund,INE585B01010,AXISBANK,Axis Bank Ltd,2024-05-18,109453,1065.42,116613415.26,120644725.71,-4031310.45,INR,PORT-014,Americas,Banking,Equity,Deutsche Bank,In-house,True,Pending,8
POS-00204,CLT0004,HDFC Pension Fund,INE031A01017,POWERGRID,Power Grid Corp of India,2024-02-11,188019,315.36,59293671.84,59075655.51,218016.33,INR,PORT-045,APAC,Utilities,Equity,Citi India,In-house,True,Pending,5
POS-00205,CLT0011,BlackRock India Fund,INE038A01020,HINDALCO,Hindalco Industries Ltd,2024-04-06,15118,665.24,10057098.32,9715085.84,342012.48,INR,PORT-041,Americas,Metals,Equity,Deutsche Bank,Charles River,True,Break,7
POS-00206,CLT0012,Vanguard Emerging Markets,INE031A01017,POWERGRID,Power Grid Corp of India,2024-01-15,10010,323.83,3241538.3,2802340.4,439197.9,INR,PORT-005,Americas,Utilities,Equity,Axis Bank Custody,In-house,True,Matched,7
POS-00207,CLT0001,Tata Investment Corp,INE721A01013,SUNPHARMA,Sun Pharmaceutical Ltd,2025-02-13,37184,1816.64,67549941.76,64711817.55,2838124.21,INR,PORT-022,APAC,Pharma,Equity,Deutsche Bank,In-house,True,Matched,9
POS-00208,CLT0011,BlackRock India Fund,INE467B01029,TCS,Tata Consultancy Services,2024-02-16,45213,3853.96,174249093.48,168231343.59,6017749.89,INR,PORT-016,Americas,IT,Equity,Citi India,Charles River,True,Matched,3
POS-00209,CLT0010,Abu Dhabi Investment Auth,INE066A01021,ONGC,Oil & Natural Gas Corp,2025-01-12,80991,248.89,20157849.99,21839444.95,-1681594.96,INR,PORT-017,EMEA,Energy,Equity,Deutsche Bank,Charles River,True,Break,8
POS-00210,CLT0012,Vanguard Emerging Markets,INE040A01034,HDFCBANK,HDFC Bank Ltd,2024-06-12,47980,1551.63,74447207.4,67274182.22,7173025.18,INR,PORT-007,Americas,Banking,Equity,Citi India,Charles River,True,Matched,3
POS-00211,CLT0002,Aditya Birla Capital,INE001A01036,SBIN,State Bank of India,2024-09-20,74685,795.12,59383537.2,51859862.39,7523674.81,INR,PORT-032,APAC,Banking,Equity,HDFC Bank Custody,Charles River,True,Matched,10
POS-00212,CLT0003,SBI Life Insurance,INE040A01034,HDFCBANK,HDFC Bank Ltd,2024-01-23,138037,1698.93,234515200.41,190205688.35,44309512.06,INR,PORT-041,APAC,Banking,Equity,Citi India,In-house,True,Matched,3
POS-00213,CLT0005,Kotak Mahindra AMC,INE296A01024,BAJFINANCE,Bajaj Finance Ltd,2024-04-02,178685,6979.47,1247126596.95,1323580288.02,-76453691.07,INR,PORT-048,APAC,NBFC,Equity,Citi India,Charles River,True,Matched,4
POS-00214,CLT0012,Vanguard Emerging Markets,INE009A01021,INFY,Infosys Ltd,2024-10-30,106264,1520.94,161621168.16,154564710.4,7056457.76,INR,PORT-032,Americas,IT,Equity,HDFC Bank Custody,Charles River,True,Matched,1
POS-00215,CLT0011,BlackRock India Fund,INE090A01021,ICICIBANK,ICICI Bank Ltd,2024-04-26,168227,1353.23,227649823.21,212959705.84,14690117.37,INR,PORT-007,Americas,Banking,Equity,Citi India,Charles River,True,Matched,8
POS-00216,CLT0001,Tata Investment Corp,INE066A01021,ONGC,Oil & Natural Gas Corp,2025-02-10,69506,282.43,19630579.58,17963349.61,1667229.97,INR,PORT-011,APAC,Energy,Equity,Citi India,Bloomberg AIM,True,Matched,3
POS-00217,CLT0005,Kotak Mahindra AMC,INE001A01036,SBIN,State Bank of India,2025-03-25,172240,775.41,133556618.4,115149831.04,18406787.36,INR,PORT-021,APAC,Banking,Equity,Deutsche Bank,Charles River,True,Matched,1
POS-00218,CLT0004,HDFC Pension Fund,INE467B01029,TCS,Tata Consultancy Services,2024-05-16,161143,3541.33,570660540.19,603991073.69,-33330533.5,INR,PORT-039,APAC,IT,Equity,Axis Bank Custody,In-house,True,Matched,3
POS-00219,CLT0001,Tata Investment Corp,INE090A01021,ICICIBANK,ICICI Bank Ltd,2025-01-20,133297,1237.97,165017687.09,159086955.98,5930731.11,INR,PORT-043,APAC,Banking,Equity,Axis Bank Custody,Charles River,True,Pending,6
POS-00220,CLT0009,Emirates NBD Asset Mgmt,INE585B01010,AXISBANK,Axis Bank Ltd,2024-02-02,97659,1068.91,104388681.69,90315677.73,14073003.96,INR,PORT-017,EMEA,Banking,Equity,Axis Bank Custody,In-house,True,Matched,9
POS-00221,CLT0001,Tata Investment Corp,INE361B01024,HCLTECH,HCL Technologies Ltd,2025-01-01,11980,1698.26,20345154.8,18782420.87,1562733.93,INR,PORT-014,APAC,IT,Equity,Axis Bank Custody,Bloomberg AIM,True,Pending,2
POS-00222,CLT0011,BlackRock India Fund,INE117A01022,BHARTIARTL,Bharti Airtel Ltd,2024-12-10,102294,1251.27,127997413.38,129504923.01,-1507509.63,INR,PORT-030,Americas,Telecom,Equity,Deutsche Bank,Bloomberg AIM,True,Break,0
POS-00223,CLT0007,ICICI Prudential AMC,INE001A01036,SBIN,State Bank of India,2024-06-26,178602,832.85,148748675.7,132784951.93,15963723.77,INR,PORT-049,APAC,Banking,Equity,HDFC Bank Custody,In-house,True,Pending,9
POS-00224,CLT0014,Temasek Holdings,INE020B01018,NTPC,NTPC Ltd,2024-03-09,196774,375.25,73839443.5,62610591.98,11228851.52,INR,PORT-012,APAC,Utilities,Equity,HDFC Bank Custody,Simcorp,True,Matched,3
POS-00225,CLT0010,Abu Dhabi Investment Auth,INE009A01021,INFY,Infosys Ltd,2025-02-27,28035,1588.75,44540606.25,39945848.81,4594757.44,INR,PORT-007,EMEA,IT,Equity,Axis Bank Custody,In-house,True,Matched,1
POS-00226,CLT0014,Temasek Holdings,INE009A01021,INFY,Infosys Ltd,2024-03-16,79463,1622.69,128943815.47,122918943.73,6024871.74,INR,PORT-010,APAC,IT,Equity,Citi India,Bloomberg AIM,True,Matched,2
POS-00227,CLT0007,ICICI Prudential AMC,INE361B01024,HCLTECH,HCL Technologies Ltd,2025-05-12,178581,1692.57,302260843.17,255046492.44,47214350.73,INR,PORT-046,APAC,IT,Equity,Axis Bank Custody,Simcorp,False,Matched,2
POS-00228,CLT0012,Vanguard Emerging Markets,INE090A01021,ICICIBANK,ICICI Bank Ltd,2024-05-27,156376,1154.74,180573622.24,170585659.2,9987963.04,INR,PORT-045,Americas,Banking,Equity,Axis Bank Custody,Bloomberg AIM,True,Matched,2
POS-00229,CLT0009,Emirates NBD Asset Mgmt,INE414G01012,ADANIENT,Adani Enterprises Ltd,2024-12-03,158730,2288.94,363323446.2,351147431.54,12176014.66,INR,PORT-016,EMEA,Conglomerate,Equity,Deutsche Bank,Bloomberg AIM,True,Break,9
POS-00230,CLT0012,Vanguard Emerging Markets,INE467B01029,TCS,Tata Consultancy Services,2025-01-23,61667,3791.15,233788847.05,221076680.32,12712166.73,INR,PORT-025,Americas,IT,Equity,HDFC Bank Custody,In-house,False,Matched,4
POS-00231,CLT0005,Kotak Mahindra AMC,INE038A01020,HINDALCO,Hindalco Industries Ltd,2025-02-13,107428,691.05,74238119.4,61061280.66,13176838.74,INR,PORT-050,APAC,Metals,Equity,Citi India,In-house,True,Matched,6
POS-00232,CLT0015,Norges Bank Investment Mgmt,INE009A01021,INFY,Infosys Ltd,2024-04-06,72608,,,101333254.51,-4544612.27,INR,PORT-039,EMEA,IT,Equity,HDFC Bank Custody,In-house,True,Pending,6
POS-00233,CLT0003,SBI Life Insurance,INE040A01034,HDFCBANK,HDFC Bank Ltd,2025-04-10,127680,1765.29,225392227.2,215926607.43,9465619.77,INR,PORT-028,APAC,Banking,Equity,Citi India,Charles River,True,Matched,3
POS-00234,CLT0003,SBI Life Insurance,INE213A01029,MARUTI,Maruti Suzuki India Ltd,2024-06-13,154562,11892.69,1838157951.78,1946150068.93,-107992117.15,INR,PORT-037,APAC,Auto,Equity,Citi India,In-house,True,Matched,2
POS-00235,CLT0004,HDFC Pension Fund,INE721A01013,SUNPHARMA,Sun Pharmaceutical Ltd,2024-05-23,132214,1564.48,206846158.72,215189742.06,-8343583.34,INR,PORT-011,APAC,Pharma,Equity,Axis Bank Custody,Charles River,False,Break,3
POS-00236,CLT0012,Vanguard Emerging Markets,INE038A01020,HINDALCO,Hindalco Industries Ltd,2025-04-25,22183,619.98,13753016.34,12961780.5,791235.84,INR,PORT-011,Americas,Metals,Equity,Axis Bank Custody,Simcorp,True,Matched,2
POS-00237,CLT0011,BlackRock India Fund,INE020B01018,NTPC,NTPC Ltd,2025-03-17,7684,379.54,2916385.36,2859944.09,56441.27,INR,PORT-003,Americas,Utilities,Equity,HDFC Bank Custody,Simcorp,True,Matched,5
POS-00238,CLT0003,SBI Life Insurance,INE075A01022,WIPRO,Wipro Ltd,2024-05-08,155233,570.68,88588368.44,74874857.24,13713511.2,INR,PORT-044,APAC,IT,Equity,HDFC Bank Custody,Charles River,True,Matched,10
POS-00239,CLT0001,Tata Investment Corp,INE066A01021,ONGC,Oil & Natural Gas Corp,2024-03-21,73780,265.41,19581949.8,19377196.81,204752.99,INR,PORT-013,APAC,Energy,Equity,Axis Bank Custody,In-house,True,Matched,3
POS-00240,CLT0009,Emirates NBD Asset Mgmt,INE001A01036,SBIN,State Bank of India,2025-03-18,191185,840.03,160601135.55,148100700.13,12500435.42,INR,PORT-029,EMEA,Banking,Equity,Deutsche Bank,Bloomberg AIM,True,Break,9
POS-00241,CLT0006,LIC of India,INE002A01018,RELIANCE,Reliance Industries Ltd,2024-10-23,64019,2999.59,192030752.21,164864373.74,27166378.47,INR,PORT-036,APAC,Energy,Equity,Citi India,Simcorp,True,Matched,2
POS-00242,CLT0013,GIC Private Ltd Singapore,INE066A01021,ONGC,Oil & Natural Gas Corp,2024-04-03,125542,249.97,31381733.74,33427938.76,-2046205.02,INR,PORT-001,APAC,Energy,Equity,HDFC Bank Custody,In-house,True,Matched,1
POS-00243,CLT0007,ICICI Prudential AMC,INE361B01024,HCLTECH,HCL Technologies Ltd,2024-09-14,158573,1679.03,266248824.19,232697273.77,33551550.42,INR,PORT-030,APAC,IT,Equity,Deutsche Bank,In-house,True,Matched,2
POS-00244,CLT0002,Aditya Birla Capital,INE018A01030,LARSEN,Larsen & Toubro Ltd,2025-01-13,70984,3684.83,261563972.72,253719168.24,7844804.48,INR,PORT-024,APAC,Infrastructure,Equity,HDFC Bank Custody,In-house,True,Matched,2
POS-00245,CLT0014,Temasek Holdings,INE414G01012,ADANIENT,Adani Enterprises Ltd,2024-03-29,173669,2205.33,382997455.77,372744370.75,10253085.02,INR,PORT-044,APAC,Conglomerate,Equity,Deutsche Bank,Simcorp,False,Matched,1
POS-00246,CLT0015,Norges Bank Investment Mgmt,INE040A01034,HDFCBANK,HDFC Bank Ltd,2024-06-30,197221,1741.26,343413038.46,282943569.75,60469468.71,INR,PORT-020,EMEA,Banking,Equity,HDFC Bank Custody,Charles River,True,Matched,6
POS-00247,CLT0001,Tata Investment Corp,INE038A01020,HINDALCO,Hindalco Industries Ltd,2025-02-27,170202,717.23,122073980.46,96592148.6,25481831.86,INR,PORT-021,APAC,Metals,Equity,Citi India,Simcorp,True,Matched,6
POS-00248,CLT0003,SBI Life Insurance,INE090A01021,ICICIBANK,ICICI Bank Ltd,2024-06-15,76275,1324.91,101057510.25,98901703.99,2155806.26,INR,PORT-010,APAC,Banking,Equity,HDFC Bank Custody,In-house,True,Break,3
POS-00249,CLT0007,ICICI Prudential AMC,INE154A01025,ITC,ITC Ltd,2024-04-22,166678,424.75,70796480.5,66788731.46,4007749.04,INR,PORT-043,APAC,FMCG,Equity,Axis Bank Custody,In-house,True,Matched,4
POS-00250,CLT0013,GIC Private Ltd Singapore,INE296A01024,BAJFINANCE,Bajaj Finance Ltd,2024-02-03,31895,6451.08,205757196.6,230680683.21,-24923486.61,INR,PORT-027,APAC,NBFC,Equity,Axis Bank Custody,Bloomberg AIM,True,Break,5
POS-00251,CLT0012,Vanguard Emerging Markets,INE585B01010,AXISBANK,Axis Bank Ltd,2024-04-05,20955,1101.96,23091571.8,20301721.56,2789850.24,INR,PORT-048,Americas,Banking,Equity,Citi India,Simcorp,True,Matched,8
POS-00252,CLT0001,Tata Investment Corp,INE414G01012,ADANIENT,Adani Enterprises Ltd,2024-11-16,114497,2419.78,277057550.66,254736493.44,22321057.22,INR,PORT-011,APAC,Conglomerate,Equity,Citi India,Charles River,True,Pending,0
POS-00253,CLT0009,Emirates NBD Asset Mgmt,INE414G01012,ADANIENT,Adani Enterprises Ltd,2025-01-09,21296,2564.93,54622749.28,44731489.88,9891259.4,INR,PORT-009,EMEA,Conglomerate,Equity,Deutsche Bank,Simcorp,True,Matched,6
POS-00254,CLT0011,BlackRock India Fund,INE018A01030,LARSEN,Larsen & Toubro Ltd,2024-02-23,78438,3972.98,311632605.24,272514402.87,39118202.37,INR,PORT-020,Americas,Infrastructure,Equity,HDFC Bank Custody,Bloomberg AIM,True,Matched,0
POS-00255,CLT0008,Nippon India MF,INE040A01034,HDFCBANK,HDFC Bank Ltd,2024-12-18,44946,1684.36,75705244.56,74122470.64,1582773.92,INR,PORT-019,APAC,Banking,Equity,Axis Bank Custody,Bloomberg AIM,True,Matched,0
POS-00256,CLT0005,Kotak Mahindra AMC,INE213A01029,MARUTI,Maruti Suzuki India Ltd,2024-02-13,15336,13793.73,211540643.28,169171883.63,42368759.65,INR,PORT-003,APAC,Auto,Equity,Deutsche Bank,Charles River,True,Break,5
POS-00257,CLT0004,HDFC Pension Fund,INE002A01018,RELIANCE,Reliance Industries Ltd,2024-09-24,23611,2772.73,65466928.03,64594773.64,872154.39,INR,PORT-003,APAC,Energy,Equity,Citi India,In-house,True,Matched,5
POS-00258,CLT0005,Kotak Mahindra AMC,INE467B01029,TCS,Tata Consultancy Services,2024-04-26,30912,3735.67,115477031.04,104743067.35,10733963.69,INR,PORT-026,APAC,IT,Equity,HDFC Bank Custody,Simcorp,True,Matched,7
POS-00259,CLT0001,Tata Investment Corp,INE020B01018,NTPC,NTPC Ltd,2024-06-24,180147,335.24,60392480.28,62127580.45,-1735100.17,INR,PORT-008,APAC,Utilities,Equity,HDFC Bank Custody,Simcorp,True,Matched,6
POS-00260,CLT0014,Temasek Holdings,INE075A01022,WIPRO,Wipro Ltd,2024-02-19,190530,516.97,98498294.1,99103435.29,-605141.19,INR,PORT-040,APAC,IT,Equity,Axis Bank Custody,Simcorp,True,Matched,10
POS-00261,CLT0006,LIC of India,INE213A01029,MARUTI,Maruti Suzuki India Ltd,2025-05-03,3230,13137.42,42433866.6,39267766.22,3166100.38,INR,PORT-021,APAC,Auto,Equity,Deutsche Bank,Charles River,True,Matched,7
POS-00262,CLT0008,Nippon India MF,INE296A01024,BAJFINANCE,Bajaj Finance Ltd,2024-01-04,19998,6655.39,133094489.22,129829194.59,3265294.63,INR,PORT-003,APAC,NBFC,Equity,Deutsche Bank,Simcorp,True,Matched,4
POS-00263,CLT0009,Emirates NBD Asset Mgmt,INE002A01018,RELIANCE,Reliance Industries Ltd,2025-02-09,136175,,,377209454.16,5995166.34,INR,PORT-044,EMEA,Energy,Equity,Axis Bank Custody,Simcorp,True,Matched,3
POS-00264,CLT0001,Tata Investment Corp,INE213A01029,MARUTI,Maruti Suzuki India Ltd,2025-04-17,26487,13240.71,350706685.77,338042486.44,12664199.33,INR,PORT-040,APAC,Auto,Equity,Axis Bank Custody,Bloomberg AIM,True,Matched,1
POS-00265,CLT0013,GIC Private Ltd Singapore,INE090A01021,ICICIBANK,ICICI Bank Ltd,2024-10-31,15945,1122.38,17896349.1,18803254.16,-906905.06,INR,PORT-011,APAC,Banking,Equity,Citi India,Bloomberg AIM,False,Matched,10
POS-00266,CLT0009,Emirates NBD Asset Mgmt,INE075A01022,WIPRO,Wipro Ltd,2025-04-05,137021,514.54,70502785.34,61658751.25,8844034.09,INR,PORT-046,EMEA,IT,Equity,Deutsche Bank,Charles River,True,Matched,3
POS-00267,CLT0012,Vanguard Emerging Markets,INE721A01013,SUNPHARMA,Sun Pharmaceutical Ltd,2024-03-17,87211,1787.8,155915825.8,132173609.67,23742216.13,INR,PORT-012,Americas,Pharma,Equity,Citi India,Charles River,True,Matched,10
POS-00268,CLT0014,Temasek Holdings,INE018A01030,LARSEN,Larsen & Toubro Ltd,2025-04-02,103709,3898.09,404267015.81,326492823.71,77774192.1,INR,PORT-006,APAC,Infrastructure,Equity,HDFC Bank Custody,Simcorp,True,Matched,9
POS-00269,CLT0012,Vanguard Emerging Markets,INE154A01025,ITC,ITC Ltd,2024-05-18,123269,432.3,53289188.7,57158759.36,-3869570.66,INR,PORT-032,Americas,FMCG,Equity,Citi India,In-house,True,Matched,6
POS-00270,CLT0008,Nippon India MF,INE414G01012,ADANIENT,Adani Enterprises Ltd,2024-09-09,133563,,,323378894.86,-24510312.28,INR,PORT-009,APAC,Conglomerate,Equity,Deutsche Bank,Bloomberg AIM,True,Matched,10
POS-00271,CLT0002,Aditya Birla Capital,INE066A01021,ONGC,Oil & Natural Gas Corp,2025-03-29,188157,280.51,52779920.07,50725146.48,2054773.59,INR,PORT-007,APAC,Energy,Equity,Deutsche Bank,In-house,True,Matched,2
POS-00272,CLT0013,GIC Private Ltd Singapore,INE585B01010,AXISBANK,Axis Bank Ltd,2025-02-28,113817,1025.92,116767136.64,116948756.86,-181620.22,INR,PORT-002,APAC,Banking,Equity,HDFC Bank Custody,In-house,True,Break,9
POS-00273,CLT0012,Vanguard Emerging Markets,INE001A01036,SBIN,State Bank of India,2024-07-14,31206,807.96,25213199.76,24943687.43,269512.33,INR,PORT-004,Americas,Banking,Equity,Citi India,In-house,True,Pending,0
POS-00274,CLT0005,Kotak Mahindra AMC,INE361B01024,HCLTECH,HCL Technologies Ltd,2024-11-15,931,,,1417432.28,104566.52,INR,PORT-043,APAC,IT,Equity,Citi India,In-house,False,Matched,6
POS-00275,CLT0013,GIC Private Ltd Singapore,INE002A01018,RELIANCE,Reliance Industries Ltd,2025-03-30,139077,2802.93,389823095.61,354238865.91,35584229.7,INR,PORT-038,APAC,Energy,Equity,Deutsche Bank,Bloomberg AIM,True,Matched,10
POS-00276,CLT0007,ICICI Prudential AMC,INE020B01018,NTPC,NTPC Ltd,2024-06-23,2751,381.03,1048213.53,946016.82,102196.71,INR,PORT-002,APAC,Utilities,Equity,HDFC Bank Custody,Simcorp,True,Matched,9
POS-00277,CLT0009,Emirates NBD Asset Mgmt,INE040A01034,HDFCBANK,HDFC Bank Ltd,2024-11-16,57677,1471.95,84897660.15,86161888.19,-1264228.04,INR,PORT-045,EMEA,Banking,Equity,HDFC Bank Custody,Simcorp,False,Pending,6
POS-00278,CLT0005,Kotak Mahindra AMC,INE721A01013,SUNPHARMA,Sun Pharmaceutical Ltd,2025-01-18,20903,1708.57,35714238.71,30323770.91,5390467.8,INR,PORT-009,APAC,Pharma,Equity,Deutsche Bank,Charles River,True,Matched,5
POS-00279,CLT0012,Vanguard Emerging Markets,INE002A01018,RELIANCE,Reliance Industries Ltd,2025-01-19,47701,2904.85,138564249.85,132141865.24,6422384.61,INR,PORT-003,Americas,Energy,Equity,Citi India,In-house,True,Matched,10
POS-00280,CLT0002,Aditya Birla Capital,INE038A01020,HINDALCO,Hindalco Industries Ltd,2024-06-07,195004,712.57,138954000.28,123209613.7,15744386.58,INR,PORT-027,APAC,Metals,Equity,Citi India,Simcorp,True,Matched,1
POS-00281,CLT0008,Nippon India MF,INE414G01012,ADANIENT,Adani Enterprises Ltd,2025-05-04,73659,2481.11,182756081.49,188552366.69,-5796285.2,INR,PORT-050,APAC,Conglomerate,Equity,Citi India,In-house,True,Matched,10
POS-00282,CLT0005,Kotak Mahindra AMC,INE040A01034,HDFCBANK,HDFC Bank Ltd,2024-06-22,49855,1725.54,86026796.7,71866012.93,14160783.77,INR,PORT-007,APAC,Banking,Equity,Deutsche Bank,In-house,True,Pending,2
POS-00283,CLT0010,Abu Dhabi Investment Auth,INE075A01022,WIPRO,Wipro Ltd,2024-10-02,84973,473.45,40230466.85,42497595.53,-2267128.68,INR,PORT-003,EMEA,IT,Equity,Axis Bank Custody,Bloomberg AIM,True,Matched,8
POS-00284,CLT0008,Nippon India MF,INE213A01029,MARUTI,Maruti Suzuki India Ltd,2024-08-29,94889,13779.17,1307491662.13,1239702828.1,67788834.03,INR,PORT-050,APAC,Auto,Equity,Deutsche Bank,Bloomberg AIM,False,Matched,10
POS-00285,CLT0005,Kotak Mahindra AMC,INE020B01018,NTPC,NTPC Ltd,2024-03-10,53437,367.09,19616188.33,18345171.65,1271016.68,INR,PORT-011,APAC,Utilities,Equity,HDFC Bank Custody,In-house,True,Matched,0
POS-00286,CLT0008,Nippon India MF,INE296A01024,BAJFINANCE,Bajaj Finance Ltd,2024-01-02,141998,6516.38,925312927.24,907181318.62,18131608.62,INR,PORT-010,APAC,NBFC,Equity,HDFC Bank Custody,Charles River,True,Matched,1
POS-00287,CLT0001,Tata Investment Corp,INE117A01022,BHARTIARTL,Bharti Airtel Ltd,2024-01-13,157073,1441.53,226425441.69,200755623.67,25669818.02,INR,PORT-046,APAC,Telecom,Equity,Deutsche Bank,Bloomberg AIM,False,Matched,9
POS-00288,CLT0008,Nippon India MF,INE002A01018,RELIANCE,Reliance Industries Ltd,2024-05-16,104372,2713.62,283225946.64,255695368.34,27530578.3,INR,PORT-015,APAC,Energy,Equity,Deutsche Bank,In-house,True,Matched,10
POS-00289,CLT0003,SBI Life Insurance,INE154A01025,ITC,ITC Ltd,2024-08-26,181238,434.21,78695351.98,86492893.47,-7797541.49,INR,PORT-009,APAC,FMCG,Equity,Citi India,Bloomberg AIM,True,Matched,10
POS-00290,CLT0003,SBI Life Insurance,INE040A01034,HDFCBANK,HDFC Bank Ltd,2025-01-16,190336,1581.63,301041127.68,294359231.92,6681895.76,INR,PORT-020,APAC,Banking,Equity,Citi India,Simcorp,True,Matched,1
POS-00291,CLT0010,Abu Dhabi Investment Auth,INE038A01020,HINDALCO,Hindalco Industries Ltd,2024-09-16,83616,644.56,53895528.96,56877761.91,-2982232.95,INR,PORT-040,EMEA,Metals,Equity,Axis Bank Custody,Charles River,True,Matched,4
POS-00292,CLT0004,HDFC Pension Fund,INE066A01021,ONGC,Oil & Natural Gas Corp,2024-09-29,159487,295.02,47051854.74,38611329.96,8440524.78,INR,PORT-019,APAC,Energy,Equity,Citi India,In-house,True,Matched,4
POS-00293,CLT0004,HDFC Pension Fund,INE090A01021,ICICIBANK,ICICI Bank Ltd,2024-04-24,192367,1293.59,248844027.53,239405788.46,9438239.07,INR,PORT-015,APAC,Banking,Equity,Citi India,Bloomberg AIM,True,Break,8
POS-00294,CLT0008,Nippon India MF,INE001A01036,SBIN,State Bank of India,2025-01-12,89484,736.75,65927337.0,63598945.94,2328391.06,INR,PORT-026,APAC,Banking,Equity,Axis Bank Custody,Bloomberg AIM,True,Matched,4
POS-00295,CLT0012,Vanguard Emerging Markets,INE075A01022,WIPRO,Wipro Ltd,2024-03-22,150558,469.67,70712575.86,75841852.63,-5129276.77,INR,PORT-042,Americas,IT,Equity,Citi India,Simcorp,True,Matched,6
POS-00296,CLT0006,LIC of India,INE009A01021,INFY,Infosys Ltd,2025-04-04,18690,1565.69,29262746.1,24128099.75,5134646.35,INR,PORT-028,APAC,IT,Equity,Citi India,In-house,True,Break,9
POS-00297,CLT0001,Tata Investment Corp,INE213A01029,MARUTI,Maruti Suzuki India Ltd,2025-04-29,23732,11570.51,274591343.32,311285112.65,-36693769.33,INR,PORT-033,APAC,Auto,Equity,Citi India,Charles River,True,Matched,5
POS-00298,CLT0006,LIC of India,INE213A01029,MARUTI,Maruti Suzuki India Ltd,2024-10-22,145299,11854.84,1722496397.16,1885115708.57,-162619311.41,INR,PORT-017,APAC,Auto,Equity,HDFC Bank Custody,Simcorp,True,Matched,0
POS-00299,CLT0015,Norges Bank Investment Mgmt,INE585B01010,AXISBANK,Axis Bank Ltd,2024-04-09,151039,1060.61,160193473.79,163512447.52,-3318973.73,INR,PORT-048,EMEA,Banking,Equity,Deutsche Bank,In-house,False,Pending,9
POS-00300,CLT0009,Emirates NBD Asset Mgmt,INE002A01018,RELIANCE,Reliance Industries Ltd,2024-05-30,31905,3134.4,100003032.0,84406028.56,15597003.44,INR,PORT-003,EMEA,Energy,Equity,Axis Bank Custody,In-house,True,Pending,2
POS-00301,CLT0012,Vanguard Emerging Markets,INE361B01024,HCLTECH,HCL Technologies Ltd,2024-06-25,58940,1695.59,99938074.6,82907563.36,17030511.24,INR,PORT-031,Americas,IT,Equity,HDFC Bank Custody,In-house,False,Matched,1
POS-00302,CLT0001,Tata Investment Corp,INE018A01030,LARSEN,Larsen & Toubro Ltd,2024-12-22,76911,3799.99,292261030.89,262468494.67,29792536.22,INR,PORT-002,APAC,Infrastructure,Equity,HDFC Bank Custody,Simcorp,True,Matched,10
POS-00303,CLT0015,Norges Bank Investment Mgmt,INE585B01010,AXISBANK,Axis Bank Ltd,2024-05-21,63086,1140.28,71935704.08,57237439.6,14698264.48,INR,PORT-039,EMEA,Banking,Equity,Axis Bank Custody,Simcorp,True,Matched,8
POS-00304,CLT0004,HDFC Pension Fund,INE296A01024,BAJFINANCE,Bajaj Finance Ltd,2024-02-25,130568,7185.3,938170250.4,879096538.03,59073712.37,INR,PORT-046,APAC,NBFC,Equity,Deutsche Bank,Charles River,False,Matched,4
POS-00305,CLT0009,Emirates NBD Asset Mgmt,INE585B01010,AXISBANK,Axis Bank Ltd,2024-04-12,35333,954.62,33729588.46,37664090.66,-3934502.2,INR,PORT-004,EMEA,Banking,Equity,HDFC Bank Custody,In-house,True,Matched,5
POS-00306,CLT0001,Tata Investment Corp,INE001A01036,SBIN,State Bank of India,2024-04-07,9561,823.26,7871188.86,6814265.62,1056923.24,INR,PORT-041,APAC,Banking,Equity,Citi India,Bloomberg AIM,True,Matched,7
POS-00307,CLT0004,HDFC Pension Fund,INE296A01024,BAJFINANCE,Bajaj Finance Ltd,2024-04-02,102487,6486.51,664782950.37,687165408.67,-22382458.3,INR,PORT-006,APAC,NBFC,Equity,Deutsche Bank,Bloomberg AIM,True,Matched,2
POS-00308,CLT0006,LIC of India,INE018A01030,LARSEN,Larsen & Toubro Ltd,2024-02-02,114987,3588.49,412629699.63,399414513.19,13215186.44,INR,PORT-050,APAC,Infrastructure,Equity,Axis Bank Custody,Simcorp,True,Matched,8
POS-00309,CLT0002,Aditya Birla Capital,INE001A01036,SBIN,State Bank of India,2024-12-22,116790,784.29,91597229.1,84021398.64,7575830.46,INR,PORT-032,APAC,Banking,Equity,Citi India,Charles River,True,Matched,4
POS-00310,CLT0001,Tata Investment Corp,INE117A01022,BHARTIARTL,Bharti Airtel Ltd,2024-05-10,21478,1387.94,29810175.32,28931717.4,878457.92,INR,PORT-020,APAC,Telecom,Equity,HDFC Bank Custody,Bloomberg AIM,True,Matched,2
POS-00311,CLT0007,ICICI Prudential AMC,INE001A01036,SBIN,State Bank of India,2024-04-13,177867,781.68,139035076.56,136706789.8,2328286.76,INR,PORT-039,APAC,Banking,Equity,Citi India,Charles River,True,Matched,8
POS-00312,CLT0008,Nippon India MF,INE020B01018,NTPC,NTPC Ltd,2024-05-13,125946,,,40574463.98,3699333.4,INR,PORT-031,APAC,Utilities,Equity,HDFC Bank Custody,Simcorp,True,Break,7
POS-00313,CLT0011,BlackRock India Fund,INE090A01021,ICICIBANK,ICICI Bank Ltd,2024-09-29,2206,1309.33,2888381.98,2414506.01,473875.97,INR,PORT-023,Americas,Banking,Equity,Citi India,Simcorp,True,Matched,10
POS-00314,CLT0008,Nippon India MF,INE117A01022,BHARTIARTL,Bharti Airtel Ltd,2024-08-20,95381,1359.0,129622779.0,119369965.26,10252813.74,INR,PORT-044,APAC,Telecom,Equity,Deutsche Bank,Bloomberg AIM,True,Matched,10
POS-00315,CLT0013,GIC Private Ltd Singapore,INE038A01020,HINDALCO,Hindalco Industries Ltd,2024-08-17,150555,626.58,94334751.9,91576595.63,2758156.27,INR,PORT-016,APAC,Metals,Equity,Citi India,Simcorp,True,Matched,10
POS-00316,CLT0014,Temasek Holdings,INE040A01034,HDFCBANK,HDFC Bank Ltd,2024-01-18,152119,1542.89,234702883.91,253108141.3,-18405257.39,INR,PORT-032,APAC,Banking,Equity,Citi India,Simcorp,True,Matched,3
POS-00317,CLT0011,BlackRock India Fund,INE018A01030,LARSEN,Larsen & Toubro Ltd,2024-01-06,186076,3908.53,727283628.28,653666823.89,73616804.39,INR,PORT-042,Americas,Infrastructure,Equity,Citi India,In-house,True,Break,2
POS-00318,CLT0001,Tata Investment Corp,INE414G01012,ADANIENT,Adani Enterprises Ltd,2024-09-18,71949,2625.24,188883392.76,181729013.76,7154379.0,INR,PORT-010,APAC,Conglomerate,Equity,Citi India,Bloomberg AIM,True,Matched,8
POS-00319,CLT0005,Kotak Mahindra AMC,INE585B01010,AXISBANK,Axis Bank Ltd,2025-02-02,171270,1149.2,196823484.0,153745147.98,43078336.02,INR,PORT-038,APAC,Banking,Equity,Citi India,Charles River,True,Matched,2
POS-00320,CLT0001,Tata Investment Corp,INE090A01021,ICICIBANK,ICICI Bank Ltd,2025-01-28,41351,1268.59,52457465.09,52686618.47,-229153.38,INR,PORT-049,APAC,Banking,Equity,HDFC Bank Custody,Simcorp,True,Matched,6
POS-00321,CLT0012,Vanguard Emerging Markets,INE018A01030,LARSEN,Larsen & Toubro Ltd,2024-01-24,146768,3749.48,550303680.64,503708776.94,46594903.7,INR,PORT-013,Americas,Infrastructure,Equity,Deutsche Bank,Charles River,True,Matched,7
POS-00322,CLT0002,Aditya Birla Capital,INE467B01029,TCS,Tata Consultancy Services,2024-08-21,92500,3877.22,358642850.0,364924161.59,-6281311.59,INR,PORT-035,APAC,IT,Equity,HDFC Bank Custody,Simcorp,False,Matched,6
POS-00323,CLT0002,Aditya Birla Capital,INE075A01022,WIPRO,Wipro Ltd,2024-07-12,194631,518.83,100980401.73,103125894.64,-2145492.91,INR,PORT-016,APAC,IT,Equity,Citi India,Charles River,True,Matched,10
POS-00324,CLT0015,Norges Bank Investment Mgmt,INE296A01024,BAJFINANCE,Bajaj Finance Ltd,2025-03-07,20257,7198.21,145814139.97,134480754.15,11333385.82,INR,PORT-050,EMEA,NBFC,Equity,HDFC Bank Custody,In-house,True,Matched,10
POS-00325,CLT0010,Abu Dhabi Investment Auth,INE117A01022,BHARTIARTL,Bharti Airtel Ltd,2025-01-05,190391,1402.66,267053840.06,263706065.73,3347774.33,INR,PORT-031,EMEA,Telecom,Equity,Citi India,Charles River,False,Matched,2
POS-00326,CLT0005,Kotak Mahindra AMC,INE075A01022,WIPRO,Wipro Ltd,2024-11-18,122250,527.23,64453867.5,55635939.36,8817928.14,INR,PORT-032,APAC,IT,Equity,Citi India,In-house,True,Pending,7
POS-00327,CLT0007,ICICI Prudential AMC,INE467B01029,TCS,Tata Consultancy Services,2024-05-17,116661,3600.13,419994765.93,440919415.29,-20924649.36,INR,PORT-030,APAC,IT,Equity,Axis Bank Custody,Simcorp,True,Matched,2
POS-00328,CLT0006,LIC of India,INE296A01024,BAJFINANCE,Bajaj Finance Ltd,2024-01-29,40171,7238.67,290784612.57,243908982.9,46875629.67,INR,PORT-040,APAC,NBFC,Equity,Axis Bank Custody,Simcorp,True,Matched,7
POS-00329,CLT0005,Kotak Mahindra AMC,INE585B01010,AXISBANK,Axis Bank Ltd,2024-05-26,89922,1001.57,90063177.54,96721389.8,-6658212.26,INR,PORT-049,APAC,Banking,Equity,HDFC Bank Custody,Bloomberg AIM,True,Matched,2
POS-00330,CLT0002,Aditya Birla Capital,INE075A01022,WIPRO,Wipro Ltd,2024-10-16,146611,479.78,70341025.58,71581358.31,-1240332.73,INR,PORT-039,APAC,IT,Equity,HDFC Bank Custody,In-house,True,Matched,7
POS-00331,CLT0011,BlackRock India Fund,INE213A01029,MARUTI,Maruti Suzuki India Ltd,2025-03-21,159286,12025.39,1915476271.54,1772663547.83,142812723.71,INR,PORT-026,Americas,Auto,Equity,Deutsche Bank,Simcorp,True,Matched,6
POS-00332,CLT0003,SBI Life Insurance,INE721A01013,SUNPHARMA,Sun Pharmaceutical Ltd,2024-01-05,91930,1620.32,148956017.6,160959786.14,-12003768.54,INR,PORT-016,APAC,Pharma,Equity,Axis Bank Custody,Charles River,True,Matched,1
POS-00333,CLT0006,LIC of India,INE075A01022,WIPRO,Wipro Ltd,2024-08-18,79119,540.6,42771731.4,42012632.41,759098.99,INR,PORT-005,APAC,IT,Equity,Deutsche Bank,Simcorp,True,Matched,7
POS-00334,CLT0001,Tata Investment Corp,INE020B01018,NTPC,NTPC Ltd,2025-02-16,61441,330.86,20328369.26,20395157.69,-66788.43,INR,PORT-035,APAC,Utilities,Equity,Axis Bank Custody,Simcorp,True,Matched,1
POS-00335,CLT0013,GIC Private Ltd Singapore,INE090A01021,ICICIBANK,ICICI Bank Ltd,2024-07-08,57228,1197.78,68546553.84,73296501.19,-4749947.35,INR,PORT-013,APAC,Banking,Equity,Citi India,In-house,True,Matched,3
POS-00336,CLT0009,Emirates NBD Asset Mgmt,INE213A01029,MARUTI,Maruti Suzuki India Ltd,2024-11-19,114160,12122.3,1383881768.0,1329823338.04,54058429.96,INR,PORT-043,EMEA,Auto,Equity,Deutsche Bank,Simcorp,False,Matched,1
POS-00337,CLT0011,BlackRock India Fund,INE002A01018,RELIANCE,Reliance Industries Ltd,2024-04-09,106355,3095.59,329231474.45,305171991.95,24059482.5,INR,PORT-029,Americas,Energy,Equity,Axis Bank Custody,Charles River,True,Matched,0
POS-00338,CLT0003,SBI Life Insurance,INE090A01021,ICICIBANK,ICICI Bank Ltd,2024-11-11,152691,1189.04,181555706.64,166242931.09,15312775.55,INR,PORT-005,APAC,Banking,Equity,HDFC Bank Custody,Charles River,True,Matched,3
POS-00339,CLT0001,Tata Investment Corp,INE001A01036,SBIN,State Bank of India,2024-09-04,113449,795.92,90296328.08,78216225.14,12080102.94,INR,PORT-037,APAC,Banking,Equity,Axis Bank Custody,In-house,True,Matched,2
POS-00340,CLT0004,HDFC Pension Fund,INE002A01018,RELIANCE,Reliance Industries Ltd,2024-10-30,134613,2651.08,356869832.04,340829710.67,16040121.37,INR,PORT-049,APAC,Energy,Equity,HDFC Bank Custody,Bloomberg AIM,True,Matched,10
POS-00341,CLT0010,Abu Dhabi Investment Auth,INE066A01021,ONGC,Oil & Natural Gas Corp,2024-09-07,92086,293.77,27052104.22,21524713.86,5527390.36,INR,PORT-036,EMEA,Energy,Equity,HDFC Bank Custody,In-house,True,Pending,0
POS-00342,CLT0012,Vanguard Emerging Markets,INE721A01013,SUNPHARMA,Sun Pharmaceutical Ltd,2025-05-12,8575,1514.06,12983064.5,15077181.57,-2094117.07,INR,PORT-018,Americas,Pharma,Equity,Citi India,Bloomberg AIM,True,Matched,3
POS-00343,CLT0014,Temasek Holdings,INE467B01029,TCS,Tata Consultancy Services,2024-05-03,72381,3693.6,267346461.6,293137433.89,-25790972.29,INR,PORT-032,APAC,IT,Equity,Deutsche Bank,Charles River,True,Matched,1
POS-00344,CLT0015,Norges Bank Investment Mgmt,INE467B01029,TCS,Tata Consultancy Services,2024-06-19,90686,3736.59,338856400.74,354717129.1,-15860728.36,INR,PORT-042,EMEA,IT,Equity,Axis Bank Custody,Bloomberg AIM,True,Matched,1
POS-00345,CLT0007,ICICI Prudential AMC,INE018A01030,LARSEN,Larsen & Toubro Ltd,2024-01-25,163436,3868.51,632253800.36,514989440.54,117264359.82,INR,PORT-025,APAC,Infrastructure,Equity,Deutsche Bank,Bloomberg AIM,True,Matched,9
POS-00346,CLT0001,Tata Investment Corp,INE154A01025,ITC,ITC Ltd,2024-06-03,97130,509.48,49485792.4,40233246.19,9252546.21,INR,PORT-026,APAC,FMCG,Equity,HDFC Bank Custody,Bloomberg AIM,False,Pending,6
POS-00347,CLT0001,Tata Investment Corp,INE038A01020,HINDALCO,Hindalco Industries Ltd,2024-06-23,28658,693.83,19883780.14,19194907.16,688872.98,INR,PORT-014,APAC,Metals,Equity,Citi India,Bloomberg AIM,True,Matched,9
POS-00348,CLT0006,LIC of India,INE721A01013,SUNPHARMA,Sun Pharmaceutical Ltd,2024-04-10,166087,1795.8,298259034.6,287110077.44,11148957.16,INR,PORT-032,APAC,Pharma,Equity,Axis Bank Custody,Charles River,True,Break,6
POS-00349,CLT0002,Aditya Birla Capital,INE040A01034,HDFCBANK,HDFC Bank Ltd,2024-04-13,97916,1521.65,148993881.4,166062320.26,-17068438.86,INR,PORT-002,APAC,Banking,Equity,Deutsche Bank,Charles River,True,Matched,6
POS-00350,CLT0015,Norges Bank Investment Mgmt,INE075A01022,WIPRO,Wipro Ltd,2024-10-14,81309,538.42,43778391.78,43197822.73,580569.05,INR,PORT-042,EMEA,IT,Equity,HDFC Bank Custody,Simcorp,False,Matched,4
POS-00351,CLT0005,Kotak Mahindra AMC,INE213A01029,MARUTI,Maruti Suzuki India Ltd,2024-06-18,145037,13781.69,1998854972.53,1942457830.81,56397141.72,INR,PORT-007,APAC,Auto,Equity,Citi India,Charles River,True,Matched,5
POS-00352,CLT0013,GIC Private Ltd Singapore,INE414G01012,ADANIENT,Adani Enterprises Ltd,2024-05-28,176717,2672.17,472217865.89,446955006.17,25262859.72,INR,PORT-037,APAC,Conglomerate,Equity,Axis Bank Custody,Simcorp,True,Matched,0
POS-00353,CLT0009,Emirates NBD Asset Mgmt,INE585B01010,AXISBANK,Axis Bank Ltd,2024-02-07,169306,1107.98,187587661.88,180058266.16,7529395.72,INR,PORT-026,EMEA,Banking,Equity,Citi India,In-house,True,Matched,10
POS-00354,CLT0003,SBI Life Insurance,INE066A01021,ONGC,Oil & Natural Gas Corp,2025-04-12,19506,296.04,5774556.24,5189149.4,585406.84,INR,PORT-025,APAC,Energy,Equity,HDFC Bank Custody,Simcorp,True,Matched,4
POS-00355,CLT0010,Abu Dhabi Investment Auth,INE154A01025,ITC,ITC Ltd,2025-02-09,4172,421.54,1758664.88,1905182.75,-146517.87,INR,PORT-038,EMEA,FMCG,Equity,Axis Bank Custody,Simcorp,True,Matched,10
POS-00356,CLT0008,Nippon India MF,INE001A01036,SBIN,State Bank of India,2024-11-07,135221,825.36,111606004.56,109914022.61,1691981.95,INR,PORT-003,APAC,Banking,Equity,Axis Bank Custody,In-house,True,Matched,3
POS-00357,CLT0003,SBI Life Insurance,INE009A01021,INFY,Infosys Ltd,2024-10-09,14064,1440.99,20266083.36,19397295.91,868787.45,INR,PORT-042,APAC,IT,Equity,Deutsche Bank,Simcorp,True,Matched,4
POS-00358,CLT0008,Nippon India MF,INE038A01020,HINDALCO,Hindalco Industries Ltd,2024-04-06,144998,604.25,87615041.5,81773033.27,5842008.23,INR,PORT-038,APAC,Metals,Equity,Deutsche Bank,Bloomberg AIM,False,Matched,0
POS-00359,CLT0009,Emirates NBD Asset Mgmt,INE009A01021,INFY,Infosys Ltd,2025-03-08,26970,1403.86,37862104.2,34526715.99,3335388.21,INR,PORT-003,EMEA,IT,Equity,HDFC Bank Custody,Bloomberg AIM,False,Matched,5
POS-00360,CLT0012,Vanguard Emerging Markets,INE721A01013,SUNPHARMA,Sun Pharmaceutical Ltd,2025-03-11,172773,1548.68,267570089.64,289737558.37,-22167468.73,INR,PORT-044,Americas,Pharma,Equity,Axis Bank Custody,Simcorp,True,Matched,9
POS-00361,CLT0011,BlackRock India Fund,INE721A01013,SUNPHARMA,Sun Pharmaceutical Ltd,2024-06-16,85790,1567.58,134482688.2,142677807.47,-8195119.27,INR,PORT-025,Americas,Pharma,Equity,Axis Bank Custody,Simcorp,True,Matched,4
POS-00362,CLT0002,Aditya Birla Capital,INE090A01021,ICICIBANK,ICICI Bank Ltd,2025-01-01,41228,1280.46,52790804.88,51425108.03,1365696.85,INR,PORT-037,APAC,Banking,Equity,Citi India,Bloomberg AIM,True,Break,9
POS-00363,CLT0011,BlackRock India Fund,INE296A01024,BAJFINANCE,Bajaj Finance Ltd,2024-03-15,34369,6562.04,225530752.76,212681491.66,12849261.1,INR,PORT-028,Americas,NBFC,Equity,HDFC Bank Custody,Bloomberg AIM,True,Break,8
POS-00364,CLT0003,SBI Life Insurance,INE585B01010,AXISBANK,Axis Bank Ltd,2024-01-20,66165,1102.53,72948897.45,69465704.23,3483193.22,INR,PORT-049,APAC,Banking,Equity,Axis Bank Custody,In-house,True,Matched,6
POS-00365,CLT0012,Vanguard Emerging Markets,INE213A01029,MARUTI,Maruti Suzuki India Ltd,2024-02-15,148238,12284.34,1821005992.92,1933618458.08,-112612465.16,INR,PORT-004,Americas,Auto,Equity,HDFC Bank Custody,Bloomberg AIM,True,Matched,3
POS-00366,CLT0002,Aditya Birla Capital,INE002A01018,RELIANCE,Reliance Industries Ltd,2025-02-26,110539,2824.21,312185349.19,329637476.03,-17452126.84,INR,PORT-041,APAC,Energy,Equity,Citi India,In-house,False,Matched,8
POS-00367,CLT0007,ICICI Prudential AMC,INE296A01024,BAJFINANCE,Bajaj Finance Ltd,2024-05-30,132867,6826.55,907023218.85,854972878.88,52050339.97,INR,PORT-011,APAC,NBFC,Equity,Axis Bank Custody,Bloomberg AIM,True,Matched,9
POS-00368,CLT0006,LIC of India,INE040A01034,HDFCBANK,HDFC Bank Ltd,2025-03-16,52853,1624.03,85834857.59,86113334.18,-278476.59,INR,PORT-001,APAC,Banking,Equity,Deutsche Bank,Simcorp,True,Matched,4
POS-00369,CLT0009,Emirates NBD Asset Mgmt,INE075A01022,WIPRO,Wipro Ltd,2024-10-05,168554,475.14,80086747.56,77172460.57,2914286.99,INR,PORT-029,EMEA,IT,Equity,Citi India,Charles River,True,Matched,7
POS-00370,CLT0008,Nippon India MF,INE075A01022,WIPRO,Wipro Ltd,2024-03-03,75653,567.16,42907355.48,39990065.26,2917290.22,INR,PORT-024,APAC,IT,Equity,HDFC Bank Custody,Simcorp,True,Break,9
POS-00371,CLT0012,Vanguard Emerging Markets,INE038A01020,HINDALCO,Hindalco Industries Ltd,2024-07-10,196997,709.53,139775281.41,112883616.73,26891664.68,INR,PORT-020,Americas,Metals,Equity,Deutsche Bank,Simcorp,True,Matched,3
POS-00372,CLT0003,SBI Life Insurance,INE001A01036,SBIN,State Bank of India,2024-04-11,36604,716.98,26244335.92,26012842.48,231493.44,INR,PORT-017,APAC,Banking,Equity,Citi India,Charles River,True,Matched,2
POS-00373,CLT0015,Norges Bank Investment Mgmt,INE002A01018,RELIANCE,Reliance Industries Ltd,2024-11-25,41110,2916.81,119910059.1,122763561.44,-2853502.34,INR,PORT-025,EMEA,Energy,Equity,Deutsche Bank,Bloomberg AIM,True,Matched,4
POS-00374,CLT0001,Tata Investment Corp,INE154A01025,ITC,ITC Ltd,2025-03-06,82385,476.64,39267986.4,38335907.03,932079.37,INR,PORT-016,APAC,FMCG,Equity,HDFC Bank Custody,Simcorp,True,Matched,6
POS-00375,CLT0012,Vanguard Emerging Markets,INE154A01025,ITC,ITC Ltd,2024-04-21,98247,439.62,43191346.14,40097542.7,3093803.44,INR,PORT-005,Americas,FMCG,Equity,Axis Bank Custody,Bloomberg AIM,True,Matched,1
POS-00376,CLT0007,ICICI Prudential AMC,INE721A01013,SUNPHARMA,Sun Pharmaceutical Ltd,2024-04-04,79763,1791.83,142921736.29,120557008.42,22364727.87,INR,PORT-042,APAC,Pharma,Equity,Citi India,Bloomberg AIM,False,Matched,10
POS-00377,CLT0003,SBI Life Insurance,INE018A01030,LARSEN,Larsen & Toubro Ltd,2024-09-01,194220,3382.19,656888941.8,605904666.69,50984275.11,INR,PORT-043,APAC,Infrastructure,Equity,Axis Bank Custody,In-house,True,Matched,7
POS-00378,CLT0010,Abu Dhabi Investment Auth,INE117A01022,BHARTIARTL,Bharti Airtel Ltd,2024-10-25,171025,1382.5,236442062.5,226701153.01,9740909.49,INR,PORT-029,EMEA,Telecom,Equity,Axis Bank Custody,Simcorp,True,Matched,10
POS-00379,CLT0002,Aditya Birla Capital,INE721A01013,SUNPHARMA,Sun Pharmaceutical Ltd,2024-01-08,17182,1583.13,27201339.66,28525110.41,-1323770.75,INR,PORT-019,APAC,Pharma,Equity,Citi India,In-house,True,Matched,6
POS-00380,CLT0004,HDFC Pension Fund,INE296A01024,BAJFINANCE,Bajaj Finance Ltd,2024-01-14,148542,6973.45,1035850209.9,989870161.75,45980048.15,INR,PORT-007,APAC,NBFC,Equity,Deutsche Bank,In-house,True,Matched,5
POS-00381,CLT0003,SBI Life Insurance,INE075A01022,WIPRO,Wipro Ltd,2024-03-14,12422,477.9,5936473.8,6508869.15,-572395.35,INR,PORT-031,APAC,IT,Equity,HDFC Bank Custody,Simcorp,True,Pending,5
POS-00382,CLT0012,Vanguard Emerging Markets,INE031A01017,POWERGRID,Power Grid Corp of India,2025-01-02,59062,298.33,17619966.46,16596091.27,1023875.19,INR,PORT-036,Americas,Utilities,Equity,HDFC Bank Custody,Simcorp,True,Matched,1
POS-00383,CLT0007,ICICI Prudential AMC,INE213A01029,MARUTI,Maruti Suzuki India Ltd,2025-03-26,194132,13728.21,2665084863.72,2264928387.45,400156476.27,INR,PORT-020,APAC,Auto,Equity,Citi India,In-house,True,Matched,9
POS-00384,CLT0013,GIC Private Ltd Singapore,INE038A01020,HINDALCO,Hindalco Industries Ltd,2025-04-04,188610,670.57,126476207.7,108547400.02,17928807.68,INR,PORT-024,APAC,Metals,Equity,Citi India,In-house,True,Matched,3
POS-00385,CLT0002,Aditya Birla Capital,INE020B01018,NTPC,NTPC Ltd,2025-04-24,84901,370.6,31464310.6,28428828.68,3035481.92,INR,PORT-012,APAC,Utilities,Equity,Citi India,Simcorp,True,Matched,2
POS-00386,CLT0006,LIC of India,INE721A01013,SUNPHARMA,Sun Pharmaceutical Ltd,2025-05-16,134057,1692.68,226915602.76,208384347.85,18531254.91,INR,PORT-038,APAC,Pharma,Equity,Axis Bank Custody,In-house,True,Matched,10
POS-00387,CLT0008,Nippon India MF,INE361B01024,HCLTECH,HCL Technologies Ltd,2024-09-22,91305,1695.12,154772931.6,132922222.63,21850708.97,INR,PORT-045,APAC,IT,Equity,Citi India,Bloomberg AIM,True,Pending,7
POS-00388,CLT0005,Kotak Mahindra AMC,INE038A01020,HINDALCO,Hindalco Industries Ltd,2024-01-26,166209,634.5,105459610.5,109331498.46,-3871887.96,INR,PORT-017,APAC,Metals,Equity,Deutsche Bank,Charles River,True,Pending,7
POS-00389,CLT0014,Temasek Holdings,INE018A01030,LARSEN,Larsen & Toubro Ltd,2024-08-07,54210,3581.39,194147151.9,179527930.11,14619221.79,INR,PORT-035,APAC,Infrastructure,Equity,Citi India,In-house,True,Matched,1
POS-00390,CLT0002,Aditya Birla Capital,INE213A01029,MARUTI,Maruti Suzuki India Ltd,2024-09-07,138409,11952.12,1654280977.08,1734294960.96,-80013983.88,INR,PORT-019,APAC,Auto,Equity,Citi India,In-house,True,Matched,8
POS-00391,CLT0006,LIC of India,INE721A01013,SUNPHARMA,Sun Pharmaceutical Ltd,2025-04-03,184069,1554.14,286068995.66,323935285.75,-37866290.09,INR,PORT-042,APAC,Pharma,Equity,HDFC Bank Custody,Bloomberg AIM,True,Matched,4
POS-00392,CLT0014,Temasek Holdings,INE467B01029,TCS,Tata Consultancy Services,2024-05-21,56499,4148.25,234371976.75,226990009.82,7381966.93,INR,PORT-023,APAC,IT,Equity,Deutsche Bank,In-house,True,Matched,0
POS-00393,CLT0010,Abu Dhabi Investment Auth,INE414G01012,ADANIENT,Adani Enterprises Ltd,2025-04-02,189029,2234.9,422460912.1,398772213.96,23688698.14,INR,PORT-020,EMEA,Conglomerate,Equity,Deutsche Bank,Simcorp,False,Matched,0
POS-00394,CLT0008,Nippon India MF,INE009A01021,INFY,Infosys Ltd,2025-04-20,51838,1362.75,70642234.5,67534563.32,3107671.18,INR,PORT-012,APAC,IT,Equity,Deutsche Bank,Charles River,True,Matched,10
POS-00395,CLT0006,LIC of India,INE361B01024,HCLTECH,HCL Technologies Ltd,2024-03-06,100612,1563.5,157306862.0,146781460.69,10525401.31,INR,PORT-022,APAC,IT,Equity,Axis Bank Custody,Simcorp,True,Matched,7
POS-00396,CLT0011,BlackRock India Fund,INE721A01013,SUNPHARMA,Sun Pharmaceutical Ltd,2024-06-13,139905,1631.35,228234021.75,230343498.27,-2109476.52,INR,PORT-020,Americas,Pharma,Equity,Axis Bank Custody,Simcorp,True,Matched,8
POS-00397,CLT0013,GIC Private Ltd Singapore,INE154A01025,ITC,ITC Ltd,2024-03-06,40851,420.7,17186015.7,16423103.31,762912.39,INR,PORT-027,APAC,FMCG,Equity,Deutsche Bank,In-house,True,Matched,5
POS-00398,CLT0012,Vanguard Emerging Markets,INE075A01022,WIPRO,Wipro Ltd,2025-03-24,16674,567.21,9457659.54,8625705.87,831953.67,INR,PORT-033,Americas,IT,Equity,Citi India,In-house,True,Matched,3
POS-00399,CLT0003,SBI Life Insurance,INE414G01012,ADANIENT,Adani Enterprises Ltd,2024-10-20,98524,2221.44,218865154.56,212938892.85,5926261.71,INR,PORT-008,APAC,Conglomerate,Equity,Deutsche Bank,In-house,True,Pending,3
POS-00400,CLT0001,Tata Investment Corp,INE075A01022,WIPRO,Wipro Ltd,2024-08-04,98668,544.18,53693152.24,44038917.19,9654235.05,INR,PORT-037,APAC,IT,Equity,Citi India,Bloomberg AIM,True,Matched,5
POS-00401,CLT0009,Emirates NBD Asset Mgmt,INE361B01024,HCLTECH,HCL Technologies Ltd,2024-06-28,66932,1508.12,100941487.84,98284738.74,2656749.1,INR,PORT-038,EMEA,IT,Equity,Deutsche Bank,Bloomberg AIM,True,Matched,0
POS-00402,CLT0001,Tata Investment Corp,INE075A01022,WIPRO,Wipro Ltd,2024-09-08,141472,527.25,74591112.0,63032209.28,11558902.72,INR,PORT-004,APAC,IT,Equity,Citi India,Charles River,True,Matched,5
POS-00403,CLT0012,Vanguard Emerging Markets,INE467B01029,TCS,Tata Consultancy Services,2024-11-04,122724,3775.0,463283100.0,465706738.44,-2423638.44,INR,PORT-012,Americas,IT,Equity,Citi India,Bloomberg AIM,True,Matched,3
POS-00404,CLT0005,Kotak Mahindra AMC,INE009A01021,INFY,Infosys Ltd,2024-05-18,178428,1567.79,279737634.12,233942407.81,45795226.31,INR,PORT-032,APAC,IT,Equity,HDFC Bank Custody,Simcorp,True,Matched,0
POS-00405,CLT0008,Nippon India MF,INE414G01012,ADANIENT,Adani Enterprises Ltd,2024-10-14,44637,2286.33,102054912.21,106471317.64,-4416405.43,INR,PORT-039,APAC,Conglomerate,Equity,Deutsche Bank,Charles River,True,Matched,4
POS-00406,CLT0009,Emirates NBD Asset Mgmt,INE075A01022,WIPRO,Wipro Ltd,2024-02-12,191241,509.34,97406690.94,92322660.22,5084030.72,INR,PORT-045,EMEA,IT,Equity,Citi India,In-house,False,Break,8
POS-00407,CLT0002,Aditya Birla Capital,INE040A01034,HDFCBANK,HDFC Bank Ltd,2024-04-15,27718,,,41311546.09,-326325.39,INR,PORT-044,APAC,Banking,Equity,Axis Bank Custody,Charles River,True,Matched,2
POS-00408,CLT0004,HDFC Pension Fund,INE154A01025,ITC,ITC Ltd,2024-01-23,122516,464.42,56898880.72,57490161.48,-591280.76,INR,PORT-002,APAC,FMCG,Equity,Citi India,Charles River,True,Matched,8
POS-00409,CLT0007,ICICI Prudential AMC,INE018A01030,LARSEN,Larsen & Toubro Ltd,2024-01-18,144387,3467.75,500698019.25,459517470.06,41180549.19,INR,PORT-046,APAC,Infrastructure,Equity,Axis Bank Custody,In-house,True,Matched,5
POS-00410,CLT0011,BlackRock India Fund,INE001A01036,SBIN,State Bank of India,2024-10-26,82024,722.25,59241834.0,62810325.01,-3568491.01,INR,PORT-037,Americas,Banking,Equity,Citi India,Bloomberg AIM,True,Break,4
POS-00411,CLT0002,Aditya Birla Capital,INE117A01022,BHARTIARTL,Bharti Airtel Ltd,2025-02-28,194817,1358.18,264596553.06,232060658.46,32535894.6,INR,PORT-031,APAC,Telecom,Equity,Citi India,Bloomberg AIM,True,Pending,6
POS-00412,CLT0005,Kotak Mahindra AMC,INE066A01021,ONGC,Oil & Natural Gas Corp,2025-01-18,77505,247.46,19179387.3,21119724.42,-1940337.12,INR,PORT-013,APAC,Energy,Equity,Citi India,In-house,True,Matched,10
POS-00413,CLT0008,Nippon India MF,INE213A01029,MARUTI,Maruti Suzuki India Ltd,2024-04-15,9119,12365.18,112758076.42,117388893.51,-4630817.09,INR,PORT-011,APAC,Auto,Equity,Axis Bank Custody,In-house,True,Pending,4
POS-00414,CLT0011,BlackRock India Fund,INE117A01022,BHARTIARTL,Bharti Airtel Ltd,2025-05-17,70891,1465.51,103891469.41,91586072.92,12305396.49,INR,PORT-019,Americas,Telecom,Equity,Deutsche Bank,Bloomberg AIM,True,Matched,6
POS-00415,CLT0013,GIC Private Ltd Singapore,INE001A01036,SBIN,State Bank of India,2024-03-31,103501,816.2,84477516.2,79492172.32,4985343.88,INR,PORT-032,APAC,Banking,Equity,HDFC Bank Custody,Bloomberg AIM,True,Matched,5
POS-00416,CLT0003,SBI Life Insurance,INE467B01029,TCS,Tata Consultancy Services,2024-03-28,91631,4000.58,366577145.98,318141011.31,48436134.67,INR,PORT-038,APAC,IT,Equity,HDFC Bank Custody,In-house,True,Pending,2
POS-00417,CLT0015,Norges Bank Investment Mgmt,INE154A01025,ITC,ITC Ltd,2024-06-27,159602,431.71,68901779.42,66901005.69,2000773.73,INR,PORT-036,EMEA,FMCG,Equity,Citi India,Simcorp,True,Matched,6
POS-00418,CLT0008,Nippon India MF,INE009A01021,INFY,Infosys Ltd,2024-09-05,106724,1442.81,153982454.44,155420786.49,-1438332.05,INR,PORT-024,APAC,IT,Equity,Axis Bank Custody,In-house,True,Matched,8
POS-00419,CLT0004,HDFC Pension Fund,INE296A01024,BAJFINANCE,Bajaj Finance Ltd,2024-09-20,174273,6791.34,1183547195.82,1253087605.76,-69540409.94,INR,PORT-013,APAC,NBFC,Equity,Citi India,Charles River,True,Matched,5
POS-00420,CLT0003,SBI Life Insurance,INE031A01017,POWERGRID,Power Grid Corp of India,2024-07-26,102490,309.62,31732953.8,30784201.62,948752.18,INR,PORT-035,APAC,Utilities,Equity,HDFC Bank Custody,In-house,True,Matched,3
POS-00421,CLT0001,Tata Investment Corp,INE040A01034,HDFCBANK,HDFC Bank Ltd,2024-03-14,13466,1518.4,20446774.4,20133407.19,313367.21,INR,PORT-040,APAC,Banking,Equity,Axis Bank Custody,In-house,True,Matched,7
POS-00422,CLT0010,Abu Dhabi Investment Auth,INE002A01018,RELIANCE,Reliance Industries Ltd,2024-04-30,41234,2884.38,118934524.92,110527086.92,8407438.0,INR,PORT-006,EMEA,Energy,Equity,Deutsche Bank,Charles River,True,Matched,7
POS-00423,CLT0008,Nippon India MF,INE721A01013,SUNPHARMA,Sun Pharmaceutical Ltd,2024-10-18,46780,1679.6,78571688.0,69559170.8,9012517.2,INR,PORT-010,APAC,Pharma,Equity,Citi India,Simcorp,False,Matched,2
POS-00424,CLT0014,Temasek Holdings,INE020B01018,NTPC,NTPC Ltd,2024-03-05,109705,377.38,41400472.9,39327408.51,2073064.39,INR,PORT-049,APAC,Utilities,Equity,Axis Bank Custody,In-house,True,Break,8
POS-00425,CLT0003,SBI Life Insurance,INE296A01024,BAJFINANCE,Bajaj Finance Ltd,2024-12-13,197633,6829.31,1349697023.23,1416722639.14,-67025615.91,INR,PORT-033,APAC,NBFC,Equity,HDFC Bank Custody,Simcorp,True,Matched,10
POS-00426,CLT0015,Norges Bank Investment Mgmt,INE213A01029,MARUTI,Maruti Suzuki India Ltd,2024-01-14,20240,13221.87,267610648.8,246437952.57,21172696.23,INR,PORT-049,EMEA,Auto,Equity,HDFC Bank Custody,Bloomberg AIM,True,Matched,3
POS-00427,CLT0012,Vanguard Emerging Markets,INE117A01022,BHARTIARTL,Bharti Airtel Ltd,2024-05-17,46898,1372.65,64374539.7,59703408.96,4671130.74,INR,PORT-009,Americas,Telecom,Equity,Axis Bank Custody,In-house,True,Matched,6
POS-00428,CLT0004,HDFC Pension Fund,INE020B01018,NTPC,NTPC Ltd,2024-12-29,35588,373.64,13297100.32,11349736.88,1947363.44,INR,PORT-010,APAC,Utilities,Equity,HDFC Bank Custody,Simcorp,False,Matched,5
POS-00429,CLT0013,GIC Private Ltd Singapore,INE040A01034,HDFCBANK,HDFC Bank Ltd,2025-03-18,25753,1585.12,40821595.36,41947779.86,-1126184.5,INR,PORT-012,APAC,Banking,Equity,Citi India,Simcorp,True,Matched,10
POS-00430,CLT0006,LIC of India,INE117A01022,BHARTIARTL,Bharti Airtel Ltd,2025-02-04,184606,1525.86,281682911.16,218328277.94,63354633.22,INR,PORT-026,APAC,Telecom,Equity,Axis Bank Custody,Simcorp,True,Matched,1
POS-00431,CLT0004,HDFC Pension Fund,INE585B01010,AXISBANK,Axis Bank Ltd,2025-02-20,152821,1034.3,158062760.3,166859429.64,-8796669.34,INR,PORT-022,APAC,Banking,Equity,Citi India,Simcorp,True,Matched,6
POS-00432,CLT0012,Vanguard Emerging Markets,INE117A01022,BHARTIARTL,Bharti Airtel Ltd,2024-09-02,80408,1503.08,120859656.64,110206794.13,10652862.51,INR,PORT-033,Americas,Telecom,Equity,HDFC Bank Custody,Charles River,False,Matched,0
POS-00433,CLT0003,SBI Life Insurance,INE414G01012,ADANIENT,Adani Enterprises Ltd,2024-03-01,51174,2566.04,131314530.96,108758117.9,22556413.06,INR,PORT-017,APAC,Conglomerate,Equity,Citi India,Simcorp,False,Break,6
POS-00434,CLT0007,ICICI Prudential AMC,INE296A01024,BAJFINANCE,Bajaj Finance Ltd,2025-03-15,152621,7376.99,1125883590.79,1137116814.52,-11233223.73,INR,PORT-005,APAC,NBFC,Equity,Citi India,In-house,False,Break,10
POS-00435,CLT0006,LIC of India,INE066A01021,ONGC,Oil & Natural Gas Corp,2025-01-20,163042,276.41,45066439.22,45707755.37,-641316.15,INR,PORT-039,APAC,Energy,Equity,Citi India,In-house,True,Matched,2
POS-00436,CLT0004,HDFC Pension Fund,INE154A01025,ITC,ITC Ltd,2024-06-05,99653,444.05,44250914.65,44701513.34,-450598.69,INR,PORT-023,APAC,FMCG,Equity,HDFC Bank Custody,Simcorp,True,Matched,4
POS-00437,CLT0015,Norges Bank Investment Mgmt,INE296A01024,BAJFINANCE,Bajaj Finance Ltd,2024-03-20,178723,6747.76,1205979910.48,1104882332.23,101097578.25,INR,PORT-027,EMEA,NBFC,Equity,Axis Bank Custody,In-house,True,Matched,7
POS-00438,CLT0012,Vanguard Emerging Markets,INE090A01021,ICICIBANK,ICICI Bank Ltd,2024-03-15,72173,1152.68,83192373.64,79398282.89,3794090.75,INR,PORT-020,Americas,Banking,Equity,Axis Bank Custody,Bloomberg AIM,True,Matched,7
POS-00439,CLT0009,Emirates NBD Asset Mgmt,INE296A01024,BAJFINANCE,Bajaj Finance Ltd,2025-03-23,24786,7338.78,181899001.08,169868428.87,12030572.21,INR,PORT-015,EMEA,NBFC,Equity,Deutsche Bank,In-house,True,Matched,1
POS-00440,CLT0011,BlackRock India Fund,INE040A01034,HDFCBANK,HDFC Bank Ltd,2024-07-06,46809,1649.46,77209573.14,75508173.06,1701400.08,INR,PORT-021,Americas,Banking,Equity,HDFC Bank Custody,Charles River,True,Matched,0
POS-00441,CLT0006,LIC of India,INE721A01013,SUNPHARMA,Sun Pharmaceutical Ltd,2024-06-14,54834,1759.31,96470004.54,82311835.92,14158168.62,INR,PORT-042,APAC,Pharma,Equity,Citi India,Charles River,False,Matched,3
POS-00442,CLT0012,Vanguard Emerging Markets,INE009A01021,INFY,Infosys Ltd,2024-11-05,115711,1617.06,187111629.66,167237643.41,19873986.25,INR,PORT-005,Americas,IT,Equity,Citi India,Charles River,False,Matched,5
POS-00443,CLT0008,Nippon India MF,INE090A01021,ICICIBANK,ICICI Bank Ltd,2024-07-02,165183,1137.11,187831241.13,209552323.76,-21721082.63,INR,PORT-014,APAC,Banking,Equity,Axis Bank Custody,Charles River,True,Matched,6
POS-00444,CLT0010,Abu Dhabi Investment Auth,INE361B01024,HCLTECH,HCL Technologies Ltd,2024-03-16,37394,,,61127310.61,192492.41,INR,PORT-009,EMEA,IT,Equity,Deutsche Bank,Simcorp,True,Matched,2
POS-00445,CLT0015,Norges Bank Investment Mgmt,INE038A01020,HINDALCO,Hindalco Industries Ltd,2024-03-01,80097,639.75,51242055.75,49349825.66,1892230.09,INR,PORT-044,EMEA,Metals,Equity,HDFC Bank Custody,Bloomberg AIM,True,Matched,4
POS-00446,CLT0010,Abu Dhabi Investment Auth,INE018A01030,LARSEN,Larsen & Toubro Ltd,2024-06-03,51742,3362.95,174005758.9,188089682.51,-14083923.61,INR,PORT-022,EMEA,Infrastructure,Equity,HDFC Bank Custody,Charles River,True,Matched,6
POS-00447,CLT0013,GIC Private Ltd Singapore,INE467B01029,TCS,Tata Consultancy Services,2024-12-20,58967,3852.79,227187467.93,214324250.51,12863217.42,INR,PORT-028,APAC,IT,Equity,HDFC Bank Custody,In-house,True,Matched,3
POS-00448,CLT0008,Nippon India MF,INE585B01010,AXISBANK,Axis Bank Ltd,2025-01-20,179269,949.17,170156756.73,186136823.54,-15980066.81,INR,PORT-016,APAC,Banking,Equity,Citi India,In-house,True,Matched,4
POS-00449,CLT0001,Tata Investment Corp,INE020B01018,NTPC,NTPC Ltd,2025-04-13,109972,367.59,40424607.48,41278512.96,-853905.48,INR,PORT-005,APAC,Utilities,Equity,Axis Bank Custody,Bloomberg AIM,True,Matched,9
POS-00450,CLT0014,Temasek Holdings,INE721A01013,SUNPHARMA,Sun Pharmaceutical Ltd,2024-07-17,607,1734.78,1053011.46,958788.81,94222.65,INR,PORT-039,APAC,Pharma,Equity,Citi India,In-house,False,Break,4
POS-00451,CLT0009,Emirates NBD Asset Mgmt,INE009A01021,INFY,Infosys Ltd,2024-04-10,113230,1382.23,156509902.9,167778553.75,-11268650.85,INR,PORT-007,EMEA,IT,Equity,Citi India,In-house,True,Break,7
POS-00452,CLT0012,Vanguard Emerging Markets,INE001A01036,SBIN,State Bank of India,2024-07-16,181253,848.02,153706169.06,134065283.63,19640885.43,INR,PORT-017,Americas,Banking,Equity,HDFC Bank Custody,Bloomberg AIM,True,Matched,5
POS-00453,CLT0004,HDFC Pension Fund,INE066A01021,ONGC,Oil & Natural Gas Corp,2024-06-20,32136,267.46,8595094.56,7377312.94,1217781.62,INR,PORT-026,APAC,Energy,Equity,HDFC Bank Custody,In-house,True,Matched,8
POS-00454,CLT0001,Tata Investment Corp,INE090A01021,ICICIBANK,ICICI Bank Ltd,2024-08-26,59926,1265.55,75839349.3,68789168.9,7050180.4,INR,PORT-022,APAC,Banking,Equity,Deutsche Bank,Simcorp,True,Break,10
POS-00455,CLT0010,Abu Dhabi Investment Auth,INE040A01034,HDFCBANK,HDFC Bank Ltd,2024-03-07,77641,1486.84,115439744.44,123516389.01,-8076644.57,INR,PORT-004,EMEA,Banking,Equity,Deutsche Bank,In-house,True,Matched,0
POS-00456,CLT0009,Emirates NBD Asset Mgmt,INE296A01024,BAJFINANCE,Bajaj Finance Ltd,2024-03-23,87030,7307.78,635996093.4,589841250.25,46154843.15,INR,PORT-013,EMEA,NBFC,Equity,HDFC Bank Custody,Charles River,True,Matched,6
POS-00457,CLT0009,Emirates NBD Asset Mgmt,INE020B01018,NTPC,NTPC Ltd,2025-03-16,57171,388.37,22203501.27,21336807.36,866693.91,INR,PORT-035,EMEA,Utilities,Equity,Deutsche Bank,Bloomberg AIM,False,Matched,7
POS-00458,CLT0004,HDFC Pension Fund,INE213A01029,MARUTI,Maruti Suzuki India Ltd,2025-04-21,134782,12446.65,1677584380.3,1742753066.9,-65168686.6,INR,PORT-037,APAC,Auto,Equity,Axis Bank Custody,Charles River,True,Matched,4
POS-00459,CLT0008,Nippon India MF,INE585B01010,AXISBANK,Axis Bank Ltd,2024-08-03,181986,1030.47,187531113.42,181630016.21,5901097.21,INR,PORT-007,APAC,Banking,Equity,HDFC Bank Custody,In-house,True,Pending,6
POS-00460,CLT0014,Temasek Holdings,INE066A01021,ONGC,Oil & Natural Gas Corp,2024-06-24,56122,295.12,16562724.64,13888693.99,2674030.65,INR,PORT-013,APAC,Energy,Equity,Deutsche Bank,Simcorp,True,Matched,9
POS-00461,CLT0010,Abu Dhabi Investment Auth,INE038A01020,HINDALCO,Hindalco Industries Ltd,2024-12-02,88812,660.34,58646116.08,52914575.21,5731540.87,INR,PORT-027,EMEA,Metals,Equity,Axis Bank Custody,Bloomberg AIM,True,Matched,2
POS-00462,CLT0006,LIC of India,INE038A01020,HINDALCO,Hindalco Industries Ltd,2024-05-21,85767,685.67,58807858.89,54685993.11,4121865.78,INR,PORT-045,APAC,Metals,Equity,Deutsche Bank,Charles River,True,Break,1
POS-00463,CLT0003,SBI Life Insurance,INE090A01021,ICICIBANK,ICICI Bank Ltd,2024-06-07,19171,1204.34,23088402.14,24859820.45,-1771418.31,INR,PORT-003,APAC,Banking,Equity,Citi India,In-house,True,Matched,2
POS-00464,CLT0006,LIC of India,INE361B01024,HCLTECH,HCL Technologies Ltd,2024-06-07,130162,,,206808401.34,-10953639.94,INR,PORT-011,APAC,IT,Equity,Citi India,In-house,False,Matched,3
POS-00465,CLT0005,Kotak Mahindra AMC,INE066A01021,ONGC,Oil & Natural Gas Corp,2025-04-23,121579,266.27,32372840.33,33248942.68,-876102.35,INR,PORT-004,APAC,Energy,Equity,Citi India,In-house,True,Matched,5
POS-00466,CLT0011,BlackRock India Fund,INE009A01021,INFY,Infosys Ltd,2024-01-15,169520,1332.14,225824372.8,246152336.99,-20327964.19,INR,PORT-050,Americas,IT,Equity,HDFC Bank Custody,Simcorp,True,Matched,3
POS-00467,CLT0013,GIC Private Ltd Singapore,INE090A01021,ICICIBANK,ICICI Bank Ltd,2025-01-06,107491,1141.43,122693452.13,116450288.37,6243163.76,INR,PORT-048,APAC,Banking,Equity,HDFC Bank Custody,In-house,True,Matched,2
POS-00468,CLT0001,Tata Investment Corp,INE154A01025,ITC,ITC Ltd,2024-06-11,154519,431.85,66729030.15,71132733.28,-4403703.13,INR,PORT-040,APAC,FMCG,Equity,HDFC Bank Custody,Bloomberg AIM,True,Matched,0
POS-00469,CLT0013,GIC Private Ltd Singapore,INE009A01021,INFY,Infosys Ltd,2024-08-13,193460,1359.73,263053365.8,281994008.54,-18940642.74,INR,PORT-029,APAC,IT,Equity,Axis Bank Custody,Bloomberg AIM,True,Pending,5
POS-00470,CLT0004,HDFC Pension Fund,INE154A01025,ITC,ITC Ltd,2024-12-21,126744,465.37,58982855.28,53071295.15,5911560.13,INR,PORT-032,APAC,FMCG,Equity,Deutsche Bank,In-house,True,Matched,6
POS-00471,CLT0005,Kotak Mahindra AMC,INE361B01024,HCLTECH,HCL Technologies Ltd,2024-07-14,74831,1465.1,109634898.1,105481243.32,4153654.78,INR,PORT-016,APAC,IT,Equity,Deutsche Bank,In-house,True,Matched,0
POS-00472,CLT0012,Vanguard Emerging Markets,INE296A01024,BAJFINANCE,Bajaj Finance Ltd,2025-02-09,76772,7187.26,551780324.72,478349921.66,73430403.06,INR,PORT-006,Americas,NBFC,Equity,Axis Bank Custody,Bloomberg AIM,True,Matched,6
POS-00473,CLT0011,BlackRock India Fund,INE090A01021,ICICIBANK,ICICI Bank Ltd,2024-10-24,194311,1181.21,229522096.31,222447777.38,7074318.93,INR,PORT-048,Americas,Banking,Equity,Axis Bank Custody,Simcorp,False,Matched,7
POS-00474,CLT0012,Vanguard Emerging Markets,INE020B01018,NTPC,NTPC Ltd,2024-04-14,164407,394.62,64878290.34,58443957.08,6434333.26,INR,PORT-015,Americas,Utilities,Equity,HDFC Bank Custody,In-house,True,Matched,2
POS-00475,CLT0011,BlackRock India Fund,INE467B01029,TCS,Tata Consultancy Services,2025-02-14,139781,3653.13,510638164.53,467599291.48,43038873.05,INR,PORT-028,Americas,IT,Equity,Axis Bank Custody,Charles River,False,Matched,6
POS-00476,CLT0011,BlackRock India Fund,INE414G01012,ADANIENT,Adani Enterprises Ltd,2024-12-11,175036,2460.3,430641070.8,433605370.88,-2964300.08,INR,PORT-002,Americas,Conglomerate,Equity,HDFC Bank Custody,Charles River,False,Matched,8
POS-00477,CLT0004,HDFC Pension Fund,INE361B01024,HCLTECH,HCL Technologies Ltd,2024-12-14,105126,1737.12,182616477.12,141392488.33,41223988.79,INR,PORT-044,APAC,IT,Equity,Axis Bank Custody,Simcorp,True,Break,3
POS-00478,CLT0007,ICICI Prudential AMC,INE066A01021,ONGC,Oil & Natural Gas Corp,2024-02-02,81662,257.6,21036131.2,21412519.55,-376388.35,INR,PORT-044,APAC,Energy,Equity,Axis Bank Custody,Simcorp,True,Matched,2
POS-00479,CLT0007,ICICI Prudential AMC,INE038A01020,HINDALCO,Hindalco Industries Ltd,2024-10-16,65777,672.12,44210037.24,38312170.06,5897867.18,INR,PORT-002,APAC,Metals,Equity,Axis Bank Custody,Charles River,True,Matched,9
POS-00480,CLT0001,Tata Investment Corp,INE154A01025,ITC,ITC Ltd,2024-11-20,59607,425.04,25335359.28,23977105.97,1358253.31,INR,PORT-021,APAC,FMCG,Equity,HDFC Bank Custody,Bloomberg AIM,True,Matched,3
POS-00481,CLT0011,BlackRock India Fund,INE018A01030,LARSEN,Larsen & Toubro Ltd,2024-03-11,96239,3844.99,370037992.61,325018797.14,45019195.47,INR,PORT-016,Americas,Infrastructure,Equity,Deutsche Bank,Charles River,True,Matched,1
POS-00482,CLT0007,ICICI Prudential AMC,INE002A01018,RELIANCE,Reliance Industries Ltd,2024-04-22,188699,2839.07,535729669.93,513021366.59,22708303.34,INR,PORT-029,APAC,Energy,Equity,Citi India,Simcorp,True,Pending,4
POS-00483,CLT0011,BlackRock India Fund,INE361B01024,HCLTECH,HCL Technologies Ltd,2024-12-20,14253,1693.48,24137170.44,20894731.62,3242438.82,INR,PORT-034,Americas,IT,Equity,Axis Bank Custody,Charles River,False,Matched,5
POS-00484,CLT0012,Vanguard Emerging Markets,INE001A01036,SBIN,State Bank of India,2024-01-01,48320,706.25,34126000.0,32879678.76,1246321.24,INR,PORT-041,Americas,Banking,Equity,Deutsche Bank,Simcorp,True,Matched,4
POS-00485,CLT0010,Abu Dhabi Investment Auth,INE020B01018,NTPC,NTPC Ltd,2024-05-18,37515,324.28,12165364.2,11762793.21,402570.99,INR,PORT-047,EMEA,Utilities,Equity,Citi India,Bloomberg AIM,False,Matched,2
POS-00486,CLT0012,Vanguard Emerging Markets,INE467B01029,TCS,Tata Consultancy Services,2024-06-17,171344,3882.42,665229372.48,578259721.94,86969650.54,INR,PORT-023,Americas,IT,Equity,Deutsche Bank,Charles River,True,Matched,3
POS-00487,CLT0001,Tata Investment Corp,INE075A01022,WIPRO,Wipro Ltd,2025-01-05,181677,496.53,90208080.81,92391842.31,-2183761.5,INR,PORT-009,APAC,IT,Equity,HDFC Bank Custody,Bloomberg AIM,False,Break,9
POS-00488,CLT0003,SBI Life Insurance,INE414G01012,ADANIENT,Adani Enterprises Ltd,2025-03-02,156590,2372.37,371489418.3,402333152.26,-30843733.96,INR,PORT-008,APAC,Conglomerate,Equity,Axis Bank Custody,In-house,True,Matched,0
POS-00489,CLT0013,GIC Private Ltd Singapore,INE020B01018,NTPC,NTPC Ltd,2025-04-19,159686,354.7,56640624.2,57425699.01,-785074.81,INR,PORT-014,APAC,Utilities,Equity,HDFC Bank Custody,Charles River,True,Matched,6
POS-00490,CLT0007,ICICI Prudential AMC,INE213A01029,MARUTI,Maruti Suzuki India Ltd,2024-03-30,140101,13114.86,1837405000.86,1583202241.16,254202759.7,INR,PORT-019,APAC,Auto,Equity,Citi India,Charles River,True,Matched,4
POS-00491,CLT0010,Abu Dhabi Investment Auth,INE066A01021,ONGC,Oil & Natural Gas Corp,2024-03-31,188466,261.77,49334744.82,52890346.19,-3555601.37,INR,PORT-026,EMEA,Energy,Equity,Deutsche Bank,In-house,True,Matched,2
POS-00492,CLT0015,Norges Bank Investment Mgmt,INE018A01030,LARSEN,Larsen & Toubro Ltd,2024-11-02,190652,,,716224470.55,-44538409.35,INR,PORT-037,EMEA,Infrastructure,Equity,Deutsche Bank,Simcorp,True,Matched,5
POS-00493,CLT0013,GIC Private Ltd Singapore,INE296A01024,BAJFINANCE,Bajaj Finance Ltd,2024-04-10,115579,6997.18,808727067.22,822390591.41,-13663524.19,INR,PORT-046,APAC,NBFC,Equity,Axis Bank Custody,Simcorp,False,Pending,8
POS-00494,CLT0009,Emirates NBD Asset Mgmt,INE066A01021,ONGC,Oil & Natural Gas Corp,2024-09-11,112805,292.13,32953724.65,29443467.4,3510257.25,INR,PORT-043,EMEA,Energy,Equity,Deutsche Bank,In-house,True,Matched,1
POS-00495,CLT0007,ICICI Prudential AMC,INE361B01024,HCLTECH,HCL Technologies Ltd,2024-01-27,96275,1719.38,165533309.5,147522972.17,18010337.33,INR,PORT-050,APAC,IT,Equity,Citi India,Simcorp,True,Matched,5
POS-00496,CLT0011,BlackRock India Fund,INE031A01017,POWERGRID,Power Grid Corp of India,2024-03-11,1875,303.22,568537.5,601645.99,-33108.49,INR,PORT-027,Americas,Utilities,Equity,Citi India,Bloomberg AIM,True,Matched,4
POS-00497,CLT0010,Abu Dhabi Investment Auth,INE117A01022,BHARTIARTL,Bharti Airtel Ltd,2024-01-24,131445,1422.62,186996285.9,175234267.83,11762018.07,INR,PORT-050,EMEA,Telecom,Equity,Deutsche Bank,In-house,True,Matched,10
POS-00498,CLT0004,HDFC Pension Fund,INE117A01022,BHARTIARTL,Bharti Airtel Ltd,2025-02-23,133464,1446.75,193089042.0,176407316.49,16681725.51,INR,PORT-003,APAC,Telecom,Equity,Deutsche Bank,Bloomberg AIM,True,Matched,5
POS-00499,CLT0014,Temasek Holdings,INE002A01018,RELIANCE,Reliance Industries Ltd,2024-01-15,165557,2929.35,484974397.95,415962620.83,69011777.12,INR,PORT-022,APAC,Energy,Equity,Axis Bank Custody,Bloomberg AIM,True,Matched,3
POS-00500,CLT0001,Tata Investment Corp,INE361B01024,HCLTECH,HCL Technologies Ltd,2024-12-10,46259,1605.55,74271137.45,66006208.91,8264928.54,INR,PORT-025,APAC,IT,Equity,Axis Bank Custody,In-house,True,Matched,1
POS-00501,CLT0009,Emirates NBD Asset Mgmt,INE721A01013,SUNPHARMA,Sun Pharmaceutical Ltd,2025-03-12,122144,1600.55,195497579.2,178181362.14,17316217.06,INR,PORT-043,EMEA,Pharma,Equity,HDFC Bank Custody,Charles River,True,Pending,4
POS-00502,CLT0013,GIC Private Ltd Singapore,INE066A01021,ONGC,Oil & Natural Gas Corp,2025-01-08,147380,275.31,40575187.8,36315901.43,4259286.37,INR,PORT-041,APAC,Energy,Equity,Axis Bank Custody,Simcorp,True,Matched,9
POS-00503,CLT0011,BlackRock India Fund,INE018A01030,LARSEN,Larsen & Toubro Ltd,2025-03-07,158558,3783.23,599861382.34,542074561.34,57786821.0,INR,PORT-023,Americas,Infrastructure,Equity,Axis Bank Custody,Simcorp,False,Matched,9
POS-00504,CLT0003,SBI Life Insurance,INE001A01036,SBIN,State Bank of India,2024-08-30,35488,787.82,27958156.16,25309479.01,2648677.15,INR,PORT-009,APAC,Banking,Equity,HDFC Bank Custody,Bloomberg AIM,True,Matched,10
POS-00505,CLT0013,GIC Private Ltd Singapore,INE721A01013,SUNPHARMA,Sun Pharmaceutical Ltd,2025-01-27,151276,1665.72,251983458.72,220066066.34,31917392.38,INR,PORT-039,APAC,Pharma,Equity,Citi India,Charles River,True,Break,9
POS-00506,CLT0010,Abu Dhabi Investment Auth,INE361B01024,HCLTECH,HCL Technologies Ltd,2025-03-21,188716,1452.43,274096779.88,293367789.99,-19271010.11,INR,PORT-019,EMEA,IT,Equity,Deutsche Bank,In-house,True,Matched,10
POS-00507,CLT0015,Norges Bank Investment Mgmt,INE414G01012,ADANIENT,Adani Enterprises Ltd,2024-02-01,170589,,,414169016.65,42403912.4,INR,PORT-040,EMEA,Conglomerate,Equity,Citi India,Simcorp,True,Matched,10
POS-00508,CLT0006,LIC of India,INE721A01013,SUNPHARMA,Sun Pharmaceutical Ltd,2024-03-27,157899,1759.09,277758551.91,263471018.12,14287533.79,INR,PORT-011,APAC,Pharma,Equity,HDFC Bank Custody,Simcorp,True,Break,2
POS-00509,CLT0011,BlackRock India Fund,INE361B01024,HCLTECH,HCL Technologies Ltd,2024-10-18,107209,,,159742229.24,3568168.37,INR,PORT-029,Americas,IT,Equity,Axis Bank Custody,Simcorp,True,Matched,4
POS-00510,CLT0006,LIC of India,INE467B01029,TCS,Tata Consultancy Services,2024-10-20,32166,4003.27,128769182.82,116499506.55,12269676.27,INR,PORT-029,APAC,IT,Equity,Citi India,Bloomberg AIM,False,Break,9
POS-00511,CLT0011,BlackRock India Fund,INE117A01022,BHARTIARTL,Bharti Airtel Ltd,2024-12-15,8267,1525.37,12610233.79,11854682.13,755551.66,INR,PORT-028,Americas,Telecom,Equity,Deutsche Bank,Bloomberg AIM,True,Matched,1
POS-00512,CLT0014,Temasek Holdings,INE075A01022,WIPRO,Wipro Ltd,2025-03-17,142575,495.31,70618823.25,68650894.93,1967928.32,INR,PORT-039,APAC,IT,Equity,Deutsche Bank,Simcorp,True,Matched,2
POS-00513,CLT0008,Nippon India MF,INE020B01018,NTPC,NTPC Ltd,2024-07-28,193716,328.43,63622145.88,71084248.32,-7462102.44,INR,PORT-009,APAC,Utilities,Equity,Citi India,Bloomberg AIM,True,Matched,10
POS-00514,CLT0010,Abu Dhabi Investment Auth,INE090A01021,ICICIBANK,ICICI Bank Ltd,2024-01-11,8003,1223.87,9794631.61,9715327.64,79303.97,INR,PORT-032,EMEA,Banking,Equity,Citi India,Bloomberg AIM,True,Matched,3
POS-00515,CLT0014,Temasek Holdings,INE066A01021,ONGC,Oil & Natural Gas Corp,2024-01-14,20673,278.53,5758050.69,5596001.99,162048.7,INR,PORT-017,APAC,Energy,Equity,Deutsche Bank,In-house,True,Matched,7
POS-00516,CLT0012,Vanguard Emerging Markets,INE296A01024,BAJFINANCE,Bajaj Finance Ltd,2025-03-26,68898,7243.28,499047505.44,449659089.32,49388416.12,INR,PORT-041,Americas,NBFC,Equity,Citi India,Charles River,True,Matched,8
POS-00517,CLT0010,Abu Dhabi Investment Auth,INE090A01021,ICICIBANK,ICICI Bank Ltd,2025-01-09,182089,1137.09,207051581.01,213306522.29,-6254941.28,INR,PORT-046,EMEA,Banking,Equity,Citi India,Bloomberg AIM,True,Matched,10
POS-00518,CLT0002,Aditya Birla Capital,INE009A01021,INFY,Infosys Ltd,2025-02-11,189468,1400.22,265296882.96,256622435.0,8674447.96,INR,PORT-043,APAC,IT,Equity,Axis Bank Custody,Charles River,True,Matched,2
POS-00519,CLT0002,Aditya Birla Capital,INE090A01021,ICICIBANK,ICICI Bank Ltd,2024-01-07,165519,1340.5,221878219.5,210509843.44,11368376.06,INR,PORT-049,APAC,Banking,Equity,HDFC Bank Custody,Charles River,True,Matched,9
POS-00520,CLT0004,HDFC Pension Fund,INE213A01029,MARUTI,Maruti Suzuki India Ltd,2024-09-05,64904,13428.94,871591921.76,808553762.18,63038159.58,INR,PORT-003,APAC,Auto,Equity,HDFC Bank Custody,Charles River,True,Matched,0
POS-00521,CLT0003,SBI Life Insurance,INE038A01020,HINDALCO,Hindalco Industries Ltd,2024-06-05,47961,710.05,34054708.05,28765747.22,5288960.83,INR,PORT-046,APAC,Metals,Equity,Axis Bank Custody,Simcorp,True,Matched,8
POS-00522,CLT0007,ICICI Prudential AMC,INE467B01029,TCS,Tata Consultancy Services,2024-08-31,67454,3987.53,268974848.62,264889527.97,4085320.65,INR,PORT-019,APAC,IT,Equity,Axis Bank Custody,Simcorp,False,Matched,0
POS-00523,CLT0009,Emirates NBD Asset Mgmt,INE075A01022,WIPRO,Wipro Ltd,2024-05-20,77742,485.06,37709534.52,38392931.17,-683396.65,INR,PORT-046,EMEA,IT,Equity,HDFC Bank Custody,Charles River,True,Matched,3
POS-00524,CLT0008,Nippon India MF,INE020B01018,NTPC,NTPC Ltd,2024-05-11,177700,,,67003787.72,-5899865.72,INR,PORT-004,APAC,Utilities,Equity,Deutsche Bank,In-house,True,Matched,10
POS-00525,CLT0008,Nippon India MF,INE009A01021,INFY,Infosys Ltd,2025-04-16,59018,1398.0,82507164.0,76257436.36,6249727.64,INR,PORT-027,APAC,IT,Equity,Axis Bank Custody,Charles River,True,Matched,5
POS-00526,CLT0010,Abu Dhabi Investment Auth,INE154A01025,ITC,ITC Ltd,2024-08-02,181085,463.75,83978168.75,88402781.64,-4424612.89,INR,PORT-026,EMEA,FMCG,Equity,Axis Bank Custody,Bloomberg AIM,True,Pending,0
POS-00527,CLT0007,ICICI Prudential AMC,INE040A01034,HDFCBANK,HDFC Bank Ltd,2024-03-11,43525,1472.11,64073587.75,71546252.49,-7472664.74,INR,PORT-018,APAC,Banking,Equity,HDFC Bank Custody,In-house,True,Matched,6
POS-00528,CLT0012,Vanguard Emerging Markets,INE721A01013,SUNPHARMA,Sun Pharmaceutical Ltd,2024-12-07,167411,1725.74,288907859.14,260937085.37,27970773.77,INR,PORT-037,Americas,Pharma,Equity,Axis Bank Custody,Bloomberg AIM,True,Matched,5
POS-00529,CLT0011,BlackRock India Fund,INE040A01034,HDFCBANK,HDFC Bank Ltd,2024-05-18,26822,1491.98,40017887.56,42197988.29,-2180100.73,INR,PORT-035,Americas,Banking,Equity,Deutsche Bank,Bloomberg AIM,True,Break,1
POS-00530,CLT0005,Kotak Mahindra AMC,INE038A01020,HINDALCO,Hindalco Industries Ltd,2025-04-21,133861,718.15,96132277.15,81385915.02,14746362.13,INR,PORT-043,APAC,Metals,Equity,Deutsche Bank,In-house,True,Matched,2
POS-00531,CLT0005,Kotak Mahindra AMC,INE040A01034,HDFCBANK,HDFC Bank Ltd,2025-03-03,128818,1539.23,198280530.14,182622451.69,15658078.45,INR,PORT-007,APAC,Banking,Equity,Citi India,Simcorp,True,Matched,9
POS-00532,CLT0005,Kotak Mahindra AMC,INE002A01018,RELIANCE,Reliance Industries Ltd,2025-03-22,101235,2750.57,278453953.95,260163765.79,18290188.16,INR,PORT-027,APAC,Energy,Equity,Deutsche Bank,In-house,True,Matched,4
POS-00533,CLT0003,SBI Life Insurance,INE001A01036,SBIN,State Bank of India,2025-03-30,83619,723.0,60456537.0,62102655.35,-1646118.35,INR,PORT-043,APAC,Banking,Equity,Citi India,Simcorp,True,Break,8
POS-00534,CLT0004,HDFC Pension Fund,INE018A01030,LARSEN,Larsen & Toubro Ltd,2025-05-17,7024,3467.5,24355720.0,26552524.23,-2196804.23,INR,PORT-019,APAC,Infrastructure,Equity,Axis Bank Custody,Bloomberg AIM,True,Matched,3
POS-00535,CLT0012,Vanguard Emerging Markets,INE213A01029,MARUTI,Maruti Suzuki India Ltd,2024-09-12,160241,13100.68,2099266063.88,1959579416.75,139686647.13,INR,PORT-040,Americas,Auto,Equity,Axis Bank Custody,In-house,True,Break,2
POS-00536,CLT0012,Vanguard Emerging Markets,INE414G01012,ADANIENT,Adani Enterprises Ltd,2024-05-08,32476,2694.33,87501061.08,70228778.86,17272282.22,INR,PORT-008,Americas,Conglomerate,Equity,Axis Bank Custody,Simcorp,False,Pending,0
POS-00537,CLT0014,Temasek Holdings,INE296A01024,BAJFINANCE,Bajaj Finance Ltd,2024-05-20,138664,7351.91,1019445248.24,873468639.81,145976608.43,INR,PORT-031,APAC,NBFC,Equity,Axis Bank Custody,Charles River,True,Break,7
POS-00538,CLT0001,Tata Investment Corp,INE154A01025,ITC,ITC Ltd,2024-02-05,117035,446.17,52217505.95,50019000.96,2198504.99,INR,PORT-031,APAC,FMCG,Equity,HDFC Bank Custody,Bloomberg AIM,True,Matched,3
POS-00539,CLT0015,Norges Bank Investment Mgmt,INE018A01030,LARSEN,Larsen & Toubro Ltd,2024-11-17,158869,3691.64,586487155.16,549667228.46,36819926.7,INR,PORT-030,EMEA,Infrastructure,Equity,Axis Bank Custody,Charles River,False,Matched,0
POS-00540,CLT0006,LIC of India,INE038A01020,HINDALCO,Hindalco Industries Ltd,2024-11-23,139290,618.97,86216331.3,84694153.53,1522177.77,INR,PORT-035,APAC,Metals,Equity,Axis Bank Custody,In-house,False,Matched,1
POS-00541,CLT0010,Abu Dhabi Investment Auth,INE038A01020,HINDALCO,Hindalco Industries Ltd,2025-01-29,74201,699.61,51911761.61,50236348.24,1675413.37,INR,PORT-047,EMEA,Metals,Equity,HDFC Bank Custody,Simcorp,True,Matched,9
POS-00542,CLT0012,Vanguard Emerging Markets,INE038A01020,HINDALCO,Hindalco Industries Ltd,2024-03-03,175615,606.32,106478886.8,117041965.61,-10563078.81,INR,PORT-039,Americas,Metals,Equity,Deutsche Bank,Charles River,True,Matched,8
POS-00543,CLT0005,Kotak Mahindra AMC,INE585B01010,AXISBANK,Axis Bank Ltd,2024-01-02,35864,1108.81,39766361.84,33437332.44,6329029.4,INR,PORT-043,APAC,Banking,Equity,Deutsche Bank,Simcorp,True,Matched,3
POS-00544,CLT0010,Abu Dhabi Investment Auth,INE721A01013,SUNPHARMA,Sun Pharmaceutical Ltd,2024-02-20,178021,1664.46,296308833.66,280820419.56,15488414.1,INR,PORT-041,EMEA,Pharma,Equity,HDFC Bank Custody,Simcorp,True,Pending,9
POS-00545,CLT0003,SBI Life Insurance,INE296A01024,BAJFINANCE,Bajaj Finance Ltd,2025-01-31,76794,6600.61,506887244.34,531786014.5,-24898770.16,INR,PORT-050,APAC,NBFC,Equity,HDFC Bank Custody,Bloomberg AIM,True,Matched,7
POS-00546,CLT0002,Aditya Birla Capital,INE585B01010,AXISBANK,Axis Bank Ltd,2024-03-09,99113,985.47,97672888.11,93191696.58,4481191.53,INR,PORT-043,APAC,Banking,Equity,Citi India,Charles River,True,Matched,3
POS-00547,CLT0012,Vanguard Emerging Markets,INE031A01017,POWERGRID,Power Grid Corp of India,2024-03-01,7945,341.64,2714329.8,2169098.84,545230.96,INR,PORT-011,Americas,Utilities,Equity,Deutsche Bank,In-house,True,Matched,9
POS-00548,CLT0015,Norges Bank Investment Mgmt,INE213A01029,MARUTI,Maruti Suzuki India Ltd,2024-01-26,157821,14040.75,2215925205.75,2061083937.77,154841267.98,INR,PORT-037,EMEA,Auto,Equity,Axis Bank Custody,In-house,True,Pending,4
POS-00549,CLT0006,LIC of India,INE018A01030,LARSEN,Larsen & Toubro Ltd,2024-08-13,46763,4014.69,187738948.47,164980898.55,22758049.92,INR,PORT-005,APAC,Infrastructure,Equity,Deutsche Bank,Charles River,True,Matched,1
POS-00550,CLT0015,Norges Bank Investment Mgmt,INE009A01021,INFY,Infosys Ltd,2024-09-16,148735,1469.2,218521462.0,191807968.18,26713493.82,INR,PORT-026,EMEA,IT,Equity,Deutsche Bank,Bloomberg AIM,False,Break,0
POS-00551,CLT0006,LIC of India,INE040A01034,HDFCBANK,HDFC Bank Ltd,2024-01-11,72863,1554.15,113240031.45,111351688.11,1888343.34,INR,PORT-025,APAC,Banking,Equity,HDFC Bank Custody,Bloomberg AIM,True,Matched,1
POS-00552,CLT0003,SBI Life Insurance,INE117A01022,BHARTIARTL,Bharti Airtel Ltd,2024-07-07,89499,1485.52,132952554.48,130198713.36,2753841.12,INR,PORT-002,APAC,Telecom,Equity,Axis Bank Custody,In-house,True,Matched,5
POS-00553,CLT0014,Temasek Holdings,INE020B01018,NTPC,NTPC Ltd,2025-02-02,82355,341.22,28101173.1,28015905.78,85267.32,INR,PORT-042,APAC,Utilities,Equity,Axis Bank Custody,Simcorp,True,Matched,10
POS-00554,CLT0012,Vanguard Emerging Markets,INE009A01021,INFY,Infosys Ltd,2025-02-14,182209,1493.85,272192914.65,256343336.59,15849578.06,INR,PORT-025,Americas,IT,Equity,Axis Bank Custody,Bloomberg AIM,False,Matched,9
POS-00555,CLT0009,Emirates NBD Asset Mgmt,INE009A01021,INFY,Infosys Ltd,2024-04-09,42164,1388.83,58558628.12,58965317.47,-406689.35,INR,PORT-009,EMEA,IT,Equity,Deutsche Bank,Bloomberg AIM,True,Matched,8
POS-00556,CLT0012,Vanguard Emerging Markets,INE040A01034,HDFCBANK,HDFC Bank Ltd,2025-01-03,54391,1767.43,96132285.13,77614371.7,18517913.43,INR,PORT-010,Americas,Banking,Equity,Axis Bank Custody,In-house,True,Matched,7
POS-00557,CLT0009,Emirates NBD Asset Mgmt,INE721A01013,SUNPHARMA,Sun Pharmaceutical Ltd,2024-12-12,189951,1825.38,346732756.38,326378904.18,20353852.2,INR,PORT-010,EMEA,Pharma,Equity,Axis Bank Custody,Simcorp,True,Break,6
POS-00558,CLT0014,Temasek Holdings,INE001A01036,SBIN,State Bank of India,2024-05-22,198534,811.8,161169901.2,138520374.68,22649526.52,INR,PORT-005,APAC,Banking,Equity,Citi India,Bloomberg AIM,True,Matched,9
POS-00559,CLT0004,HDFC Pension Fund,INE040A01034,HDFCBANK,HDFC Bank Ltd,2024-06-30,101393,1567.62,158945694.66,170019465.38,-11073770.72,INR,PORT-019,APAC,Banking,Equity,Axis Bank Custody,Charles River,True,Pending,4
POS-00560,CLT0007,ICICI Prudential AMC,INE213A01029,MARUTI,Maruti Suzuki India Ltd,2025-01-16,118961,13739.32,1634443246.52,1345264631.74,289178614.78,INR,PORT-045,APAC,Auto,Equity,Citi India,In-house,True,Matched,7
POS-00561,CLT0001,Tata Investment Corp,INE031A01017,POWERGRID,Power Grid Corp of India,2025-01-19,73243,334.2,24477810.6,20377367.63,4100442.97,INR,PORT-010,APAC,Utilities,Equity,Deutsche Bank,Charles River,True,Matched,6
POS-00562,CLT0003,SBI Life Insurance,INE090A01021,ICICIBANK,ICICI Bank Ltd,2024-08-18,96502,1187.67,114612530.34,110698353.8,3914176.54,INR,PORT-015,APAC,Banking,Equity,Citi India,Bloomberg AIM,True,Pending,10
POS-00563,CLT0001,Tata Investment Corp,INE117A01022,BHARTIARTL,Bharti Airtel Ltd,2024-05-28,182586,1430.81,261245874.66,256515349.19,4730525.47,INR,PORT-040,APAC,Telecom,Equity,Citi India,Charles River,True,Matched,1
POS-00564,CLT0007,ICICI Prudential AMC,INE066A01021,ONGC,Oil & Natural Gas Corp,2025-03-28,90473,255.67,23131231.91,22573750.66,557481.25,INR,PORT-006,APAC,Energy,Equity,HDFC Bank Custody,Simcorp,True,Matched,0
POS-00565,CLT0006,LIC of India,INE009A01021,INFY,Infosys Ltd,2024-05-13,6506,1532.27,9968948.62,9415743.96,553204.66,INR,PORT-040,APAC,IT,Equity,HDFC Bank Custody,In-house,True,Matched,8
POS-00566,CLT0006,LIC of India,INE585B01010,AXISBANK,Axis Bank Ltd,2024-07-08,138729,1095.84,152024787.36,152541922.54,-517135.18,INR,PORT-042,APAC,Banking,Equity,Axis Bank Custody,In-house,True,Matched,8
POS-00567,CLT0006,LIC of India,INE414G01012,ADANIENT,Adani Enterprises Ltd,2024-10-16,161175,2424.99,390847763.25,391823683.32,-975920.07,INR,PORT-017,APAC,Conglomerate,Equity,Axis Bank Custody,Simcorp,True,Pending,10
POS-00568,CLT0011,BlackRock India Fund,INE031A01017,POWERGRID,Power Grid Corp of India,2025-03-10,15658,329.57,5160407.06,4571812.04,588595.02,INR,PORT-011,Americas,Utilities,Equity,Citi India,Simcorp,True,Matched,7
POS-00569,CLT0006,LIC of India,INE038A01020,HINDALCO,Hindalco Industries Ltd,2025-03-31,16682,700.5,11685741.0,10509151.96,1176589.04,INR,PORT-042,APAC,Metals,Equity,Citi India,In-house,False,Matched,3
POS-00570,CLT0013,GIC Private Ltd Singapore,INE040A01034,HDFCBANK,HDFC Bank Ltd,2024-09-28,134608,,,222798383.43,-21873060.07,INR,PORT-029,APAC,Banking,Equity,Deutsche Bank,Simcorp,True,Break,9
POS-00571,CLT0011,BlackRock India Fund,INE585B01010,AXISBANK,Axis Bank Ltd,2024-07-30,42114,1113.73,46903625.22,43297330.94,3606294.28,INR,PORT-042,Americas,Banking,Equity,Axis Bank Custody,In-house,True,Matched,1
POS-00572,CLT0015,Norges Bank Investment Mgmt,INE002A01018,RELIANCE,Reliance Industries Ltd,2025-01-07,2713,2977.6,8078228.8,8058872.3,19356.5,INR,PORT-024,EMEA,Energy,Equity,Citi India,Charles River,True,Break,8
POS-00573,CLT0006,LIC of India,INE020B01018,NTPC,NTPC Ltd,2024-04-14,119092,328.0,39062176.0,36798513.1,2263662.9,INR,PORT-046,APAC,Utilities,Equity,Axis Bank Custody,In-house,True,Matched,0
POS-00574,CLT0005,Kotak Mahindra AMC,INE009A01021,INFY,Infosys Ltd,2024-05-20,82227,1570.87,129167927.49,106078716.87,23089210.62,INR,PORT-031,APAC,IT,Equity,Axis Bank Custody,Simcorp,True,Matched,6
POS-00575,CLT0006,LIC of India,INE020B01018,NTPC,NTPC Ltd,2024-07-17,139589,392.61,54804037.29,49950705.53,4853331.76,INR,PORT-010,APAC,Utilities,Equity,Deutsche Bank,Bloomberg AIM,True,Matched,1
POS-00576,CLT0015,Norges Bank Investment Mgmt,INE296A01024,BAJFINANCE,Bajaj Finance Ltd,2025-05-01,9376,7455.6,69903705.6,56956381.59,12947324.01,INR,PORT-030,EMEA,NBFC,Equity,HDFC Bank Custody,Simcorp,True,Matched,0
POS-00577,CLT0008,Nippon India MF,INE361B01024,HCLTECH,HCL Technologies Ltd,2024-04-29,125304,1674.7,209846608.8,206734971.1,3111637.7,INR,PORT-007,APAC,IT,Equity,Citi India,Charles River,True,Matched,7
POS-00578,CLT0007,ICICI Prudential AMC,INE721A01013,SUNPHARMA,Sun Pharmaceutical Ltd,2024-01-09,12901,1540.34,19871926.34,21185008.16,-1313081.82,INR,PORT-042,APAC,Pharma,Equity,Citi India,In-house,True,Matched,7
POS-00579,CLT0002,Aditya Birla Capital,INE040A01034,HDFCBANK,HDFC Bank Ltd,2024-07-08,135146,1527.79,206474707.34,216268179.15,-9793471.81,INR,PORT-026,APAC,Banking,Equity,Citi India,Bloomberg AIM,True,Matched,0
POS-00580,CLT0015,Norges Bank Investment Mgmt,INE038A01020,HINDALCO,Hindalco Industries Ltd,2025-02-19,89296,697.81,62311641.76,50171356.01,12140285.75,INR,PORT-004,EMEA,Metals,Equity,HDFC Bank Custody,Bloomberg AIM,True,Matched,2
POS-00581,CLT0012,Vanguard Emerging Markets,INE154A01025,ITC,ITC Ltd,2024-07-21,31097,434.24,13503561.28,12922063.0,581498.28,INR,PORT-040,Americas,FMCG,Equity,HDFC Bank Custody,Simcorp,True,Matched,1
POS-00582,CLT0013,GIC Private Ltd Singapore,INE009A01021,INFY,Infosys Ltd,2025-01-10,143645,1600.96,229969899.2,189036209.26,40933689.94,INR,PORT-018,APAC,IT,Equity,HDFC Bank Custody,Bloomberg AIM,True,Break,6
POS-00583,CLT0009,Emirates NBD Asset Mgmt,INE018A01030,LARSEN,Larsen & Toubro Ltd,2024-01-21,125504,3900.45,489522076.8,399443447.18,90078629.62,INR,PORT-040,EMEA,Infrastructure,Equity,Deutsche Bank,Bloomberg AIM,True,Break,6
POS-00584,CLT0014,Temasek Holdings,INE585B01010,AXISBANK,Axis Bank Ltd,2025-01-15,47547,1062.31,50509653.57,43554739.14,6954914.43,INR,PORT-025,APAC,Banking,Equity,Deutsche Bank,Charles River,False,Break,5
POS-00585,CLT0011,BlackRock India Fund,INE038A01020,HINDALCO,Hindalco Industries Ltd,2024-08-16,101725,610.04,62056319.0,57912504.89,4143814.11,INR,PORT-032,Americas,Metals,Equity,HDFC Bank Custody,Charles River,True,Matched,4
POS-00586,CLT0007,ICICI Prudential AMC,INE018A01030,LARSEN,Larsen & Toubro Ltd,2025-05-12,83375,3523.59,293779316.25,275433712.41,18345603.84,INR,PORT-048,APAC,Infrastructure,Equity,Axis Bank Custody,Bloomberg AIM,True,Matched,2
POS-00587,CLT0014,Temasek Holdings,INE001A01036,SBIN,State Bank of India,2024-01-26,69542,801.3,55724004.6,51168336.38,4555668.22,INR,PORT-023,APAC,Banking,Equity,Deutsche Bank,Bloomberg AIM,False,Matched,2
POS-00588,CLT0011,BlackRock India Fund,INE090A01021,ICICIBANK,ICICI Bank Ltd,2024-05-05,36759,1219.89,44841936.51,40379778.97,4462157.54,INR,PORT-008,Americas,Banking,Equity,Citi India,Simcorp,True,Matched,1
POS-00589,CLT0003,SBI Life Insurance,INE296A01024,BAJFINANCE,Bajaj Finance Ltd,2024-07-24,1124,6609.49,7429066.76,7112704.16,316362.6,INR,PORT-041,APAC,NBFC,Equity,Axis Bank Custody,Bloomberg AIM,True,Matched,6
POS-00590,CLT0007,ICICI Prudential AMC,INE414G01012,ADANIENT,Adani Enterprises Ltd,2024-08-24,192399,2590.06,498324953.94,449511541.58,48813412.36,INR,PORT-011,APAC,Conglomerate,Equity,Axis Bank Custody,In-house,True,Matched,3
POS-00591,CLT0001,Tata Investment Corp,INE018A01030,LARSEN,Larsen & Toubro Ltd,2025-04-05,12007,3957.46,47517222.22,41041739.55,6475482.67,INR,PORT-003,APAC,Infrastructure,Equity,Citi India,In-house,True,Matched,6
POS-00592,CLT0010,Abu Dhabi Investment Auth,INE075A01022,WIPRO,Wipro Ltd,2024-03-21,99680,471.29,46978187.2,51409172.46,-4430985.26,INR,PORT-028,EMEA,IT,Equity,Deutsche Bank,Bloomberg AIM,False,Matched,4
POS-00593,CLT0002,Aditya Birla Capital,INE020B01018,NTPC,NTPC Ltd,2024-10-31,109296,345.44,37755210.24,35467238.36,2287971.88,INR,PORT-021,APAC,Utilities,Equity,Deutsche Bank,Simcorp,False,Matched,7
POS-00594,CLT0004,HDFC Pension Fund,INE467B01029,TCS,Tata Consultancy Services,2024-11-20,180820,4167.13,753500446.6,651339813.19,102160633.41,INR,PORT-017,APAC,IT,Equity,Axis Bank Custody,In-house,True,Matched,10
POS-00595,CLT0009,Emirates NBD Asset Mgmt,INE075A01022,WIPRO,Wipro Ltd,2024-03-15,122203,548.05,66973354.15,63886808.1,3086546.05,INR,PORT-030,EMEA,IT,Equity,Citi India,In-house,False,Matched,8
POS-00596,CLT0003,SBI Life Insurance,INE721A01013,SUNPHARMA,Sun Pharmaceutical Ltd,2025-01-28,131472,1801.38,236831031.36,223037419.11,13793612.25,INR,PORT-028,APAC,Pharma,Equity,Deutsche Bank,Simcorp,True,Matched,3
POS-00597,CLT0012,Vanguard Emerging Markets,INE002A01018,RELIANCE,Reliance Industries Ltd,2024-02-21,7817,2653.53,20742644.01,19977891.32,764752.69,INR,PORT-027,Americas,Energy,Equity,Deutsche Bank,Simcorp,True,Break,8
POS-00598,CLT0003,SBI Life Insurance,INE361B01024,HCLTECH,HCL Technologies Ltd,2024-05-07,56881,1465.12,83337490.72,93582225.35,-10244734.63,INR,PORT-047,APAC,IT,Equity,Axis Bank Custody,Charles River,True,Matched,2
POS-00599,CLT0013,GIC Private Ltd Singapore,INE154A01025,ITC,ITC Ltd,2025-01-10,137825,474.18,65353858.5,64934184.04,419674.46,INR,PORT-050,APAC,FMCG,Equity,Citi India,Simcorp,True,Break,2
POS-00600,CLT0013,GIC Private Ltd Singapore,INE002A01018,RELIANCE,Reliance Industries Ltd,2024-11-10,58455,3044.53,177968001.15,145373717.45,32594283.7,INR,PORT-015,APAC,Energy,Equity,Citi India,In-house,True,Matched,5
POS-00601,CLT0008,Nippon India MF,INE414G01012,ADANIENT,Adani Enterprises Ltd,2024-06-08,2604,2253.66,5868530.64,5569820.45,298710.19,INR,PORT-006,APAC,Conglomerate,Equity,Deutsche Bank,Bloomberg AIM,True,Break,3
POS-00602,CLT0006,LIC of India,INE009A01021,INFY,Infosys Ltd,2024-03-23,64292,1512.43,97237149.56,83032719.05,14204430.51,INR,PORT-035,APAC,IT,Equity,Citi India,In-house,True,Matched,1
POS-00603,CLT0004,HDFC Pension Fund,INE117A01022,BHARTIARTL,Bharti Airtel Ltd,2024-11-22,157823,1375.68,217113944.64,202663109.47,14450835.17,INR,PORT-029,APAC,Telecom,Equity,Axis Bank Custody,Bloomberg AIM,False,Matched,0
POS-00604,CLT0009,Emirates NBD Asset Mgmt,INE018A01030,LARSEN,Larsen & Toubro Ltd,2024-11-25,24742,3330.35,82399519.7,81544821.45,854698.25,INR,PORT-015,EMEA,Infrastructure,Equity,HDFC Bank Custody,Bloomberg AIM,True,Matched,2
POS-00605,CLT0011,BlackRock India Fund,INE002A01018,RELIANCE,Reliance Industries Ltd,2024-10-16,98822,2756.46,272398890.12,264545234.3,7853655.82,INR,PORT-027,Americas,Energy,Equity,Axis Bank Custody,Bloomberg AIM,True,Matched,6
POS-00606,CLT0015,Norges Bank Investment Mgmt,INE296A01024,BAJFINANCE,Bajaj Finance Ltd,2025-02-18,43743,7627.3,333640983.9,309742262.52,23898721.38,INR,PORT-045,EMEA,NBFC,Equity,HDFC Bank Custody,Bloomberg AIM,True,Matched,0
POS-00607,CLT0006,LIC of India,INE414G01012,ADANIENT,Adani Enterprises Ltd,2024-09-14,60447,2626.18,158744702.46,151942976.9,6801725.56,INR,PORT-031,APAC,Conglomerate,Equity,HDFC Bank Custody,Simcorp,True,Break,2
POS-00608,CLT0012,Vanguard Emerging Markets,INE213A01029,MARUTI,Maruti Suzuki India Ltd,2024-04-23,77003,,,911990777.39,1504281.94,INR,PORT-017,Americas,Auto,Equity,Citi India,Bloomberg AIM,True,Matched,3
POS-00609,CLT0014,Temasek Holdings,INE038A01020,HINDALCO,Hindalco Industries Ltd,2024-09-11,196054,602.35,118093126.9,128728296.02,-10635169.12,INR,PORT-045,APAC,Metals,Equity,Deutsche Bank,Simcorp,False,Matched,4
POS-00610,CLT0005,Kotak Mahindra AMC,INE020B01018,NTPC,NTPC Ltd,2024-10-25,65020,364.15,23677033.0,24002310.68,-325277.68,INR,PORT-009,APAC,Utilities,Equity,Citi India,Charles River,True,Matched,9
POS-00611,CLT0015,Norges Bank Investment Mgmt,INE414G01012,ADANIENT,Adani Enterprises Ltd,2024-10-28,148328,2477.37,367463337.36,322494207.37,44969129.99,INR,PORT-019,EMEA,Conglomerate,Equity,Deutsche Bank,Simcorp,True,Matched,10
POS-00612,CLT0003,SBI Life Insurance,INE090A01021,ICICIBANK,ICICI Bank Ltd,2024-02-27,32512,1121.29,36455380.48,39037312.24,-2581931.76,INR,PORT-026,APAC,Banking,Equity,HDFC Bank Custody,Bloomberg AIM,True,Break,7
POS-00613,CLT0006,LIC of India,INE038A01020,HINDALCO,Hindalco Industries Ltd,2024-10-16,73838,643.07,47483002.66,47747784.51,-264781.85,INR,PORT-047,APAC,Metals,Equity,Deutsche Bank,In-house,True,Matched,6
POS-00614,CLT0012,Vanguard Emerging Markets,INE154A01025,ITC,ITC Ltd,2025-03-10,113514,473.79,53781798.06,47367467.78,6414330.28,INR,PORT-022,Americas,FMCG,Equity,Axis Bank Custody,Bloomberg AIM,True,Matched,2
POS-00615,CLT0012,Vanguard Emerging Markets,INE066A01021,ONGC,Oil & Natural Gas Corp,2024-10-31,92577,293.89,27207454.53,24539700.82,2667753.71,INR,PORT-041,Americas,Energy,Equity,Deutsche Bank,In-house,True,Matched,7
POS-00616,CLT0002,Aditya Birla Capital,INE296A01024,BAJFINANCE,Bajaj Finance Ltd,2024-03-21,46561,7550.34,351551380.74,316092646.58,35458734.16,INR,PORT-032,APAC,NBFC,Equity,HDFC Bank Custody,Bloomberg AIM,True,Matched,1
POS-00617,CLT0008,Nippon India MF,INE009A01021,INFY,Infosys Ltd,2024-05-01,92527,1368.09,126585263.43,126391186.24,194077.19,INR,PORT-013,APAC,IT,Equity,Citi India,Charles River,False,Break,10
POS-00618,CLT0002,Aditya Birla Capital,INE075A01022,WIPRO,Wipro Ltd,2024-08-07,88816,477.0,42365232.0,42133637.67,231594.33,INR,PORT-036,APAC,IT,Equity,Citi India,In-house,True,Pending,3
POS-00619,CLT0011,BlackRock India Fund,INE001A01036,SBIN,State Bank of India,2025-04-03,160032,735.66,117729141.12,118920724.02,-1191582.9,INR,PORT-038,Americas,Banking,Equity,HDFC Bank Custody,Bloomberg AIM,False,Matched,4
POS-00620,CLT0015,Norges Bank Investment Mgmt,INE361B01024,HCLTECH,HCL Technologies Ltd,2024-03-22,46140,1526.53,70434094.2,69021537.69,1412556.51,INR,PORT-040,EMEA,IT,Equity,Citi India,Simcorp,True,Matched,1
POS-00621,CLT0002,Aditya Birla Capital,INE213A01029,MARUTI,Maruti Suzuki India Ltd,2024-11-02,40924,11520.5,471464942.0,543034498.7,-71569556.7,INR,PORT-027,APAC,Auto,Equity,Citi India,Simcorp,True,Matched,7
POS-00622,CLT0002,Aditya Birla Capital,INE001A01036,SBIN,State Bank of India,2024-12-02,82941,736.67,61100146.47,56759540.96,4340605.51,INR,PORT-045,APAC,Banking,Equity,Citi India,Simcorp,True,Matched,9
POS-00623,CLT0002,Aditya Birla Capital,INE031A01017,POWERGRID,Power Grid Corp of India,2024-03-06,179824,342.29,61551956.96,54339383.85,7212573.11,INR,PORT-048,APAC,Utilities,Equity,Citi India,Simcorp,True,Matched,1
POS-00624,CLT0005,Kotak Mahindra AMC,INE213A01029,MARUTI,Maruti Suzuki India Ltd,2024-02-20,150409,12125.63,1823803882.67,1668714789.17,155089093.5,INR,PORT-021,APAC,Auto,Equity,Citi India,Simcorp,True,Matched,6
POS-00625,CLT0002,Aditya Birla Capital,INE154A01025,ITC,ITC Ltd,2025-01-01,136263,422.34,57549315.42,63805317.67,-6256002.25,INR,PORT-046,APAC,FMCG,Equity,Axis Bank Custody,In-house,True,Matched,5
POS-00626,CLT0009,Emirates NBD Asset Mgmt,INE467B01029,TCS,Tata Consultancy Services,2024-03-15,85785,4207.7,360957544.5,291819135.14,69138409.36,INR,PORT-023,EMEA,IT,Equity,Citi India,Bloomberg AIM,True,Break,7
POS-00627,CLT0013,GIC Private Ltd Singapore,INE585B01010,AXISBANK,Axis Bank Ltd,2024-08-12,163060,1053.27,171746206.2,168479045.99,3267160.21,INR,PORT-033,APAC,Banking,Equity,Deutsche Bank,Simcorp,False,Matched,3
POS-00628,CLT0001,Tata Investment Corp,INE002A01018,RELIANCE,Reliance Industries Ltd,2025-02-04,122188,2933.07,358385957.16,343044510.44,15341446.72,INR,PORT-029,APAC,Energy,Equity,Citi India,In-house,False,Matched,4
POS-00629,CLT0014,Temasek Holdings,INE213A01029,MARUTI,Maruti Suzuki India Ltd,2024-06-26,196655,13632.11,2680822592.05,2392042846.15,288779745.9,INR,PORT-007,APAC,Auto,Equity,Citi India,Charles River,True,Matched,5
POS-00630,CLT0014,Temasek Holdings,INE585B01010,AXISBANK,Axis Bank Ltd,2024-04-10,63997,,,63255871.45,6706928.89,INR,PORT-023,APAC,Banking,Equity,Citi India,In-house,True,Matched,0
POS-00631,CLT0014,Temasek Holdings,INE075A01022,WIPRO,Wipro Ltd,2025-01-03,88726,470.42,41738484.92,43163340.99,-1424856.07,INR,PORT-003,APAC,IT,Equity,Citi India,Simcorp,True,Pending,2
POS-00632,CLT0002,Aditya Birla Capital,INE213A01029,MARUTI,Maruti Suzuki India Ltd,2024-11-11,12887,12597.4,162342693.8,151630016.86,10712676.94,INR,PORT-048,APAC,Auto,Equity,Axis Bank Custody,Charles River,True,Pending,7
POS-00633,CLT0014,Temasek Holdings,INE090A01021,ICICIBANK,ICICI Bank Ltd,2024-05-12,28626,1276.83,36550535.58,34945963.66,1604571.92,INR,PORT-001,APAC,Banking,Equity,Deutsche Bank,Charles River,True,Matched,8
POS-00634,CLT0006,LIC of India,INE296A01024,BAJFINANCE,Bajaj Finance Ltd,2024-07-17,153347,7508.36,1151384480.92,926613187.73,224771293.19,INR,PORT-005,APAC,NBFC,Equity,Axis Bank Custody,Bloomberg AIM,False,Matched,6
POS-00635,CLT0009,Emirates NBD Asset Mgmt,INE296A01024,BAJFINANCE,Bajaj Finance Ltd,2024-04-20,145046,6562.89,951920942.94,995167900.58,-43246957.64,INR,PORT-042,EMEA,NBFC,Equity,Axis Bank Custody,In-house,True,Matched,9
POS-00636,CLT0013,GIC Private Ltd Singapore,INE031A01017,POWERGRID,Power Grid Corp of India,2025-03-14,58272,318.72,18572451.84,17843011.75,729440.09,INR,PORT-031,APAC,Utilities,Equity,Axis Bank Custody,Bloomberg AIM,True,Matched,8
POS-00637,CLT0008,Nippon India MF,INE009A01021,INFY,Infosys Ltd,2024-08-03,193705,1439.16,278772487.8,249560548.03,29211939.77,INR,PORT-003,APAC,IT,Equity,Citi India,In-house,True,Matched,2
POS-00638,CLT0007,ICICI Prudential AMC,INE154A01025,ITC,ITC Ltd,2025-02-04,34884,446.98,15592450.32,14205418.71,1387031.61,INR,PORT-034,APAC,FMCG,Equity,Axis Bank Custody,Charles River,True,Break,6
POS-00639,CLT0006,LIC of India,INE213A01029,MARUTI,Maruti Suzuki India Ltd,2025-04-30,196967,11725.89,2309613375.63,2182178199.29,127435176.34,INR,PORT-006,APAC,Auto,Equity,Citi India,Simcorp,True,Matched,5
POS-00640,CLT0012,Vanguard Emerging Markets,INE154A01025,ITC,ITC Ltd,2025-05-01,195491,463.97,90701959.27,80583344.49,10118614.78,INR,PORT-023,Americas,FMCG,Equity,Deutsche Bank,Charles River,False,Matched,5
POS-00641,CLT0002,Aditya Birla Capital,INE009A01021,INFY,Infosys Ltd,2024-06-13,136467,1591.93,217245911.31,207119220.68,10126690.63,INR,PORT-041,APAC,IT,Equity,Deutsche Bank,Bloomberg AIM,True,Matched,7
POS-00642,CLT0008,Nippon India MF,INE075A01022,WIPRO,Wipro Ltd,2024-05-08,25571,547.8,14007793.8,11819080.91,2188712.89,INR,PORT-012,APAC,IT,Equity,HDFC Bank Custody,Charles River,True,Matched,5
POS-00643,CLT0004,HDFC Pension Fund,INE002A01018,RELIANCE,Reliance Industries Ltd,2024-01-07,53370,2726.45,145510636.5,138754741.55,6755894.95,INR,PORT-038,APAC,Energy,Equity,Citi India,In-house,True,Matched,4
POS-00644,CLT0012,Vanguard Emerging Markets,INE213A01029,MARUTI,Maruti Suzuki India Ltd,2024-05-09,83154,12299.69,1022768422.26,929174847.21,93593575.05,INR,PORT-032,Americas,Auto,Equity,Axis Bank Custody,Charles River,True,Matched,5
POS-00645,CLT0009,Emirates NBD Asset Mgmt,INE001A01036,SBIN,State Bank of India,2025-05-05,142923,848.55,121277311.65,113072192.53,8205119.12,INR,PORT-050,EMEA,Banking,Equity,Deutsche Bank,Bloomberg AIM,True,Matched,1
POS-00646,CLT0005,Kotak Mahindra AMC,INE296A01024,BAJFINANCE,Bajaj Finance Ltd,2024-01-28,174914,6928.53,1211896896.42,1220219431.46,-8322535.04,INR,PORT-021,APAC,NBFC,Equity,Citi India,In-house,True,Matched,7
POS-00647,CLT0005,Kotak Mahindra AMC,INE090A01021,ICICIBANK,ICICI Bank Ltd,2024-02-10,126150,1335.38,168458187.0,135676988.1,32781198.9,INR,PORT-022,APAC,Banking,Equity,Axis Bank Custody,Charles River,True,Break,0
POS-00648,CLT0006,LIC of India,INE213A01029,MARUTI,Maruti Suzuki India Ltd,2024-03-10,120752,13637.14,1646711929.28,1537881373.31,108830555.97,INR,PORT-040,APAC,Auto,Equity,Citi India,In-house,True,Matched,2
POS-00649,CLT0015,Norges Bank Investment Mgmt,INE040A01034,HDFCBANK,HDFC Bank Ltd,2024-11-19,110861,1723.03,191016828.83,161143632.43,29873196.4,INR,PORT-039,EMEA,Banking,Equity,Axis Bank Custody,Charles River,False,Matched,10
POS-00650,CLT0008,Nippon India MF,INE020B01018,NTPC,NTPC Ltd,2024-02-18,67588,,,24260438.52,-846603.56,INR,PORT-044,APAC,Utilities,Equity,Deutsche Bank,Charles River,True,Break,1
POS-00651,CLT0003,SBI Life Insurance,INE038A01020,HINDALCO,Hindalco Industries Ltd,2024-01-07,185210,601.26,111359364.6,126324158.92,-14964794.32,INR,PORT-018,APAC,Metals,Equity,HDFC Bank Custody,Charles River,True,Matched,2
POS-00652,CLT0012,Vanguard Emerging Markets,INE020B01018,NTPC,NTPC Ltd,2025-03-27,179852,332.16,59739640.32,63937154.71,-4197514.39,INR,PORT-009,Americas,Utilities,Equity,HDFC Bank Custody,Charles River,True,Matched,6
POS-00653,CLT0005,Kotak Mahindra AMC,INE117A01022,BHARTIARTL,Bharti Airtel Ltd,2024-02-19,114686,1446.25,165864627.5,151492601.04,14372026.46,INR,PORT-018,APAC,Telecom,Equity,Citi India,In-house,True,Matched,7
POS-00654,CLT0009,Emirates NBD Asset Mgmt,INE038A01020,HINDALCO,Hindalco Industries Ltd,2024-06-28,134715,724.42,97590240.3,86702002.39,10888237.91,INR,PORT-047,EMEA,Metals,Equity,Citi India,Simcorp,True,Matched,1
POS-00655,CLT0005,Kotak Mahindra AMC,INE467B01029,TCS,Tata Consultancy Services,2025-04-14,157469,3595.9,566242777.1,628712620.33,-62469843.23,INR,PORT-027,APAC,IT,Equity,HDFC Bank Custody,Bloomberg AIM,False,Matched,2
POS-00656,CLT0011,BlackRock India Fund,INE585B01010,AXISBANK,Axis Bank Ltd,2024-06-30,188654,1064.92,200901417.68,189723841.48,11177576.2,INR,PORT-042,Americas,Banking,Equity,Axis Bank Custody,Charles River,True,Matched,6
POS-00657,CLT0009,Emirates NBD Asset Mgmt,INE117A01022,BHARTIARTL,Bharti Airtel Ltd,2024-12-04,112083,1401.68,157104499.44,150227300.71,6877198.73,INR,PORT-020,EMEA,Telecom,Equity,Axis Bank Custody,Bloomberg AIM,True,Matched,6
POS-00658,CLT0001,Tata Investment Corp,INE001A01036,SBIN,State Bank of India,2024-01-26,168659,737.62,124406251.58,135918004.4,-11511752.82,INR,PORT-017,APAC,Banking,Equity,HDFC Bank Custody,Bloomberg AIM,True,Matched,7
POS-00659,CLT0006,LIC of India,INE213A01029,MARUTI,Maruti Suzuki India Ltd,2024-04-24,25452,14076.04,358263370.08,288501488.5,69761881.58,INR,PORT-037,APAC,Auto,Equity,Deutsche Bank,Simcorp,True,Matched,10
POS-00660,CLT0007,ICICI Prudential AMC,INE031A01017,POWERGRID,Power Grid Corp of India,2024-01-16,181208,287.95,52178843.6,57497870.97,-5319027.37,INR,PORT-041,APAC,Utilities,Equity,Axis Bank Custody,In-house,True,Matched,3
POS-00661,CLT0007,ICICI Prudential AMC,INE038A01020,HINDALCO,Hindalco Industries Ltd,2024-02-05,142777,652.64,93181981.28,94252613.24,-1070631.96,INR,PORT-029,APAC,Metals,Equity,Citi India,In-house,True,Matched,10
POS-00662,CLT0006,LIC of India,INE296A01024,BAJFINANCE,Bajaj Finance Ltd,2024-07-25,79148,7286.05,576676285.4,589262132.55,-12585847.15,INR,PORT-047,APAC,NBFC,Equity,Axis Bank Custody,Bloomberg AIM,True,Matched,10
POS-00663,CLT0011,BlackRock India Fund,INE038A01020,HINDALCO,Hindalco Industries Ltd,2024-06-04,50613,684.28,34633463.64,33972065.46,661398.18,INR,PORT-037,Americas,Metals,Equity,Deutsche Bank,Charles River,False,Matched,0
POS-00664,CLT0009,Emirates NBD Asset Mgmt,INE040A01034,HDFCBANK,HDFC Bank Ltd,2024-01-22,87471,1644.94,143884546.74,148005332.45,-4120785.71,INR,PORT-002,EMEA,Banking,Equity,Axis Bank Custody,Simcorp,True,Matched,0
POS-00665,CLT0007,ICICI Prudential AMC,INE296A01024,BAJFINANCE,Bajaj Finance Ltd,2025-03-28,188297,6747.17,1270471869.49,1267635762.91,2836106.58,INR,PORT-016,APAC,NBFC,Equity,Axis Bank Custody,Bloomberg AIM,True,Break,2
POS-00666,CLT0002,Aditya Birla Capital,INE721A01013,SUNPHARMA,Sun Pharmaceutical Ltd,2024-08-13,77139,1809.17,139557564.63,123439798.86,16117765.77,INR,PORT-031,APAC,Pharma,Equity,Citi India,Charles River,True,Matched,7
POS-00667,CLT0014,Temasek Holdings,INE018A01030,LARSEN,Larsen & Toubro Ltd,2025-01-07,173336,3879.65,672483012.4,629839028.95,42643983.45,INR,PORT-042,APAC,Infrastructure,Equity,Axis Bank Custody,Bloomberg AIM,True,Matched,2
POS-00668,CLT0015,Norges Bank Investment Mgmt,INE020B01018,NTPC,NTPC Ltd,2024-03-09,70640,363.02,25643732.8,23348426.41,2295306.39,INR,PORT-006,EMEA,Utilities,Equity,Citi India,Simcorp,False,Matched,7
POS-00669,CLT0007,ICICI Prudential AMC,INE031A01017,POWERGRID,Power Grid Corp of India,2024-03-14,62351,288.55,17991381.05,16931610.35,1059770.7,INR,PORT-047,APAC,Utilities,Equity,Deutsche Bank,In-house,True,Matched,6
POS-00670,CLT0002,Aditya Birla Capital,INE001A01036,SBIN,State Bank of India,2024-03-28,160494,763.84,122591736.96,113326561.31,9265175.65,INR,PORT-031,APAC,Banking,Equity,HDFC Bank Custody,In-house,True,Matched,6
POS-00671,CLT0007,ICICI Prudential AMC,INE038A01020,HINDALCO,Hindalco Industries Ltd,2025-04-17,43205,704.34,30431009.7,26757048.52,3673961.18,INR,PORT-024,APAC,Metals,Equity,Citi India,In-house,True,Break,7
POS-00672,CLT0003,SBI Life Insurance,INE467B01029,TCS,Tata Consultancy Services,2024-10-19,17758,3978.97,70658549.26,71063033.04,-404483.78,INR,PORT-042,APAC,IT,Equity,HDFC Bank Custody,In-house,True,Matched,0
POS-00673,CLT0011,BlackRock India Fund,INE020B01018,NTPC,NTPC Ltd,2024-03-28,3464,324.1,1122682.4,1203997.41,-81315.01,INR,PORT-028,Americas,Utilities,Equity,Axis Bank Custody,Simcorp,True,Matched,8
POS-00674,CLT0004,HDFC Pension Fund,INE721A01013,SUNPHARMA,Sun Pharmaceutical Ltd,2024-01-06,520,1747.0,908440.0,837799.63,70640.37,INR,PORT-033,APAC,Pharma,Equity,HDFC Bank Custody,In-house,False,Pending,6
POS-00675,CLT0014,Temasek Holdings,INE001A01036,SBIN,State Bank of India,2024-11-01,148358,749.97,111264049.26,116015402.96,-4751353.7,INR,PORT-035,APAC,Banking,Equity,Citi India,Simcorp,True,Matched,4
POS-00676,CLT0012,Vanguard Emerging Markets,INE018A01030,LARSEN,Larsen & Toubro Ltd,2024-01-04,51201,3795.11,194313427.11,180578480.21,13734946.9,INR,PORT-011,Americas,Infrastructure,Equity,Citi India,In-house,True,Matched,10
POS-00677,CLT0008,Nippon India MF,INE296A01024,BAJFINANCE,Bajaj Finance Ltd,2025-01-12,96719,6918.46,669146532.74,656668071.05,12478461.69,INR,PORT-019,APAC,NBFC,Equity,Deutsche Bank,In-house,True,Break,5
POS-00678,CLT0001,Tata Investment Corp,INE296A01024,BAJFINANCE,Bajaj Finance Ltd,2025-01-17,152540,6593.5,1005772490.0,982933397.59,22839092.41,INR,PORT-002,APAC,NBFC,Equity,HDFC Bank Custody,Charles River,True,Matched,7
POS-00679,CLT0001,Tata Investment Corp,INE066A01021,ONGC,Oil & Natural Gas Corp,2024-03-24,68312,247.11,16880578.32,16806055.55,74522.77,INR,PORT-016,APAC,Energy,Equity,Deutsche Bank,Bloomberg AIM,True,Break,5
POS-00680,CLT0012,Vanguard Emerging Markets,INE066A01021,ONGC,Oil & Natural Gas Corp,2024-04-28,170072,277.79,47244300.88,46103991.35,1140309.53,INR,PORT-010,Americas,Energy,Equity,Citi India,In-house,True,Break,4
POS-00681,CLT0008,Nippon India MF,INE020B01018,NTPC,NTPC Ltd,2025-05-16,112820,324.18,36573987.6,41065737.05,-4491749.45,INR,PORT-033,APAC,Utilities,Equity,HDFC Bank Custody,In-house,False,Matched,2
POS-00682,CLT0006,LIC of India,INE090A01021,ICICIBANK,ICICI Bank Ltd,2025-01-01,138287,1307.59,180822698.33,171746567.2,9076131.13,INR,PORT-018,APAC,Banking,Equity,HDFC Bank Custody,In-house,True,Matched,9
POS-00683,CLT0010,Abu Dhabi Investment Auth,INE117A01022,BHARTIARTL,Bharti Airtel Ltd,2024-12-02,125893,1418.65,178598104.45,176091261.63,2506842.82,INR,PORT-041,EMEA,Telecom,Equity,Axis Bank Custody,Charles River,True,Matched,3
POS-00684,CLT0008,Nippon India MF,INE038A01020,HINDALCO,Hindalco Industries Ltd,2024-04-17,113109,667.12,75457276.08,75345714.15,111561.93,INR,PORT-034,APAC,Metals,Equity,Axis Bank Custody,Simcorp,True,Pending,3
POS-00685,CLT0014,Temasek Holdings,INE361B01024,HCLTECH,HCL Technologies Ltd,2024-10-02,189222,1559.04,295004666.88,313791672.78,-18787005.9,INR,PORT-023,APAC,IT,Equity,Axis Bank Custody,Charles River,True,Matched,10
POS-00686,CLT0014,Temasek Holdings,INE018A01030,LARSEN,Larsen & Toubro Ltd,2024-04-30,186842,3746.22,699951237.24,712650957.37,-12699720.13,INR,PORT-015,APAC,Infrastructure,Equity,Deutsche Bank,Charles River,True,Matched,0
POS-00687,CLT0009,Emirates NBD Asset Mgmt,INE117A01022,BHARTIARTL,Bharti Airtel Ltd,2024-11-01,67517,1507.76,101799431.92,92288755.07,9510676.85,INR,PORT-014,EMEA,Telecom,Equity,Deutsche Bank,Charles River,True,Break,9
POS-00688,CLT0001,Tata Investment Corp,INE066A01021,ONGC,Oil & Natural Gas Corp,2024-03-19,142367,264.31,37629021.77,33859156.16,3769865.61,INR,PORT-043,APAC,Energy,Equity,Citi India,Charles River,True,Break,7
POS-00689,CLT0008,Nippon India MF,INE117A01022,BHARTIARTL,Bharti Airtel Ltd,2024-08-15,120275,1457.0,175240675.0,160103644.39,15137030.61,INR,PORT-027,APAC,Telecom,Equity,Citi India,Charles River,True,Matched,8
POS-00690,CLT0010,Abu Dhabi Investment Auth,INE009A01021,INFY,Infosys Ltd,2024-10-22,12403,1438.23,17838366.69,18934225.21,-1095858.52,INR,PORT-033,EMEA,IT,Equity,Axis Bank Custody,Charles River,True,Matched,7
POS-00691,CLT0001,Tata Investment Corp,INE090A01021,ICICIBANK,ICICI Bank Ltd,2025-05-13,175778,1221.27,214672398.06,202180314.36,12492083.7,INR,PORT-004,APAC,Banking,Equity,Axis Bank Custody,Charles River,True,Pending,7
POS-00692,CLT0004,HDFC Pension Fund,INE020B01018,NTPC,NTPC Ltd,2024-09-27,102613,349.21,35833485.73,37161793.92,-1328308.19,INR,PORT-008,APAC,Utilities,Equity,Citi India,In-house,True,Matched,4
POS-00693,CLT0007,ICICI Prudential AMC,INE002A01018,RELIANCE,Reliance Industries Ltd,2025-05-12,62947,3103.32,195344684.04,161976035.19,33368648.85,INR,PORT-026,APAC,Energy,Equity,Axis Bank Custody,Simcorp,True,Matched,6
POS-00694,CLT0006,LIC of India,INE038A01020,HINDALCO,Hindalco Industries Ltd,2024-03-12,9549,595.48,5686238.52,6210196.14,-523957.62,INR,PORT-020,APAC,Metals,Equity,Axis Bank Custody,Simcorp,True,Break,0
POS-00695,CLT0010,Abu Dhabi Investment Auth,INE002A01018,RELIANCE,Reliance Industries Ltd,2025-04-12,163531,3027.72,495126079.32,436579230.52,58546848.8,INR,PORT-044,EMEA,Energy,Equity,Axis Bank Custody,Simcorp,True,Break,5
POS-00696,CLT0015,Norges Bank Investment Mgmt,INE002A01018,RELIANCE,Reliance Industries Ltd,2024-05-16,86151,2601.93,224158871.43,223946238.6,212632.83,INR,PORT-049,EMEA,Energy,Equity,Citi India,Charles River,True,Matched,5
POS-00697,CLT0004,HDFC Pension Fund,INE090A01021,ICICIBANK,ICICI Bank Ltd,2024-06-13,75760,1351.93,102422216.8,87022662.46,15399554.34,INR,PORT-019,APAC,Banking,Equity,Citi India,Bloomberg AIM,True,Matched,9
POS-00698,CLT0011,BlackRock India Fund,INE018A01030,LARSEN,Larsen & Toubro Ltd,2024-03-17,117056,3618.26,423539042.56,422779669.65,759372.91,INR,PORT-020,Americas,Infrastructure,Equity,Citi India,Bloomberg AIM,True,Matched,3
POS-00699,CLT0001,Tata Investment Corp,INE585B01010,AXISBANK,Axis Bank Ltd,2024-01-06,3246,976.03,3168193.38,3425454.31,-257260.93,INR,PORT-048,APAC,Banking,Equity,HDFC Bank Custody,In-house,True,Break,9
POS-00700,CLT0013,GIC Private Ltd Singapore,INE020B01018,NTPC,NTPC Ltd,2024-10-15,182132,355.46,64740640.72,62781198.38,1959442.34,INR,PORT-003,APAC,Utilities,Equity,Deutsche Bank,Bloomberg AIM,True,Matched,8
POS-00701,CLT0011,BlackRock India Fund,INE117A01022,BHARTIARTL,Bharti Airtel Ltd,2024-02-29,156301,1439.34,224970281.34,207078604.43,17891676.91,INR,PORT-005,Americas,Telecom,Equity,Axis Bank Custody,Bloomberg AIM,True,Break,0
POS-00702,CLT0007,ICICI Prudential AMC,INE002A01018,RELIANCE,Reliance Industries Ltd,2025-04-08,160896,3054.44,491447178.24,397187915.39,94259262.85,INR,PORT-023,APAC,Energy,Equity,Deutsche Bank,Simcorp,False,Matched,9
POS-00703,CLT0014,Temasek Holdings,INE075A01022,WIPRO,Wipro Ltd,2024-05-11,38157,558.13,21296566.41,20610923.09,685643.32,INR,PORT-022,APAC,IT,Equity,Axis Bank Custody,Charles River,True,Matched,8
POS-00704,CLT0005,Kotak Mahindra AMC,INE018A01030,LARSEN,Larsen & Toubro Ltd,2024-04-07,73805,3844.76,283762511.8,270660550.6,13101961.2,INR,PORT-037,APAC,Infrastructure,Equity,Deutsche Bank,Bloomberg AIM,False,Matched,9
POS-00705,CLT0004,HDFC Pension Fund,INE296A01024,BAJFINANCE,Bajaj Finance Ltd,2024-02-10,14077,6728.62,94718783.74,96624451.54,-1905667.8,INR,PORT-038,APAC,NBFC,Equity,HDFC Bank Custody,In-house,True,Matched,10
POS-00706,CLT0010,Abu Dhabi Investment Auth,INE213A01029,MARUTI,Maruti Suzuki India Ltd,2024-01-07,97318,13333.45,1297584687.1,1263663430.33,33921256.77,INR,PORT-014,EMEA,Auto,Equity,Citi India,Bloomberg AIM,True,Matched,2
POS-00707,CLT0014,Temasek Holdings,INE038A01020,HINDALCO,Hindalco Industries Ltd,2024-12-26,127556,632.45,80672792.2,82471692.99,-1798900.79,INR,PORT-005,APAC,Metals,Equity,Citi India,Charles River,False,Matched,9
POS-00708,CLT0004,HDFC Pension Fund,INE018A01030,LARSEN,Larsen & Toubro Ltd,2024-05-21,139532,3391.04,473158593.28,488433792.04,-15275198.76,INR,PORT-034,APAC,Infrastructure,Equity,Citi India,Charles River,True,Pending,3
POS-00709,CLT0013,GIC Private Ltd Singapore,INE002A01018,RELIANCE,Reliance Industries Ltd,2024-05-26,168731,2671.64,450788488.84,422649174.85,28139313.99,INR,PORT-033,APAC,Energy,Equity,Deutsche Bank,Bloomberg AIM,True,Break,8
POS-00710,CLT0012,Vanguard Emerging Markets,INE296A01024,BAJFINANCE,Bajaj Finance Ltd,2024-03-17,28506,7200.76,205264864.56,174194289.62,31070574.94,INR,PORT-045,Americas,NBFC,Equity,Deutsche Bank,In-house,True,Matched,8
POS-00711,CLT0009,Emirates NBD Asset Mgmt,INE009A01021,INFY,Infosys Ltd,2024-01-08,71756,1412.61,101363243.16,95405086.14,5958157.02,INR,PORT-028,EMEA,IT,Equity,Deutsche Bank,Simcorp,True,Matched,2
POS-00712,CLT0011,BlackRock India Fund,INE020B01018,NTPC,NTPC Ltd,2024-07-09,13985,373.49,5223257.65,4739933.59,483324.06,INR,PORT-034,Americas,Utilities,Equity,Citi India,Bloomberg AIM,True,Matched,3
POS-00713,CLT0014,Temasek Holdings,INE002A01018,RELIANCE,Reliance Industries Ltd,2024-07-09,191015,2591.96,495103239.4,463471975.98,31631263.42,INR,PORT-042,APAC,Energy,Equity,Deutsche Bank,Simcorp,True,Break,5
POS-00714,CLT0014,Temasek Holdings,INE002A01018,RELIANCE,Reliance Industries Ltd,2025-03-31,26029,2643.96,68819634.84,73037086.98,-4217452.14,INR,PORT-047,APAC,Energy,Equity,Axis Bank Custody,Simcorp,True,Matched,5
POS-00715,CLT0007,ICICI Prudential AMC,INE117A01022,BHARTIARTL,Bharti Airtel Ltd,2025-02-28,14995,1486.31,22287218.45,21820635.73,466582.72,INR,PORT-040,APAC,Telecom,Equity,HDFC Bank Custody,Simcorp,True,Matched,6
POS-00716,CLT0008,Nippon India MF,INE001A01036,SBIN,State Bank of India,2024-04-18,141488,841.04,118997067.52,104319428.3,14677639.22,INR,PORT-045,APAC,Banking,Equity,Axis Bank Custody,Bloomberg AIM,False,Matched,4
POS-00717,CLT0008,Nippon India MF,INE585B01010,AXISBANK,Axis Bank Ltd,2025-03-07,40336,1129.03,45540554.08,41971130.89,3569423.19,INR,PORT-021,APAC,Banking,Equity,Axis Bank Custody,Bloomberg AIM,True,Matched,9
POS-00718,CLT0013,GIC Private Ltd Singapore,INE117A01022,BHARTIARTL,Bharti Airtel Ltd,2024-01-14,5291,1415.71,7490521.61,6872899.29,617622.32,INR,PORT-018,APAC,Telecom,Equity,Citi India,Bloomberg AIM,False,Matched,4
POS-00719,CLT0005,Kotak Mahindra AMC,INE075A01022,WIPRO,Wipro Ltd,2024-03-27,177598,535.84,95164112.32,79870092.36,15294019.96,INR,PORT-041,APAC,IT,Equity,HDFC Bank Custody,Charles River,True,Matched,10
POS-00720,CLT0004,HDFC Pension Fund,INE154A01025,ITC,ITC Ltd,2024-11-19,127629,460.35,58754010.15,51739932.58,7014077.57,INR,PORT-015,APAC,FMCG,Equity,Axis Bank Custody,Bloomberg AIM,True,Pending,3
POS-00721,CLT0005,Kotak Mahindra AMC,INE467B01029,TCS,Tata Consultancy Services,2024-05-07,97491,4294.94,418717995.54,395263037.44,23454958.1,INR,PORT-001,APAC,IT,Equity,Axis Bank Custody,Simcorp,True,Break,2
POS-00722,CLT0008,Nippon India MF,INE038A01020,HINDALCO,Hindalco Industries Ltd,2025-02-15,69776,677.57,47278124.32,42090663.45,5187460.87,INR,PORT-036,APAC,Metals,Equity,Citi India,In-house,True,Matched,10
POS-00723,CLT0015,Norges Bank Investment Mgmt,INE001A01036,SBIN,State Bank of India,2024-01-26,145674,708.35,103188177.9,117203095.04,-14014917.14,INR,PORT-037,EMEA,Banking,Equity,Deutsche Bank,Charles River,True,Matched,5
POS-00724,CLT0015,Norges Bank Investment Mgmt,INE040A01034,HDFCBANK,HDFC Bank Ltd,2024-05-18,24756,1734.45,42938044.2,38448382.56,4489661.64,INR,PORT-045,EMEA,Banking,Equity,Deutsche Bank,In-house,True,Matched,0
POS-00725,CLT0008,Nippon India MF,INE020B01018,NTPC,NTPC Ltd,2024-12-30,163290,393.6,64270944.0,57246872.23,7024071.77,INR,PORT-047,APAC,Utilities,Equity,HDFC Bank Custody,Simcorp,False,Pending,1
POS-00726,CLT0011,BlackRock India Fund,INE066A01021,ONGC,Oil & Natural Gas Corp,2025-05-18,199124,288.52,57451256.48,46926384.76,10524871.72,INR,PORT-019,Americas,Energy,Equity,Deutsche Bank,In-house,True,Break,10
POS-00727,CLT0006,LIC of India,INE018A01030,LARSEN,Larsen & Toubro Ltd,2024-02-17,66701,,,249188562.04,-24694340.36,INR,PORT-027,APAC,Infrastructure,Equity,Deutsche Bank,In-house,True,Break,6
POS-00728,CLT0009,Emirates NBD Asset Mgmt,INE213A01029,MARUTI,Maruti Suzuki India Ltd,2025-03-14,145540,12446.81,1811508727.4,1832005154.19,-20496426.79,INR,PORT-016,EMEA,Auto,Equity,Citi India,Charles River,True,Break,6
POS-00729,CLT0006,LIC of India,INE213A01029,MARUTI,Maruti Suzuki India Ltd,2024-06-29,158963,13109.04,2083852325.52,1748053787.37,335798538.15,INR,PORT-043,APAC,Auto,Equity,Axis Bank Custody,Simcorp,True,Matched,2
POS-00730,CLT0015,Norges Bank Investment Mgmt,INE585B01010,AXISBANK,Axis Bank Ltd,2024-08-07,147574,966.48,142627319.52,143523313.93,-895994.41,INR,PORT-018,EMEA,Banking,Equity,Deutsche Bank,Bloomberg AIM,True,Matched,4
POS-00731,CLT0015,Norges Bank Investment Mgmt,INE117A01022,BHARTIARTL,Bharti Airtel Ltd,2024-04-29,42487,1403.53,59631779.11,58611991.58,1019787.53,INR,PORT-035,EMEA,Telecom,Equity,HDFC Bank Custody,Simcorp,True,Matched,10
POS-00732,CLT0002,Aditya Birla Capital,INE066A01021,ONGC,Oil & Natural Gas Corp,2024-12-12,165637,253.78,42035357.86,41104051.81,931306.05,INR,PORT-008,APAC,Energy,Equity,HDFC Bank Custody,In-house,False,Matched,8
POS-00733,CLT0008,Nippon India MF,INE721A01013,SUNPHARMA,Sun Pharmaceutical Ltd,2024-08-21,49693,1611.83,80096668.19,80606339.98,-509671.79,INR,PORT-013,APAC,Pharma,Equity,Citi India,Charles River,True,Matched,9
POS-00734,CLT0008,Nippon India MF,INE467B01029,TCS,Tata Consultancy Services,2024-12-23,100183,3587.7,359426549.1,365801763.84,-6375214.74,INR,PORT-011,APAC,IT,Equity,Axis Bank Custody,Simcorp,True,Matched,8
POS-00735,CLT0011,BlackRock India Fund,INE090A01021,ICICIBANK,ICICI Bank Ltd,2024-11-20,52149,1145.79,59751802.71,59027148.08,724654.63,INR,PORT-044,Americas,Banking,Equity,Citi India,Simcorp,True,Matched,7
POS-00736,CLT0001,Tata Investment Corp,INE090A01021,ICICIBANK,ICICI Bank Ltd,2024-09-01,118890,1164.44,138440271.6,143840053.07,-5399781.47,INR,PORT-007,APAC,Banking,Equity,Citi India,Simcorp,True,Matched,9
POS-00737,CLT0013,GIC Private Ltd Singapore,INE031A01017,POWERGRID,Power Grid Corp of India,2024-09-16,15067,307.75,4636869.25,4737347.67,-100478.42,INR,PORT-017,APAC,Utilities,Equity,Axis Bank Custody,Simcorp,True,Matched,9
POS-00738,CLT0005,Kotak Mahindra AMC,INE001A01036,SBIN,State Bank of India,2024-10-26,87988,750.86,66066669.68,67429966.88,-1363297.2,INR,PORT-019,APAC,Banking,Equity,HDFC Bank Custody,Simcorp,False,Matched,6
POS-00739,CLT0005,Kotak Mahindra AMC,INE585B01010,AXISBANK,Axis Bank Ltd,2024-02-04,143932,997.73,143605274.36,153996937.59,-10391663.23,INR,PORT-006,APAC,Banking,Equity,Citi India,Bloomberg AIM,False,Matched,6
POS-00740,CLT0010,Abu Dhabi Investment Auth,INE090A01021,ICICIBANK,ICICI Bank Ltd,2024-06-15,31250,1191.46,37233125.0,34839702.46,2393422.54,INR,PORT-045,EMEA,Banking,Equity,Deutsche Bank,Charles River,True,Break,6
POS-00741,CLT0002,Aditya Birla Capital,INE018A01030,LARSEN,Larsen & Toubro Ltd,2024-12-10,72875,3602.83,262556236.25,262529538.72,26697.53,INR,PORT-020,APAC,Infrastructure,Equity,HDFC Bank Custody,Simcorp,False,Matched,7
POS-00742,CLT0015,Norges Bank Investment Mgmt,INE213A01029,MARUTI,Maruti Suzuki India Ltd,2025-01-05,136213,12211.53,1663369135.89,1552298937.55,111070198.34,INR,PORT-005,EMEA,Auto,Equity,Citi India,Bloomberg AIM,True,Matched,1
POS-00743,CLT0006,LIC of India,INE031A01017,POWERGRID,Power Grid Corp of India,2024-12-02,126833,323.97,41090087.01,41179849.58,-89762.57,INR,PORT-007,APAC,Utilities,Equity,Deutsche Bank,Simcorp,True,Matched,10
POS-00744,CLT0006,LIC of India,INE066A01021,ONGC,Oil & Natural Gas Corp,2024-10-04,140017,284.84,39882442.28,33741949.99,6140492.29,INR,PORT-036,APAC,Energy,Equity,HDFC Bank Custody,In-house,True,Matched,1
POS-00745,CLT0001,Tata Investment Corp,INE038A01020,HINDALCO,Hindalco Industries Ltd,2025-04-03,140772,627.96,88399185.12,95416336.74,-7017151.62,INR,PORT-025,APAC,Metals,Equity,Deutsche Bank,Charles River,True,Matched,3
POS-00746,CLT0014,Temasek Holdings,INE002A01018,RELIANCE,Reliance Industries Ltd,2024-08-21,156348,2909.36,454872617.28,448946432.88,5926184.4,INR,PORT-047,APAC,Energy,Equity,Citi India,Simcorp,True,Matched,0
POS-00747,CLT0007,ICICI Prudential AMC,INE002A01018,RELIANCE,Reliance Industries Ltd,2024-07-02,176547,2566.47,453102579.09,440201414.88,12901164.21,INR,PORT-040,APAC,Energy,Equity,HDFC Bank Custody,Bloomberg AIM,True,Matched,3
POS-00748,CLT0001,Tata Investment Corp,INE040A01034,HDFCBANK,HDFC Bank Ltd,2025-02-25,46991,1617.73,76018750.43,75584885.09,433865.34,INR,PORT-009,APAC,Banking,Equity,Citi India,Charles River,True,Matched,3
POS-00749,CLT0010,Abu Dhabi Investment Auth,INE213A01029,MARUTI,Maruti Suzuki India Ltd,2025-03-01,85428,11671.68,997088279.04,1129956801.33,-132868522.29,INR,PORT-025,EMEA,Auto,Equity,HDFC Bank Custody,Simcorp,True,Matched,3
POS-00750,CLT0004,HDFC Pension Fund,INE066A01021,ONGC,Oil & Natural Gas Corp,2024-03-25,86318,288.54,24906195.72,23652644.28,1253551.44,INR,PORT-024,APAC,Energy,Equity,Deutsche Bank,Charles River,True,Matched,5
POS-00751,CLT0010,Abu Dhabi Investment Auth,INE296A01024,BAJFINANCE,Bajaj Finance Ltd,2025-01-28,123245,7651.85,943052253.25,808388245.64,134664007.61,INR,PORT-013,EMEA,NBFC,Equity,Deutsche Bank,In-house,True,Matched,10
POS-00752,CLT0014,Temasek Holdings,INE117A01022,BHARTIARTL,Bharti Airtel Ltd,2024-11-08,16735,1449.77,24261900.95,23059685.22,1202215.73,INR,PORT-011,APAC,Telecom,Equity,Citi India,Simcorp,False,Matched,1
POS-00753,CLT0011,BlackRock India Fund,INE090A01021,ICICIBANK,ICICI Bank Ltd,2025-04-14,183795,1176.1,216161299.5,206982240.26,9179059.24,INR,PORT-005,Americas,Banking,Equity,HDFC Bank Custody,Charles River,True,Matched,0
POS-00754,CLT0012,Vanguard Emerging Markets,INE075A01022,WIPRO,Wipro Ltd,2025-03-29,95056,564.12,53622990.72,46246059.12,7376931.6,INR,PORT-003,Americas,IT,Equity,Citi India,Charles River,True,Matched,10
POS-00755,CLT0003,SBI Life Insurance,INE075A01022,WIPRO,Wipro Ltd,2024-04-14,50134,522.15,26177468.1,24570668.95,1606799.15,INR,PORT-040,APAC,IT,Equity,Axis Bank Custody,Simcorp,False,Matched,8
POS-00756,CLT0003,SBI Life Insurance,INE031A01017,POWERGRID,Power Grid Corp of India,2024-11-24,41292,304.04,12554419.68,13311848.78,-757429.1,INR,PORT-021,APAC,Utilities,Equity,Axis Bank Custody,Simcorp,True,Matched,6
POS-00757,CLT0006,LIC of India,INE066A01021,ONGC,Oil & Natural Gas Corp,2025-03-09,27273,251.77,6866523.21,7014799.21,-148276.0,INR,PORT-040,APAC,Energy,Equity,Deutsche Bank,In-house,True,Matched,7
POS-00758,CLT0007,ICICI Prudential AMC,INE213A01029,MARUTI,Maruti Suzuki India Ltd,2024-01-30,91478,13497.54,1234727964.12,1167450981.66,67276982.46,INR,PORT-006,APAC,Auto,Equity,Axis Bank Custody,Charles River,True,Matched,10
POS-00759,CLT0008,Nippon India MF,INE038A01020,HINDALCO,Hindalco Industries Ltd,2024-11-24,93937,697.76,65545481.12,62434450.72,3111030.4,INR,PORT-012,APAC,Metals,Equity,HDFC Bank Custody,Simcorp,True,Matched,5
POS-00760,CLT0011,BlackRock India Fund,INE721A01013,SUNPHARMA,Sun Pharmaceutical Ltd,2025-02-05,199164,1623.4,323322837.6,322141738.97,1181098.63,INR,PORT-034,Americas,Pharma,Equity,Axis Bank Custody,In-house,False,Pending,8
POS-00761,CLT0006,LIC of India,INE154A01025,ITC,ITC Ltd,2024-05-26,40002,453.06,18123306.12,18129422.89,-6116.77,INR,PORT-013,APAC,FMCG,Equity,Deutsche Bank,Charles River,False,Matched,1
POS-00762,CLT0002,Aditya Birla Capital,INE066A01021,ONGC,Oil & Natural Gas Corp,2025-05-19,128999,253.57,32710276.43,32250771.4,459505.03,INR,PORT-002,APAC,Energy,Equity,Citi India,Charles River,False,Matched,1
POS-00763,CLT0008,Nippon India MF,INE066A01021,ONGC,Oil & Natural Gas Corp,2024-02-23,84619,,,19632193.3,2827381.68,INR,PORT-005,APAC,Energy,Equity,HDFC Bank Custody,Charles River,True,Matched,1
POS-00764,CLT0004,HDFC Pension Fund,INE154A01025,ITC,ITC Ltd,2024-07-05,153101,449.96,68889325.96,61887669.43,7001656.53,INR,PORT-027,APAC,FMCG,Equity,Axis Bank Custody,Charles River,True,Matched,4
POS-00765,CLT0005,Kotak Mahindra AMC,INE467B01029,TCS,Tata Consultancy Services,2024-07-28,33678,4261.42,143516102.76,128794126.84,14721975.92,INR,PORT-027,APAC,IT,Equity,Axis Bank Custody,Bloomberg AIM,True,Matched,7
POS-00766,CLT0006,LIC of India,INE467B01029,TCS,Tata Consultancy Services,2024-06-13,169845,3556.5,604053742.5,648198006.13,-44144263.63,INR,PORT-032,APAC,IT,Equity,Citi India,In-house,True,Break,1
POS-00767,CLT0011,BlackRock India Fund,INE467B01029,TCS,Tata Consultancy Services,2024-02-21,93024,4125.06,383729581.44,340785068.21,42944513.23,INR,PORT-020,Americas,IT,Equity,Axis Bank Custody,Charles River,False,Matched,6
POS-00768,CLT0006,LIC of India,INE296A01024,BAJFINANCE,Bajaj Finance Ltd,2024-07-31,93647,7516.2,703869581.4,570561625.93,133307955.47,INR,PORT-013,APAC,NBFC,Equity,Citi India,Charles River,True,Break,5
POS-00769,CLT0002,Aditya Birla Capital,INE414G01012,ADANIENT,Adani Enterprises Ltd,2024-03-31,149285,2427.95,362456515.75,350986169.18,11470346.57,INR,PORT-023,APAC,Conglomerate,Equity,Deutsche Bank,Simcorp,True,Matched,8
POS-00770,CLT0007,ICICI Prudential AMC,INE020B01018,NTPC,NTPC Ltd,2024-11-18,167968,380.03,63832879.04,62034348.67,1798530.37,INR,PORT-014,APAC,Utilities,Equity,Deutsche Bank,In-house,True,Pending,9
POS-00771,CLT0001,Tata Investment Corp,INE585B01010,AXISBANK,Axis Bank Ltd,2024-11-11,163693,1073.51,175726072.43,163587277.58,12138794.85,INR,PORT-006,APAC,Banking,Equity,Deutsche Bank,Bloomberg AIM,True,Matched,7
POS-00772,CLT0007,ICICI Prudential AMC,INE031A01017,POWERGRID,Power Grid Corp of India,2024-10-16,149791,319.5,47858224.5,45057196.76,2801027.74,INR,PORT-007,APAC,Utilities,Equity,HDFC Bank Custody,Simcorp,True,Break,10
POS-00773,CLT0005,Kotak Mahindra AMC,INE414G01012,ADANIENT,Adani Enterprises Ltd,2024-04-30,102415,2262.68,231732372.2,217468113.83,14264258.37,INR,PORT-045,APAC,Conglomerate,Equity,HDFC Bank Custody,Bloomberg AIM,True,Matched,5
POS-00774,CLT0008,Nippon India MF,INE467B01029,TCS,Tata Consultancy Services,2024-07-21,86187,3935.45,339184629.15,347897271.25,-8712642.1,INR,PORT-029,APAC,IT,Equity,Axis Bank Custody,Simcorp,True,Matched,7
POS-00775,CLT0003,SBI Life Insurance,INE040A01034,HDFCBANK,HDFC Bank Ltd,2024-10-30,132802,1709.16,226979866.32,200440962.66,26538903.66,INR,PORT-028,APAC,Banking,Equity,Citi India,Simcorp,True,Break,4
POS-00776,CLT0002,Aditya Birla Capital,INE296A01024,BAJFINANCE,Bajaj Finance Ltd,2025-04-12,23802,6937.0,165114474.0,167723053.18,-2608579.18,INR,PORT-045,APAC,NBFC,Equity,Citi India,Simcorp,True,Matched,4
POS-00777,CLT0005,Kotak Mahindra AMC,INE018A01030,LARSEN,Larsen & Toubro Ltd,2024-11-10,121520,3435.92,417532998.4,442133912.1,-24600913.7,INR,PORT-044,APAC,Infrastructure,Equity,Deutsche Bank,Charles River,True,Matched,7
POS-00778,CLT0002,Aditya Birla Capital,INE020B01018,NTPC,NTPC Ltd,2024-04-14,174305,327.25,57041311.25,65865797.77,-8824486.52,INR,PORT-050,APAC,Utilities,Equity,Axis Bank Custody,In-house,True,Matched,8
POS-00779,CLT0010,Abu Dhabi Investment Auth,INE361B01024,HCLTECH,HCL Technologies Ltd,2024-11-08,87183,1595.17,139071706.11,122295124.44,16776581.67,INR,PORT-022,EMEA,IT,Equity,Deutsche Bank,Charles River,True,Matched,1
POS-00780,CLT0010,Abu Dhabi Investment Auth,INE090A01021,ICICIBANK,ICICI Bank Ltd,2024-03-26,72992,1306.75,95382296.0,79989602.6,15392693.4,INR,PORT-046,EMEA,Banking,Equity,Citi India,Bloomberg AIM,True,Matched,0
POS-00781,CLT0015,Norges Bank Investment Mgmt,INE018A01030,LARSEN,Larsen & Toubro Ltd,2024-01-23,134764,3363.47,453274671.08,422802962.04,30471709.04,INR,PORT-037,EMEA,Infrastructure,Equity,HDFC Bank Custody,Simcorp,True,Pending,1
POS-00782,CLT0001,Tata Investment Corp,INE721A01013,SUNPHARMA,Sun Pharmaceutical Ltd,2024-10-12,94419,1776.62,167746683.78,155934719.0,11811964.78,INR,PORT-046,APAC,Pharma,Equity,Axis Bank Custody,Simcorp,True,Matched,2
POS-00783,CLT0012,Vanguard Emerging Markets,INE018A01030,LARSEN,Larsen & Toubro Ltd,2025-02-05,105761,3948.48,417595193.28,333694898.38,83900294.9,INR,PORT-012,Americas,Infrastructure,Equity,Axis Bank Custody,In-house,True,Matched,4
POS-00784,CLT0012,Vanguard Emerging Markets,INE585B01010,AXISBANK,Axis Bank Ltd,2024-04-01,151204,1100.36,166378833.44,141677422.16,24701411.28,INR,PORT-047,Americas,Banking,Equity,Citi India,Bloomberg AIM,True,Matched,0
POS-00785,CLT0002,Aditya Birla Capital,INE361B01024,HCLTECH,HCL Technologies Ltd,2024-11-18,119395,1511.48,180463154.6,174209501.66,6253652.94,INR,PORT-016,APAC,IT,Equity,Citi India,Simcorp,True,Matched,6
POS-00786,CLT0014,Temasek Holdings,INE038A01020,HINDALCO,Hindalco Industries Ltd,2024-02-20,46880,596.53,27965326.4,29696529.55,-1731203.15,INR,PORT-011,APAC,Metals,Equity,Axis Bank Custody,Simcorp,True,Matched,6
POS-00787,CLT0015,Norges Bank Investment Mgmt,INE467B01029,TCS,Tata Consultancy Services,2025-02-03,68568,4220.84,289414557.12,230571833.23,58842723.89,INR,PORT-032,EMEA,IT,Equity,HDFC Bank Custody,Charles River,True,Matched,7
POS-00788,CLT0012,Vanguard Emerging Markets,INE031A01017,POWERGRID,Power Grid Corp of India,2024-12-11,4512,321.77,1451826.24,1454476.6,-2650.36,INR,PORT-007,Americas,Utilities,Equity,Deutsche Bank,Bloomberg AIM,True,Matched,3
POS-00789,CLT0002,Aditya Birla Capital,INE585B01010,AXISBANK,Axis Bank Ltd,2024-12-09,115807,956.52,110771711.64,125131241.93,-14359530.29,INR,PORT-016,APAC,Banking,Equity,Citi India,In-house,True,Matched,4
POS-00790,CLT0008,Nippon India MF,INE585B01010,AXISBANK,Axis Bank Ltd,2024-10-08,125961,1138.42,143396521.62,132752226.82,10644294.8,INR,PORT-013,APAC,Banking,Equity,Citi India,Bloomberg AIM,True,Matched,1
POS-00791,CLT0004,HDFC Pension Fund,INE001A01036,SBIN,State Bank of India,2024-01-04,63447,737.44,46788355.68,50663508.69,-3875153.01,INR,PORT-022,APAC,Banking,Equity,Citi India,In-house,True,Matched,1
POS-00792,CLT0015,Norges Bank Investment Mgmt,INE296A01024,BAJFINANCE,Bajaj Finance Ltd,2024-02-21,62337,6489.33,404525364.21,428858775.42,-24333411.21,INR,PORT-033,EMEA,NBFC,Equity,Axis Bank Custody,Simcorp,False,Matched,4
POS-00793,CLT0003,SBI Life Insurance,INE075A01022,WIPRO,Wipro Ltd,2024-04-11,108569,536.22,58216869.18,51404581.75,6812287.43,INR,PORT-014,APAC,IT,Equity,HDFC Bank Custody,Bloomberg AIM,False,Matched,10
POS-00794,CLT0012,Vanguard Emerging Markets,INE721A01013,SUNPHARMA,Sun Pharmaceutical Ltd,2024-02-08,149500,1551.48,231946260.0,232623449.72,-677189.72,INR,PORT-022,Americas,Pharma,Equity,Axis Bank Custody,In-house,True,Matched,6
POS-00795,CLT0007,ICICI Prudential AMC,INE721A01013,SUNPHARMA,Sun Pharmaceutical Ltd,2024-02-12,185533,1577.77,292728401.41,283735192.92,8993208.49,INR,PORT-011,APAC,Pharma,Equity,Axis Bank Custody,Charles River,True,Break,10
POS-00796,CLT0014,Temasek Holdings,INE296A01024,BAJFINANCE,Bajaj Finance Ltd,2024-06-13,81448,7116.35,579612474.8,586824232.77,-7211757.97,INR,PORT-039,APAC,NBFC,Equity,Citi India,Charles River,True,Matched,6
POS-00797,CLT0008,Nippon India MF,INE066A01021,ONGC,Oil & Natural Gas Corp,2024-05-02,120057,260.03,31218421.71,28987179.07,2231242.64,INR,PORT-012,APAC,Energy,Equity,HDFC Bank Custody,In-house,True,Matched,4
POS-00798,CLT0007,ICICI Prudential AMC,INE002A01018,RELIANCE,Reliance Industries Ltd,2024-04-10,76108,2615.35,199049057.8,225378377.78,-26329319.98,INR,PORT-048,APAC,Energy,Equity,HDFC Bank Custody,Simcorp,True,Matched,4
POS-00799,CLT0009,Emirates NBD Asset Mgmt,INE414G01012,ADANIENT,Adani Enterprises Ltd,2025-04-29,54074,2209.09,119454332.66,121459334.14,-2005001.48,INR,PORT-007,EMEA,Conglomerate,Equity,Citi India,Charles River,True,Matched,3
POS-00800,CLT0010,Abu Dhabi Investment Auth,INE090A01021,ICICIBANK,ICICI Bank Ltd,2025-03-19,30653,,,34940446.65,1189324.86,INR,PORT-025,EMEA,Banking,Equity,Citi India,Charles River,True,Matched,4
POS-00801,CLT0008,Nippon India MF,INE075A01022,WIPRO,Wipro Ltd,2024-04-05,40552,543.96,22058665.92,19637199.35,2421466.57,INR,PORT-017,APAC,IT,Equity,Deutsche Bank,Simcorp,True,Matched,8
POS-00802,CLT0010,Abu Dhabi Investment Auth,INE020B01018,NTPC,NTPC Ltd,2024-06-05,114139,358.47,40915407.33,40100401.74,815005.59,INR,PORT-012,EMEA,Utilities,Equity,Citi India,In-house,True,Matched,1
POS-00803,CLT0004,HDFC Pension Fund,INE585B01010,AXISBANK,Axis Bank Ltd,2024-11-10,58328,972.84,56743811.52,61080863.08,-4337051.56,INR,PORT-047,APAC,Banking,Equity,Axis Bank Custody,Bloomberg AIM,True,Matched,10
POS-00804,CLT0011,BlackRock India Fund,INE213A01029,MARUTI,Maruti Suzuki India Ltd,2024-10-17,127364,11828.8,1506563283.2,1482430671.79,24132611.41,INR,PORT-039,Americas,Auto,Equity,Deutsche Bank,Bloomberg AIM,True,Matched,4
POS-00805,CLT0006,LIC of India,INE414G01012,ADANIENT,Adani Enterprises Ltd,2025-05-14,111247,2670.93,297132949.71,233940428.76,63192520.95,INR,PORT-014,APAC,Conglomerate,Equity,Deutsche Bank,Simcorp,False,Matched,0
POS-00806,CLT0009,Emirates NBD Asset Mgmt,INE213A01029,MARUTI,Maruti Suzuki India Ltd,2025-05-11,48714,13672.14,666024627.96,600631518.17,65393109.79,INR,PORT-046,EMEA,Auto,Equity,Citi India,Bloomberg AIM,True,Matched,0
POS-00807,CLT0015,Norges Bank Investment Mgmt,INE031A01017,POWERGRID,Power Grid Corp of India,2024-12-10,100209,307.6,30824288.4,30713640.21,110648.19,INR,PORT-040,EMEA,Utilities,Equity,Axis Bank Custody,Charles River,True,Pending,7
POS-00808,CLT0010,Abu Dhabi Investment Auth,INE038A01020,HINDALCO,Hindalco Industries Ltd,2024-09-15,12551,714.27,8964802.77,8507343.5,457459.27,INR,PORT-028,EMEA,Metals,Equity,HDFC Bank Custody,Charles River,True,Matched,3
POS-00809,CLT0012,Vanguard Emerging Markets,INE721A01013,SUNPHARMA,Sun Pharmaceutical Ltd,2025-01-12,196699,1833.12,360572870.88,329076383.88,31496487.0,INR,PORT-049,Americas,Pharma,Equity,HDFC Bank Custody,Bloomberg AIM,True,Matched,3
POS-00810,CLT0014,Temasek Holdings,INE002A01018,RELIANCE,Reliance Industries Ltd,2024-04-29,170887,2644.22,451862823.14,474883933.51,-23021110.37,INR,PORT-024,APAC,Energy,Equity,Deutsche Bank,Bloomberg AIM,True,Matched,10
POS-00811,CLT0001,Tata Investment Corp,INE154A01025,ITC,ITC Ltd,2024-04-10,122317,432.68,52924119.56,50673817.9,2250301.66,INR,PORT-024,APAC,FMCG,Equity,Axis Bank Custody,Charles River,True,Matched,10
POS-00812,CLT0002,Aditya Birla Capital,INE066A01021,ONGC,Oil & Natural Gas Corp,2025-05-05,28172,280.73,7908725.56,7628557.0,280168.56,INR,PORT-040,APAC,Energy,Equity,Citi India,In-house,False,Matched,10
POS-00813,CLT0010,Abu Dhabi Investment Auth,INE414G01012,ADANIENT,Adani Enterprises Ltd,2024-08-27,41744,2420.11,101025071.84,95883026.82,5142045.02,INR,PORT-035,EMEA,Conglomerate,Equity,Axis Bank Custody,Charles River,True,Matched,4
POS-00814,CLT0003,SBI Life Insurance,INE075A01022,WIPRO,Wipro Ltd,2025-02-18,155992,548.12,85502335.04,82703190.58,2799144.46,INR,PORT-027,APAC,IT,Equity,Deutsche Bank,Bloomberg AIM,True,Matched,8
POS-00815,CLT0006,LIC of India,INE117A01022,BHARTIARTL,Bharti Airtel Ltd,2024-01-13,120957,1326.27,160421640.39,148130290.97,12291349.42,INR,PORT-002,APAC,Telecom,Equity,Citi India,Bloomberg AIM,True,Matched,8
POS-00816,CLT0013,GIC Private Ltd Singapore,INE721A01013,SUNPHARMA,Sun Pharmaceutical Ltd,2024-03-04,148880,1718.44,255841347.2,247768811.28,8072535.92,INR,PORT-010,APAC,Pharma,Equity,HDFC Bank Custody,Charles River,True,Matched,1
POS-00817,CLT0001,Tata Investment Corp,INE296A01024,BAJFINANCE,Bajaj Finance Ltd,2024-05-19,199520,6396.68,1276265593.6,1387376084.86,-111110491.26,INR,PORT-038,APAC,NBFC,Equity,HDFC Bank Custody,Simcorp,False,Matched,8
POS-00818,CLT0013,GIC Private Ltd Singapore,INE467B01029,TCS,Tata Consultancy Services,2024-11-20,20281,4077.39,82693546.59,74098770.4,8594776.19,INR,PORT-013,APAC,IT,Equity,HDFC Bank Custody,Simcorp,False,Pending,4
POS-00819,CLT0006,LIC of India,INE031A01017,POWERGRID,Power Grid Corp of India,2024-05-24,14340,338.18,4849501.2,4628512.51,220988.69,INR,PORT-029,APAC,Utilities,Equity,HDFC Bank Custody,Charles River,True,Break,0
POS-00820,CLT0012,Vanguard Emerging Markets,INE154A01025,ITC,ITC Ltd,2025-05-02,136836,444.63,60841390.68,63783831.3,-2942440.62,INR,PORT-008,Americas,FMCG,Equity,Citi India,Bloomberg AIM,True,Matched,10
POS-00821,CLT0013,GIC Private Ltd Singapore,INE213A01029,MARUTI,Maruti Suzuki India Ltd,2024-01-30,47390,12218.9,579053671.0,579444858.01,-391187.01,INR,PORT-022,APAC,Auto,Equity,HDFC Bank Custody,In-house,True,Matched,1
POS-00822,CLT0008,Nippon India MF,INE296A01024,BAJFINANCE,Bajaj Finance Ltd,2025-01-11,4156,7780.08,32334012.48,29282892.62,3051119.86,INR,PORT-019,APAC,NBFC,Equity,HDFC Bank Custody,Bloomberg AIM,True,Matched,2
POS-00823,CLT0007,ICICI Prudential AMC,INE075A01022,WIPRO,Wipro Ltd,2024-05-17,191699,502.8,96386257.2,91236351.14,5149906.06,INR,PORT-024,APAC,IT,Equity,Axis Bank Custody,Simcorp,True,Matched,5
POS-00824,CLT0009,Emirates NBD Asset Mgmt,INE020B01018,NTPC,NTPC Ltd,2024-03-01,19707,395.52,7794512.64,7147548.33,646964.31,INR,PORT-018,EMEA,Utilities,Equity,Citi India,In-house,True,Matched,7
POS-00825,CLT0014,Temasek Holdings,INE467B01029,TCS,Tata Consultancy Services,2025-04-11,50324,3661.76,184274410.24,198939122.16,-14664711.92,INR,PORT-007,APAC,IT,Equity,HDFC Bank Custody,Charles River,True,Matched,5
POS-00826,CLT0013,GIC Private Ltd Singapore,INE038A01020,HINDALCO,Hindalco Industries Ltd,2024-12-16,177213,707.79,125429589.27,101719303.95,23710285.32,INR,PORT-024,APAC,Metals,Equity,HDFC Bank Custody,Bloomberg AIM,True,Matched,4
POS-00827,CLT0001,Tata Investment Corp,INE117A01022,BHARTIARTL,Bharti Airtel Ltd,2025-01-16,35009,1304.19,45658387.71,50025028.4,-4366640.69,INR,PORT-041,APAC,Telecom,Equity,Citi India,Charles River,True,Matched,4
POS-00828,CLT0009,Emirates NBD Asset Mgmt,INE040A01034,HDFCBANK,HDFC Bank Ltd,2024-12-20,30302,1733.11,52516699.22,45935736.94,6580962.28,INR,PORT-006,EMEA,Banking,Equity,Citi India,In-house,True,Matched,2
POS-00829,CLT0002,Aditya Birla Capital,INE414G01012,ADANIENT,Adani Enterprises Ltd,2024-04-02,104582,2479.88,259350810.16,263713664.04,-4362853.88,INR,PORT-036,APAC,Conglomerate,Equity,Deutsche Bank,In-house,True,Matched,7
POS-00830,CLT0009,Emirates NBD Asset Mgmt,INE009A01021,INFY,Infosys Ltd,2024-04-11,20609,1584.71,32659288.39,29170151.24,3489137.15,INR,PORT-020,EMEA,IT,Equity,Citi India,In-house,True,Matched,1
POS-00831,CLT0011,BlackRock India Fund,INE002A01018,RELIANCE,Reliance Industries Ltd,2024-08-30,195021,2973.45,579885192.45,472624518.52,107260673.93,INR,PORT-041,Americas,Energy,Equity,HDFC Bank Custody,Charles River,False,Matched,1
POS-00832,CLT0002,Aditya Birla Capital,INE296A01024,BAJFINANCE,Bajaj Finance Ltd,2024-06-01,185129,6501.65,1203643962.85,1162653226.08,40990736.77,INR,PORT-041,APAC,NBFC,Equity,HDFC Bank Custody,Simcorp,True,Matched,4
POS-00833,CLT0007,ICICI Prudential AMC,INE721A01013,SUNPHARMA,Sun Pharmaceutical Ltd,2024-11-16,149158,1668.05,248803001.9,220348998.41,28454003.49,INR,PORT-021,APAC,Pharma,Equity,Citi India,Charles River,True,Pending,0
POS-00834,CLT0015,Norges Bank Investment Mgmt,INE002A01018,RELIANCE,Reliance Industries Ltd,2024-08-02,24469,2901.72,71002186.68,69463084.17,1539102.51,INR,PORT-015,EMEA,Energy,Equity,Axis Bank Custody,Simcorp,True,Matched,1
POS-00835,CLT0006,LIC of India,INE018A01030,LARSEN,Larsen & Toubro Ltd,2024-04-11,23906,3771.63,90164586.78,77911282.6,12253304.18,INR,PORT-029,APAC,Infrastructure,Equity,Citi India,In-house,True,Matched,1
POS-00836,CLT0011,BlackRock India Fund,INE117A01022,BHARTIARTL,Bharti Airtel Ltd,2025-01-10,190117,1362.74,259080040.58,246491639.28,12588401.3,INR,PORT-045,Americas,Telecom,Equity,Axis Bank Custody,Bloomberg AIM,False,Matched,2
POS-00837,CLT0005,Kotak Mahindra AMC,INE038A01020,HINDALCO,Hindalco Industries Ltd,2025-03-29,137669,715.26,98469128.94,79151214.88,19317914.06,INR,PORT-025,APAC,Metals,Equity,Citi India,Charles River,True,Matched,4
POS-00838,CLT0006,LIC of India,INE040A01034,HDFCBANK,HDFC Bank Ltd,2025-03-11,97462,1600.54,155991829.48,149945516.83,6046312.65,INR,PORT-030,APAC,Banking,Equity,Axis Bank Custody,Bloomberg AIM,True,Matched,6
POS-00839,CLT0011,BlackRock India Fund,INE296A01024,BAJFINANCE,Bajaj Finance Ltd,2024-12-28,106338,6606.86,702560278.68,652981310.3,49578968.38,INR,PORT-001,Americas,NBFC,Equity,Deutsche Bank,Simcorp,False,Matched,2
POS-00840,CLT0002,Aditya Birla Capital,INE296A01024,BAJFINANCE,Bajaj Finance Ltd,2024-08-12,164096,6430.58,1055232455.68,1177167046.87,-121934591.19,INR,PORT-028,APAC,NBFC,Equity,Citi India,Charles River,True,Matched,8
POS-00841,CLT0013,GIC Private Ltd Singapore,INE066A01021,ONGC,Oil & Natural Gas Corp,2025-03-07,145929,274.1,39999138.9,40902878.08,-903739.18,INR,PORT-047,APAC,Energy,Equity,HDFC Bank Custody,Simcorp,True,Matched,5
POS-00842,CLT0002,Aditya Birla Capital,INE414G01012,ADANIENT,Adani Enterprises Ltd,2024-06-11,42163,2612.53,110152102.39,94962274.27,15189828.12,INR,PORT-045,APAC,Conglomerate,Equity,Deutsche Bank,Bloomberg AIM,True,Matched,6
POS-00843,CLT0008,Nippon India MF,INE213A01029,MARUTI,Maruti Suzuki India Ltd,2025-01-30,25437,12378.04,314860203.48,284056054.32,30804149.16,INR,PORT-006,APAC,Auto,Equity,HDFC Bank Custody,Charles River,True,Matched,1
POS-00844,CLT0012,Vanguard Emerging Markets,INE038A01020,HINDALCO,Hindalco Industries Ltd,2024-06-21,172764,596.34,103026083.76,114435375.55,-11409291.79,INR,PORT-013,Americas,Metals,Equity,Deutsche Bank,In-house,True,Matched,2
POS-00845,CLT0003,SBI Life Insurance,INE213A01029,MARUTI,Maruti Suzuki India Ltd,2024-06-22,95275,13366.88,1273529492.0,1148892038.93,124637453.07,INR,PORT-006,APAC,Auto,Equity,Deutsche Bank,Bloomberg AIM,True,Break,3
POS-00846,CLT0006,LIC of India,INE296A01024,BAJFINANCE,Bajaj Finance Ltd,2024-09-19,159726,7523.3,1201666615.8,1085406504.59,116260111.21,INR,PORT-034,APAC,NBFC,Equity,Citi India,Bloomberg AIM,True,Matched,10
POS-00847,CLT0012,Vanguard Emerging Markets,INE038A01020,HINDALCO,Hindalco Industries Ltd,2025-02-23,50616,693.24,35089035.84,30268076.1,4820959.74,INR,PORT-010,Americas,Metals,Equity,Axis Bank Custody,In-house,True,Matched,1
POS-00848,CLT0002,Aditya Birla Capital,INE002A01018,RELIANCE,Reliance Industries Ltd,2025-04-06,187137,2702.05,505653530.85,513632236.13,-7978705.28,INR,PORT-014,APAC,Energy,Equity,HDFC Bank Custody,Bloomberg AIM,True,Matched,7
POS-00849,CLT0006,LIC of India,INE213A01029,MARUTI,Maruti Suzuki India Ltd,2025-01-11,145765,12311.75,1794622238.75,1830836273.55,-36214034.8,INR,PORT-043,APAC,Auto,Equity,HDFC Bank Custody,Bloomberg AIM,False,Matched,5
POS-00850,CLT0006,LIC of India,INE213A01029,MARUTI,Maruti Suzuki India Ltd,2025-03-03,193380,11521.04,2227938715.2,2375395843.28,-147457128.08,INR,PORT-003,APAC,Auto,Equity,HDFC Bank Custody,Simcorp,True,Matched,7
POS-00851,CLT0010,Abu Dhabi Investment Auth,INE018A01030,LARSEN,Larsen & Toubro Ltd,2024-04-08,2318,3483.0,8073594.0,8644708.73,-571114.73,INR,PORT-050,EMEA,Infrastructure,Equity,HDFC Bank Custody,Charles River,True,Matched,4
POS-00852,CLT0013,GIC Private Ltd Singapore,INE038A01020,HINDALCO,Hindalco Industries Ltd,2024-03-09,142263,618.77,88028076.51,96886678.45,-8858601.94,INR,PORT-027,APAC,Metals,Equity,HDFC Bank Custody,In-house,True,Matched,7
POS-00853,CLT0015,Norges Bank Investment Mgmt,INE020B01018,NTPC,NTPC Ltd,2024-12-29,17924,356.79,6395103.96,5723770.71,671333.25,INR,PORT-027,EMEA,Utilities,Equity,Deutsche Bank,Charles River,True,Matched,5
POS-00854,CLT0012,Vanguard Emerging Markets,INE090A01021,ICICIBANK,ICICI Bank Ltd,2024-08-24,142124,1272.86,180903954.64,168979729.0,11924225.64,INR,PORT-006,Americas,Banking,Equity,Deutsche Bank,Bloomberg AIM,True,Matched,2
POS-00855,CLT0013,GIC Private Ltd Singapore,INE414G01012,ADANIENT,Adani Enterprises Ltd,2024-01-20,124314,2222.37,276271704.18,307897552.22,-31625848.04,INR,PORT-031,APAC,Conglomerate,Equity,Deutsche Bank,Simcorp,True,Matched,4
POS-00856,CLT0014,Temasek Holdings,INE721A01013,SUNPHARMA,Sun Pharmaceutical Ltd,2025-01-15,140556,1539.0,216315684.0,241749850.85,-25434166.85,INR,PORT-047,APAC,Pharma,Equity,Citi India,In-house,True,Matched,5
POS-00857,CLT0002,Aditya Birla Capital,INE002A01018,RELIANCE,Reliance Industries Ltd,2024-02-27,59674,3070.67,183239161.58,151393764.69,31845396.89,INR,PORT-030,APAC,Energy,Equity,HDFC Bank Custody,In-house,False,Break,1
POS-00858,CLT0015,Norges Bank Investment Mgmt,INE721A01013,SUNPHARMA,Sun Pharmaceutical Ltd,2024-05-03,44603,1519.38,67768906.14,73036023.75,-5267117.61,INR,PORT-043,EMEA,Pharma,Equity,Deutsche Bank,Charles River,True,Break,2
POS-00859,CLT0011,BlackRock India Fund,INE361B01024,HCLTECH,HCL Technologies Ltd,2024-06-08,20202,,,29623607.32,5076357.98,INR,PORT-020,Americas,IT,Equity,Citi India,In-house,True,Matched,5
POS-00860,CLT0015,Norges Bank Investment Mgmt,INE414G01012,ADANIENT,Adani Enterprises Ltd,2024-07-29,197784,2295.63,454038883.92,458551460.72,-4512576.8,INR,PORT-015,EMEA,Conglomerate,Equity,Axis Bank Custody,Bloomberg AIM,True,Matched,3
POS-00861,CLT0006,LIC of India,INE721A01013,SUNPHARMA,Sun Pharmaceutical Ltd,2024-12-01,78282,1616.12,126513105.84,132920534.02,-6407428.18,INR,PORT-016,APAC,Pharma,Equity,Axis Bank Custody,Bloomberg AIM,False,Pending,0
POS-00862,CLT0006,LIC of India,INE018A01030,LARSEN,Larsen & Toubro Ltd,2024-07-17,78072,3984.57,311083349.04,248015905.32,63067443.72,INR,PORT-030,APAC,Infrastructure,Equity,Axis Bank Custody,Bloomberg AIM,True,Matched,0
POS-00863,CLT0010,Abu Dhabi Investment Auth,INE031A01017,POWERGRID,Power Grid Corp of India,2025-01-04,20419,327.29,6682934.51,6291784.1,391150.41,INR,PORT-041,EMEA,Utilities,Equity,Deutsche Bank,In-house,True,Matched,0
POS-00864,CLT0010,Abu Dhabi Investment Auth,INE018A01030,LARSEN,Larsen & Toubro Ltd,2025-01-20,98076,,,355453757.35,-24818965.39,INR,PORT-023,EMEA,Infrastructure,Equity,Citi India,Charles River,True,Matched,2
POS-00865,CLT0001,Tata Investment Corp,INE009A01021,INFY,Infosys Ltd,2024-01-18,190873,1517.25,289602059.25,241578226.64,48023832.61,INR,PORT-030,APAC,IT,Equity,Deutsche Bank,Simcorp,True,Break,4
POS-00866,CLT0005,Kotak Mahindra AMC,INE721A01013,SUNPHARMA,Sun Pharmaceutical Ltd,2025-03-11,19819,1627.71,32259584.49,33418705.5,-1159121.01,INR,PORT-044,APAC,Pharma,Equity,Axis Bank Custody,Bloomberg AIM,False,Matched,7
POS-00867,CLT0008,Nippon India MF,INE075A01022,WIPRO,Wipro Ltd,2025-02-14,98269,513.12,50423789.28,52329985.81,-1906196.53,INR,PORT-002,APAC,IT,Equity,Axis Bank Custody,Bloomberg AIM,True,Matched,2
POS-00868,CLT0004,HDFC Pension Fund,INE361B01024,HCLTECH,HCL Technologies Ltd,2024-06-13,148467,1643.37,243986213.79,200762900.66,43223313.13,INR,PORT-048,APAC,IT,Equity,Axis Bank Custody,In-house,True,Matched,0
POS-00869,CLT0003,SBI Life Insurance,INE414G01012,ADANIENT,Adani Enterprises Ltd,2024-04-20,1760,2534.17,4460139.2,4296332.67,163806.53,INR,PORT-034,APAC,Conglomerate,Equity,Axis Bank Custody,Charles River,True,Matched,7
POS-00870,CLT0007,ICICI Prudential AMC,INE066A01021,ONGC,Oil & Natural Gas Corp,2025-04-18,129352,268.7,34756882.4,32311893.73,2444988.67,INR,PORT-035,APAC,Energy,Equity,Deutsche Bank,Charles River,True,Matched,4
POS-00871,CLT0005,Kotak Mahindra AMC,INE038A01020,HINDALCO,Hindalco Industries Ltd,2025-05-15,41449,649.25,26910763.25,26033888.78,876874.47,INR,PORT-036,APAC,Metals,Equity,HDFC Bank Custody,In-house,True,Matched,10
POS-00872,CLT0007,ICICI Prudential AMC,INE721A01013,SUNPHARMA,Sun Pharmaceutical Ltd,2024-12-12,90812,1689.96,153468647.52,146435490.38,7033157.14,INR,PORT-026,APAC,Pharma,Equity,Deutsche Bank,Simcorp,True,Matched,2
POS-00873,CLT0003,SBI Life Insurance,INE090A01021,ICICIBANK,ICICI Bank Ltd,2024-05-15,118056,1256.82,148375141.92,144381670.4,3993471.52,INR,PORT-042,APAC,Banking,Equity,Deutsche Bank,Bloomberg AIM,True,Matched,10
POS-00874,CLT0008,Nippon India MF,INE038A01020,HINDALCO,Hindalco Industries Ltd,2024-02-14,54973,637.06,35021099.38,34326882.36,694217.02,INR,PORT-026,APAC,Metals,Equity,Axis Bank Custody,Simcorp,False,Matched,4
POS-00875,CLT0015,Norges Bank Investment Mgmt,INE361B01024,HCLTECH,HCL Technologies Ltd,2024-08-13,125921,1632.18,205525737.78,206545809.82,-1020072.04,INR,PORT-050,EMEA,IT,Equity,Axis Bank Custody,In-house,True,Matched,0
POS-00876,CLT0002,Aditya Birla Capital,INE296A01024,BAJFINANCE,Bajaj Finance Ltd,2025-03-12,137830,7152.37,985811157.1,1027431477.82,-41620320.72,INR,PORT-012,APAC,NBFC,Equity,Citi India,In-house,False,Pending,0
POS-00877,CLT0011,BlackRock India Fund,INE213A01029,MARUTI,Maruti Suzuki India Ltd,2024-09-24,141890,12814.12,1818195486.8,1702895924.2,115299562.6,INR,PORT-046,Americas,Auto,Equity,Deutsche Bank,Charles River,False,Matched,0
POS-00878,CLT0008,Nippon India MF,INE001A01036,SBIN,State Bank of India,2024-07-25,140743,852.99,120052371.57,111380689.68,8671681.89,INR,PORT-026,APAC,Banking,Equity,Axis Bank Custody,Simcorp,True,Matched,8
POS-00879,CLT0014,Temasek Holdings,INE117A01022,BHARTIARTL,Bharti Airtel Ltd,2024-06-26,83859,1465.59,122902911.81,102171599.21,20731312.6,INR,PORT-019,APAC,Telecom,Equity,HDFC Bank Custody,Charles River,True,Matched,9
POS-00880,CLT0011,BlackRock India Fund,INE038A01020,HINDALCO,Hindalco Industries Ltd,2024-09-29,127452,676.31,86197062.12,83813541.22,2383520.9,INR,PORT-043,Americas,Metals,Equity,Citi India,Simcorp,True,Pending,4
POS-00881,CLT0014,Temasek Holdings,INE213A01029,MARUTI,Maruti Suzuki India Ltd,2025-02-05,107942,13587.89,1466704022.38,1310956835.62,155747186.76,INR,PORT-050,APAC,Auto,Equity,Deutsche Bank,Charles River,True,Matched,1
POS-00882,CLT0006,LIC of India,INE001A01036,SBIN,State Bank of India,2024-04-04,181905,837.26,152301780.3,122812088.31,29489691.99,INR,PORT-009,APAC,Banking,Equity,Deutsche Bank,In-house,False,Matched,2
POS-00883,CLT0006,LIC of India,INE018A01030,LARSEN,Larsen & Toubro Ltd,2024-08-19,188788,3640.01,687190207.88,719132442.37,-31942234.49,INR,PORT-013,APAC,Infrastructure,Equity,Deutsche Bank,Bloomberg AIM,True,Matched,0
POS-00884,CLT0003,SBI Life Insurance,INE075A01022,WIPRO,Wipro Ltd,2024-02-12,121905,542.53,66137119.65,54905494.07,11231625.58,INR,PORT-004,APAC,IT,Equity,HDFC Bank Custody,Charles River,True,Matched,8
POS-00885,CLT0001,Tata Investment Corp,INE040A01034,HDFCBANK,HDFC Bank Ltd,2024-09-30,189195,1705.79,322726939.05,320212157.87,2514781.18,INR,PORT-021,APAC,Banking,Equity,Deutsche Bank,Simcorp,True,Matched,4
POS-00886,CLT0003,SBI Life Insurance,INE296A01024,BAJFINANCE,Bajaj Finance Ltd,2025-03-28,147405,6646.27,979693429.35,928989629.51,50703799.84,INR,PORT-043,APAC,NBFC,Equity,HDFC Bank Custody,Charles River,True,Matched,4
POS-00887,CLT0009,Emirates NBD Asset Mgmt,INE018A01030,LARSEN,Larsen & Toubro Ltd,2024-09-19,65764,3546.58,233237287.12,229206717.66,4030569.46,INR,PORT-025,EMEA,Infrastructure,Equity,Citi India,Charles River,True,Pending,7
POS-00888,CLT0009,Emirates NBD Asset Mgmt,INE001A01036,SBIN,State Bank of India,2024-08-06,72033,820.08,59072822.64,48960577.43,10112245.21,INR,PORT-042,EMEA,Banking,Equity,Axis Bank Custody,In-house,True,Matched,4
POS-00889,CLT0014,Temasek Holdings,INE117A01022,BHARTIARTL,Bharti Airtel Ltd,2024-06-27,160447,1397.01,224146063.47,233166548.16,-9020484.69,INR,PORT-047,APAC,Telecom,Equity,HDFC Bank Custody,Bloomberg AIM,True,Pending,0
POS-00890,CLT0005,Kotak Mahindra AMC,INE031A01017,POWERGRID,Power Grid Corp of India,2025-05-13,123018,316.54,38940117.72,36167338.65,2772779.07,INR,PORT-028,APAC,Utilities,Equity,Deutsche Bank,In-house,True,Matched,8
POS-00891,CLT0010,Abu Dhabi Investment Auth,INE031A01017,POWERGRID,Power Grid Corp of India,2025-05-19,145567,314.98,45850693.66,45937472.62,-86778.96,INR,PORT-025,EMEA,Utilities,Equity,Axis Bank Custody,Bloomberg AIM,True,Matched,4
POS-00892,CLT0011,BlackRock India Fund,INE154A01025,ITC,ITC Ltd,2024-03-29,11740,472.37,5545623.8,5279942.79,265681.01,INR,PORT-044,Americas,FMCG,Equity,HDFC Bank Custody,Bloomberg AIM,True,Matched,0
POS-00893,CLT0013,GIC Private Ltd Singapore,INE075A01022,WIPRO,Wipro Ltd,2024-02-19,19895,503.49,10016933.55,10129034.57,-112101.02,INR,PORT-033,APAC,IT,Equity,Deutsche Bank,Bloomberg AIM,True,Matched,0
POS-00894,CLT0005,Kotak Mahindra AMC,INE001A01036,SBIN,State Bank of India,2024-12-08,28857,813.55,23476612.35,23616978.47,-140366.12,INR,PORT-032,APAC,Banking,Equity,HDFC Bank Custody,Bloomberg AIM,True,Break,7
POS-00895,CLT0008,Nippon India MF,INE020B01018,NTPC,NTPC Ltd,2024-01-28,97962,329.57,32285336.34,31426819.64,858516.7,INR,PORT-011,APAC,Utilities,Equity,Citi India,Bloomberg AIM,True,Matched,7
POS-00896,CLT0012,Vanguard Emerging Markets,INE038A01020,HINDALCO,Hindalco Industries Ltd,2024-08-06,75718,625.66,47373723.88,45042317.22,2331406.66,INR,PORT-035,Americas,Metals,Equity,Deutsche Bank,In-house,True,Matched,1
POS-00897,CLT0014,Temasek Holdings,INE040A01034,HDFCBANK,HDFC Bank Ltd,2025-05-19,55251,1503.47,83068220.97,92759170.46,-9690949.49,INR,PORT-023,APAC,Banking,Equity,Deutsche Bank,Charles River,True,Matched,7
POS-00898,CLT0001,Tata Investment Corp,INE585B01010,AXISBANK,Axis Bank Ltd,2024-06-24,196318,1019.66,200177611.88,178394786.33,21782825.55,INR,PORT-028,APAC,Banking,Equity,Deutsche Bank,Simcorp,True,Matched,8
POS-00899,CLT0003,SBI Life Insurance,INE154A01025,ITC,ITC Ltd,2025-04-11,71655,437.66,31360527.3,32755163.12,-1394635.82,INR,PORT-006,APAC,FMCG,Equity,Axis Bank Custody,Simcorp,False,Matched,8
POS-00900,CLT0010,Abu Dhabi Investment Auth,INE038A01020,HINDALCO,Hindalco Industries Ltd,2024-11-11,136735,619.8,84748353.0,80426479.92,4321873.08,INR,PORT-031,EMEA,Metals,Equity,HDFC Bank Custody,Simcorp,True,Pending,5
POS-00901,CLT0001,Tata Investment Corp,INE414G01012,ADANIENT,Adani Enterprises Ltd,2025-04-07,174296,2407.16,419558359.36,405521815.56,14036543.8,INR,PORT-040,APAC,Conglomerate,Equity,Axis Bank Custody,Simcorp,True,Matched,5
POS-00902,CLT0012,Vanguard Emerging Markets,INE721A01013,SUNPHARMA,Sun Pharmaceutical Ltd,2024-11-04,123418,1621.5,200122287.0,179118838.01,21003448.99,INR,PORT-015,Americas,Pharma,Equity,HDFC Bank Custody,Simcorp,True,Matched,6
POS-00903,CLT0014,Temasek Holdings,INE038A01020,HINDALCO,Hindalco Industries Ltd,2024-12-10,128023,621.84,79609822.32,76864970.16,2744852.16,INR,PORT-025,APAC,Metals,Equity,Deutsche Bank,Simcorp,True,Break,3
POS-00904,CLT0005,Kotak Mahindra AMC,INE031A01017,POWERGRID,Power Grid Corp of India,2024-07-09,112546,316.78,35652321.88,35159479.72,492842.16,INR,PORT-001,APAC,Utilities,Equity,HDFC Bank Custody,Charles River,True,Matched,5
POS-00905,CLT0012,Vanguard Emerging Markets,INE038A01020,HINDALCO,Hindalco Industries Ltd,2024-04-07,125341,611.85,76689890.85,81815993.07,-5126102.22,INR,PORT-031,Americas,Metals,Equity,Deutsche Bank,Bloomberg AIM,True,Matched,1
POS-00906,CLT0003,SBI Life Insurance,INE018A01030,LARSEN,Larsen & Toubro Ltd,2024-02-26,102439,3508.16,359372402.24,330753533.13,28618869.11,INR,PORT-036,APAC,Infrastructure,Equity,Citi India,Charles River,False,Matched,8
POS-00907,CLT0008,Nippon India MF,INE002A01018,RELIANCE,Reliance Industries Ltd,2024-07-31,65883,2812.78,185314384.74,193055945.97,-7741561.23,INR,PORT-046,APAC,Energy,Equity,Deutsche Bank,In-house,True,Matched,5
POS-00908,CLT0012,Vanguard Emerging Markets,INE031A01017,POWERGRID,Power Grid Corp of India,2025-01-10,163159,283.67,46283313.53,44888467.65,1394845.88,INR,PORT-026,Americas,Utilities,Equity,Deutsche Bank,Charles River,True,Pending,3
POS-00909,CLT0007,ICICI Prudential AMC,INE066A01021,ONGC,Oil & Natural Gas Corp,2024-06-19,38129,253.2,9654262.8,9105081.83,549180.97,INR,PORT-005,APAC,Energy,Equity,HDFC Bank Custody,In-house,True,Matched,0
POS-00910,CLT0009,Emirates NBD Asset Mgmt,INE040A01034,HDFCBANK,HDFC Bank Ltd,2025-05-20,37201,1515.93,56394111.93,54067774.94,2326336.99,INR,PORT-048,EMEA,Banking,Equity,Axis Bank Custody,Bloomberg AIM,True,Matched,5
POS-00911,CLT0013,GIC Private Ltd Singapore,INE117A01022,BHARTIARTL,Bharti Airtel Ltd,2024-09-27,13423,,,17443961.54,1322734.76,INR,PORT-005,APAC,Telecom,Equity,Citi India,Bloomberg AIM,True,Matched,1
POS-00912,CLT0008,Nippon India MF,INE721A01013,SUNPHARMA,Sun Pharmaceutical Ltd,2025-02-18,141150,1572.93,222019069.5,218277429.97,3741639.53,INR,PORT-037,APAC,Pharma,Equity,HDFC Bank Custody,Bloomberg AIM,False,Matched,0
POS-00913,CLT0007,ICICI Prudential AMC,INE117A01022,BHARTIARTL,Bharti Airtel Ltd,2024-07-25,85485,1267.2,108326592.0,115962550.92,-7635958.92,INR,PORT-033,APAC,Telecom,Equity,Deutsche Bank,In-house,True,Matched,2
POS-00914,CLT0015,Norges Bank Investment Mgmt,INE414G01012,ADANIENT,Adani Enterprises Ltd,2024-01-11,52104,2264.35,117981692.4,133714354.91,-15732662.51,INR,PORT-004,EMEA,Conglomerate,Equity,Axis Bank Custody,Simcorp,False,Matched,6
POS-00915,CLT0003,SBI Life Insurance,INE296A01024,BAJFINANCE,Bajaj Finance Ltd,2025-03-03,195008,7047.48,1374314979.84,1435279909.14,-60964929.3,INR,PORT-045,APAC,NBFC,Equity,Deutsche Bank,Charles River,True,Matched,1
POS-00916,CLT0010,Abu Dhabi Investment Auth,INE213A01029,MARUTI,Maruti Suzuki India Ltd,2024-11-21,67913,13511.49,917605820.37,813872864.41,103732955.96,INR,PORT-020,EMEA,Auto,Equity,Citi India,In-house,True,Matched,10
POS-00917,CLT0007,ICICI Prudential AMC,INE090A01021,ICICIBANK,ICICI Bank Ltd,2024-03-02,161463,1328.52,214506824.76,198783954.64,15722870.12,INR,PORT-020,APAC,Banking,Equity,HDFC Bank Custody,Bloomberg AIM,True,Break,0
POS-00918,CLT0004,HDFC Pension Fund,INE467B01029,TCS,Tata Consultancy Services,2024-08-15,199740,4265.57,852004951.8,735586416.68,116418535.12,INR,PORT-018,APAC,IT,Equity,Citi India,Bloomberg AIM,True,Matched,8
POS-00919,CLT0004,HDFC Pension Fund,INE075A01022,WIPRO,Wipro Ltd,2025-03-09,47802,483.32,23103662.64,24424649.18,-1320986.54,INR,PORT-035,APAC,IT,Equity,Axis Bank Custody,Charles River,True,Matched,2
POS-00920,CLT0014,Temasek Holdings,INE154A01025,ITC,ITC Ltd,2024-05-17,55308,485.52,26853140.16,22455123.86,4398016.3,INR,PORT-018,APAC,FMCG,Equity,HDFC Bank Custody,In-house,True,Matched,8
POS-00921,CLT0014,Temasek Holdings,INE213A01029,MARUTI,Maruti Suzuki India Ltd,2024-12-23,115080,11720.98,1348850378.4,1262599466.73,86250911.67,INR,PORT-023,APAC,Auto,Equity,HDFC Bank Custody,Bloomberg AIM,True,Matched,10
POS-00922,CLT0008,Nippon India MF,INE090A01021,ICICIBANK,ICICI Bank Ltd,2024-11-15,159985,1302.53,208385262.05,206498160.05,1887102.0,INR,PORT-020,APAC,Banking,Equity,HDFC Bank Custody,Simcorp,True,Matched,9
POS-00923,CLT0015,Norges Bank Investment Mgmt,INE117A01022,BHARTIARTL,Bharti Airtel Ltd,2024-06-12,59559,1274.96,75935342.64,76125002.31,-189659.67,INR,PORT-023,EMEA,Telecom,Equity,HDFC Bank Custody,Bloomberg AIM,True,Matched,5
POS-00924,CLT0006,LIC of India,INE414G01012,ADANIENT,Adani Enterprises Ltd,2024-04-18,26324,2669.0,70258756.0,66802357.87,3456398.13,INR,PORT-015,APAC,Conglomerate,Equity,Axis Bank Custody,Charles River,True,Matched,8
POS-00925,CLT0005,Kotak Mahindra AMC,INE090A01021,ICICIBANK,ICICI Bank Ltd,2025-04-22,67640,1212.26,81997266.4,71569819.26,10427447.14,INR,PORT-043,APAC,Banking,Equity,Axis Bank Custody,Bloomberg AIM,True,Matched,10
POS-00926,CLT0014,Temasek Holdings,INE721A01013,SUNPHARMA,Sun Pharmaceutical Ltd,2024-06-07,29111,1696.52,49387393.72,43778834.6,5608559.12,INR,PORT-026,APAC,Pharma,Equity,Deutsche Bank,Simcorp,True,Matched,7
POS-00927,CLT0004,HDFC Pension Fund,INE585B01010,AXISBANK,Axis Bank Ltd,2024-02-04,128204,1083.83,138951341.32,124150704.06,14800637.26,INR,PORT-026,APAC,Banking,Equity,HDFC Bank Custody,Simcorp,True,Matched,9
POS-00928,CLT0002,Aditya Birla Capital,INE020B01018,NTPC,NTPC Ltd,2024-04-29,48693,358.05,17434528.65,15033511.44,2401017.21,INR,PORT-010,APAC,Utilities,Equity,Citi India,Charles River,True,Matched,5
POS-00929,CLT0014,Temasek Holdings,INE213A01029,MARUTI,Maruti Suzuki India Ltd,2024-12-26,191157,13050.54,2494702074.78,2079917468.05,414784606.73,INR,PORT-045,APAC,Auto,Equity,HDFC Bank Custody,Simcorp,True,Matched,6
POS-00930,CLT0010,Abu Dhabi Investment Auth,INE002A01018,RELIANCE,Reliance Industries Ltd,2025-03-18,94719,2784.01,263698643.19,234042870.36,29655772.83,INR,PORT-048,EMEA,Energy,Equity,Axis Bank Custody,Charles River,True,Matched,7
POS-00931,CLT0009,Emirates NBD Asset Mgmt,INE001A01036,SBIN,State Bank of India,2024-07-03,113424,749.46,85006751.04,79401626.11,5605124.93,INR,PORT-038,EMEA,Banking,Equity,Citi India,Simcorp,True,Matched,6
POS-00932,CLT0002,Aditya Birla Capital,INE296A01024,BAJFINANCE,Bajaj Finance Ltd,2025-05-17,69142,7211.12,498591259.04,466519459.47,32071799.57,INR,PORT-038,APAC,NBFC,Equity,Citi India,Bloomberg AIM,True,Matched,10
POS-00933,CLT0006,LIC of India,INE020B01018,NTPC,NTPC Ltd,2024-08-09,170051,352.42,59929373.42,63071779.21,-3142405.79,INR,PORT-043,APAC,Utilities,Equity,Deutsche Bank,In-house,False,Matched,2
POS-00934,CLT0001,Tata Investment Corp,INE075A01022,WIPRO,Wipro Ltd,2025-01-28,109564,552.16,60496858.24,57087714.83,3409143.41,INR,PORT-043,APAC,IT,Equity,Axis Bank Custody,Simcorp,True,Matched,3
POS-00935,CLT0001,Tata Investment Corp,INE040A01034,HDFCBANK,HDFC Bank Ltd,2024-06-28,52443,1717.12,90050924.16,83494100.05,6556824.11,INR,PORT-046,APAC,Banking,Equity,Citi India,Simcorp,True,Pending,3
POS-00936,CLT0012,Vanguard Emerging Markets,INE090A01021,ICICIBANK,ICICI Bank Ltd,2025-01-03,76481,1269.04,97057448.24,81354264.39,15703183.85,INR,PORT-034,Americas,Banking,Equity,Deutsche Bank,Charles River,True,Matched,8
POS-00937,CLT0015,Norges Bank Investment Mgmt,INE585B01010,AXISBANK,Axis Bank Ltd,2025-03-02,22898,1132.67,25935877.66,21332898.38,4602979.28,INR,PORT-047,EMEA,Banking,Equity,Axis Bank Custody,In-house,True,Break,7
POS-00938,CLT0013,GIC Private Ltd Singapore,INE038A01020,HINDALCO,Hindalco Industries Ltd,2024-09-11,55473,632.09,35063928.57,36140531.72,-1076603.15,INR,PORT-013,APAC,Metals,Equity,Axis Bank Custody,Bloomberg AIM,False,Matched,10
POS-00939,CLT0002,Aditya Birla Capital,INE020B01018,NTPC,NTPC Ltd,2024-02-18,129232,356.54,46076377.28,41646994.34,4429382.94,INR,PORT-003,APAC,Utilities,Equity,Axis Bank Custody,Bloomberg AIM,False,Matched,3
POS-00940,CLT0002,Aditya Birla Capital,INE213A01029,MARUTI,Maruti Suzuki India Ltd,2024-08-20,131075,12315.91,1614307903.25,1513913907.71,100393995.54,INR,PORT-031,APAC,Auto,Equity,HDFC Bank Custody,Simcorp,True,Matched,0
POS-00941,CLT0013,GIC Private Ltd Singapore,INE002A01018,RELIANCE,Reliance Industries Ltd,2024-02-16,4526,3064.59,13870334.34,11116394.86,2753939.48,INR,PORT-044,APAC,Energy,Equity,Axis Bank Custody,Bloomberg AIM,True,Matched,0
POS-00942,CLT0015,Norges Bank Investment Mgmt,INE090A01021,ICICIBANK,ICICI Bank Ltd,2025-01-07,2604,1135.76,2957519.04,2904278.73,53240.31,INR,PORT-050,EMEA,Banking,Equity,Axis Bank Custody,Bloomberg AIM,True,Matched,1
POS-00943,CLT0003,SBI Life Insurance,INE031A01017,POWERGRID,Power Grid Corp of India,2025-04-25,122677,331.88,40714042.76,35077164.73,5636878.03,INR,PORT-042,APAC,Utilities,Equity,Citi India,In-house,False,Matched,1
POS-00944,CLT0012,Vanguard Emerging Markets,INE038A01020,HINDALCO,Hindalco Industries Ltd,2024-06-07,194918,710.41,138471696.38,124102356.85,14369339.53,INR,PORT-007,Americas,Metals,Equity,Deutsche Bank,Charles River,True,Matched,5
POS-00945,CLT0013,GIC Private Ltd Singapore,INE018A01030,LARSEN,Larsen & Toubro Ltd,2025-03-28,116663,3510.99,409602626.37,446919972.26,-37317345.89,INR,PORT-038,APAC,Infrastructure,Equity,HDFC Bank Custody,Simcorp,True,Matched,1
POS-00946,CLT0003,SBI Life Insurance,INE018A01030,LARSEN,Larsen & Toubro Ltd,2025-01-20,183304,,,637065522.41,55183866.63,INR,PORT-015,APAC,Infrastructure,Equity,Axis Bank Custody,Charles River,True,Matched,6
POS-00947,CLT0010,Abu Dhabi Investment Auth,INE467B01029,TCS,Tata Consultancy Services,2025-02-15,123735,3947.2,488406792.0,449012350.31,39394441.69,INR,PORT-005,EMEA,IT,Equity,Axis Bank Custody,In-house,True,Matched,9
POS-00948,CLT0007,ICICI Prudential AMC,INE467B01029,TCS,Tata Consultancy Services,2025-03-08,191774,4191.12,803747846.88,662720446.02,141027400.86,INR,PORT-046,APAC,IT,Equity,Citi India,In-house,True,Matched,8
POS-00949,CLT0012,Vanguard Emerging Markets,INE213A01029,MARUTI,Maruti Suzuki India Ltd,2025-04-16,99283,12429.02,1233990392.66,1155545142.77,78445249.89,INR,PORT-035,Americas,Auto,Equity,Citi India,Simcorp,True,Matched,10
POS-00950,CLT0010,Abu Dhabi Investment Auth,INE001A01036,SBIN,State Bank of India,2024-09-03,122129,778.51,95078647.79,93648361.83,1430285.96,INR,PORT-041,EMEA,Banking,Equity,HDFC Bank Custody,Bloomberg AIM,False,Matched,6
POS-00951,CLT0003,SBI Life Insurance,INE038A01020,HINDALCO,Hindalco Industries Ltd,2024-05-07,50868,680.55,34618217.4,30114888.61,4503328.79,INR,PORT-015,APAC,Metals,Equity,Axis Bank Custody,Simcorp,True,Matched,1
POS-00952,CLT0007,ICICI Prudential AMC,INE075A01022,WIPRO,Wipro Ltd,2024-07-26,131246,526.49,69099706.54,64136629.98,4963076.56,INR,PORT-029,APAC,IT,Equity,Axis Bank Custody,Simcorp,True,Matched,5
POS-00953,CLT0002,Aditya Birla Capital,INE154A01025,ITC,ITC Ltd,2025-04-25,121062,511.03,61866313.86,48600824.56,13265489.3,INR,PORT-014,APAC,FMCG,Equity,HDFC Bank Custody,Simcorp,True,Matched,8
POS-00954,CLT0003,SBI Life Insurance,INE031A01017,POWERGRID,Power Grid Corp of India,2025-03-30,165286,,,45967106.44,6180626.56,INR,PORT-046,APAC,Utilities,Equity,Axis Bank Custody,Simcorp,True,Matched,7
POS-00955,CLT0010,Abu Dhabi Investment Auth,INE117A01022,BHARTIARTL,Bharti Airtel Ltd,2024-09-19,198837,1311.6,260794609.2,246826321.55,13968287.65,INR,PORT-044,EMEA,Telecom,Equity,HDFC Bank Custody,In-house,True,Matched,1
POS-00956,CLT0013,GIC Private Ltd Singapore,INE018A01030,LARSEN,Larsen & Toubro Ltd,2024-03-06,190901,3292.41,628524361.41,684557950.54,-56033589.13,INR,PORT-006,APAC,Infrastructure,Equity,Deutsche Bank,Simcorp,True,Matched,9
POS-00957,CLT0010,Abu Dhabi Investment Auth,INE009A01021,INFY,Infosys Ltd,2025-03-11,129491,1423.84,184374465.44,187360126.75,-2985661.31,INR,PORT-019,EMEA,IT,Equity,Citi India,In-house,True,Matched,2
POS-00958,CLT0010,Abu Dhabi Investment Auth,INE721A01013,SUNPHARMA,Sun Pharmaceutical Ltd,2025-02-28,139025,1724.1,239693002.5,209720374.44,29972628.06,INR,PORT-013,EMEA,Pharma,Equity,Citi India,Simcorp,True,Pending,0
POS-00959,CLT0005,Kotak Mahindra AMC,INE018A01030,LARSEN,Larsen & Toubro Ltd,2024-03-13,27859,3589.81,100008516.79,102282286.25,-2273769.46,INR,PORT-050,APAC,Infrastructure,Equity,Citi India,In-house,True,Matched,9
POS-00960,CLT0003,SBI Life Insurance,INE117A01022,BHARTIARTL,Bharti Airtel Ltd,2024-01-30,147207,1435.79,211358338.53,203117697.87,8240640.66,INR,PORT-010,APAC,Telecom,Equity,HDFC Bank Custody,Simcorp,False,Matched,7
POS-00961,CLT0002,Aditya Birla Capital,INE040A01034,HDFCBANK,HDFC Bank Ltd,2024-02-09,177949,1738.51,309366115.99,251883445.54,57482670.45,INR,PORT-008,APAC,Banking,Equity,HDFC Bank Custody,Simcorp,True,Matched,9
POS-00962,CLT0003,SBI Life Insurance,INE018A01030,LARSEN,Larsen & Toubro Ltd,2024-08-31,188306,3935.02,740987876.12,709318686.36,31669189.76,INR,PORT-039,APAC,Infrastructure,Equity,HDFC Bank Custody,Charles River,True,Matched,8
POS-00963,CLT0011,BlackRock India Fund,INE031A01017,POWERGRID,Power Grid Corp of India,2024-01-18,104725,285.54,29903176.5,30101524.91,-198348.41,INR,PORT-007,Americas,Utilities,Equity,HDFC Bank Custody,In-house,True,Matched,7
POS-00964,CLT0015,Norges Bank Investment Mgmt,INE090A01021,ICICIBANK,ICICI Bank Ltd,2025-03-03,23566,1185.15,27929244.9,26967166.16,962078.74,INR,PORT-021,EMEA,Banking,Equity,HDFC Bank Custody,Charles River,False,Break,5
POS-00965,CLT0010,Abu Dhabi Investment Auth,INE066A01021,ONGC,Oil & Natural Gas Corp,2025-05-20,20159,265.41,5350400.19,5438572.98,-88172.79,INR,PORT-006,EMEA,Energy,Equity,Deutsche Bank,In-house,True,Matched,3
POS-00966,CLT0004,HDFC Pension Fund,INE117A01022,BHARTIARTL,Bharti Airtel Ltd,2025-01-01,61499,1393.48,85697626.52,79493202.83,6204423.69,INR,PORT-002,APAC,Telecom,Equity,HDFC Bank Custody,In-house,False,Matched,5
POS-00967,CLT0015,Norges Bank Investment Mgmt,INE075A01022,WIPRO,Wipro Ltd,2024-01-01,83618,556.11,46500805.98,41886969.38,4613836.6,INR,PORT-027,EMEA,IT,Equity,Deutsche Bank,Charles River,True,Matched,6
POS-00968,CLT0010,Abu Dhabi Investment Auth,INE213A01029,MARUTI,Maruti Suzuki India Ltd,2024-11-16,112436,13681.09,1538247035.24,1361431648.45,176815386.79,INR,PORT-033,EMEA,Auto,Equity,HDFC Bank Custody,Charles River,True,Matched,5
POS-00969,CLT0005,Kotak Mahindra AMC,INE154A01025,ITC,ITC Ltd,2024-08-09,72711,469.42,34131997.62,32687965.19,1444032.43,INR,PORT-044,APAC,FMCG,Equity,Deutsche Bank,Charles River,True,Matched,0
POS-00970,CLT0004,HDFC Pension Fund,INE090A01021,ICICIBANK,ICICI Bank Ltd,2024-02-08,92554,1298.25,120158230.5,103916600.2,16241630.3,INR,PORT-025,APAC,Banking,Equity,Axis Bank Custody,Charles River,True,Matched,6
POS-00971,CLT0002,Aditya Birla Capital,INE066A01021,ONGC,Oil & Natural Gas Corp,2024-08-21,54096,250.82,13568358.72,12515925.3,1052433.42,INR,PORT-040,APAC,Energy,Equity,HDFC Bank Custody,Charles River,True,Pending,4
POS-00972,CLT0009,Emirates NBD Asset Mgmt,INE585B01010,AXISBANK,Axis Bank Ltd,2024-12-30,70041,,,71484015.39,5829341.64,INR,PORT-007,EMEA,Banking,Equity,Axis Bank Custody,Bloomberg AIM,True,Pending,1
POS-00973,CLT0014,Temasek Holdings,INE117A01022,BHARTIARTL,Bharti Airtel Ltd,2024-12-12,55883,1317.48,73624734.84,68377826.66,5246908.18,INR,PORT-016,APAC,Telecom,Equity,Citi India,Charles River,True,Pending,2
POS-00974,CLT0007,ICICI Prudential AMC,INE361B01024,HCLTECH,HCL Technologies Ltd,2025-02-06,95214,1576.71,150124865.94,157429128.19,-7304262.25,INR,PORT-039,APAC,IT,Equity,Axis Bank Custody,Simcorp,False,Matched,2
POS-00975,CLT0013,GIC Private Ltd Singapore,INE038A01020,HINDALCO,Hindalco Industries Ltd,2024-04-18,195531,,,110379295.58,29257212.76,INR,PORT-012,APAC,Metals,Equity,Axis Bank Custody,Bloomberg AIM,True,Break,10
POS-00976,CLT0003,SBI Life Insurance,INE018A01030,LARSEN,Larsen & Toubro Ltd,2024-07-31,70821,3550.76,251468373.96,224337926.75,27130447.21,INR,PORT-029,APAC,Infrastructure,Equity,Citi India,Bloomberg AIM,True,Matched,0
POS-00977,CLT0010,Abu Dhabi Investment Auth,INE020B01018,NTPC,NTPC Ltd,2024-03-13,22882,330.83,7570052.06,8510407.52,-940355.46,INR,PORT-010,EMEA,Utilities,Equity,Axis Bank Custody,Charles River,False,Matched,9
POS-00978,CLT0004,HDFC Pension Fund,INE467B01029,TCS,Tata Consultancy Services,2024-04-15,192298,3692.3,710021905.4,697022474.28,12999431.12,INR,PORT-023,APAC,IT,Equity,Citi India,Charles River,True,Matched,7
POS-00979,CLT0012,Vanguard Emerging Markets,INE154A01025,ITC,ITC Ltd,2024-12-23,82052,509.79,41829289.08,32598755.24,9230533.84,INR,PORT-018,Americas,FMCG,Equity,HDFC Bank Custody,Simcorp,True,Matched,10
POS-00980,CLT0002,Aditya Birla Capital,INE020B01018,NTPC,NTPC Ltd,2024-10-08,198692,383.95,76287793.4,70330173.66,5957619.74,INR,PORT-035,APAC,Utilities,Equity,Axis Bank Custody,Bloomberg AIM,True,Matched,4
POS-00981,CLT0009,Emirates NBD Asset Mgmt,INE117A01022,BHARTIARTL,Bharti Airtel Ltd,2024-02-19,42717,1476.95,63090873.15,54928069.62,8162803.53,INR,PORT-039,EMEA,Telecom,Equity,Citi India,Bloomberg AIM,True,Matched,10
POS-00982,CLT0011,BlackRock India Fund,INE721A01013,SUNPHARMA,Sun Pharmaceutical Ltd,2025-04-01,183062,1834.79,335880326.98,300879324.39,35001002.59,INR,PORT-015,Americas,Pharma,Equity,Axis Bank Custody,Charles River,True,Matched,2
POS-00983,CLT0003,SBI Life Insurance,INE090A01021,ICICIBANK,ICICI Bank Ltd,2025-05-19,113955,1165.59,132824808.45,140598816.95,-7774008.5,INR,PORT-026,APAC,Banking,Equity,HDFC Bank Custody,Charles River,True,Matched,5
POS-00984,CLT0015,Norges Bank Investment Mgmt,INE154A01025,ITC,ITC Ltd,2025-04-26,137201,490.84,67343738.84,57802862.83,9540876.01,INR,PORT-023,EMEA,FMCG,Equity,HDFC Bank Custody,Simcorp,True,Matched,1
POS-00985,CLT0007,ICICI Prudential AMC,INE414G01012,ADANIENT,Adani Enterprises Ltd,2024-05-17,82337,2310.27,190220700.99,185352976.26,4867724.73,INR,PORT-038,APAC,Conglomerate,Equity,Deutsche Bank,Bloomberg AIM,True,Matched,5
POS-00986,CLT0003,SBI Life Insurance,INE296A01024,BAJFINANCE,Bajaj Finance Ltd,2024-03-06,152288,6740.35,1026474420.8,1099805230.2,-73330809.4,INR,PORT-043,APAC,NBFC,Equity,Axis Bank Custody,Simcorp,True,Matched,9
POS-00987,CLT0006,LIC of India,INE066A01021,ONGC,Oil & Natural Gas Corp,2024-11-29,1852,283.69,525393.88,469994.26,55399.62,INR,PORT-021,APAC,Energy,Equity,Deutsche Bank,In-house,True,Matched,1
POS-00988,CLT0011,BlackRock India Fund,INE001A01036,SBIN,State Bank of India,2024-08-07,118587,706.3,83757998.1,85029157.24,-1271159.14,INR,PORT-046,Americas,Banking,Equity,HDFC Bank Custody,Bloomberg AIM,True,Pending,2
POS-00989,CLT0005,Kotak Mahindra AMC,INE002A01018,RELIANCE,Reliance Industries Ltd,2024-08-17,51667,2940.85,151944896.95,128841990.82,23102906.13,INR,PORT-040,APAC,Energy,Equity,Deutsche Bank,In-house,True,Matched,9
POS-00990,CLT0007,ICICI Prudential AMC,INE154A01025,ITC,ITC Ltd,2025-04-18,31210,450.91,14072901.1,14531282.66,-458381.56,INR,PORT-044,APAC,FMCG,Equity,Axis Bank Custody,Bloomberg AIM,True,Matched,2
POS-00991,CLT0014,Temasek Holdings,INE040A01034,HDFCBANK,HDFC Bank Ltd,2024-09-17,147215,1735.13,255437162.95,237275211.44,18161951.51,INR,PORT-042,APAC,Banking,Equity,HDFC Bank Custody,Charles River,True,Matched,2
POS-00992,CLT0003,SBI Life Insurance,INE066A01021,ONGC,Oil & Natural Gas Corp,2024-11-27,164632,249.21,41027940.72,43058282.18,-2030341.46,INR,PORT-050,APAC,Energy,Equity,Axis Bank Custody,Charles River,True,Matched,7
POS-00993,CLT0002,Aditya Birla Capital,INE031A01017,POWERGRID,Power Grid Corp of India,2024-03-21,55964,286.63,16040961.32,17729309.28,-1688347.96,INR,PORT-009,APAC,Utilities,Equity,HDFC Bank Custody,Charles River,True,Matched,10
POS-00994,CLT0003,SBI Life Insurance,INE075A01022,WIPRO,Wipro Ltd,2025-04-18,126117,530.16,66862188.72,66812967.74,49220.98,INR,PORT-030,APAC,IT,Equity,Axis Bank Custody,Simcorp,True,Matched,10
POS-00995,CLT0015,Norges Bank Investment Mgmt,INE090A01021,ICICIBANK,ICICI Bank Ltd,2025-02-08,55989,,,61486885.58,3341097.85,INR,PORT-011,EMEA,Banking,Equity,Deutsche Bank,Bloomberg AIM,True,Break,7
POS-00996,CLT0011,BlackRock India Fund,INE020B01018,NTPC,NTPC Ltd,2024-09-03,8917,324.9,2897133.3,2795446.54,101686.76,INR,PORT-007,Americas,Utilities,Equity,Deutsche Bank,Bloomberg AIM,False,Matched,2
POS-00997,CLT0007,ICICI Prudential AMC,INE721A01013,SUNPHARMA,Sun Pharmaceutical Ltd,2025-04-01,4039,1682.1,6794001.9,6848217.12,-54215.22,INR,PORT-024,APAC,Pharma,Equity,Axis Bank Custody,Bloomberg AIM,True,Matched,5
POS-00998,CLT0013,GIC Private Ltd Singapore,INE009A01021,INFY,Infosys Ltd,2025-03-16,49465,1373.53,67941661.45,75644351.75,-7702690.3,INR,PORT-003,APAC,IT,Equity,HDFC Bank Custody,In-house,False,Matched,4
POS-00999,CLT0002,Aditya Birla Capital,INE467B01029,TCS,Tata Consultancy Services,2024-10-25,116377,3614.22,420612080.94,409183005.36,11429075.58,INR,PORT-019,APAC,IT,Equity,Citi India,Charles River,True,Matched,9
POS-01000,CLT0013,GIC Private Ltd Singapore,INE002A01018,RELIANCE,Reliance Industries Ltd,2024-11-04,28201,2648.21,74682170.21,76452901.7,-1770731.49,INR,PORT-034,APAC,Energy,Equity,Axis Bank Custody,Simcorp,True,Matched,9
POS-01001,CLT0009,Emirates NBD Asset Mgmt,INE414G01012,ADANIENT,Adani Enterprises Ltd,2024-09-08,173610,2413.93,419082387.3,388104783.08,30977604.22,INR,PORT-043,EMEA,Conglomerate,Equity,Axis Bank Custody,Simcorp,True,Pending,9
POS-01002,CLT0013,GIC Private Ltd Singapore,INE001A01036,SBIN,State Bank of India,2024-10-24,127614,714.75,91212106.5,97976171.34,-6764064.84,INR,PORT-042,APAC,Banking,Equity,Citi India,Bloomberg AIM,True,Pending,9
POS-01003,CLT0012,Vanguard Emerging Markets,INE009A01021,INFY,Infosys Ltd,2025-04-16,169375,1540.61,260940818.75,231448430.28,29492388.47,INR,PORT-015,Americas,IT,Equity,Citi India,Charles River,False,Matched,1
POS-01004,CLT0003,SBI Life Insurance,INE020B01018,NTPC,NTPC Ltd,2025-05-05,53451,343.13,18340641.63,18785680.83,-445039.2,INR,PORT-024,APAC,Utilities,Equity,Deutsche Bank,In-house,True,Break,1
POS-01005,CLT0011,BlackRock India Fund,INE090A01021,ICICIBANK,ICICI Bank Ltd,2024-01-29,58498,1250.41,73146484.18,62589723.58,10556760.6,INR,PORT-020,Americas,Banking,Equity,Axis Bank Custody,Bloomberg AIM,True,Break,8
POS-01006,CLT0010,Abu Dhabi Investment Auth,INE038A01020,HINDALCO,Hindalco Industries Ltd,2024-11-01,89105,674.76,60124489.8,51336724.22,8787765.58,INR,PORT-010,EMEA,Metals,Equity,Citi India,Simcorp,True,Matched,7
POS-01007,CLT0004,HDFC Pension Fund,INE296A01024,BAJFINANCE,Bajaj Finance Ltd,2024-08-04,103762,7318.95,759428889.9,643882359.96,115546529.94,INR,PORT-015,APAC,NBFC,Equity,HDFC Bank Custody,Charles River,True,Break,0
POS-01008,CLT0012,Vanguard Emerging Markets,INE002A01018,RELIANCE,Reliance Industries Ltd,2024-01-30,24839,2888.09,71737267.51,71864011.27,-126743.76,INR,PORT-001,Americas,Energy,Equity,Citi India,Charles River,True,Matched,4
POS-01009,CLT0003,SBI Life Insurance,INE585B01010,AXISBANK,Axis Bank Ltd,2024-05-15,101278,1017.94,103094927.32,102482918.77,612008.55,INR,PORT-047,APAC,Banking,Equity,Deutsche Bank,Bloomberg AIM,True,Matched,10
POS-01010,CLT0002,Aditya Birla Capital,INE038A01020,HINDALCO,Hindalco Industries Ltd,2024-09-13,168726,670.46,113124033.96,102012528.57,11111505.39,INR,PORT-021,APAC,Metals,Equity,HDFC Bank Custody,In-house,True,Matched,3
POS-01011,CLT0010,Abu Dhabi Investment Auth,INE117A01022,BHARTIARTL,Bharti Airtel Ltd,2024-01-21,146789,1502.03,220481481.67,210085480.88,10396000.79,INR,PORT-018,EMEA,Telecom,Equity,Deutsche Bank,Simcorp,True,Matched,0
POS-01012,CLT0010,Abu Dhabi Investment Auth,INE721A01013,SUNPHARMA,Sun Pharmaceutical Ltd,2024-01-24,72011,1528.6,110076014.6,104512614.27,5563400.33,INR,PORT-001,EMEA,Pharma,Equity,Citi India,Simcorp,True,Matched,9
POS-01013,CLT0012,Vanguard Emerging Markets,INE361B01024,HCLTECH,HCL Technologies Ltd,2025-05-12,57108,1481.47,84603788.76,80136838.57,4466950.19,INR,PORT-026,Americas,IT,Equity,Citi India,Charles River,True,Matched,0
POS-01014,CLT0012,Vanguard Emerging Markets,INE585B01010,AXISBANK,Axis Bank Ltd,2024-01-02,13131,1038.86,13641270.66,13976914.61,-335643.95,INR,PORT-037,Americas,Banking,Equity,HDFC Bank Custody,In-house,True,Matched,0
POS-01015,CLT0008,Nippon India MF,INE117A01022,BHARTIARTL,Bharti Airtel Ltd,2024-02-23,29403,1266.95,37252130.85,37811828.28,-559697.43,INR,PORT-007,APAC,Telecom,Equity,HDFC Bank Custody,Simcorp,True,Break,0
POS-01016,CLT0007,ICICI Prudential AMC,INE361B01024,HCLTECH,HCL Technologies Ltd,2024-09-12,86525,1489.98,128920519.5,123627337.77,5293181.73,INR,PORT-045,APAC,IT,Equity,Deutsche Bank,Charles River,True,Matched,5
POS-01017,CLT0007,ICICI Prudential AMC,INE213A01029,MARUTI,Maruti Suzuki India Ltd,2024-05-11,192631,13355.04,2572594710.24,2571488789.34,1105920.9,INR,PORT-017,APAC,Auto,Equity,Citi India,Bloomberg AIM,True,Matched,6
POS-01018,CLT0009,Emirates NBD Asset Mgmt,INE038A01020,HINDALCO,Hindalco Industries Ltd,2024-01-04,135233,690.63,93395966.79,92332865.8,1063100.99,INR,PORT-041,EMEA,Metals,Equity,Citi India,Charles River,True,Matched,7
POS-01019,CLT0011,BlackRock India Fund,INE040A01034,HDFCBANK,HDFC Bank Ltd,2024-11-17,57631,1465.41,84453043.71,81611056.21,2841987.5,INR,PORT-048,Americas,Banking,Equity,Citi India,Charles River,True,Matched,5
POS-01020,CLT0015,Norges Bank Investment Mgmt,INE001A01036,SBIN,State Bank of India,2024-02-13,139720,786.91,109947065.2,108256512.86,1690552.34,INR,PORT-040,EMEA,Banking,Equity,HDFC Bank Custody,Charles River,True,Matched,1
POS-01021,CLT0014,Temasek Holdings,INE066A01021,ONGC,Oil & Natural Gas Corp,2024-08-18,25500,272.46,6947730.0,7036001.63,-88271.63,INR,PORT-020,APAC,Energy,Equity,Axis Bank Custody,Simcorp,True,Matched,0
POS-01022,CLT0005,Kotak Mahindra AMC,INE040A01034,HDFCBANK,HDFC Bank Ltd,2025-02-15,173109,1763.46,305270797.14,272487093.63,32783703.51,INR,PORT-027,APAC,Banking,Equity,Deutsche Bank,In-house,True,Matched,4
POS-01023,CLT0009,Emirates NBD Asset Mgmt,INE066A01021,ONGC,Oil & Natural Gas Corp,2024-08-13,79491,286.06,22739195.46,22442208.85,296986.61,INR,PORT-023,EMEA,Energy,Equity,HDFC Bank Custody,In-house,True,Matched,9
POS-01024,CLT0014,Temasek Holdings,INE002A01018,RELIANCE,Reliance Industries Ltd,2024-12-03,17989,3127.23,56255740.47,43865985.17,12389755.3,INR,PORT-038,APAC,Energy,Equity,HDFC Bank Custody,Simcorp,True,Matched,4
POS-01025,CLT0007,ICICI Prudential AMC,INE031A01017,POWERGRID,Power Grid Corp of India,2025-04-17,45054,324.4,14615517.6,14414129.93,201387.67,INR,PORT-027,APAC,Utilities,Equity,Deutsche Bank,Charles River,True,Break,7
POS-01026,CLT0013,GIC Private Ltd Singapore,INE296A01024,BAJFINANCE,Bajaj Finance Ltd,2025-02-10,153085,7776.14,1190410391.9,934335683.09,256074708.81,INR,PORT-026,APAC,NBFC,Equity,Citi India,In-house,True,Matched,4
POS-01027,CLT0003,SBI Life Insurance,INE721A01013,SUNPHARMA,Sun Pharmaceutical Ltd,2024-05-03,4197,1837.03,7710014.91,7370909.6,339105.31,INR,PORT-021,APAC,Pharma,Equity,Citi India,In-house,True,Pending,5
POS-01028,CLT0002,Aditya Birla Capital,INE361B01024,HCLTECH,HCL Technologies Ltd,2024-05-22,27361,1737.36,47535906.96,37250663.23,10285243.73,INR,PORT-031,APAC,IT,Equity,Citi India,Charles River,True,Matched,10
POS-01029,CLT0007,ICICI Prudential AMC,INE018A01030,LARSEN,Larsen & Toubro Ltd,2025-03-23,193157,3658.45,706655226.65,618876770.89,87778455.76,INR,PORT-010,APAC,Infrastructure,Equity,Citi India,Bloomberg AIM,True,Matched,2
POS-01030,CLT0014,Temasek Holdings,INE296A01024,BAJFINANCE,Bajaj Finance Ltd,2024-07-02,159686,7307.52,1166908638.72,1058832772.98,108075865.74,INR,PORT-006,APAC,NBFC,Equity,Citi India,In-house,True,Matched,5
POS-01031,CLT0002,Aditya Birla Capital,INE038A01020,HINDALCO,Hindalco Industries Ltd,2025-05-11,53981,610.79,32971054.99,31636556.22,1334498.77,INR,PORT-042,APAC,Metals,Equity,Deutsche Bank,Charles River,True,Pending,0
POS-01032,CLT0011,BlackRock India Fund,INE009A01021,INFY,Infosys Ltd,2024-04-13,144899,1369.89,198495691.11,218646005.68,-20150314.57,INR,PORT-042,Americas,IT,Equity,HDFC Bank Custody,Bloomberg AIM,True,Break,10
POS-01033,CLT0001,Tata Investment Corp,INE585B01010,AXISBANK,Axis Bank Ltd,2025-03-21,72697,1119.3,81369752.1,72073237.16,9296514.94,INR,PORT-020,APAC,Banking,Equity,HDFC Bank Custody,In-house,True,Pending,5
POS-01034,CLT0004,HDFC Pension Fund,INE585B01010,AXISBANK,Axis Bank Ltd,2024-06-23,30172,1104.64,33329198.08,31345241.81,1983956.27,INR,PORT-015,APAC,Banking,Equity,Deutsche Bank,In-house,True,Break,8
POS-01035,CLT0006,LIC of India,INE414G01012,ADANIENT,Adani Enterprises Ltd,2025-02-01,51179,2541.36,130064263.44,120195619.44,9868644.0,INR,PORT-016,APAC,Conglomerate,Equity,Axis Bank Custody,In-house,True,Matched,5
POS-01036,CLT0014,Temasek Holdings,INE154A01025,ITC,ITC Ltd,2024-10-27,184959,499.45,92377772.55,79363590.86,13014181.69,INR,PORT-034,APAC,FMCG,Equity,Citi India,Bloomberg AIM,True,Matched,9
POS-01037,CLT0012,Vanguard Emerging Markets,INE296A01024,BAJFINANCE,Bajaj Finance Ltd,2024-03-08,12858,6684.64,85951101.12,85522952.66,428148.46,INR,PORT-036,Americas,NBFC,Equity,HDFC Bank Custody,In-house,True,Matched,1
POS-01038,CLT0006,LIC of India,INE001A01036,SBIN,State Bank of India,2025-02-19,128782,743.01,95686313.82,87142563.48,8543750.34,INR,PORT-009,APAC,Banking,Equity,Deutsche Bank,Bloomberg AIM,True,Matched,3
POS-01039,CLT0005,Kotak Mahindra AMC,INE296A01024,BAJFINANCE,Bajaj Finance Ltd,2024-02-09,4489,7603.93,34134041.77,31638217.32,2495824.45,INR,PORT-038,APAC,NBFC,Equity,Deutsche Bank,Simcorp,False,Matched,10
POS-01040,CLT0015,Norges Bank Investment Mgmt,INE066A01021,ONGC,Oil & Natural Gas Corp,2025-01-12,124612,291.36,36306952.32,32514196.42,3792755.9,INR,PORT-046,EMEA,Energy,Equity,Citi India,Charles River,True,Matched,1
POS-01041,CLT0008,Nippon India MF,INE467B01029,TCS,Tata Consultancy Services,2024-01-23,32702,4115.84,134596199.68,133964918.72,631280.96,INR,PORT-045,APAC,IT,Equity,Citi India,Simcorp,True,Pending,7
POS-01042,CLT0007,ICICI Prudential AMC,INE001A01036,SBIN,State Bank of India,2025-02-18,90811,854.8,77625242.8,73585947.06,4039295.74,INR,PORT-014,APAC,Banking,Equity,HDFC Bank Custody,Bloomberg AIM,False,Matched,2
POS-01043,CLT0004,HDFC Pension Fund,INE154A01025,ITC,ITC Ltd,2024-07-16,118491,427.02,50598026.82,57721514.75,-7123487.93,INR,PORT-043,APAC,FMCG,Equity,Axis Bank Custody,Simcorp,False,Break,9
POS-01044,CLT0008,Nippon India MF,INE018A01030,LARSEN,Larsen & Toubro Ltd,2025-04-14,164833,3827.9,630964240.7,519662210.04,111302030.66,INR,PORT-009,APAC,Infrastructure,Equity,Axis Bank Custody,In-house,True,Matched,9
POS-01045,CLT0004,HDFC Pension Fund,INE031A01017,POWERGRID,Power Grid Corp of India,2025-02-19,190668,287.0,54721716.0,58625625.42,-3903909.42,INR,PORT-009,APAC,Utilities,Equity,HDFC Bank Custody,Bloomberg AIM,True,Matched,3
POS-01046,CLT0001,Tata Investment Corp,INE009A01021,INFY,Infosys Ltd,2025-03-20,20892,1343.88,28076340.96,32192531.0,-4116190.04,INR,PORT-050,APAC,IT,Equity,Deutsche Bank,In-house,True,Break,2
POS-01047,CLT0005,Kotak Mahindra AMC,INE040A01034,HDFCBANK,HDFC Bank Ltd,2024-07-17,153959,1568.29,241452360.11,238680968.01,2771392.1,INR,PORT-026,APAC,Banking,Equity,Deutsche Bank,Bloomberg AIM,True,Matched,9
POS-01048,CLT0004,HDFC Pension Fund,INE066A01021,ONGC,Oil & Natural Gas Corp,2024-04-02,124278,280.02,34800325.56,33706184.51,1094141.05,INR,PORT-050,APAC,Energy,Equity,Axis Bank Custody,Charles River,True,Matched,5
POS-01049,CLT0003,SBI Life Insurance,INE296A01024,BAJFINANCE,Bajaj Finance Ltd,2024-10-05,81109,6770.36,549137129.24,596458537.94,-47321408.7,INR,PORT-032,APAC,NBFC,Equity,Citi India,In-house,True,Matched,6
POS-01050,CLT0005,Kotak Mahindra AMC,INE001A01036,SBIN,State Bank of India,2025-05-07,56425,791.2,44643460.0,38855070.6,5788389.4,INR,PORT-037,APAC,Banking,Equity,HDFC Bank Custody,Simcorp,True,Matched,2
POS-01051,CLT0006,LIC of India,INE721A01013,SUNPHARMA,Sun Pharmaceutical Ltd,2024-08-20,179736,1591.45,286040857.2,299141887.81,-13101030.61,INR,PORT-005,APAC,Pharma,Equity,HDFC Bank Custody,In-house,True,Matched,10
POS-01052,CLT0009,Emirates NBD Asset Mgmt,INE414G01012,ADANIENT,Adani Enterprises Ltd,2024-10-12,178941,2669.78,477733102.98,386967704.61,90765398.37,INR,PORT-042,EMEA,Conglomerate,Equity,Deutsche Bank,Simcorp,True,Matched,4
POS-01053,CLT0013,GIC Private Ltd Singapore,INE414G01012,ADANIENT,Adani Enterprises Ltd,2024-10-01,175520,2595.3,455527056.0,396060919.51,59466136.49,INR,PORT-043,APAC,Conglomerate,Equity,Citi India,Simcorp,True,Matched,4
POS-01054,CLT0002,Aditya Birla Capital,INE075A01022,WIPRO,Wipro Ltd,2024-03-12,165472,506.27,83773509.44,83230463.94,543045.5,INR,PORT-017,APAC,IT,Equity,Axis Bank Custody,In-house,True,Matched,3
POS-01055,CLT0013,GIC Private Ltd Singapore,INE296A01024,BAJFINANCE,Bajaj Finance Ltd,2024-04-29,152369,6511.15,992097414.35,947598050.42,44499363.93,INR,PORT-026,APAC,NBFC,Equity,Deutsche Bank,In-house,True,Matched,3
POS-01056,CLT0006,LIC of India,INE018A01030,LARSEN,Larsen & Toubro Ltd,2025-01-13,85059,3477.67,295807132.53,303478156.02,-7671023.49,INR,PORT-010,APAC,Infrastructure,Equity,Deutsche Bank,Bloomberg AIM,True,Matched,0
POS-01057,CLT0013,GIC Private Ltd Singapore,INE213A01029,MARUTI,Maruti Suzuki India Ltd,2025-03-16,123339,12649.98,1560235883.22,1360959640.86,199276242.36,INR,PORT-040,APAC,Auto,Equity,Citi India,Bloomberg AIM,True,Matched,3
POS-01058,CLT0007,ICICI Prudential AMC,INE090A01021,ICICIBANK,ICICI Bank Ltd,2024-01-27,147119,1213.99,178600994.81,167602080.16,10998914.65,INR,PORT-014,APAC,Banking,Equity,HDFC Bank Custody,Bloomberg AIM,True,Matched,9
POS-01059,CLT0009,Emirates NBD Asset Mgmt,INE296A01024,BAJFINANCE,Bajaj Finance Ltd,2024-12-16,41971,7124.14,299007279.94,258292633.36,40714646.58,INR,PORT-047,EMEA,NBFC,Equity,Axis Bank Custody,Simcorp,True,Matched,8
POS-01060,CLT0009,Emirates NBD Asset Mgmt,INE721A01013,SUNPHARMA,Sun Pharmaceutical Ltd,2024-06-22,167895,,,241830424.69,65017835.21,INR,PORT-033,EMEA,Pharma,Equity,HDFC Bank Custody,Simcorp,True,Matched,6
POS-01061,CLT0008,Nippon India MF,INE154A01025,ITC,ITC Ltd,2025-01-29,132155,449.53,59407637.15,57236221.17,2171415.98,INR,PORT-005,APAC,FMCG,Equity,Citi India,In-house,False,Matched,2
POS-01062,CLT0004,HDFC Pension Fund,INE721A01013,SUNPHARMA,Sun Pharmaceutical Ltd,2025-05-05,132987,1790.28,238083966.36,201931146.45,36152819.91,INR,PORT-024,APAC,Pharma,Equity,Citi India,Simcorp,True,Break,4
POS-01063,CLT0010,Abu Dhabi Investment Auth,INE031A01017,POWERGRID,Power Grid Corp of India,2024-11-28,119091,,,34107821.26,2228033.75,INR,PORT-025,EMEA,Utilities,Equity,Axis Bank Custody,Charles River,True,Matched,4
POS-01064,CLT0013,GIC Private Ltd Singapore,INE001A01036,SBIN,State Bank of India,2024-12-01,1365,715.92,977230.8,920623.81,56606.99,INR,PORT-040,APAC,Banking,Equity,Deutsche Bank,Bloomberg AIM,True,Matched,0
POS-01065,CLT0015,Norges Bank Investment Mgmt,INE066A01021,ONGC,Oil & Natural Gas Corp,2024-10-10,159526,256.23,40875346.98,41931772.51,-1056425.53,INR,PORT-015,EMEA,Energy,Equity,HDFC Bank Custody,Charles River,True,Matched,0
POS-01066,CLT0012,Vanguard Emerging Markets,INE075A01022,WIPRO,Wipro Ltd,2025-02-18,81439,559.21,45541503.19,39447717.31,6093785.88,INR,PORT-038,Americas,IT,Equity,Citi India,Bloomberg AIM,True,Break,10
POS-01067,CLT0014,Temasek Holdings,INE117A01022,BHARTIARTL,Bharti Airtel Ltd,2024-10-07,139566,1306.97,182408575.02,171284935.01,11123640.01,INR,PORT-046,APAC,Telecom,Equity,Citi India,In-house,True,Matched,0
POS-01068,CLT0010,Abu Dhabi Investment Auth,INE002A01018,RELIANCE,Reliance Industries Ltd,2024-04-23,174359,2839.09,495020893.31,507093893.14,-12072999.83,INR,PORT-038,EMEA,Energy,Equity,Citi India,Charles River,True,Break,5
POS-01069,CLT0001,Tata Investment Corp,INE031A01017,POWERGRID,Power Grid Corp of India,2024-02-16,192054,290.76,55841621.04,55444494.55,397126.49,INR,PORT-013,APAC,Utilities,Equity,HDFC Bank Custody,Bloomberg AIM,True,Matched,10
POS-01070,CLT0007,ICICI Prudential AMC,INE296A01024,BAJFINANCE,Bajaj Finance Ltd,2024-08-07,191566,6757.0,1294411462.0,1282594362.16,11817099.84,INR,PORT-028,APAC,NBFC,Equity,Citi India,Simcorp,False,Matched,0
POS-01071,CLT0011,BlackRock India Fund,INE296A01024,BAJFINANCE,Bajaj Finance Ltd,2024-03-30,23124,6770.38,156558267.12,141984571.57,14573695.55,INR,PORT-047,Americas,NBFC,Equity,Deutsche Bank,Simcorp,False,Matched,7
POS-01072,CLT0001,Tata Investment Corp,INE075A01022,WIPRO,Wipro Ltd,2025-05-17,91465,507.0,46372755.0,41386616.53,4986138.47,INR,PORT-048,APAC,IT,Equity,Deutsche Bank,Simcorp,True,Matched,9
POS-01073,CLT0013,GIC Private Ltd Singapore,INE721A01013,SUNPHARMA,Sun Pharmaceutical Ltd,2025-05-10,96808,1516.62,146820948.96,145025531.36,1795417.6,INR,PORT-026,APAC,Pharma,Equity,HDFC Bank Custody,In-house,True,Pending,8
POS-01074,CLT0013,GIC Private Ltd Singapore,INE721A01013,SUNPHARMA,Sun Pharmaceutical Ltd,2025-05-06,152078,1705.74,259405527.72,224820912.61,34584615.11,INR,PORT-047,APAC,Pharma,Equity,Citi India,In-house,True,Matched,1
POS-01075,CLT0007,ICICI Prudential AMC,INE002A01018,RELIANCE,Reliance Industries Ltd,2025-04-26,166287,2951.69,490827675.03,486934340.41,3893334.62,INR,PORT-012,APAC,Energy,Equity,Deutsche Bank,Simcorp,False,Matched,0
POS-01076,CLT0003,SBI Life Insurance,INE001A01036,SBIN,State Bank of India,2024-08-05,173578,734.96,127572886.88,121975937.16,5596949.72,INR,PORT-049,APAC,Banking,Equity,HDFC Bank Custody,In-house,True,Pending,3
POS-01077,CLT0001,Tata Investment Corp,INE414G01012,ADANIENT,Adani Enterprises Ltd,2024-09-11,121218,2517.61,305179648.98,294337948.18,10841700.8,INR,PORT-002,APAC,Conglomerate,Equity,HDFC Bank Custody,Simcorp,True,Matched,4
POS-01078,CLT0015,Norges Bank Investment Mgmt,INE002A01018,RELIANCE,Reliance Industries Ltd,2024-04-26,116511,2889.97,336713294.67,311657709.14,25055585.53,INR,PORT-047,EMEA,Energy,Equity,HDFC Bank Custody,Bloomberg AIM,False,Matched,9
POS-01079,CLT0006,LIC of India,INE467B01029,TCS,Tata Consultancy Services,2024-07-02,157149,3547.39,557468791.11,544646387.49,12822403.62,INR,PORT-019,APAC,IT,Equity,Citi India,Simcorp,True,Matched,4
POS-01080,CLT0002,Aditya Birla Capital,INE020B01018,NTPC,NTPC Ltd,2024-09-19,68730,324.46,22300135.8,25521801.03,-3221665.23,INR,PORT-034,APAC,Utilities,Equity,Citi India,In-house,True,Matched,1
POS-01081,CLT0012,Vanguard Emerging Markets,INE001A01036,SBIN,State Bank of India,2025-03-01,105510,797.14,84106241.4,79689524.47,4416716.93,INR,PORT-042,Americas,Banking,Equity,Axis Bank Custody,In-house,True,Matched,10
POS-01082,CLT0007,ICICI Prudential AMC,INE009A01021,INFY,Infosys Ltd,2024-12-11,145904,,,213725395.84,3228016.0,INR,PORT-026,APAC,IT,Equity,Axis Bank Custody,Charles River,True,Matched,9
POS-01083,CLT0008,Nippon India MF,INE721A01013,SUNPHARMA,Sun Pharmaceutical Ltd,2024-06-05,168567,1712.38,288650759.46,258523359.48,30127399.98,INR,PORT-037,APAC,Pharma,Equity,Axis Bank Custody,Simcorp,True,Break,6
POS-01084,CLT0014,Temasek Holdings,INE020B01018,NTPC,NTPC Ltd,2024-08-09,120227,344.03,41361694.81,43529410.07,-2167715.26,INR,PORT-018,APAC,Utilities,Equity,Citi India,In-house,True,Matched,5
POS-01085,CLT0004,HDFC Pension Fund,INE213A01029,MARUTI,Maruti Suzuki India Ltd,2024-07-12,179772,12654.79,2274976907.88,2138657134.65,136319773.23,INR,PORT-042,APAC,Auto,Equity,HDFC Bank Custody,Bloomberg AIM,False,Break,5
POS-01086,CLT0013,GIC Private Ltd Singapore,INE031A01017,POWERGRID,Power Grid Corp of India,2024-03-11,97893,345.91,33862167.63,31795631.71,2066535.92,INR,PORT-008,APAC,Utilities,Equity,Citi India,In-house,True,Matched,5
POS-01087,CLT0011,BlackRock India Fund,INE213A01029,MARUTI,Maruti Suzuki India Ltd,2025-01-13,65516,12218.57,800511832.12,767264185.68,33247646.44,INR,PORT-001,Americas,Auto,Equity,HDFC Bank Custody,Bloomberg AIM,True,Matched,8
POS-01088,CLT0004,HDFC Pension Fund,INE038A01020,HINDALCO,Hindalco Industries Ltd,2024-05-17,182330,609.47,111124665.1,120894751.64,-9770086.54,INR,PORT-018,APAC,Metals,Equity,HDFC Bank Custody,Bloomberg AIM,True,Matched,0
POS-01089,CLT0011,BlackRock India Fund,INE009A01021,INFY,Infosys Ltd,2024-08-27,119345,1572.42,187660464.9,169922109.44,17738355.46,INR,PORT-021,Americas,IT,Equity,Citi India,In-house,True,Matched,4
POS-01090,CLT0004,HDFC Pension Fund,INE154A01025,ITC,ITC Ltd,2025-01-13,131742,423.75,55825672.5,55226565.29,599107.21,INR,PORT-045,APAC,FMCG,Equity,Axis Bank Custody,Simcorp,True,Matched,0
POS-01091,CLT0001,Tata Investment Corp,INE038A01020,HINDALCO,Hindalco Industries Ltd,2024-10-26,196957,659.74,129940411.18,123944393.99,5996017.19,INR,PORT-024,APAC,Metals,Equity,Citi India,Simcorp,True,Matched,4
POS-01092,CLT0006,LIC of India,INE075A01022,WIPRO,Wipro Ltd,2024-06-07,72461,486.56,35256624.16,32485612.99,2771011.17,INR,PORT-012,APAC,IT,Equity,Citi India,Bloomberg AIM,True,Break,10
POS-01093,CLT0007,ICICI Prudential AMC,INE721A01013,SUNPHARMA,Sun Pharmaceutical Ltd,2024-11-16,106849,1658.62,177221888.38,183527785.16,-6305896.78,INR,PORT-031,APAC,Pharma,Equity,Axis Bank Custody,In-house,True,Matched,3
POS-01094,CLT0012,Vanguard Emerging Markets,INE467B01029,TCS,Tata Consultancy Services,2025-05-14,137662,,,553601337.94,2001117.44,INR,PORT-045,Americas,IT,Equity,Axis Bank Custody,Charles River,True,Matched,4
POS-01095,CLT0004,HDFC Pension Fund,INE066A01021,ONGC,Oil & Natural Gas Corp,2024-07-03,153112,266.73,40839563.76,35526131.88,5313431.88,INR,PORT-012,APAC,Energy,Equity,HDFC Bank Custody,Charles River,False,Matched,5
POS-01096,CLT0012,Vanguard Emerging Markets,INE117A01022,BHARTIARTL,Bharti Airtel Ltd,2025-05-04,156522,1390.45,217636014.9,198122107.23,19513907.67,INR,PORT-001,Americas,Telecom,Equity,Axis Bank Custody,In-house,True,Matched,2
POS-01097,CLT0009,Emirates NBD Asset Mgmt,INE117A01022,BHARTIARTL,Bharti Airtel Ltd,2024-11-12,188614,1503.48,283577376.72,228551936.18,55025440.54,INR,PORT-044,EMEA,Telecom,Equity,Deutsche Bank,In-house,True,Matched,7
POS-01098,CLT0002,Aditya Birla Capital,INE001A01036,SBIN,State Bank of India,2024-09-08,91258,738.57,67400421.06,62877776.55,4522644.51,INR,PORT-041,APAC,Banking,Equity,HDFC Bank Custody,In-house,True,Matched,2
POS-01099,CLT0011,BlackRock India Fund,INE585B01010,AXISBANK,Axis Bank Ltd,2025-05-05,136179,975.78,132880744.62,121934118.1,10946626.52,INR,PORT-041,Americas,Banking,Equity,Axis Bank Custody,In-house,True,Matched,7
POS-01100,CLT0003,SBI Life Insurance,INE361B01024,HCLTECH,HCL Technologies Ltd,2024-06-09,164567,1506.72,247956390.24,231545717.74,16410672.5,INR,PORT-040,APAC,IT,Equity,Axis Bank Custody,Charles River,True,Matched,2
POS-01101,CLT0009,Emirates NBD Asset Mgmt,INE038A01020,HINDALCO,Hindalco Industries Ltd,2024-01-11,27630,646.63,17866386.9,18970151.83,-1103764.93,INR,PORT-035,EMEA,Metals,Equity,Axis Bank Custody,Charles River,True,Matched,2
POS-01102,CLT0003,SBI Life Insurance,INE020B01018,NTPC,NTPC Ltd,2024-03-11,59613,345.96,20623713.48,22098549.78,-1474836.3,INR,PORT-026,APAC,Utilities,Equity,HDFC Bank Custody,Charles River,True,Pending,10
POS-01103,CLT0005,Kotak Mahindra AMC,INE009A01021,INFY,Infosys Ltd,2024-11-27,199059,1492.81,297157265.79,282348333.74,14808932.05,INR,PORT-043,APAC,IT,Equity,Axis Bank Custody,Charles River,True,Pending,2
POS-01104,CLT0009,Emirates NBD Asset Mgmt,INE075A01022,WIPRO,Wipro Ltd,2025-01-21,191153,499.31,95444604.43,92345976.6,3098627.83,INR,PORT-039,EMEA,IT,Equity,Citi India,Bloomberg AIM,True,Matched,8
POS-01105,CLT0004,HDFC Pension Fund,INE117A01022,BHARTIARTL,Bharti Airtel Ltd,2025-04-09,38958,1511.4,58881121.2,52994638.52,5886482.68,INR,PORT-029,APAC,Telecom,Equity,Deutsche Bank,Charles River,True,Matched,10
POS-01106,CLT0014,Temasek Holdings,INE066A01021,ONGC,Oil & Natural Gas Corp,2024-03-08,79646,256.9,20461057.4,18398696.01,2062361.39,INR,PORT-004,APAC,Energy,Equity,Deutsche Bank,In-house,True,Matched,2
POS-01107,CLT0011,BlackRock India Fund,INE075A01022,WIPRO,Wipro Ltd,2025-03-16,90477,531.78,48113859.06,40290461.84,7823397.22,INR,PORT-032,Americas,IT,Equity,Deutsche Bank,Simcorp,True,Matched,7
POS-01108,CLT0014,Temasek Holdings,INE090A01021,ICICIBANK,ICICI Bank Ltd,2024-01-26,58779,1151.97,67711644.63,74904531.24,-7192886.61,INR,PORT-004,APAC,Banking,Equity,Citi India,Bloomberg AIM,True,Matched,3
POS-01109,CLT0011,BlackRock India Fund,INE002A01018,RELIANCE,Reliance Industries Ltd,2025-05-03,119676,2842.88,340224506.88,335223385.25,5001121.63,INR,PORT-031,Americas,Energy,Equity,Deutsche Bank,Simcorp,True,Matched,7
POS-01110,CLT0012,Vanguard Emerging Markets,INE009A01021,INFY,Infosys Ltd,2024-06-11,192808,1601.87,308853350.96,255928266.09,52925084.87,INR,PORT-015,Americas,IT,Equity,Deutsche Bank,Charles River,True,Matched,9
POS-01111,CLT0003,SBI Life Insurance,INE040A01034,HDFCBANK,HDFC Bank Ltd,2025-04-21,65156,1631.07,106273996.92,102219751.89,4054245.03,INR,PORT-019,APAC,Banking,Equity,HDFC Bank Custody,Simcorp,True,Matched,10
POS-01112,CLT0007,ICICI Prudential AMC,INE414G01012,ADANIENT,Adani Enterprises Ltd,2024-03-27,27960,2671.45,74693742.0,68342439.48,6351302.52,INR,PORT-034,APAC,Conglomerate,Equity,HDFC Bank Custody,Charles River,True,Break,7
POS-01113,CLT0011,BlackRock India Fund,INE018A01030,LARSEN,Larsen & Toubro Ltd,2024-10-03,105571,,,371803518.22,-13077483.06,INR,PORT-040,Americas,Infrastructure,Equity,Deutsche Bank,Charles River,True,Matched,7
POS-01114,CLT0007,ICICI Prudential AMC,INE001A01036,SBIN,State Bank of India,2025-01-01,30867,837.73,25858211.91,25152580.19,705631.72,INR,PORT-010,APAC,Banking,Equity,HDFC Bank Custody,Bloomberg AIM,True,Matched,0
POS-01115,CLT0002,Aditya Birla Capital,INE009A01021,INFY,Infosys Ltd,2024-06-18,117470,1427.07,167637912.9,161388592.6,6249320.3,INR,PORT-030,APAC,IT,Equity,Deutsche Bank,In-house,True,Matched,6
POS-01116,CLT0012,Vanguard Emerging Markets,INE414G01012,ADANIENT,Adani Enterprises Ltd,2024-05-13,80104,2629.58,210639876.32,197805565.12,12834311.2,INR,PORT-033,Americas,Conglomerate,Equity,HDFC Bank Custody,In-house,False,Matched,7
POS-01117,CLT0009,Emirates NBD Asset Mgmt,INE020B01018,NTPC,NTPC Ltd,2024-01-27,194106,375.24,72836335.44,70718016.94,2118318.5,INR,PORT-019,EMEA,Utilities,Equity,Axis Bank Custody,Charles River,True,Matched,0
POS-01118,CLT0004,HDFC Pension Fund,INE361B01024,HCLTECH,HCL Technologies Ltd,2025-04-04,59313,1517.64,90015781.32,94752441.42,-4736660.1,INR,PORT-008,APAC,IT,Equity,Deutsche Bank,Simcorp,True,Matched,3
POS-01119,CLT0011,BlackRock India Fund,INE018A01030,LARSEN,Larsen & Toubro Ltd,2025-03-06,51387,3324.98,170860747.26,194809790.24,-23949042.98,INR,PORT-001,Americas,Infrastructure,Equity,Axis Bank Custody,Simcorp,True,Matched,3
POS-01120,CLT0012,Vanguard Emerging Markets,INE414G01012,ADANIENT,Adani Enterprises Ltd,2025-04-22,58183,2258.57,131410378.31,131690386.42,-280008.11,INR,PORT-045,Americas,Conglomerate,Equity,HDFC Bank Custody,Simcorp,True,Matched,8
POS-01121,CLT0013,GIC Private Ltd Singapore,INE467B01029,TCS,Tata Consultancy Services,2024-12-25,162096,3952.23,640640674.08,647839699.53,-7199025.45,INR,PORT-037,APAC,IT,Equity,Citi India,Charles River,True,Matched,9
POS-01122,CLT0014,Temasek Holdings,INE154A01025,ITC,ITC Ltd,2024-11-14,126585,467.34,59158233.9,60712630.29,-1554396.39,INR,PORT-016,APAC,FMCG,Equity,Citi India,Charles River,False,Matched,0
POS-01123,CLT0003,SBI Life Insurance,INE213A01029,MARUTI,Maruti Suzuki India Ltd,2024-08-07,8686,12227.67,106209541.62,106995822.45,-786280.83,INR,PORT-013,APAC,Auto,Equity,HDFC Bank Custody,Charles River,True,Break,9
POS-01124,CLT0015,Norges Bank Investment Mgmt,INE009A01021,INFY,Infosys Ltd,2024-10-06,150296,1555.35,233762883.6,190810334.04,42952549.56,INR,PORT-042,EMEA,IT,Equity,Citi India,In-house,True,Break,4
POS-01125,CLT0010,Abu Dhabi Investment Auth,INE090A01021,ICICIBANK,ICICI Bank Ltd,2024-06-28,17344,1145.76,19872061.44,18735615.09,1136446.35,INR,PORT-017,EMEA,Banking,Equity,Axis Bank Custody,In-house,True,Matched,5
POS-01126,CLT0004,HDFC Pension Fund,INE414G01012,ADANIENT,Adani Enterprises Ltd,2024-09-15,4362,2565.91,11192499.42,10206905.83,985593.59,INR,PORT-009,APAC,Conglomerate,Equity,Deutsche Bank,Simcorp,True,Matched,2
POS-01127,CLT0011,BlackRock India Fund,INE075A01022,WIPRO,Wipro Ltd,2025-05-14,192318,517.44,99513025.92,88598671.56,10914354.36,INR,PORT-045,Americas,IT,Equity,Deutsche Bank,Charles River,True,Matched,2
POS-01128,CLT0013,GIC Private Ltd Singapore,INE020B01018,NTPC,NTPC Ltd,2025-04-01,191784,393.92,75547553.28,62019031.41,13528521.87,INR,PORT-008,APAC,Utilities,Equity,Deutsche Bank,Charles River,True,Matched,6
POS-01129,CLT0009,Emirates NBD Asset Mgmt,INE585B01010,AXISBANK,Axis Bank Ltd,2024-08-12,42098,1032.77,43477551.46,44597405.84,-1119854.38,INR,PORT-029,EMEA,Banking,Equity,Axis Bank Custody,In-house,True,Matched,9
POS-01130,CLT0012,Vanguard Emerging Markets,INE038A01020,HINDALCO,Hindalco Industries Ltd,2024-06-29,72618,647.78,47040488.04,49603946.0,-2563457.96,INR,PORT-026,Americas,Metals,Equity,Deutsche Bank,In-house,True,Matched,0
POS-01131,CLT0007,ICICI Prudential AMC,INE018A01030,LARSEN,Larsen & Toubro Ltd,2024-12-19,141595,3454.55,489147007.25,537953021.8,-48806014.55,INR,PORT-041,APAC,Infrastructure,Equity,Citi India,Bloomberg AIM,True,Matched,6
POS-01132,CLT0010,Abu Dhabi Investment Auth,INE075A01022,WIPRO,Wipro Ltd,2025-01-25,33484,526.75,17637697.0,17418226.3,219470.7,INR,PORT-025,EMEA,IT,Equity,HDFC Bank Custody,Simcorp,True,Break,0
POS-01133,CLT0015,Norges Bank Investment Mgmt,INE361B01024,HCLTECH,HCL Technologies Ltd,2024-01-07,17374,,,25980285.5,-805706.98,INR,PORT-045,EMEA,IT,Equity,Citi India,Charles River,False,Matched,8
POS-01134,CLT0012,Vanguard Emerging Markets,INE075A01022,WIPRO,Wipro Ltd,2024-11-23,107617,489.15,52640855.55,54134672.17,-1493816.62,INR,PORT-032,Americas,IT,Equity,HDFC Bank Custody,Charles River,False,Matched,0
POS-01135,CLT0002,Aditya Birla Capital,INE038A01020,HINDALCO,Hindalco Industries Ltd,2024-11-15,164207,620.25,101849391.75,95607615.42,6241776.33,INR,PORT-017,APAC,Metals,Equity,Deutsche Bank,Simcorp,True,Matched,4
POS-01136,CLT0015,Norges Bank Investment Mgmt,INE721A01013,SUNPHARMA,Sun Pharmaceutical Ltd,2024-08-15,126909,1830.26,232276466.34,202303217.91,29973248.43,INR,PORT-039,EMEA,Pharma,Equity,Axis Bank Custody,Simcorp,True,Matched,10
POS-01137,CLT0015,Norges Bank Investment Mgmt,INE414G01012,ADANIENT,Adani Enterprises Ltd,2024-01-13,20376,2428.25,49478022.0,46346203.84,3131818.16,INR,PORT-025,EMEA,Conglomerate,Equity,Citi India,Simcorp,True,Matched,6
POS-01138,CLT0004,HDFC Pension Fund,INE467B01029,TCS,Tata Consultancy Services,2025-05-13,124332,3864.39,480467337.48,430387097.08,50080240.4,INR,PORT-029,APAC,IT,Equity,Citi India,Bloomberg AIM,True,Matched,9
POS-01139,CLT0015,Norges Bank Investment Mgmt,INE296A01024,BAJFINANCE,Bajaj Finance Ltd,2024-09-22,8291,7163.34,59391251.94,55849199.25,3542052.69,INR,PORT-002,EMEA,NBFC,Equity,HDFC Bank Custody,Charles River,True,Matched,1
POS-01140,CLT0015,Norges Bank Investment Mgmt,INE075A01022,WIPRO,Wipro Ltd,2025-02-12,106889,490.59,52438674.51,55189498.51,-2750824.0,INR,PORT-036,EMEA,IT,Equity,HDFC Bank Custody,Simcorp,True,Matched,2
POS-01141,CLT0003,SBI Life Insurance,INE117A01022,BHARTIARTL,Bharti Airtel Ltd,2025-01-22,45187,1448.21,65440265.27,54671855.21,10768410.06,INR,PORT-013,APAC,Telecom,Equity,Axis Bank Custody,Simcorp,True,Matched,8
POS-01142,CLT0005,Kotak Mahindra AMC,INE721A01013,SUNPHARMA,Sun Pharmaceutical Ltd,2024-04-03,60745,1675.72,101791611.4,90491142.6,11300468.8,INR,PORT-033,APAC,Pharma,Equity,Deutsche Bank,Bloomberg AIM,True,Matched,2
POS-01143,CLT0015,Norges Bank Investment Mgmt,INE066A01021,ONGC,Oil & Natural Gas Corp,2024-01-23,183253,250.16,45842570.48,43899140.19,1943430.29,INR,PORT-037,EMEA,Energy,Equity,HDFC Bank Custody,Charles River,True,Matched,2
POS-01144,CLT0008,Nippon India MF,INE721A01013,SUNPHARMA,Sun Pharmaceutical Ltd,2024-08-02,162453,1645.51,267318036.03,275576319.82,-8258283.79,INR,PORT-030,APAC,Pharma,Equity,Axis Bank Custody,Bloomberg AIM,True,Matched,2
POS-01145,CLT0012,Vanguard Emerging Markets,INE018A01030,LARSEN,Larsen & Toubro Ltd,2024-11-08,70358,3321.65,233704650.7,269234048.88,-35529398.18,INR,PORT-023,Americas,Infrastructure,Equity,HDFC Bank Custody,Charles River,True,Break,10
POS-01146,CLT0013,GIC Private Ltd Singapore,INE361B01024,HCLTECH,HCL Technologies Ltd,2024-06-04,68098,1589.62,108249942.76,93644287.97,14605654.79,INR,PORT-039,APAC,IT,Equity,Citi India,In-house,True,Break,1
POS-01147,CLT0005,Kotak Mahindra AMC,INE361B01024,HCLTECH,HCL Technologies Ltd,2024-03-19,86047,,,135185700.45,-10969972.19,INR,PORT-018,APAC,IT,Equity,Citi India,Simcorp,True,Matched,1
POS-01148,CLT0005,Kotak Mahindra AMC,INE031A01017,POWERGRID,Power Grid Corp of India,2024-07-25,10778,307.01,3308953.78,3397645.46,-88691.68,INR,PORT-023,APAC,Utilities,Equity,Axis Bank Custody,Simcorp,True,Break,0
POS-01149,CLT0006,LIC of India,INE414G01012,ADANIENT,Adani Enterprises Ltd,2024-12-28,46268,2473.91,114462867.88,110145689.91,4317177.97,INR,PORT-031,APAC,Conglomerate,Equity,Axis Bank Custody,Charles River,True,Break,7
POS-01150,CLT0001,Tata Investment Corp,INE001A01036,SBIN,State Bank of India,2024-06-21,34253,843.84,28904051.52,27488983.83,1415067.69,INR,PORT-008,APAC,Banking,Equity,Axis Bank Custody,Charles River,False,Matched,4
POS-01151,CLT0011,BlackRock India Fund,INE721A01013,SUNPHARMA,Sun Pharmaceutical Ltd,2025-04-20,149948,1783.87,267487738.76,214724614.88,52763123.88,INR,PORT-044,Americas,Pharma,Equity,HDFC Bank Custody,In-house,True,Matched,5
POS-01152,CLT0013,GIC Private Ltd Singapore,INE090A01021,ICICIBANK,ICICI Bank Ltd,2024-08-13,112683,1232.41,138871656.03,136058648.65,2813007.38,INR,PORT-029,APAC,Banking,Equity,Citi India,Charles River,True,Pending,5
POS-01153,CLT0007,ICICI Prudential AMC,INE009A01021,INFY,Infosys Ltd,2024-07-24,53338,1492.87,79626700.06,73482955.63,6143744.43,INR,PORT-031,APAC,IT,Equity,Deutsche Bank,Bloomberg AIM,True,Matched,0
POS-01154,CLT0004,HDFC Pension Fund,INE414G01012,ADANIENT,Adani Enterprises Ltd,2024-03-27,122854,2557.92,314250703.68,299426509.0,14824194.68,INR,PORT-032,APAC,Conglomerate,Equity,Citi India,Simcorp,True,Matched,1
POS-01155,CLT0011,BlackRock India Fund,INE721A01013,SUNPHARMA,Sun Pharmaceutical Ltd,2024-06-04,175569,1770.57,310857204.33,290757564.21,20099640.12,INR,PORT-012,Americas,Pharma,Equity,HDFC Bank Custody,Simcorp,True,Matched,5
POS-01156,CLT0005,Kotak Mahindra AMC,INE038A01020,HINDALCO,Hindalco Industries Ltd,2025-05-17,147406,633.7,93411182.2,93797902.9,-386720.7,INR,PORT-009,APAC,Metals,Equity,Axis Bank Custody,Simcorp,True,Matched,2
POS-01157,CLT0014,Temasek Holdings,INE154A01025,ITC,ITC Ltd,2024-07-01,156048,440.27,68703252.96,62868108.77,5835144.19,INR,PORT-032,APAC,FMCG,Equity,Deutsche Bank,In-house,True,Matched,8
POS-01158,CLT0006,LIC of India,INE040A01034,HDFCBANK,HDFC Bank Ltd,2025-05-08,141765,,,195484718.07,22837634.88,INR,PORT-017,APAC,Banking,Equity,Axis Bank Custody,Simcorp,True,Matched,5
POS-01159,CLT0004,HDFC Pension Fund,INE018A01030,LARSEN,Larsen & Toubro Ltd,2024-08-04,21572,3604.4,77754116.8,67957498.71,9796618.09,INR,PORT-003,APAC,Infrastructure,Equity,Deutsche Bank,Simcorp,True,Pending,1
POS-01160,CLT0008,Nippon India MF,INE090A01021,ICICIBANK,ICICI Bank Ltd,2024-07-22,179327,1262.73,226441582.71,196995710.72,29445871.99,INR,PORT-022,APAC,Banking,Equity,HDFC Bank Custody,In-house,True,Matched,5
POS-01161,CLT0015,Norges Bank Investment Mgmt,INE296A01024,BAJFINANCE,Bajaj Finance Ltd,2024-12-07,124427,7228.43,899411859.61,846128617.12,53283242.49,INR,PORT-033,EMEA,NBFC,Equity,HDFC Bank Custody,In-house,True,Matched,0
POS-01162,CLT0007,ICICI Prudential AMC,INE018A01030,LARSEN,Larsen & Toubro Ltd,2024-10-21,87015,3341.98,290802389.7,317655794.27,-26853404.57,INR,PORT-033,APAC,Infrastructure,Equity,Citi India,Simcorp,True,Matched,3
POS-01163,CLT0002,Aditya Birla Capital,INE075A01022,WIPRO,Wipro Ltd,2024-09-17,124943,534.61,66795777.23,59036918.77,7758858.46,INR,PORT-030,APAC,IT,Equity,Deutsche Bank,In-house,False,Matched,6
POS-01164,CLT0009,Emirates NBD Asset Mgmt,INE040A01034,HDFCBANK,HDFC Bank Ltd,2025-01-12,167675,1715.53,287651492.75,270092171.96,17559320.79,INR,PORT-043,EMEA,Banking,Equity,Axis Bank Custody,Simcorp,True,Matched,6
POS-01165,CLT0013,GIC Private Ltd Singapore,INE721A01013,SUNPHARMA,Sun Pharmaceutical Ltd,2024-03-26,189004,1589.83,300484229.32,314734197.39,-14249968.07,INR,PORT-020,APAC,Pharma,Equity,HDFC Bank Custody,Bloomberg AIM,True,Matched,5
POS-01166,CLT0008,Nippon India MF,INE154A01025,ITC,ITC Ltd,2024-02-13,119498,423.27,50579918.46,51057705.18,-477786.72,INR,PORT-025,APAC,FMCG,Equity,Axis Bank Custody,In-house,True,Matched,9
POS-01167,CLT0002,Aditya Birla Capital,INE361B01024,HCLTECH,HCL Technologies Ltd,2024-07-07,142013,1439.96,204493039.48,235020193.6,-30527154.12,INR,PORT-038,APAC,IT,Equity,Axis Bank Custody,Bloomberg AIM,True,Matched,6
POS-01168,CLT0014,Temasek Holdings,INE585B01010,AXISBANK,Axis Bank Ltd,2025-01-24,27222,1033.7,28139381.4,29625199.27,-1485817.87,INR,PORT-027,APAC,Banking,Equity,HDFC Bank Custody,In-house,False,Matched,4
POS-01169,CLT0013,GIC Private Ltd Singapore,INE031A01017,POWERGRID,Power Grid Corp of India,2024-05-02,53183,337.81,17965749.23,15341887.09,2623862.14,INR,PORT-035,APAC,Utilities,Equity,Axis Bank Custody,Charles River,True,Matched,10
POS-01170,CLT0005,Kotak Mahindra AMC,INE009A01021,INFY,Infosys Ltd,2024-03-20,152922,1405.7,214962455.4,205304717.06,9657738.34,INR,PORT-021,APAC,IT,Equity,Axis Bank Custody,Charles River,True,Pending,6
POS-01171,CLT0007,ICICI Prudential AMC,INE213A01029,MARUTI,Maruti Suzuki India Ltd,2024-09-12,84876,12051.56,1022888206.56,1122506737.48,-99618530.92,INR,PORT-050,APAC,Auto,Equity,HDFC Bank Custody,Bloomberg AIM,True,Matched,8
POS-01172,CLT0001,Tata Investment Corp,INE009A01021,INFY,Infosys Ltd,2025-04-03,10789,1337.8,14433524.2,14907891.71,-474367.51,INR,PORT-027,APAC,IT,Equity,HDFC Bank Custody,In-house,True,Matched,8
POS-01173,CLT0013,GIC Private Ltd Singapore,INE117A01022,BHARTIARTL,Bharti Airtel Ltd,2024-11-15,67825,1336.75,90665068.75,91077904.67,-412835.92,INR,PORT-005,APAC,Telecom,Equity,Citi India,Charles River,False,Matched,6
POS-01174,CLT0001,Tata Investment Corp,INE066A01021,ONGC,Oil & Natural Gas Corp,2024-11-07,39223,289.63,11360157.49,10979563.01,380594.48,INR,PORT-011,APAC,Energy,Equity,Deutsche Bank,Bloomberg AIM,True,Matched,9
POS-01175,CLT0006,LIC of India,INE467B01029,TCS,Tata Consultancy Services,2024-08-21,53276,3816.85,203346500.6,201970643.73,1375856.87,INR,PORT-011,APAC,IT,Equity,Citi India,Bloomberg AIM,False,Matched,6
POS-01176,CLT0015,Norges Bank Investment Mgmt,INE117A01022,BHARTIARTL,Bharti Airtel Ltd,2024-05-27,30974,1355.52,41985876.48,43073850.83,-1087974.35,INR,PORT-013,EMEA,Telecom,Equity,Axis Bank Custody,Bloomberg AIM,True,Matched,7
POS-01177,CLT0002,Aditya Birla Capital,INE040A01034,HDFCBANK,HDFC Bank Ltd,2025-04-14,115457,1607.35,185579808.95,170524981.3,15054827.65,INR,PORT-002,APAC,Banking,Equity,Axis Bank Custody,Simcorp,False,Break,4
POS-01178,CLT0002,Aditya Birla Capital,INE031A01017,POWERGRID,Power Grid Corp of India,2024-01-05,128260,330.33,42368125.8,40474996.34,1893129.46,INR,PORT-013,APAC,Utilities,Equity,HDFC Bank Custody,Charles River,False,Matched,5
POS-01179,CLT0005,Kotak Mahindra AMC,INE585B01010,AXISBANK,Axis Bank Ltd,2024-03-29,157405,1049.72,165231176.6,156681732.38,8549444.22,INR,PORT-005,APAC,Banking,Equity,HDFC Bank Custody,Charles River,True,Matched,1
POS-01180,CLT0005,Kotak Mahindra AMC,INE117A01022,BHARTIARTL,Bharti Airtel Ltd,2024-07-28,147596,1454.73,214712329.08,196059874.39,18652454.69,INR,PORT-037,APAC,Telecom,Equity,Axis Bank Custody,Charles River,True,Matched,3
POS-01181,CLT0008,Nippon India MF,INE154A01025,ITC,ITC Ltd,2024-03-22,139219,455.06,63352998.14,58779377.0,4573621.14,INR,PORT-040,APAC,FMCG,Equity,Citi India,Charles River,False,Matched,5
POS-01182,CLT0002,Aditya Birla Capital,INE002A01018,RELIANCE,Reliance Industries Ltd,2024-11-03,37505,2602.84,97619514.2,102971350.36,-5351836.16,INR,PORT-006,APAC,Energy,Equity,Deutsche Bank,Simcorp,True,Matched,5
POS-01183,CLT0006,LIC of India,INE031A01017,POWERGRID,Power Grid Corp of India,2024-02-12,62530,342.96,21445288.8,18269458.24,3175830.56,INR,PORT-018,APAC,Utilities,Equity,Citi India,Bloomberg AIM,True,Pending,4
POS-01184,CLT0006,LIC of India,INE090A01021,ICICIBANK,ICICI Bank Ltd,2024-10-17,178226,1280.31,228184530.06,201686909.94,26497620.12,INR,PORT-050,APAC,Banking,Equity,HDFC Bank Custody,Bloomberg AIM,True,Matched,3
POS-01185,CLT0009,Emirates NBD Asset Mgmt,INE038A01020,HINDALCO,Hindalco Industries Ltd,2024-11-19,175146,656.88,115049904.48,103964868.71,11085035.77,INR,PORT-048,EMEA,Metals,Equity,Citi India,Bloomberg AIM,True,Pending,1
POS-01186,CLT0015,Norges Bank Investment Mgmt,INE154A01025,ITC,ITC Ltd,2024-01-04,26536,,,11493382.91,1597356.61,INR,PORT-032,EMEA,FMCG,Equity,Citi India,Simcorp,True,Matched,0
POS-01187,CLT0005,Kotak Mahindra AMC,INE038A01020,HINDALCO,Hindalco Industries Ltd,2024-06-02,145001,650.97,94391300.97,94317020.78,74280.19,INR,PORT-022,APAC,Metals,Equity,Citi India,In-house,True,Matched,9
POS-01188,CLT0012,Vanguard Emerging Markets,INE040A01034,HDFCBANK,HDFC Bank Ltd,2024-05-16,169151,1562.4,264281522.4,238107013.59,26174508.81,INR,PORT-006,Americas,Banking,Equity,HDFC Bank Custody,Simcorp,False,Matched,3
POS-01189,CLT0012,Vanguard Emerging Markets,INE018A01030,LARSEN,Larsen & Toubro Ltd,2024-12-23,38134,3737.64,142531163.76,136255814.47,6275349.29,INR,PORT-049,Americas,Infrastructure,Equity,HDFC Bank Custody,In-house,False,Break,4
POS-01190,CLT0011,BlackRock India Fund,INE038A01020,HINDALCO,Hindalco Industries Ltd,2024-05-03,129598,612.71,79405990.58,81676384.25,-2270393.67,INR,PORT-050,Americas,Metals,Equity,Axis Bank Custody,Simcorp,True,Break,10
POS-01191,CLT0001,Tata Investment Corp,INE154A01025,ITC,ITC Ltd,2024-01-12,80235,,,35600944.73,1444357.12,INR,PORT-045,APAC,FMCG,Equity,HDFC Bank Custody,In-house,True,Matched,3
POS-01192,CLT0006,LIC of India,INE075A01022,WIPRO,Wipro Ltd,2024-03-21,90378,490.18,44301488.04,46806550.22,-2505062.18,INR,PORT-014,APAC,IT,Equity,Axis Bank Custody,Charles River,True,Matched,2
POS-01193,CLT0006,LIC of India,INE154A01025,ITC,ITC Ltd,2025-02-05,15804,458.08,7239496.32,7024766.33,214729.99,INR,PORT-030,APAC,FMCG,Equity,Axis Bank Custody,Charles River,False,Matched,0
POS-01194,CLT0005,Kotak Mahindra AMC,INE009A01021,INFY,Infosys Ltd,2024-09-04,108199,1407.96,152339864.04,161055252.99,-8715388.95,INR,PORT-002,APAC,IT,Equity,Axis Bank Custody,Bloomberg AIM,True,Pending,4
POS-01195,CLT0009,Emirates NBD Asset Mgmt,INE009A01021,INFY,Infosys Ltd,2024-02-01,83171,1537.76,127897036.96,116815161.74,11081875.22,INR,PORT-003,EMEA,IT,Equity,HDFC Bank Custody,Bloomberg AIM,True,Matched,3
POS-01196,CLT0006,LIC of India,INE040A01034,HDFCBANK,HDFC Bank Ltd,2024-01-28,11831,1647.19,19487904.89,18543152.28,944752.61,INR,PORT-016,APAC,Banking,Equity,Deutsche Bank,Bloomberg AIM,True,Break,0
POS-01197,CLT0012,Vanguard Emerging Markets,INE040A01034,HDFCBANK,HDFC Bank Ltd,2025-03-25,139179,1757.08,244548637.32,214368967.71,30179669.61,INR,PORT-043,Americas,Banking,Equity,Citi India,Simcorp,True,Matched,2
POS-01198,CLT0006,LIC of India,INE075A01022,WIPRO,Wipro Ltd,2024-08-13,49012,556.35,27267826.2,23455840.9,3811985.3,INR,PORT-022,APAC,IT,Equity,Deutsche Bank,In-house,True,Break,4
POS-01199,CLT0010,Abu Dhabi Investment Auth,INE154A01025,ITC,ITC Ltd,2024-06-23,46481,,,20978235.11,610794.96,INR,PORT-010,EMEA,FMCG,Equity,Deutsche Bank,Charles River,True,Break,4
POS-01200,CLT0005,Kotak Mahindra AMC,INE018A01030,LARSEN,Larsen & Toubro Ltd,2025-01-25,36575,3911.42,143060186.5,115881539.08,27178647.42,INR,PORT-025,APAC,Infrastructure,Equity,HDFC Bank Custody,Simcorp,True,Matched,1
POS-01201,CLT0010,Abu Dhabi Investment Auth,INE090A01021,ICICIBANK,ICICI Bank Ltd,2024-12-18,144025,1227.62,176807970.5,178473727.52,-1665757.02,INR,PORT-047,EMEA,Banking,Equity,Axis Bank Custody,Simcorp,True,Matched,9
POS-01202,CLT0002,Aditya Birla Capital,INE585B01010,AXISBANK,Axis Bank Ltd,2024-05-28,46851,998.22,46767605.22,46904444.06,-136838.84,INR,PORT-046,APAC,Banking,Equity,Axis Bank Custody,In-house,True,Matched,1
POS-01203,CLT0006,LIC of India,INE020B01018,NTPC,NTPC Ltd,2024-04-21,168090,349.29,58712156.1,53857268.45,4854887.65,INR,PORT-020,APAC,Utilities,Equity,Citi India,In-house,True,Matched,6
POS-01204,CLT0009,Emirates NBD Asset Mgmt,INE001A01036,SBIN,State Bank of India,2024-08-20,93833,781.45,73325797.85,68521787.43,4804010.42,INR,PORT-023,EMEA,Banking,Equity,Deutsche Bank,In-house,True,Break,9
POS-01205,CLT0006,LIC of India,INE009A01021,INFY,Infosys Ltd,2024-10-10,177672,1520.49,270148499.28,235033664.13,35114835.15,INR,PORT-002,APAC,IT,Equity,Axis Bank Custody,In-house,True,Pending,8
POS-01206,CLT0015,Norges Bank Investment Mgmt,INE467B01029,TCS,Tata Consultancy Services,2024-12-12,70842,4052.76,287105623.92,271723639.93,15381983.99,INR,PORT-041,EMEA,IT,Equity,Axis Bank Custody,Charles River,True,Matched,1
POS-01207,CLT0001,Tata Investment Corp,INE018A01030,LARSEN,Larsen & Toubro Ltd,2024-06-11,121082,3513.67,425442190.94,384420234.88,41021956.06,INR,PORT-046,APAC,Infrastructure,Equity,Deutsche Bank,Simcorp,True,Matched,7
POS-01208,CLT0013,GIC Private Ltd Singapore,INE721A01013,SUNPHARMA,Sun Pharmaceutical Ltd,2024-03-03,156517,1722.2,269553577.4,244616724.73,24936852.67,INR,PORT-049,APAC,Pharma,Equity,Citi India,Bloomberg AIM,True,Matched,9
POS-01209,CLT0002,Aditya Birla Capital,INE002A01018,RELIANCE,Reliance Industries Ltd,2024-09-14,128425,2605.99,334674265.75,320338044.51,14336221.24,INR,PORT-030,APAC,Energy,Equity,HDFC Bank Custody,Bloomberg AIM,True,Break,8
POS-01210,CLT0011,BlackRock India Fund,INE296A01024,BAJFINANCE,Bajaj Finance Ltd,2024-07-26,31138,6895.69,214717995.22,226526685.16,-11808689.94,INR,PORT-012,Americas,NBFC,Equity,HDFC Bank Custody,In-house,True,Matched,1
POS-01211,CLT0007,ICICI Prudential AMC,INE467B01029,TCS,Tata Consultancy Services,2024-09-03,164336,4130.31,678758624.16,548920859.55,129837764.61,INR,PORT-018,APAC,IT,Equity,Axis Bank Custody,Simcorp,True,Break,8
POS-01212,CLT0012,Vanguard Emerging Markets,INE154A01025,ITC,ITC Ltd,2025-03-29,18114,474.73,8599259.22,7913424.42,685834.8,INR,PORT-038,Americas,FMCG,Equity,HDFC Bank Custody,Charles River,True,Matched,1
POS-01213,CLT0014,Temasek Holdings,INE040A01034,HDFCBANK,HDFC Bank Ltd,2024-05-06,183243,1611.53,295301591.79,308734271.67,-13432679.88,INR,PORT-024,APAC,Banking,Equity,Axis Bank Custody,Bloomberg AIM,False,Matched,0
POS-01214,CLT0014,Temasek Holdings,INE296A01024,BAJFINANCE,Bajaj Finance Ltd,2024-10-15,78960,7112.38,561593524.8,547890890.77,13702634.03,INR,PORT-021,APAC,NBFC,Equity,Citi India,Simcorp,False,Matched,1
POS-01215,CLT0003,SBI Life Insurance,INE414G01012,ADANIENT,Adani Enterprises Ltd,2024-11-26,21109,2566.2,54169915.8,52652426.83,1517488.97,INR,PORT-026,APAC,Conglomerate,Equity,Axis Bank Custody,Bloomberg AIM,True,Matched,6
POS-01216,CLT0014,Temasek Holdings,INE414G01012,ADANIENT,Adani Enterprises Ltd,2024-10-16,4736,2524.46,11955842.56,11103189.8,852652.76,INR,PORT-014,APAC,Conglomerate,Equity,Deutsche Bank,Bloomberg AIM,True,Matched,4
POS-01217,CLT0010,Abu Dhabi Investment Auth,INE066A01021,ONGC,Oil & Natural Gas Corp,2024-02-24,50191,248.9,12492539.9,11776638.54,715901.36,INR,PORT-023,EMEA,Energy,Equity,Deutsche Bank,In-house,True,Pending,9
POS-01218,CLT0004,HDFC Pension Fund,INE020B01018,NTPC,NTPC Ltd,2024-04-30,67585,383.26,25902627.1,24800361.9,1102265.2,INR,PORT-002,APAC,Utilities,Equity,Deutsche Bank,Simcorp,True,Matched,6
POS-01219,CLT0013,GIC Private Ltd Singapore,INE090A01021,ICICIBANK,ICICI Bank Ltd,2024-10-11,127061,1143.17,145252323.37,146041063.09,-788739.72,INR,PORT-009,APAC,Banking,Equity,Deutsche Bank,Charles River,True,Matched,3
POS-01220,CLT0005,Kotak Mahindra AMC,INE009A01021,INFY,Infosys Ltd,2025-04-27,87804,1599.77,140466205.08,126458076.58,14008128.5,INR,PORT-036,APAC,IT,Equity,HDFC Bank Custody,In-house,True,Matched,7
POS-01221,CLT0014,Temasek Holdings,INE361B01024,HCLTECH,HCL Technologies Ltd,2024-06-26,66088,1652.49,109209759.12,99574699.24,9635059.88,INR,PORT-022,APAC,IT,Equity,Deutsche Bank,Bloomberg AIM,True,Matched,7
POS-01222,CLT0011,BlackRock India Fund,INE117A01022,BHARTIARTL,Bharti Airtel Ltd,2024-10-10,2018,1287.04,2597246.72,2621884.57,-24637.85,INR,PORT-028,Americas,Telecom,Equity,Citi India,Charles River,True,Matched,3
POS-01223,CLT0005,Kotak Mahindra AMC,INE721A01013,SUNPHARMA,Sun Pharmaceutical Ltd,2025-04-25,71542,1629.9,116606305.8,121501093.52,-4894787.72,INR,PORT-003,APAC,Pharma,Equity,Citi India,In-house,True,Matched,1
POS-01224,CLT0014,Temasek Holdings,INE002A01018,RELIANCE,Reliance Industries Ltd,2024-04-08,199256,,,506389164.22,114470613.62,INR,PORT-018,APAC,Energy,Equity,Deutsche Bank,Charles River,True,Matched,0
POS-01225,CLT0005,Kotak Mahindra AMC,INE038A01020,HINDALCO,Hindalco Industries Ltd,2025-03-24,44298,637.78,28252378.44,26873555.78,1378822.66,INR,PORT-018,APAC,Metals,Equity,Axis Bank Custody,Charles River,True,Matched,3
POS-01226,CLT0010,Abu Dhabi Investment Auth,INE090A01021,ICICIBANK,ICICI Bank Ltd,2024-06-08,120105,1147.14,137777249.7,139082883.78,-1305634.08,INR,PORT-040,EMEA,Banking,Equity,Axis Bank Custody,Charles River,True,Matched,3
POS-01227,CLT0001,Tata Investment Corp,INE001A01036,SBIN,State Bank of India,2024-04-03,48798,851.31,41542225.38,35747827.71,5794397.67,INR,PORT-042,APAC,Banking,Equity,Citi India,Bloomberg AIM,True,Matched,7
POS-01228,CLT0004,HDFC Pension Fund,INE467B01029,TCS,Tata Consultancy Services,2024-06-22,125492,4223.3,529990363.6,466752464.12,63237899.48,INR,PORT-044,APAC,IT,Equity,Citi India,Simcorp,True,Matched,1
POS-01229,CLT0012,Vanguard Emerging Markets,INE075A01022,WIPRO,Wipro Ltd,2024-06-05,12332,,,5643513.76,170900.92,INR,PORT-043,Americas,IT,Equity,Deutsche Bank,Charles River,False,Pending,3
POS-01230,CLT0011,BlackRock India Fund,INE585B01010,AXISBANK,Axis Bank Ltd,2024-04-17,143367,1045.5,149890198.5,139183033.83,10707164.67,INR,PORT-050,Americas,Banking,Equity,Axis Bank Custody,Simcorp,True,Matched,2
POS-01231,CLT0006,LIC of India,INE467B01029,TCS,Tata Consultancy Services,2024-05-02,174383,4098.42,714694774.86,636129792.19,78564982.67,INR,PORT-027,APAC,IT,Equity,Deutsche Bank,Charles River,True,Matched,6
POS-01232,CLT0015,Norges Bank Investment Mgmt,INE018A01030,LARSEN,Larsen & Toubro Ltd,2024-11-06,80243,3734.92,299701185.56,280703243.98,18997941.58,INR,PORT-021,EMEA,Infrastructure,Equity,HDFC Bank Custody,Charles River,True,Break,4
POS-01233,CLT0012,Vanguard Emerging Markets,INE001A01036,SBIN,State Bank of India,2024-03-23,84580,740.63,62642485.4,62647400.37,-4914.97,INR,PORT-013,Americas,Banking,Equity,Citi India,Simcorp,True,Break,2
POS-01234,CLT0004,HDFC Pension Fund,INE361B01024,HCLTECH,HCL Technologies Ltd,2024-10-05,23762,1581.1,37570098.2,34870043.98,2700054.22,INR,PORT-026,APAC,IT,Equity,Citi India,In-house,True,Break,2
POS-01235,CLT0013,GIC Private Ltd Singapore,INE038A01020,HINDALCO,Hindalco Industries Ltd,2024-02-19,9593,673.63,6462132.59,6308114.09,154018.5,INR,PORT-025,APAC,Metals,Equity,Axis Bank Custody,Simcorp,True,Matched,0
POS-01236,CLT0011,BlackRock India Fund,INE066A01021,ONGC,Oil & Natural Gas Corp,2024-02-28,68435,279.01,19094049.35,18198728.13,895321.22,INR,PORT-044,Americas,Energy,Equity,Deutsche Bank,Bloomberg AIM,False,Matched,10
POS-01237,CLT0008,Nippon India MF,INE090A01021,ICICIBANK,ICICI Bank Ltd,2025-05-15,104503,1203.63,125782945.89,135989990.79,-10207044.9,INR,PORT-031,APAC,Banking,Equity,Deutsche Bank,Bloomberg AIM,True,Break,5
POS-01238,CLT0004,HDFC Pension Fund,INE467B01029,TCS,Tata Consultancy Services,2025-04-24,135111,3722.64,502969613.04,467590030.94,35379582.1,INR,PORT-037,APAC,IT,Equity,Axis Bank Custody,Charles River,True,Matched,6
POS-01239,CLT0002,Aditya Birla Capital,INE001A01036,SBIN,State Bank of India,2024-03-19,88228,810.01,71465562.28,71606848.76,-141286.48,INR,PORT-014,APAC,Banking,Equity,HDFC Bank Custody,Simcorp,True,Matched,9
POS-01240,CLT0008,Nippon India MF,INE213A01029,MARUTI,Maruti Suzuki India Ltd,2025-02-23,107529,14030.0,1508631870.0,1379890338.7,128741531.3,INR,PORT-006,APAC,Auto,Equity,Axis Bank Custody,Simcorp,True,Matched,3
POS-01241,CLT0013,GIC Private Ltd Singapore,INE585B01010,AXISBANK,Axis Bank Ltd,2024-06-08,78758,999.23,78697356.34,83502951.54,-4805595.2,INR,PORT-025,APAC,Banking,Equity,Axis Bank Custody,Charles River,True,Matched,9
POS-01242,CLT0013,GIC Private Ltd Singapore,INE467B01029,TCS,Tata Consultancy Services,2024-04-24,75541,4031.81,304566959.21,308302564.51,-3735605.3,INR,PORT-049,APAC,IT,Equity,Deutsche Bank,Charles River,True,Matched,3
POS-01243,CLT0013,GIC Private Ltd Singapore,INE009A01021,INFY,Infosys Ltd,2024-07-19,192795,1355.76,261383749.2,271907643.76,-10523894.56,INR,PORT-029,APAC,IT,Equity,Deutsche Bank,Simcorp,True,Matched,6
POS-01244,CLT0015,Norges Bank Investment Mgmt,INE038A01020,HINDALCO,Hindalco Industries Ltd,2024-01-02,118569,620.32,73550722.08,74841958.9,-1291236.82,INR,PORT-007,EMEA,Metals,Equity,Citi India,Simcorp,True,Matched,8
POS-01245,CLT0007,ICICI Prudential AMC,INE154A01025,ITC,ITC Ltd,2025-04-27,197871,474.56,93901661.76,79719576.47,14182085.29,INR,PORT-046,APAC,FMCG,Equity,Citi India,Bloomberg AIM,True,Matched,9
POS-01246,CLT0011,BlackRock India Fund,INE361B01024,HCLTECH,HCL Technologies Ltd,2025-02-23,121689,,,192327499.22,-8975032.25,INR,PORT-005,Americas,IT,Equity,HDFC Bank Custody,Simcorp,True,Matched,8
POS-01247,CLT0011,BlackRock India Fund,INE001A01036,SBIN,State Bank of India,2025-04-13,32320,834.06,26956819.2,22278605.75,4678213.45,INR,PORT-006,Americas,Banking,Equity,Deutsche Bank,Charles River,True,Matched,0
POS-01248,CLT0006,LIC of India,INE721A01013,SUNPHARMA,Sun Pharmaceutical Ltd,2025-03-03,21963,1843.1,40480005.3,36379048.38,4100956.92,INR,PORT-033,APAC,Pharma,Equity,Axis Bank Custody,In-house,True,Matched,3
POS-01249,CLT0008,Nippon India MF,INE066A01021,ONGC,Oil & Natural Gas Corp,2025-04-10,179672,257.91,46339205.52,46731265.41,-392059.89,INR,PORT-008,APAC,Energy,Equity,HDFC Bank Custody,Bloomberg AIM,True,Break,2
POS-01250,CLT0007,ICICI Prudential AMC,INE090A01021,ICICIBANK,ICICI Bank Ltd,2024-03-02,10068,1322.86,13318554.48,13017026.34,301528.14,INR,PORT-035,APAC,Banking,Equity,Deutsche Bank,Simcorp,True,Matched,10
POS-01251,CLT0015,Norges Bank Investment Mgmt,INE414G01012,ADANIENT,Adani Enterprises Ltd,2025-03-22,47343,2401.17,113678591.31,113724795.14,-46203.83,INR,PORT-004,EMEA,Conglomerate,Equity,HDFC Bank Custody,Bloomberg AIM,True,Matched,0
POS-01252,CLT0015,Norges Bank Investment Mgmt,INE090A01021,ICICIBANK,ICICI Bank Ltd,2025-01-12,177706,1307.96,232432339.76,223682134.09,8750205.67,INR,PORT-029,EMEA,Banking,Equity,HDFC Bank Custody,Charles River,True,Matched,6
POS-01253,CLT0003,SBI Life Insurance,INE090A01021,ICICIBANK,ICICI Bank Ltd,2024-03-22,195956,1277.98,250427848.88,224028143.32,26399705.56,INR,PORT-033,APAC,Banking,Equity,Deutsche Bank,In-house,True,Matched,1
POS-01254,CLT0012,Vanguard Emerging Markets,INE361B01024,HCLTECH,HCL Technologies Ltd,2025-01-26,110253,1511.29,166624256.37,172247403.39,-5623147.02,INR,PORT-019,Americas,IT,Equity,HDFC Bank Custody,Charles River,True,Matched,9
POS-01255,CLT0001,Tata Investment Corp,INE117A01022,BHARTIARTL,Bharti Airtel Ltd,2024-11-25,92294,1418.43,130912578.42,121867950.68,9044627.74,INR,PORT-046,APAC,Telecom,Equity,Citi India,Charles River,True,Matched,2
POS-01256,CLT0005,Kotak Mahindra AMC,INE117A01022,BHARTIARTL,Bharti Airtel Ltd,2024-04-17,187154,1518.91,284270082.14,226891685.0,57378397.14,INR,PORT-034,APAC,Telecom,Equity,Citi India,Bloomberg AIM,True,Matched,6
POS-01257,CLT0014,Temasek Holdings,INE075A01022,WIPRO,Wipro Ltd,2024-09-11,163185,520.72,84973693.2,87677927.11,-2704233.91,INR,PORT-033,APAC,IT,Equity,Citi India,Bloomberg AIM,True,Matched,6
POS-01258,CLT0007,ICICI Prudential AMC,INE090A01021,ICICIBANK,ICICI Bank Ltd,2024-10-20,31396,1182.2,37116351.2,37097077.66,19273.54,INR,PORT-033,APAC,Banking,Equity,Deutsche Bank,In-house,True,Matched,6
POS-01259,CLT0006,LIC of India,INE038A01020,HINDALCO,Hindalco Industries Ltd,2024-07-30,145701,715.18,104202441.18,96837521.0,7364920.18,INR,PORT-034,APAC,Metals,Equity,Deutsche Bank,Charles River,True,Matched,7
POS-01260,CLT0013,GIC Private Ltd Singapore,INE001A01036,SBIN,State Bank of India,2024-01-22,56958,797.65,45432548.7,41235052.62,4197496.08,INR,PORT-005,APAC,Banking,Equity,Axis Bank Custody,Charles River,True,Matched,8
POS-01261,CLT0002,Aditya Birla Capital,INE117A01022,BHARTIARTL,Bharti Airtel Ltd,2024-08-12,166274,1354.18,225164925.32,233146210.75,-7981285.43,INR,PORT-019,APAC,Telecom,Equity,Axis Bank Custody,Charles River,True,Matched,7
POS-01262,CLT0001,Tata Investment Corp,INE038A01020,HINDALCO,Hindalco Industries Ltd,2024-02-10,177322,622.85,110445007.7,112347608.59,-1902600.89,INR,PORT-021,APAC,Metals,Equity,HDFC Bank Custody,In-house,True,Matched,1
POS-01263,CLT0001,Tata Investment Corp,INE154A01025,ITC,ITC Ltd,2024-06-21,66386,496.32,32948699.52,28571821.64,4376877.88,INR,PORT-028,APAC,FMCG,Equity,Citi India,Charles River,True,Matched,3
POS-01264,CLT0004,HDFC Pension Fund,INE117A01022,BHARTIARTL,Bharti Airtel Ltd,2025-01-21,185581,1404.42,260633668.02,266544370.77,-5910702.75,INR,PORT-010,APAC,Telecom,Equity,Axis Bank Custody,Charles River,True,Matched,4
POS-01265,CLT0002,Aditya Birla Capital,INE075A01022,WIPRO,Wipro Ltd,2024-10-31,15351,492.01,7552845.51,8329697.45,-776851.94,INR,PORT-036,APAC,IT,Equity,Axis Bank Custody,Bloomberg AIM,True,Matched,9
POS-01266,CLT0008,Nippon India MF,INE296A01024,BAJFINANCE,Bajaj Finance Ltd,2025-01-22,190040,6455.25,1226755710.0,1209430419.32,17325290.68,INR,PORT-022,APAC,NBFC,Equity,Citi India,Charles River,True,Matched,5
POS-01267,CLT0001,Tata Investment Corp,INE018A01030,LARSEN,Larsen & Toubro Ltd,2024-03-07,21683,3415.47,74057636.01,78036625.53,-3978989.52,INR,PORT-009,APAC,Infrastructure,Equity,Axis Bank Custody,Bloomberg AIM,True,Matched,0
POS-01268,CLT0006,LIC of India,INE721A01013,SUNPHARMA,Sun Pharmaceutical Ltd,2024-12-31,124834,,,201429949.67,24328594.31,INR,PORT-021,APAC,Pharma,Equity,HDFC Bank Custody,In-house,True,Matched,1
POS-01269,CLT0004,HDFC Pension Fund,INE009A01021,INFY,Infosys Ltd,2024-03-09,158830,1378.0,218867740.0,246022102.93,-27154362.93,INR,PORT-038,APAC,IT,Equity,Citi India,Simcorp,True,Matched,2
POS-01270,CLT0009,Emirates NBD Asset Mgmt,INE213A01029,MARUTI,Maruti Suzuki India Ltd,2024-10-07,59289,,,647989601.63,48308714.83,INR,PORT-044,EMEA,Auto,Equity,Axis Bank Custody,Charles River,True,Break,6
POS-01271,CLT0012,Vanguard Emerging Markets,INE414G01012,ADANIENT,Adani Enterprises Ltd,2024-07-26,52594,2667.71,140305539.74,128067096.77,12238442.97,INR,PORT-004,Americas,Conglomerate,Equity,Deutsche Bank,In-house,True,Matched,4
POS-01272,CLT0015,Norges Bank Investment Mgmt,INE066A01021,ONGC,Oil & Natural Gas Corp,2024-12-08,110759,247.71,27436111.89,28624619.86,-1188507.97,INR,PORT-033,EMEA,Energy,Equity,HDFC Bank Custody,Bloomberg AIM,True,Matched,9
POS-01273,CLT0005,Kotak Mahindra AMC,INE018A01030,LARSEN,Larsen & Toubro Ltd,2025-02-12,173898,3940.62,685265936.76,640207582.64,45058354.12,INR,PORT-012,APAC,Infrastructure,Equity,Axis Bank Custody,Charles River,True,Matched,8
POS-01274,CLT0012,Vanguard Emerging Markets,INE031A01017,POWERGRID,Power Grid Corp of India,2024-09-24,90401,328.47,29694016.47,25402862.14,4291154.33,INR,PORT-042,Americas,Utilities,Equity,Axis Bank Custody,Bloomberg AIM,True,Matched,10
POS-01275,CLT0010,Abu Dhabi Investment Auth,INE361B01024,HCLTECH,HCL Technologies Ltd,2025-04-15,136256,,,189808137.41,33589024.83,INR,PORT-010,EMEA,IT,Equity,Axis Bank Custody,In-house,True,Matched,8
POS-01276,CLT0013,GIC Private Ltd Singapore,INE585B01010,AXISBANK,Axis Bank Ltd,2025-03-31,9574,964.04,9229718.96,9082540.34,147178.62,INR,PORT-001,APAC,Banking,Equity,Axis Bank Custody,Simcorp,True,Matched,2
POS-01277,CLT0004,HDFC Pension Fund,INE001A01036,SBIN,State Bank of India,2024-05-16,127838,747.49,95557626.62,90741146.04,4816480.58,INR,PORT-032,APAC,Banking,Equity,Deutsche Bank,Simcorp,True,Matched,2
POS-01278,CLT0010,Abu Dhabi Investment Auth,INE296A01024,BAJFINANCE,Bajaj Finance Ltd,2024-11-23,34733,7109.79,246944336.07,212340455.58,34603880.49,INR,PORT-005,EMEA,NBFC,Equity,Deutsche Bank,In-house,False,Matched,1
POS-01279,CLT0005,Kotak Mahindra AMC,INE002A01018,RELIANCE,Reliance Industries Ltd,2024-10-30,168595,2701.81,455511656.95,463976828.18,-8465171.23,INR,PORT-012,APAC,Energy,Equity,Axis Bank Custody,Simcorp,False,Matched,2
POS-01280,CLT0003,SBI Life Insurance,INE721A01013,SUNPHARMA,Sun Pharmaceutical Ltd,2024-11-06,91777,1527.48,140187531.96,137328258.31,2859273.65,INR,PORT-004,APAC,Pharma,Equity,Citi India,Charles River,True,Matched,4
POS-01281,CLT0009,Emirates NBD Asset Mgmt,INE009A01021,INFY,Infosys Ltd,2024-08-27,123326,1566.81,193228410.06,185586120.87,7642289.19,INR,PORT-035,EMEA,IT,Equity,Citi India,Bloomberg AIM,True,Pending,10
POS-01282,CLT0008,Nippon India MF,INE361B01024,HCLTECH,HCL Technologies Ltd,2025-05-05,184503,1481.08,273263703.24,289991767.06,-16728063.82,INR,PORT-002,APAC,IT,Equity,Deutsche Bank,Charles River,True,Matched,8
POS-01283,CLT0001,Tata Investment Corp,INE009A01021,INFY,Infosys Ltd,2025-04-01,25007,1535.8,38405750.6,31806463.73,6599286.87,INR,PORT-002,APAC,IT,Equity,Axis Bank Custody,Simcorp,False,Matched,3
POS-01284,CLT0007,ICICI Prudential AMC,INE040A01034,HDFCBANK,HDFC Bank Ltd,2024-09-02,90815,1489.32,135252595.8,129791135.07,5461460.73,INR,PORT-021,APAC,Banking,Equity,HDFC Bank Custody,Simcorp,False,Break,8
POS-01285,CLT0001,Tata Investment Corp,INE038A01020,HINDALCO,Hindalco Industries Ltd,2025-04-10,11524,634.92,7316818.08,6502426.04,814392.04,INR,PORT-024,APAC,Metals,Equity,Deutsche Bank,In-house,True,Matched,0
POS-01286,CLT0005,Kotak Mahindra AMC,INE038A01020,HINDALCO,Hindalco Industries Ltd,2025-01-14,169114,678.95,114819950.3,117193583.23,-2373632.93,INR,PORT-031,APAC,Metals,Equity,HDFC Bank Custody,Simcorp,True,Matched,4
POS-01287,CLT0004,HDFC Pension Fund,INE020B01018,NTPC,NTPC Ltd,2025-02-28,6229,388.06,2417225.74,2149617.42,267608.32,INR,PORT-029,APAC,Utilities,Equity,Deutsche Bank,Charles River,True,Matched,8
POS-01288,CLT0005,Kotak Mahindra AMC,INE090A01021,ICICIBANK,ICICI Bank Ltd,2024-12-13,30819,1173.77,36174417.63,36702237.54,-527819.91,INR,PORT-004,APAC,Banking,Equity,Axis Bank Custody,Bloomberg AIM,True,Matched,7
POS-01289,CLT0001,Tata Investment Corp,INE002A01018,RELIANCE,Reliance Industries Ltd,2024-04-19,37712,2701.06,101862374.72,94353753.12,7508621.6,INR,PORT-022,APAC,Energy,Equity,HDFC Bank Custody,In-house,True,Matched,1
POS-01290,CLT0008,Nippon India MF,INE066A01021,ONGC,Oil & Natural Gas Corp,2025-04-25,14470,291.27,4214676.9,3958699.66,255977.24,INR,PORT-013,APAC,Energy,Equity,Axis Bank Custody,In-house,True,Matched,6
POS-01291,CLT0005,Kotak Mahindra AMC,INE467B01029,TCS,Tata Consultancy Services,2024-05-23,59417,3795.89,225540396.13,231204358.28,-5663962.15,INR,PORT-038,APAC,IT,Equity,HDFC Bank Custody,Charles River,True,Break,10
POS-01292,CLT0008,Nippon India MF,INE001A01036,SBIN,State Bank of India,2024-08-03,191651,746.67,143100052.17,148692482.02,-5592429.85,INR,PORT-013,APAC,Banking,Equity,Axis Bank Custody,Bloomberg AIM,True,Matched,0
POS-01293,CLT0009,Emirates NBD Asset Mgmt,INE001A01036,SBIN,State Bank of India,2024-07-03,21820,780.14,17022654.8,17821339.05,-798684.25,INR,PORT-016,EMEA,Banking,Equity,Deutsche Bank,Bloomberg AIM,True,Matched,9
POS-01294,CLT0006,LIC of India,INE154A01025,ITC,ITC Ltd,2025-01-10,140846,480.21,67635657.66,66198320.2,1437337.46,INR,PORT-018,APAC,FMCG,Equity,HDFC Bank Custody,Simcorp,True,Matched,3
POS-01295,CLT0004,HDFC Pension Fund,INE585B01010,AXISBANK,Axis Bank Ltd,2025-03-03,18118,982.0,17791876.0,16949093.02,842782.98,INR,PORT-034,APAC,Banking,Equity,Citi India,Simcorp,True,Matched,5
POS-01296,CLT0014,Temasek Holdings,INE040A01034,HDFCBANK,HDFC Bank Ltd,2024-01-05,41481,1746.83,72460255.23,57361774.22,15098481.01,INR,PORT-013,APAC,Banking,Equity,Deutsche Bank,In-house,False,Matched,9
POS-01297,CLT0008,Nippon India MF,INE154A01025,ITC,ITC Ltd,2024-04-18,156227,452.87,70750521.49,75632768.57,-4882247.08,INR,PORT-048,APAC,FMCG,Equity,Deutsche Bank,In-house,True,Matched,10
POS-01298,CLT0015,Norges Bank Investment Mgmt,INE066A01021,ONGC,Oil & Natural Gas Corp,2024-08-10,156259,248.37,38810047.83,37272624.32,1537423.51,INR,PORT-008,EMEA,Energy,Equity,Deutsche Bank,Bloomberg AIM,True,Matched,8
POS-01299,CLT0005,Kotak Mahindra AMC,INE585B01010,AXISBANK,Axis Bank Ltd,2025-02-24,5277,946.16,4992886.32,4793349.42,199536.9,INR,PORT-044,APAC,Banking,Equity,Citi India,Bloomberg AIM,True,Matched,3
POS-01300,CLT0014,Temasek Holdings,INE467B01029,TCS,Tata Consultancy Services,2024-06-07,116180,4159.23,483219341.4,453260759.12,29958582.28,INR,PORT-028,APAC,IT,Equity,Axis Bank Custody,Charles River,True,Matched,10
POS-01301,CLT0014,Temasek Holdings,INE585B01010,AXISBANK,Axis Bank Ltd,2025-03-18,162153,1110.09,180004423.77,151601508.36,28402915.41,INR,PORT-032,APAC,Banking,Equity,Deutsche Bank,Charles River,True,Pending,8
POS-01302,CLT0002,Aditya Birla Capital,INE117A01022,BHARTIARTL,Bharti Airtel Ltd,2024-03-22,48978,1511.02,74006737.56,58181002.35,15825735.21,INR,PORT-042,APAC,Telecom,Equity,HDFC Bank Custody,Bloomberg AIM,True,Matched,7
POS-01303,CLT0014,Temasek Holdings,INE001A01036,SBIN,State Bank of India,2024-04-26,141982,715.05,101524229.1,108288346.9,-6764117.8,INR,PORT-012,APAC,Banking,Equity,Axis Bank Custody,In-house,False,Matched,10
POS-01304,CLT0010,Abu Dhabi Investment Auth,INE038A01020,HINDALCO,Hindalco Industries Ltd,2024-11-26,129219,643.1,83100738.9,84487830.08,-1387091.18,INR,PORT-047,EMEA,Metals,Equity,Deutsche Bank,Charles River,False,Matched,10
POS-01305,CLT0015,Norges Bank Investment Mgmt,INE361B01024,HCLTECH,HCL Technologies Ltd,2025-03-03,177083,1434.02,253940563.66,262098199.74,-8157636.08,INR,PORT-012,EMEA,IT,Equity,HDFC Bank Custody,Simcorp,True,Break,8
POS-01306,CLT0002,Aditya Birla Capital,INE721A01013,SUNPHARMA,Sun Pharmaceutical Ltd,2025-04-26,102121,1754.57,179178442.97,155382669.13,23795773.84,INR,PORT-019,APAC,Pharma,Equity,Citi India,In-house,True,Pending,7
POS-01307,CLT0007,ICICI Prudential AMC,INE018A01030,LARSEN,Larsen & Toubro Ltd,2025-02-20,160964,3859.26,621201926.64,522742435.05,98459491.59,INR,PORT-043,APAC,Infrastructure,Equity,Axis Bank Custody,Bloomberg AIM,True,Break,5
POS-01308,CLT0001,Tata Investment Corp,INE414G01012,ADANIENT,Adani Enterprises Ltd,2025-03-20,66300,2603.32,172600116.0,162005779.42,10594336.58,INR,PORT-015,APAC,Conglomerate,Equity,HDFC Bank Custody,Simcorp,True,Matched,8
POS-01309,CLT0006,LIC of India,INE467B01029,TCS,Tata Consultancy Services,2024-09-18,149169,3968.88,592033860.72,577799879.42,14233981.3,INR,PORT-034,APAC,IT,Equity,Citi India,Simcorp,True,Matched,7
POS-01310,CLT0002,Aditya Birla Capital,INE296A01024,BAJFINANCE,Bajaj Finance Ltd,2024-01-06,69485,7285.55,506236441.75,421423184.1,84813257.65,INR,PORT-002,APAC,NBFC,Equity,HDFC Bank Custody,Bloomberg AIM,True,Matched,3
POS-01311,CLT0002,Aditya Birla Capital,INE018A01030,LARSEN,Larsen & Toubro Ltd,2024-06-02,18910,,,63421575.04,301342.96,INR,PORT-037,APAC,Infrastructure,Equity,Citi India,In-house,True,Break,3
POS-01312,CLT0009,Emirates NBD Asset Mgmt,INE090A01021,ICICIBANK,ICICI Bank Ltd,2025-04-28,80626,1299.39,104764618.14,103756791.63,1007826.51,INR,PORT-022,EMEA,Banking,Equity,Axis Bank Custody,Simcorp,False,Pending,10
POS-01313,CLT0006,LIC of India,INE020B01018,NTPC,NTPC Ltd,2024-09-20,93438,325.52,30415937.76,30133960.97,281976.79,INR,PORT-010,APAC,Utilities,Equity,HDFC Bank Custody,In-house,True,Pending,10
POS-01314,CLT0010,Abu Dhabi Investment Auth,INE009A01021,INFY,Infosys Ltd,2024-10-01,86244,1534.5,132341418.0,109231326.77,23110091.23,INR,PORT-015,EMEA,IT,Equity,Axis Bank Custody,In-house,True,Matched,5
POS-01315,CLT0005,Kotak Mahindra AMC,INE001A01036,SBIN,State Bank of India,2024-08-10,37854,785.31,29727124.74,29920716.12,-193591.38,INR,PORT-014,APAC,Banking,Equity,Citi India,Charles River,True,Pending,2
POS-01316,CLT0009,Emirates NBD Asset Mgmt,INE296A01024,BAJFINANCE,Bajaj Finance Ltd,2025-01-20,58937,7475.33,440573524.21,360752005.21,79821519.0,INR,PORT-040,EMEA,NBFC,Equity,Deutsche Bank,Charles River,False,Matched,4
POS-01317,CLT0003,SBI Life Insurance,INE002A01018,RELIANCE,Reliance Industries Ltd,2024-10-08,100050,2765.96,276734298.0,252668008.38,24066289.62,INR,PORT-024,APAC,Energy,Equity,HDFC Bank Custody,Charles River,True,Matched,1
POS-01318,CLT0009,Emirates NBD Asset Mgmt,INE002A01018,RELIANCE,Reliance Industries Ltd,2024-11-27,26563,2852.49,75770691.87,72469668.67,3301023.2,INR,PORT-002,EMEA,Energy,Equity,Deutsche Bank,Bloomberg AIM,True,Matched,8
POS-01319,CLT0008,Nippon India MF,INE075A01022,WIPRO,Wipro Ltd,2025-01-31,59595,518.76,30915502.2,31940976.95,-1025474.75,INR,PORT-003,APAC,IT,Equity,Deutsche Bank,Simcorp,True,Matched,10
POS-01320,CLT0012,Vanguard Emerging Markets,INE009A01021,INFY,Infosys Ltd,2024-03-14,53420,1576.73,84228916.6,67806247.15,16422669.45,INR,PORT-010,Americas,IT,Equity,HDFC Bank Custody,Simcorp,False,Matched,3
POS-01321,CLT0005,Kotak Mahindra AMC,INE066A01021,ONGC,Oil & Natural Gas Corp,2025-01-05,115275,253.21,29188782.75,26821728.1,2367054.65,INR,PORT-050,APAC,Energy,Equity,Deutsche Bank,Simcorp,True,Break,6
POS-01322,CLT0005,Kotak Mahindra AMC,INE296A01024,BAJFINANCE,Bajaj Finance Ltd,2025-04-06,165745,7170.15,1188416511.75,1201440707.67,-13024195.92,INR,PORT-042,APAC,NBFC,Equity,Deutsche Bank,In-house,False,Matched,8
POS-01323,CLT0012,Vanguard Emerging Markets,INE040A01034,HDFCBANK,HDFC Bank Ltd,2024-10-16,118489,1754.54,207893690.06,192010608.89,15883081.17,INR,PORT-042,Americas,Banking,Equity,Axis Bank Custody,In-house,True,Matched,10
POS-01324,CLT0012,Vanguard Emerging Markets,INE066A01021,ONGC,Oil & Natural Gas Corp,2024-02-24,28046,277.5,7782765.0,7212729.26,570035.74,INR,PORT-012,Americas,Energy,Equity,Citi India,Simcorp,True,Matched,5
POS-01325,CLT0006,LIC of India,INE213A01029,MARUTI,Maruti Suzuki India Ltd,2024-11-05,152938,13185.1,2016502823.8,1809389878.9,207112944.9,INR,PORT-032,APAC,Auto,Equity,Citi India,Charles River,False,Matched,3
POS-01326,CLT0005,Kotak Mahindra AMC,INE213A01029,MARUTI,Maruti Suzuki India Ltd,2025-04-30,53243,12476.85,664304924.55,594582862.14,69722062.41,INR,PORT-007,APAC,Auto,Equity,Deutsche Bank,In-house,True,Matched,10
POS-01327,CLT0010,Abu Dhabi Investment Auth,INE040A01034,HDFCBANK,HDFC Bank Ltd,2025-02-16,86651,,,124139279.65,17089719.21,INR,PORT-049,EMEA,Banking,Equity,Citi India,Charles River,True,Matched,2
POS-01328,CLT0006,LIC of India,INE117A01022,BHARTIARTL,Bharti Airtel Ltd,2024-09-11,180853,1339.9,242324934.7,226961109.83,15363824.87,INR,PORT-019,APAC,Telecom,Equity,Axis Bank Custody,In-house,True,Matched,2
POS-01329,CLT0007,ICICI Prudential AMC,INE467B01029,TCS,Tata Consultancy Services,2024-06-01,4721,3935.92,18581478.32,19104532.2,-523053.88,INR,PORT-033,APAC,IT,Equity,Citi India,Simcorp,True,Matched,10
POS-01330,CLT0004,HDFC Pension Fund,INE031A01017,POWERGRID,Power Grid Corp of India,2024-11-09,70367,340.82,23982480.94,21891396.12,2091084.82,INR,PORT-018,APAC,Utilities,Equity,Citi India,Charles River,True,Matched,5
POS-01331,CLT0003,SBI Life Insurance,INE117A01022,BHARTIARTL,Bharti Airtel Ltd,2024-05-29,28076,1457.24,40913470.24,39437292.83,1476177.41,INR,PORT-009,APAC,Telecom,Equity,Citi India,In-house,True,Pending,8
POS-01332,CLT0014,Temasek Holdings,INE018A01030,LARSEN,Larsen & Toubro Ltd,2025-04-21,168959,3935.94,665012486.46,583105770.95,81906715.51,INR,PORT-006,APAC,Infrastructure,Equity,Axis Bank Custody,In-house,True,Matched,6
POS-01333,CLT0004,HDFC Pension Fund,INE414G01012,ADANIENT,Adani Enterprises Ltd,2024-03-02,49357,2593.08,127986649.56,118334169.95,9652479.61,INR,PORT-042,APAC,Conglomerate,Equity,Citi India,Simcorp,True,Break,4
POS-01334,CLT0008,Nippon India MF,INE090A01021,ICICIBANK,ICICI Bank Ltd,2024-01-13,126104,1298.79,163782614.16,143597728.82,20184885.34,INR,PORT-015,APAC,Banking,Equity,Citi India,In-house,True,Pending,9
POS-01335,CLT0012,Vanguard Emerging Markets,INE467B01029,TCS,Tata Consultancy Services,2024-07-23,114583,3635.91,416613475.53,454858426.37,-38244950.84,INR,PORT-016,Americas,IT,Equity,Citi India,Bloomberg AIM,True,Matched,0
POS-01336,CLT0010,Abu Dhabi Investment Auth,INE414G01012,ADANIENT,Adani Enterprises Ltd,2024-03-29,139605,2669.53,372679735.65,305513007.32,67166728.33,INR,PORT-050,EMEA,Conglomerate,Equity,HDFC Bank Custody,In-house,True,Matched,10
POS-01337,CLT0014,Temasek Holdings,INE066A01021,ONGC,Oil & Natural Gas Corp,2024-04-04,110269,254.93,28110876.17,28305504.67,-194628.5,INR,PORT-030,APAC,Energy,Equity,HDFC Bank Custody,In-house,True,Matched,9
POS-01338,CLT0008,Nippon India MF,INE038A01020,HINDALCO,Hindalco Industries Ltd,2025-01-13,115262,623.02,71810531.24,78791392.31,-6980861.07,INR,PORT-023,APAC,Metals,Equity,Citi India,Charles River,True,Matched,6
POS-01339,CLT0006,LIC of India,INE038A01020,HINDALCO,Hindalco Industries Ltd,2024-05-30,1022,598.86,612034.92,664591.72,-52556.8,INR,PORT-030,APAC,Metals,Equity,Axis Bank Custody,Charles River,True,Matched,10
POS-01340,CLT0007,ICICI Prudential AMC,INE467B01029,TCS,Tata Consultancy Services,2025-04-09,108393,4205.68,455866272.24,443598090.08,12268182.16,INR,PORT-003,APAC,IT,Equity,Citi India,Charles River,True,Matched,6
POS-01341,CLT0011,BlackRock India Fund,INE585B01010,AXISBANK,Axis Bank Ltd,2024-09-07,112403,1098.8,123508416.4,110414803.01,13093613.39,INR,PORT-040,Americas,Banking,Equity,Citi India,In-house,True,Matched,7
POS-01342,CLT0007,ICICI Prudential AMC,INE585B01010,AXISBANK,Axis Bank Ltd,2025-02-14,3507,948.88,3327722.16,3400860.56,-73138.4,INR,PORT-017,APAC,Banking,Equity,HDFC Bank Custody,Simcorp,True,Matched,8
POS-01343,CLT0013,GIC Private Ltd Singapore,INE585B01010,AXISBANK,Axis Bank Ltd,2024-02-20,131704,1065.48,140327977.92,126323785.59,14004192.33,INR,PORT-010,APAC,Banking,Equity,Axis Bank Custody,Bloomberg AIM,True,Break,7
POS-01344,CLT0001,Tata Investment Corp,INE018A01030,LARSEN,Larsen & Toubro Ltd,2024-11-24,130858,3637.86,476043083.88,468717171.9,7325911.98,INR,PORT-047,APAC,Infrastructure,Equity,Citi India,Bloomberg AIM,False,Matched,6
POS-01345,CLT0007,ICICI Prudential AMC,INE009A01021,INFY,Infosys Ltd,2025-03-30,112276,1409.25,158224953.0,162539169.22,-4314216.22,INR,PORT-009,APAC,IT,Equity,HDFC Bank Custody,Charles River,True,Pending,10
POS-01346,CLT0005,Kotak Mahindra AMC,INE721A01013,SUNPHARMA,Sun Pharmaceutical Ltd,2025-05-12,102195,1657.53,169391278.35,157119963.99,12271314.36,INR,PORT-031,APAC,Pharma,Equity,Deutsche Bank,In-house,True,Pending,6
POS-01347,CLT0008,Nippon India MF,INE066A01021,ONGC,Oil & Natural Gas Corp,2024-04-21,14256,259.13,3694157.28,3679702.67,14454.61,INR,PORT-013,APAC,Energy,Equity,Axis Bank Custody,Charles River,False,Matched,8
POS-01348,CLT0001,Tata Investment Corp,INE090A01021,ICICIBANK,ICICI Bank Ltd,2024-03-01,163718,1259.32,206173351.76,188612175.36,17561176.4,INR,PORT-039,APAC,Banking,Equity,HDFC Bank Custody,In-house,True,Matched,8
POS-01349,CLT0008,Nippon India MF,INE066A01021,ONGC,Oil & Natural Gas Corp,2024-05-31,116997,295.68,34593672.96,28175569.93,6418103.03,INR,PORT-021,APAC,Energy,Equity,Deutsche Bank,Bloomberg AIM,True,Matched,7
POS-01350,CLT0012,Vanguard Emerging Markets,INE002A01018,RELIANCE,Reliance Industries Ltd,2024-03-20,84894,2735.98,232268286.12,235672480.44,-3404194.32,INR,PORT-028,Americas,Energy,Equity,Deutsche Bank,In-house,True,Break,9
POS-01351,CLT0008,Nippon India MF,INE213A01029,MARUTI,Maruti Suzuki India Ltd,2024-05-08,188415,13040.84,2457089868.6,2103386164.31,353703704.29,INR,PORT-039,APAC,Auto,Equity,HDFC Bank Custody,In-house,True,Matched,3
POS-01352,CLT0012,Vanguard Emerging Markets,INE467B01029,TCS,Tata Consultancy Services,2024-02-10,12563,3550.53,44605308.39,47464963.52,-2859655.13,INR,PORT-031,Americas,IT,Equity,Citi India,In-house,False,Matched,2
POS-01353,CLT0001,Tata Investment Corp,INE075A01022,WIPRO,Wipro Ltd,2024-05-07,7025,535.43,3761395.75,3419274.59,342121.16,INR,PORT-050,APAC,IT,Equity,Axis Bank Custody,Charles River,True,Matched,5
POS-01354,CLT0003,SBI Life Insurance,INE001A01036,SBIN,State Bank of India,2024-06-08,37464,706.62,26472811.68,30638211.57,-4165399.89,INR,PORT-022,APAC,Banking,Equity,Citi India,Charles River,True,Matched,0
POS-01355,CLT0006,LIC of India,INE075A01022,WIPRO,Wipro Ltd,2024-11-27,68087,571.99,38945083.13,34180377.4,4764705.73,INR,PORT-007,APAC,IT,Equity,HDFC Bank Custody,Charles River,True,Matched,4
POS-01356,CLT0003,SBI Life Insurance,INE066A01021,ONGC,Oil & Natural Gas Corp,2024-02-19,86835,280.51,24358085.85,21754946.98,2603138.87,INR,PORT-027,APAC,Energy,Equity,Axis Bank Custody,In-house,True,Matched,5
POS-01357,CLT0014,Temasek Holdings,INE002A01018,RELIANCE,Reliance Industries Ltd,2024-03-31,157639,2938.16,463168604.24,427817095.24,35351509.0,INR,PORT-040,APAC,Energy,Equity,Citi India,Simcorp,True,Matched,0
POS-01358,CLT0012,Vanguard Emerging Markets,INE296A01024,BAJFINANCE,Bajaj Finance Ltd,2024-04-10,26538,6797.19,180383828.22,175431575.66,4952252.56,INR,PORT-020,Americas,NBFC,Equity,Axis Bank Custody,Charles River,True,Pending,8
POS-01359,CLT0010,Abu Dhabi Investment Auth,INE031A01017,POWERGRID,Power Grid Corp of India,2024-11-03,76531,312.03,23879967.93,24412484.49,-532516.56,INR,PORT-002,EMEA,Utilities,Equity,Citi India,Bloomberg AIM,True,Matched,7
POS-01360,CLT0001,Tata Investment Corp,INE009A01021,INFY,Infosys Ltd,2024-01-31,68094,1421.78,96814687.32,98901888.89,-2087201.57,INR,PORT-015,APAC,IT,Equity,Citi India,Simcorp,True,Pending,0
POS-01361,CLT0012,Vanguard Emerging Markets,INE117A01022,BHARTIARTL,Bharti Airtel Ltd,2024-08-27,140098,1501.03,210291300.94,186515158.54,23776142.4,INR,PORT-002,Americas,Telecom,Equity,Axis Bank Custody,Bloomberg AIM,True,Break,7
POS-01362,CLT0013,GIC Private Ltd Singapore,INE018A01030,LARSEN,Larsen & Toubro Ltd,2025-05-07,10247,3530.53,36177340.91,37349908.82,-1172567.91,INR,PORT-022,APAC,Infrastructure,Equity,HDFC Bank Custody,Simcorp,True,Matched,2
POS-01363,CLT0008,Nippon India MF,INE031A01017,POWERGRID,Power Grid Corp of India,2024-04-27,168635,343.47,57921063.45,54735612.18,3185451.27,INR,PORT-047,APAC,Utilities,Equity,Citi India,Charles River,True,Matched,0
POS-01364,CLT0015,Norges Bank Investment Mgmt,INE090A01021,ICICIBANK,ICICI Bank Ltd,2025-05-03,24197,1179.54,28541329.38,26493700.13,2047629.25,INR,PORT-050,EMEA,Banking,Equity,Citi India,Simcorp,True,Matched,0
POS-01365,CLT0013,GIC Private Ltd Singapore,INE090A01021,ICICIBANK,ICICI Bank Ltd,2025-02-20,35444,1349.89,47845501.16,37481351.07,10364150.09,INR,PORT-045,APAC,Banking,Equity,Citi India,Simcorp,True,Matched,3
POS-01366,CLT0005,Kotak Mahindra AMC,INE585B01010,AXISBANK,Axis Bank Ltd,2024-02-04,147775,1047.03,154724858.25,141148365.85,13576492.4,INR,PORT-011,APAC,Banking,Equity,HDFC Bank Custody,Bloomberg AIM,False,Matched,4
POS-01367,CLT0008,Nippon India MF,INE117A01022,BHARTIARTL,Bharti Airtel Ltd,2024-09-06,83034,1489.57,123684955.38,114303926.77,9381028.61,INR,PORT-006,APAC,Telecom,Equity,Deutsche Bank,Bloomberg AIM,True,Matched,7
POS-01368,CLT0014,Temasek Holdings,INE296A01024,BAJFINANCE,Bajaj Finance Ltd,2024-04-25,23095,6642.09,153399068.55,163295247.92,-9896179.37,INR,PORT-030,APAC,NBFC,Equity,Axis Bank Custody,Simcorp,False,Break,6
POS-01369,CLT0008,Nippon India MF,INE467B01029,TCS,Tata Consultancy Services,2024-06-16,72295,3566.03,257806138.85,252466412.55,5339726.3,INR,PORT-003,APAC,IT,Equity,HDFC Bank Custody,Simcorp,False,Matched,4
POS-01370,CLT0014,Temasek Holdings,INE467B01029,TCS,Tata Consultancy Services,2024-04-17,118188,3650.34,431426383.92,430032957.58,1393426.34,INR,PORT-032,APAC,IT,Equity,Deutsche Bank,Simcorp,True,Pending,2
POS-01371,CLT0004,HDFC Pension Fund,INE117A01022,BHARTIARTL,Bharti Airtel Ltd,2025-04-12,188825,1448.35,273484688.75,258162055.02,15322633.73,INR,PORT-007,APAC,Telecom,Equity,Deutsche Bank,Bloomberg AIM,False,Matched,10
POS-01372,CLT0003,SBI Life Insurance,INE031A01017,POWERGRID,Power Grid Corp of India,2024-04-13,34970,322.14,11265235.8,9697336.43,1567899.37,INR,PORT-005,APAC,Utilities,Equity,Axis Bank Custody,Charles River,False,Matched,10
POS-01373,CLT0013,GIC Private Ltd Singapore,INE001A01036,SBIN,State Bank of India,2024-11-27,184033,708.48,130383699.84,133774852.64,-3391152.8,INR,PORT-002,APAC,Banking,Equity,Citi India,Charles River,True,Matched,6
POS-01374,CLT0009,Emirates NBD Asset Mgmt,INE154A01025,ITC,ITC Ltd,2024-05-20,120423,435.96,52499611.08,49145181.01,3354430.07,INR,PORT-024,EMEA,FMCG,Equity,HDFC Bank Custody,In-house,True,Pending,8
POS-01375,CLT0006,LIC of India,INE001A01036,SBIN,State Bank of India,2024-11-15,142784,761.85,108779990.4,97326767.91,11453222.49,INR,PORT-003,APAC,Banking,Equity,Axis Bank Custody,In-house,True,Matched,4
POS-01376,CLT0015,Norges Bank Investment Mgmt,INE361B01024,HCLTECH,HCL Technologies Ltd,2025-02-02,116144,1679.6,195075462.4,182365026.32,12710436.08,INR,PORT-048,EMEA,IT,Equity,HDFC Bank Custody,Charles River,True,Matched,6
POS-01377,CLT0014,Temasek Holdings,INE018A01030,LARSEN,Larsen & Toubro Ltd,2025-02-05,91884,3963.83,364212555.72,344287161.44,19925394.28,INR,PORT-007,APAC,Infrastructure,Equity,HDFC Bank Custody,Simcorp,True,Matched,1
POS-01378,CLT0007,ICICI Prudential AMC,INE001A01036,SBIN,State Bank of India,2024-10-10,102903,775.62,79813624.86,78071113.74,1742511.12,INR,PORT-049,APAC,Banking,Equity,HDFC Bank Custody,Charles River,True,Matched,2
POS-01379,CLT0003,SBI Life Insurance,INE018A01030,LARSEN,Larsen & Toubro Ltd,2025-03-07,166146,3676.57,610847399.22,516508924.8,94338474.42,INR,PORT-011,APAC,Infrastructure,Equity,Axis Bank Custody,Simcorp,True,Matched,9
POS-01380,CLT0006,LIC of India,INE117A01022,BHARTIARTL,Bharti Airtel Ltd,2024-05-28,181091,1482.87,268534411.17,216127587.13,52406824.04,INR,PORT-033,APAC,Telecom,Equity,Deutsche Bank,Simcorp,True,Matched,5
POS-01381,CLT0009,Emirates NBD Asset Mgmt,INE018A01030,LARSEN,Larsen & Toubro Ltd,2025-03-15,166216,3849.73,639886721.68,585300857.12,54585864.56,INR,PORT-020,EMEA,Infrastructure,Equity,Axis Bank Custody,In-house,True,Matched,9
POS-01382,CLT0010,Abu Dhabi Investment Auth,INE031A01017,POWERGRID,Power Grid Corp of India,2025-03-02,76149,322.66,24570236.34,24658266.95,-88030.61,INR,PORT-050,EMEA,Utilities,Equity,Deutsche Bank,Bloomberg AIM,True,Matched,6
POS-01383,CLT0013,GIC Private Ltd Singapore,INE031A01017,POWERGRID,Power Grid Corp of India,2024-07-06,9660,319.48,3086176.8,2615962.97,470213.83,INR,PORT-044,APAC,Utilities,Equity,Axis Bank Custody,Bloomberg AIM,False,Matched,9
POS-01384,CLT0003,SBI Life Insurance,INE002A01018,RELIANCE,Reliance Industries Ltd,2024-09-11,733,3018.24,2212369.92,1856745.46,355624.46,INR,PORT-035,APAC,Energy,Equity,HDFC Bank Custody,Simcorp,True,Matched,9
POS-01385,CLT0004,HDFC Pension Fund,INE585B01010,AXISBANK,Axis Bank Ltd,2025-02-12,53673,1145.23,61467929.79,52961917.36,8506012.43,INR,PORT-023,APAC,Banking,Equity,Axis Bank Custody,In-house,True,Matched,8
POS-01386,CLT0002,Aditya Birla Capital,INE721A01013,SUNPHARMA,Sun Pharmaceutical Ltd,2025-04-24,185385,1773.51,328782151.35,292689930.83,36092220.52,INR,PORT-041,APAC,Pharma,Equity,HDFC Bank Custody,Charles River,True,Matched,3
POS-01387,CLT0012,Vanguard Emerging Markets,INE154A01025,ITC,ITC Ltd,2024-10-14,94213,466.87,43985223.31,39516187.52,4469035.79,INR,PORT-042,Americas,FMCG,Equity,HDFC Bank Custody,Simcorp,True,Matched,7
POS-01388,CLT0003,SBI Life Insurance,INE090A01021,ICICIBANK,ICICI Bank Ltd,2024-12-09,36448,1140.1,41554364.8,39214455.83,2339908.97,INR,PORT-049,APAC,Banking,Equity,Deutsche Bank,Simcorp,True,Matched,8
POS-01389,CLT0001,Tata Investment Corp,INE066A01021,ONGC,Oil & Natural Gas Corp,2025-01-22,38699,279.57,10819079.43,9034358.43,1784721.0,INR,PORT-044,APAC,Energy,Equity,HDFC Bank Custody,In-house,True,Matched,0
POS-01390,CLT0002,Aditya Birla Capital,INE020B01018,NTPC,NTPC Ltd,2024-09-05,65197,388.08,25301651.76,23921583.13,1380068.63,INR,PORT-032,APAC,Utilities,Equity,Axis Bank Custody,Bloomberg AIM,False,Matched,5
POS-01391,CLT0012,Vanguard Emerging Markets,INE467B01029,TCS,Tata Consultancy Services,2025-02-07,80068,4025.28,322296119.04,294837205.76,27458913.28,INR,PORT-032,Americas,IT,Equity,Axis Bank Custody,Bloomberg AIM,True,Matched,2
POS-01392,CLT0001,Tata Investment Corp,INE721A01013,SUNPHARMA,Sun Pharmaceutical Ltd,2024-01-11,74891,1613.94,120869580.54,108839655.95,12029924.59,INR,PORT-036,APAC,Pharma,Equity,Deutsche Bank,In-house,False,Pending,3
POS-01393,CLT0004,HDFC Pension Fund,INE721A01013,SUNPHARMA,Sun Pharmaceutical Ltd,2024-06-21,105340,1535.3,161728502.0,151580722.71,10147779.29,INR,PORT-011,APAC,Pharma,Equity,HDFC Bank Custody,Simcorp,True,Break,8
POS-01394,CLT0009,Emirates NBD Asset Mgmt,INE213A01029,MARUTI,Maruti Suzuki India Ltd,2024-08-12,111870,12615.33,1411276967.1,1301188732.11,110088234.99,INR,PORT-040,EMEA,Auto,Equity,Axis Bank Custody,In-house,True,Matched,2
POS-01395,CLT0010,Abu Dhabi Investment Auth,INE040A01034,HDFCBANK,HDFC Bank Ltd,2024-02-18,74484,1627.43,121217496.12,122814341.2,-1596845.08,INR,PORT-013,EMEA,Banking,Equity,HDFC Bank Custody,Bloomberg AIM,True,Matched,0
POS-01396,CLT0013,GIC Private Ltd Singapore,INE009A01021,INFY,Infosys Ltd,2025-04-20,80274,1444.6,115963820.4,121960166.74,-5996346.34,INR,PORT-004,APAC,IT,Equity,Axis Bank Custody,In-house,True,Matched,9
POS-01397,CLT0005,Kotak Mahindra AMC,INE154A01025,ITC,ITC Ltd,2025-02-03,102718,461.43,47397166.74,43511235.97,3885930.77,INR,PORT-045,APAC,FMCG,Equity,Citi India,Simcorp,True,Matched,8
POS-01398,CLT0012,Vanguard Emerging Markets,INE038A01020,HINDALCO,Hindalco Industries Ltd,2025-01-31,46572,625.38,29125197.36,27346357.2,1778840.16,INR,PORT-027,Americas,Metals,Equity,Citi India,Simcorp,False,Matched,10
POS-01399,CLT0004,HDFC Pension Fund,INE020B01018,NTPC,NTPC Ltd,2024-03-21,39432,341.94,13483378.08,14574725.94,-1091347.86,INR,PORT-046,APAC,Utilities,Equity,Axis Bank Custody,Charles River,True,Matched,2
POS-01400,CLT0001,Tata Investment Corp,INE721A01013,SUNPHARMA,Sun Pharmaceutical Ltd,2024-07-25,103635,1536.16,159199941.6,170474354.46,-11274412.86,INR,PORT-026,APAC,Pharma,Equity,HDFC Bank Custody,Simcorp,True,Break,2
POS-01401,CLT0005,Kotak Mahindra AMC,INE414G01012,ADANIENT,Adani Enterprises Ltd,2024-07-06,97733,2218.22,216793295.26,223003854.74,-6210559.48,INR,PORT-023,APAC,Conglomerate,Equity,Axis Bank Custody,In-house,True,Break,6
POS-01402,CLT0002,Aditya Birla Capital,INE031A01017,POWERGRID,Power Grid Corp of India,2024-04-23,52849,300.92,15903321.08,15889429.2,13891.88,INR,PORT-049,APAC,Utilities,Equity,HDFC Bank Custody,Charles River,True,Matched,0
POS-01403,CLT0006,LIC of India,INE075A01022,WIPRO,Wipro Ltd,2024-11-02,103241,485.6,50133829.6,50736122.86,-602293.26,INR,PORT-004,APAC,IT,Equity,Deutsche Bank,Simcorp,True,Matched,1
POS-01404,CLT0003,SBI Life Insurance,INE721A01013,SUNPHARMA,Sun Pharmaceutical Ltd,2024-06-10,182146,1739.57,316855717.22,285955940.25,30899776.97,INR,PORT-026,APAC,Pharma,Equity,HDFC Bank Custody,Simcorp,True,Matched,0
POS-01405,CLT0003,SBI Life Insurance,INE414G01012,ADANIENT,Adani Enterprises Ltd,2024-07-20,80605,2431.89,196022493.45,206242505.41,-10220011.96,INR,PORT-001,APAC,Conglomerate,Equity,Deutsche Bank,Charles River,True,Matched,7
POS-01406,CLT0004,HDFC Pension Fund,INE038A01020,HINDALCO,Hindalco Industries Ltd,2024-07-11,121664,631.47,76827166.08,79844974.5,-3017808.42,INR,PORT-015,APAC,Metals,Equity,Citi India,In-house,True,Break,2
POS-01407,CLT0013,GIC Private Ltd Singapore,INE721A01013,SUNPHARMA,Sun Pharmaceutical Ltd,2024-05-11,195878,1571.22,307767431.16,313276327.25,-5508896.09,INR,PORT-045,APAC,Pharma,Equity,HDFC Bank Custody,Charles River,True,Matched,10
POS-01408,CLT0013,GIC Private Ltd Singapore,INE213A01029,MARUTI,Maruti Suzuki India Ltd,2025-01-11,28282,11862.08,335483346.56,338599237.71,-3115891.15,INR,PORT-007,APAC,Auto,Equity,Axis Bank Custody,Simcorp,True,Matched,8
POS-01409,CLT0008,Nippon India MF,INE414G01012,ADANIENT,Adani Enterprises Ltd,2025-03-08,160215,2482.95,397805834.25,411417419.22,-13611584.97,INR,PORT-033,APAC,Conglomerate,Equity,HDFC Bank Custody,Simcorp,True,Matched,8
POS-01410,CLT0003,SBI Life Insurance,INE467B01029,TCS,Tata Consultancy Services,2025-05-08,120589,3800.04,458243023.56,402812995.86,55430027.7,INR,PORT-003,APAC,IT,Equity,Citi India,In-house,True,Matched,5
POS-01411,CLT0015,Norges Bank Investment Mgmt,INE038A01020,HINDALCO,Hindalco Industries Ltd,2024-05-16,103458,660.44,68327801.52,58452362.05,9875439.47,INR,PORT-011,EMEA,Metals,Equity,Deutsche Bank,In-house,True,Pending,5
POS-01412,CLT0010,Abu Dhabi Investment Auth,INE117A01022,BHARTIARTL,Bharti Airtel Ltd,2025-01-22,51416,1425.84,73310989.44,71935615.97,1375373.47,INR,PORT-048,EMEA,Telecom,Equity,Citi India,Simcorp,True,Matched,5
POS-01413,CLT0002,Aditya Birla Capital,INE090A01021,ICICIBANK,ICICI Bank Ltd,2024-09-14,93516,,,109779191.24,12941855.56,INR,PORT-027,APAC,Banking,Equity,Deutsche Bank,In-house,True,Matched,6
POS-01414,CLT0007,ICICI Prudential AMC,INE031A01017,POWERGRID,Power Grid Corp of India,2025-03-29,36809,341.42,12567328.78,11394030.18,1173298.6,INR,PORT-013,APAC,Utilities,Equity,Citi India,Charles River,True,Matched,5
POS-01415,CLT0011,BlackRock India Fund,INE585B01010,AXISBANK,Axis Bank Ltd,2025-02-19,147249,960.15,141381127.35,149753533.68,-8372406.33,INR,PORT-025,Americas,Banking,Equity,Axis Bank Custody,Charles River,True,Break,5
POS-01416,CLT0003,SBI Life Insurance,INE009A01021,INFY,Infosys Ltd,2024-06-08,154741,1622.62,251085841.42,231296736.64,19789104.78,INR,PORT-027,APAC,IT,Equity,Axis Bank Custody,Simcorp,True,Pending,2
POS-01417,CLT0014,Temasek Holdings,INE721A01013,SUNPHARMA,Sun Pharmaceutical Ltd,2024-01-21,13089,1626.09,21283892.01,22331042.57,-1047150.56,INR,PORT-006,APAC,Pharma,Equity,HDFC Bank Custody,In-house,True,Matched,0
POS-01418,CLT0009,Emirates NBD Asset Mgmt,INE066A01021,ONGC,Oil & Natural Gas Corp,2024-06-10,135113,245.39,33155379.07,35687574.47,-2532195.4,INR,PORT-014,EMEA,Energy,Equity,HDFC Bank Custody,Simcorp,False,Matched,3
POS-01419,CLT0003,SBI Life Insurance,INE075A01022,WIPRO,Wipro Ltd,2024-01-29,98713,553.96,54683053.48,44732800.65,9950252.83,INR,PORT-035,APAC,IT,Equity,Citi India,In-house,False,Break,2
POS-01420,CLT0010,Abu Dhabi Investment Auth,INE361B01024,HCLTECH,HCL Technologies Ltd,2024-04-03,175393,1719.16,301528629.88,282784268.04,18744361.84,INR,PORT-017,EMEA,IT,Equity,Citi India,Simcorp,False,Break,9
POS-01421,CLT0014,Temasek Holdings,INE467B01029,TCS,Tata Consultancy Services,2024-02-26,187600,3906.07,732778732.0,762597219.59,-29818487.59,INR,PORT-024,APAC,IT,Equity,Deutsche Bank,Charles River,False,Break,1
POS-01422,CLT0004,HDFC Pension Fund,INE001A01036,SBIN,State Bank of India,2025-04-30,146703,736.39,108030622.17,114699215.72,-6668593.55,INR,PORT-050,APAC,Banking,Equity,Deutsche Bank,Simcorp,True,Matched,4
POS-01423,CLT0001,Tata Investment Corp,INE585B01010,AXISBANK,Axis Bank Ltd,2024-03-13,61521,1006.83,61941188.43,67088503.7,-5147315.27,INR,PORT-036,APAC,Banking,Equity,Deutsche Bank,Simcorp,True,Matched,1
POS-01424,CLT0013,GIC Private Ltd Singapore,INE467B01029,TCS,Tata Consultancy Services,2024-07-23,86768,4259.84,369617797.12,294357026.45,75260770.67,INR,PORT-027,APAC,IT,Equity,HDFC Bank Custody,In-house,True,Matched,7
POS-01425,CLT0008,Nippon India MF,INE038A01020,HINDALCO,Hindalco Industries Ltd,2025-01-25,112647,649.11,73120294.17,77646648.9,-4526354.73,INR,PORT-031,APAC,Metals,Equity,Axis Bank Custody,In-house,True,Break,4
POS-01426,CLT0004,HDFC Pension Fund,INE020B01018,NTPC,NTPC Ltd,2025-04-16,4969,356.58,1771846.02,1530704.71,241141.31,INR,PORT-030,APAC,Utilities,Equity,Citi India,Charles River,False,Break,3
POS-01427,CLT0002,Aditya Birla Capital,INE002A01018,RELIANCE,Reliance Industries Ltd,2024-08-06,154487,3076.67,475305518.29,450711805.29,24593713.0,INR,PORT-020,APAC,Energy,Equity,Citi India,Simcorp,True,Break,1
POS-01428,CLT0005,Kotak Mahindra AMC,INE020B01018,NTPC,NTPC Ltd,2024-06-09,97987,370.97,36350237.39,36409287.7,-59050.31,INR,PORT-035,APAC,Utilities,Equity,Deutsche Bank,Charles River,True,Matched,4
POS-01429,CLT0014,Temasek Holdings,INE721A01013,SUNPHARMA,Sun Pharmaceutical Ltd,2024-01-12,59833,1743.37,104311057.21,103188210.63,1122846.58,INR,PORT-018,APAC,Pharma,Equity,HDFC Bank Custody,Simcorp,True,Break,5
POS-01430,CLT0012,Vanguard Emerging Markets,INE066A01021,ONGC,Oil & Natural Gas Corp,2024-08-20,189694,286.12,54275247.28,52392152.89,1883094.39,INR,PORT-022,Americas,Energy,Equity,Citi India,In-house,True,Matched,7
POS-01431,CLT0009,Emirates NBD Asset Mgmt,INE154A01025,ITC,ITC Ltd,2024-08-05,21580,450.47,9721142.6,9831828.2,-110685.6,INR,PORT-009,EMEA,FMCG,Equity,Axis Bank Custody,Charles River,True,Break,6
POS-01432,CLT0010,Abu Dhabi Investment Auth,INE296A01024,BAJFINANCE,Bajaj Finance Ltd,2024-11-19,24167,6949.89,167957991.63,155596055.39,12361936.24,INR,PORT-039,EMEA,NBFC,Equity,Citi India,Charles River,False,Break,7
POS-01433,CLT0009,Emirates NBD Asset Mgmt,INE117A01022,BHARTIARTL,Bharti Airtel Ltd,2024-07-15,122089,1439.98,175805718.22,175048038.19,757680.03,INR,PORT-019,EMEA,Telecom,Equity,Citi India,Bloomberg AIM,True,Break,10
POS-01434,CLT0006,LIC of India,INE020B01018,NTPC,NTPC Ltd,2024-10-24,60002,343.17,20590886.34,22618153.88,-2027267.54,INR,PORT-037,APAC,Utilities,Equity,Citi India,Simcorp,True,Break,5
POS-01435,CLT0004,HDFC Pension Fund,INE213A01029,MARUTI,Maruti Suzuki India Ltd,2024-01-30,74725,13621.86,1017893488.5,842154745.19,175738743.31,INR,PORT-003,APAC,Auto,Equity,HDFC Bank Custody,In-house,True,Break,6
POS-01436,CLT0007,ICICI Prudential AMC,INE018A01030,LARSEN,Larsen & Toubro Ltd,2025-04-17,163197,3986.82,650637063.54,598272061.99,52365001.55,INR,PORT-030,APAC,Infrastructure,Equity,Axis Bank Custody,Charles River,True,Break,6
POS-01437,CLT0008,Nippon India MF,INE296A01024,BAJFINANCE,Bajaj Finance Ltd,2024-07-30,52784,6482.49,342171752.16,331617362.76,10554389.4,INR,PORT-013,APAC,NBFC,Equity,Citi India,Bloomberg AIM,True,Break,0
POS-01438,CLT0008,Nippon India MF,INE213A01029,MARUTI,Maruti Suzuki India Ltd,2024-08-17,146339,13282.25,1943711182.75,1763997131.95,179714050.8,INR,PORT-024,APAC,Auto,Equity,Citi India,Bloomberg AIM,True,Matched,7
POS-01439,CLT0002,Aditya Birla Capital,INE002A01018,RELIANCE,Reliance Industries Ltd,2025-04-29,41835,2917.63,122059051.05,124047520.87,-1988469.82,INR,PORT-050,APAC,Energy,Equity,Deutsche Bank,Simcorp,True,Break,6
POS-01440,CLT0007,ICICI Prudential AMC,INE090A01021,ICICIBANK,ICICI Bank Ltd,2024-02-25,7644,1236.89,9454787.16,8058968.17,1395818.99,INR,PORT-041,APAC,Banking,Equity,Citi India,Simcorp,False,Matched,3
POS-01441,CLT0001,Tata Investment Corp,INE040A01034,HDFCBANK,HDFC Bank Ltd,2024-08-28,68749,1564.2,107537185.8,106009801.12,1527384.68,INR,PORT-026,APAC,Banking,Equity,Deutsche Bank,Charles River,True,Break,0
POS-01442,CLT0013,GIC Private Ltd Singapore,INE002A01018,RELIANCE,Reliance Industries Ltd,2024-06-26,101390,3093.3,313629687.0,281677784.5,31951902.5,INR,PORT-031,APAC,Energy,Equity,Citi India,Simcorp,True,Matched,2
POS-01443,CLT0002,Aditya Birla Capital,INE040A01034,HDFCBANK,HDFC Bank Ltd,2024-01-02,133564,1671.28,223222841.92,196260871.4,26961970.52,INR,PORT-010,APAC,Banking,Equity,HDFC Bank Custody,In-house,False,Pending,7
POS-01444,CLT0002,Aditya Birla Capital,INE075A01022,WIPRO,Wipro Ltd,2025-03-03,131460,470.85,61897941.0,63816905.51,-1918964.51,INR,PORT-031,APAC,IT,Equity,HDFC Bank Custody,Bloomberg AIM,True,Matched,2
POS-01445,CLT0002,Aditya Birla Capital,INE467B01029,TCS,Tata Consultancy Services,2024-03-16,114206,3906.99,446201699.94,404282263.67,41919436.27,INR,PORT-045,APAC,IT,Equity,Deutsche Bank,Charles River,False,Matched,5
POS-01446,CLT0010,Abu Dhabi Investment Auth,INE018A01030,LARSEN,Larsen & Toubro Ltd,2025-01-15,141895,3286.65,466359201.75,514992937.43,-48633735.68,INR,PORT-027,EMEA,Infrastructure,Equity,Citi India,Simcorp,True,Matched,3
POS-01447,CLT0013,GIC Private Ltd Singapore,INE213A01029,MARUTI,Maruti Suzuki India Ltd,2024-03-26,107378,13318.4,1430103155.2,1210362869.02,219740286.18,INR,PORT-003,APAC,Auto,Equity,Citi India,Bloomberg AIM,True,Matched,3
POS-01448,CLT0012,Vanguard Emerging Markets,INE002A01018,RELIANCE,Reliance Industries Ltd,2025-03-23,183515,2772.2,508740283.0,484413956.66,24326326.34,INR,PORT-016,Americas,Energy,Equity,Deutsche Bank,In-house,True,Break,8
POS-01449,CLT0002,Aditya Birla Capital,INE361B01024,HCLTECH,HCL Technologies Ltd,2024-01-04,182704,1506.09,275168667.36,302198044.14,-27029376.78,INR,PORT-036,APAC,IT,Equity,Axis Bank Custody,Simcorp,True,Matched,7
POS-01450,CLT0012,Vanguard Emerging Markets,INE031A01017,POWERGRID,Power Grid Corp of India,2024-06-08,79797,341.8,27274614.6,25378319.81,1896294.79,INR,PORT-043,Americas,Utilities,Equity,Citi India,Simcorp,True,Break,1
POS-01451,CLT0007,ICICI Prudential AMC,INE018A01030,LARSEN,Larsen & Toubro Ltd,2024-03-28,49213,3348.92,164810399.96,161155579.99,3654819.97,INR,PORT-012,APAC,Infrastructure,Equity,Deutsche Bank,Bloomberg AIM,True,Matched,9
POS-01452,CLT0013,GIC Private Ltd Singapore,INE020B01018,NTPC,NTPC Ltd,2025-01-26,101313,329.91,33424171.83,36858801.63,-3434629.8,INR,PORT-026,APAC,Utilities,Equity,Deutsche Bank,Bloomberg AIM,False,Matched,6
POS-01453,CLT0011,BlackRock India Fund,INE020B01018,NTPC,NTPC Ltd,2024-06-18,9384,386.83,3630012.72,3364321.73,265690.99,INR,PORT-040,Americas,Utilities,Equity,Axis Bank Custody,Charles River,False,Matched,0
POS-01454,CLT0006,LIC of India,INE090A01021,ICICIBANK,ICICI Bank Ltd,2024-07-21,164782,1242.62,204761408.84,192891892.73,11869516.11,INR,PORT-012,APAC,Banking,Equity,HDFC Bank Custody,Charles River,True,Matched,0
POS-01455,CLT0009,Emirates NBD Asset Mgmt,INE009A01021,INFY,Infosys Ltd,2025-01-30,96351,1505.37,145043904.87,134845746.96,10198157.91,INR,PORT-008,EMEA,IT,Equity,HDFC Bank Custody,In-house,False,Matched,6
POS-01456,CLT0015,Norges Bank Investment Mgmt,INE020B01018,NTPC,NTPC Ltd,2024-02-25,49176,337.38,16590998.88,16427210.78,163788.1,INR,PORT-022,EMEA,Utilities,Equity,HDFC Bank Custody,Charles River,False,Matched,1
POS-01457,CLT0002,Aditya Birla Capital,INE040A01034,HDFCBANK,HDFC Bank Ltd,2025-02-16,177899,1641.7,292056788.3,302045992.01,-9989203.71,INR,PORT-041,APAC,Banking,Equity,Axis Bank Custody,Charles River,True,Matched,4
POS-01458,CLT0013,GIC Private Ltd Singapore,INE090A01021,ICICIBANK,ICICI Bank Ltd,2025-01-15,69616,1122.79,78164148.64,89368220.4,-11204071.76,INR,PORT-006,APAC,Banking,Equity,Deutsche Bank,Charles River,True,Matched,9
POS-01459,CLT0014,Temasek Holdings,INE020B01018,NTPC,NTPC Ltd,2024-05-22,101413,374.47,37976126.11,33855634.57,4120491.54,INR,PORT-036,APAC,Utilities,Equity,Axis Bank Custody,Charles River,True,Break,9
POS-01460,CLT0005,Kotak Mahindra AMC,INE467B01029,TCS,Tata Consultancy Services,2024-02-08,58008,3666.4,212680531.2,225497293.61,-12816762.41,INR,PORT-011,APAC,IT,Equity,Deutsche Bank,Simcorp,True,Matched,5
POS-01461,CLT0009,Emirates NBD Asset Mgmt,INE009A01021,INFY,Infosys Ltd,2024-11-22,46343,,,63977329.33,-1487964.7,INR,PORT-029,EMEA,IT,Equity,HDFC Bank Custody,In-house,False,Matched,3
POS-01462,CLT0012,Vanguard Emerging Markets,INE038A01020,HINDALCO,Hindalco Industries Ltd,2024-04-10,80958,652.39,52816189.62,48250818.49,4565371.13,INR,PORT-004,Americas,Metals,Equity,Deutsche Bank,In-house,True,Matched,5
POS-01463,CLT0013,GIC Private Ltd Singapore,INE031A01017,POWERGRID,Power Grid Corp of India,2024-06-10,98553,320.07,31543858.71,29445392.67,2098466.04,INR,PORT-012,APAC,Utilities,Equity,Citi India,Charles River,True,Matched,6
POS-01464,CLT0012,Vanguard Emerging Markets,INE031A01017,POWERGRID,Power Grid Corp of India,2025-03-28,161803,317.4,51356272.2,44056259.93,7300012.27,INR,PORT-005,Americas,Utilities,Equity,Citi India,Charles River,False,Matched,3
POS-01465,CLT0001,Tata Investment Corp,INE020B01018,NTPC,NTPC Ltd,2025-01-05,47966,374.57,17966624.62,16366955.11,1599669.51,INR,PORT-025,APAC,Utilities,Equity,Citi India,Charles River,True,Matched,2
POS-01466,CLT0002,Aditya Birla Capital,INE721A01013,SUNPHARMA,Sun Pharmaceutical Ltd,2024-08-01,10424,1776.02,18513232.48,14943456.02,3569776.46,INR,PORT-014,APAC,Pharma,Equity,HDFC Bank Custody,Charles River,True,Matched,9
POS-01467,CLT0005,Kotak Mahindra AMC,INE009A01021,INFY,Infosys Ltd,2024-03-03,186472,1399.0,260874328.0,247705969.84,13168358.16,INR,PORT-017,APAC,IT,Equity,HDFC Bank Custody,Simcorp,True,Matched,1
POS-01468,CLT0012,Vanguard Emerging Markets,INE009A01021,INFY,Infosys Ltd,2024-04-27,135802,1507.85,204769045.7,203882872.4,886173.3,INR,PORT-006,Americas,IT,Equity,Axis Bank Custody,In-house,True,Matched,7
POS-01469,CLT0009,Emirates NBD Asset Mgmt,INE075A01022,WIPRO,Wipro Ltd,2024-02-07,118576,564.7,66959867.2,64032473.46,2927393.74,INR,PORT-048,EMEA,IT,Equity,HDFC Bank Custody,Simcorp,True,Matched,7
POS-01470,CLT0009,Emirates NBD Asset Mgmt,INE117A01022,BHARTIARTL,Bharti Airtel Ltd,2024-01-04,6398,,,9228484.28,94425.4,INR,PORT-044,EMEA,Telecom,Equity,Citi India,In-house,True,Matched,7
POS-01471,CLT0010,Abu Dhabi Investment Auth,INE040A01034,HDFCBANK,HDFC Bank Ltd,2024-07-07,121747,1629.68,198408650.96,177343806.29,21064844.67,INR,PORT-050,EMEA,Banking,Equity,HDFC Bank Custody,Charles River,False,Matched,4
POS-01472,CLT0004,HDFC Pension Fund,INE009A01021,INFY,Infosys Ltd,2024-08-23,32622,1587.04,51772418.88,43560205.59,8212213.29,INR,PORT-035,APAC,IT,Equity,Deutsche Bank,Bloomberg AIM,True,Matched,4
POS-01473,CLT0011,BlackRock India Fund,INE075A01022,WIPRO,Wipro Ltd,2024-05-10,58936,489.34,28839742.24,28335987.51,503754.73,INR,PORT-036,Americas,IT,Equity,Deutsche Bank,Simcorp,False,Matched,8
POS-01474,CLT0003,SBI Life Insurance,INE018A01030,LARSEN,Larsen & Toubro Ltd,2024-08-15,166543,3880.42,646256788.06,516869183.34,129387604.72,INR,PORT-034,APAC,Infrastructure,Equity,Citi India,Simcorp,True,Matched,5
POS-01475,CLT0014,Temasek Holdings,INE018A01030,LARSEN,Larsen & Toubro Ltd,2025-03-19,165912,3858.79,640219566.48,567228024.17,72991542.31,INR,PORT-044,APAC,Infrastructure,Equity,Citi India,Bloomberg AIM,True,Matched,2
POS-01476,CLT0005,Kotak Mahindra AMC,INE001A01036,SBIN,State Bank of India,2025-05-13,131419,836.81,109972733.39,91972807.61,17999925.78,INR,PORT-033,APAC,Banking,Equity,HDFC Bank Custody,In-house,True,Matched,5
POS-01477,CLT0003,SBI Life Insurance,INE296A01024,BAJFINANCE,Bajaj Finance Ltd,2024-02-10,72686,7059.63,513136266.18,512606108.21,530157.97,INR,PORT-001,APAC,NBFC,Equity,HDFC Bank Custody,In-house,True,Pending,8
POS-01478,CLT0014,Temasek Holdings,INE031A01017,POWERGRID,Power Grid Corp of India,2024-05-25,126417,299.59,37873269.03,39966669.15,-2093400.12,INR,PORT-013,APAC,Utilities,Equity,HDFC Bank Custody,In-house,True,Matched,5
POS-01479,CLT0007,ICICI Prudential AMC,INE009A01021,INFY,Infosys Ltd,2024-12-31,75859,1514.3,114873283.7,106511710.66,8361573.04,INR,PORT-041,APAC,IT,Equity,Deutsche Bank,Simcorp,True,Matched,6
POS-01480,CLT0014,Temasek Holdings,INE721A01013,SUNPHARMA,Sun Pharmaceutical Ltd,2024-05-02,151475,1805.12,273430552.0,235666762.12,37763789.88,INR,PORT-028,APAC,Pharma,Equity,HDFC Bank Custody,Bloomberg AIM,True,Matched,8
POS-01481,CLT0003,SBI Life Insurance,INE721A01013,SUNPHARMA,Sun Pharmaceutical Ltd,2025-03-15,84411,1566.23,132207040.53,146525556.88,-14318516.35,INR,PORT-030,APAC,Pharma,Equity,HDFC Bank Custody,Charles River,True,Matched,10
POS-01482,CLT0014,Temasek Holdings,INE721A01013,SUNPHARMA,Sun Pharmaceutical Ltd,2024-12-18,128323,1818.56,233363074.88,216461825.86,16901249.02,INR,PORT-031,APAC,Pharma,Equity,Deutsche Bank,Charles River,True,Matched,8
POS-01483,CLT0003,SBI Life Insurance,INE296A01024,BAJFINANCE,Bajaj Finance Ltd,2024-04-16,190784,6778.0,1293133952.0,1314597829.77,-21463877.77,INR,PORT-047,APAC,NBFC,Equity,Deutsche Bank,Bloomberg AIM,True,Matched,6
POS-01484,CLT0006,LIC of India,INE018A01030,LARSEN,Larsen & Toubro Ltd,2024-05-05,70860,3428.35,242932881.0,241325516.54,1607364.46,INR,PORT-015,APAC,Infrastructure,Equity,Deutsche Bank,Simcorp,True,Matched,8
POS-01485,CLT0013,GIC Private Ltd Singapore,INE038A01020,HINDALCO,Hindalco Industries Ltd,2024-09-11,51653,680.72,35161230.16,32206209.98,2955020.18,INR,PORT-011,APAC,Metals,Equity,HDFC Bank Custody,Simcorp,True,Matched,7
POS-01486,CLT0009,Emirates NBD Asset Mgmt,INE467B01029,TCS,Tata Consultancy Services,2024-05-19,134930,3958.23,534083973.9,539056556.85,-4972582.95,INR,PORT-048,EMEA,IT,Equity,Citi India,In-house,True,Matched,5
POS-01487,CLT0012,Vanguard Emerging Markets,INE066A01021,ONGC,Oil & Natural Gas Corp,2025-03-15,57637,285.65,16464009.05,14849104.0,1614905.05,INR,PORT-002,Americas,Energy,Equity,Axis Bank Custody,Simcorp,True,Pending,6
POS-01488,CLT0012,Vanguard Emerging Markets,INE721A01013,SUNPHARMA,Sun Pharmaceutical Ltd,2025-04-21,97747,1745.09,170577312.23,139597271.31,30980040.92,INR,PORT-026,Americas,Pharma,Equity,Deutsche Bank,Charles River,True,Matched,3
POS-01489,CLT0010,Abu Dhabi Investment Auth,INE117A01022,BHARTIARTL,Bharti Airtel Ltd,2024-11-16,61372,1252.51,76869043.72,73024501.6,3844542.12,INR,PORT-007,EMEA,Telecom,Equity,Citi India,Charles River,True,Matched,8
POS-01490,CLT0012,Vanguard Emerging Markets,INE296A01024,BAJFINANCE,Bajaj Finance Ltd,2024-01-19,4978,7696.72,38314272.16,35770057.94,2544214.22,INR,PORT-028,Americas,NBFC,Equity,Deutsche Bank,In-house,False,Matched,3
POS-01491,CLT0007,ICICI Prudential AMC,INE361B01024,HCLTECH,HCL Technologies Ltd,2025-01-10,175356,1460.9,256177580.4,265706969.69,-9529389.29,INR,PORT-028,APAC,IT,Equity,HDFC Bank Custody,Bloomberg AIM,False,Matched,6
POS-01492,CLT0001,Tata Investment Corp,INE090A01021,ICICIBANK,ICICI Bank Ltd,2024-06-19,181445,1218.45,221081660.25,192686337.03,28395323.22,INR,PORT-024,APAC,Banking,Equity,HDFC Bank Custody,Simcorp,True,Matched,7
POS-01493,CLT0006,LIC of India,INE585B01010,AXISBANK,Axis Bank Ltd,2024-03-02,9889,994.47,9834313.83,9924322.25,-90008.42,INR,PORT-038,APAC,Banking,Equity,Citi India,Simcorp,True,Matched,2
POS-01494,CLT0006,LIC of India,INE038A01020,HINDALCO,Hindalco Industries Ltd,2025-04-17,93463,647.65,60531311.95,62567907.47,-2036595.52,INR,PORT-015,APAC,Metals,Equity,Citi India,In-house,True,Break,0
POS-01495,CLT0004,HDFC Pension Fund,INE075A01022,WIPRO,Wipro Ltd,2025-04-05,88477,483.27,42758279.79,39960265.47,2798014.32,INR,PORT-041,APAC,IT,Equity,Axis Bank Custody,Bloomberg AIM,True,Matched,8
POS-01496,CLT0002,Aditya Birla Capital,INE031A01017,POWERGRID,Power Grid Corp of India,2024-12-24,65479,285.22,18675920.38,17615645.12,1060275.26,INR,PORT-030,APAC,Utilities,Equity,HDFC Bank Custody,Bloomberg AIM,True,Matched,1
POS-01497,CLT0008,Nippon India MF,INE090A01021,ICICIBANK,ICICI Bank Ltd,2024-12-07,164387,1258.57,206892546.59,186832546.71,20059999.88,INR,PORT-009,APAC,Banking,Equity,Axis Bank Custody,Charles River,True,Matched,9
POS-01498,CLT0007,ICICI Prudential AMC,INE414G01012,ADANIENT,Adani Enterprises Ltd,2025-01-06,135569,2463.07,333915936.83,299667319.08,34248617.75,INR,PORT-042,APAC,Conglomerate,Equity,Citi India,Simcorp,True,Matched,5
POS-01499,CLT0007,ICICI Prudential AMC,INE090A01021,ICICIBANK,ICICI Bank Ltd,2025-03-10,54451,1355.59,73813231.09,60744293.59,13068937.5,INR,PORT-001,APAC,Banking,Equity,HDFC Bank Custody,Charles River,True,Matched,1
POS-01500,CLT0011,BlackRock India Fund,INE117A01022,BHARTIARTL,Bharti Airtel Ltd,2024-03-18,106674,1476.8,157536163.2,155617651.42,1918511.78,INR,PORT-012,Americas,Telecom,Equity,Deutsche Bank,Charles River,True,Break,1
