trade_id,client_id,client_name,security_id,ticker,security_name,trade_type,quantity,trade_price,trade_value,currency,trade_date,settlement_date,broker,portfolio_id,region,status,is_duplicate,validated,exception_flag
TRD-2024-00001,CLT0010,Abu Dhabi Investment Auth,INE213A01029,MARUTI,Maruti Suzuki India Ltd,BUY,30288.0,13335.32,403900172.16,INR,2024-12-21,2024-12-23,Nomura India,PORT-038,EMEA,Pending,False,True,False
TRD-2024-00002,CLT0003,SBI Life Insurance,INE020B01018,NTPC,NTPC Ltd,BUY,48231.0,366.32,17667979.92,INR,2025-01-01,2025-01-03,Nomura India,PORT-025,APAC,Settled,False,True,False
TRD-2024-00003,CLT0004,HDFC Pension Fund,INE075A01022,WIPRO,Wipro Ltd,SELL,37766.0,537.13,20285251.58,INR,2024-03-11,2024-03-13,Motilal Oswal,PORT-040,APAC,Settled,False,False,False
TRD-2024-00004,CLT0008,Nippon India MF,INE585B01010,AXISBANK,Axis Bank Ltd,SELL,,,,INR,2024-11-21,2024-11-23,,PORT-048,APAC,Settled,False,True,True
TRD-2024-00005,CLT0005,Kotak Mahindra AMC,INE090A01021,ICICIBANK,ICICI Bank Ltd,SELL,9453.0,1272.84,12032156.52,INR,2024-07-29,2024-07-31,ICICI Direct,PORT-049,APAC,Settled,False,True,False
TRD-2024-00006,CLT0006,LIC of India,INE361B01024,HCLTECH,HCL Technologies Ltd,SELL,20219.0,1609.39,32540256.41,INR,2024-09-11,2024-09-13,Motilal Oswal,PORT-026,APAC,Settled,False,True,False
TRD-2024-00007,CLT0008,Nippon India MF,INE038A01020,HINDALCO,Hindalco Industries Ltd,SELL,7475.0,654.12,4889547.0,INR,2024-05-04,2024-05-06,Edelweiss,PORT-014,APAC,Settled,False,True,False
TRD-2024-00008,CLT0001,Tata Investment Corp,INE117A01022,BHARTIARTL,Bharti Airtel Ltd,SELL,38391.0,1394.68,53543159.88,INR,2024-05-15,2024-05-17,HDFC Securities,PORT-043,APAC,Settled,False,True,False
TRD-2024-00009,CLT0001,Tata Investment Corp,INE075A01022,WIPRO,Wipro Ltd,BUY,2157.0,502.53,1083957.21,INR,2024-03-12,2024-03-14,Nomura India,PORT-026,APAC,Settled,False,True,False
TRD-2024-00010,CLT0013,GIC Private Ltd Singapore,INE075A01022,WIPRO,Wipro Ltd,SELL,35138.0,537.35,18881404.3,INR,2024-07-02,2024-07-04,Zerodha Institutional,PORT-001,APAC,Settled,False,True,False
TRD-2024-00011,CLT0004,HDFC Pension Fund,INE040A01034,HDFCBANK,HDFC Bank Ltd,SELL,31718.0,1588.43,50381822.74,INR,2025-02-21,2025-02-23,Goldman Sachs India,PORT-017,APAC,Pending,False,True,False
TRD-2024-00012,CLT0015,Norges Bank Investment Mgmt,INE585B01010,AXISBANK,Axis Bank Ltd,BUY,9889.0,1094.67,10825191.63,INR,2024-08-16,2024-08-18,Kotak Securities,PORT-004,EMEA,Settled,False,True,False
TRD-2024-00013,CLT0011,BlackRock India Fund,INE117A01022,BHARTIARTL,Bharti Airtel Ltd,BUY,38908.0,1444.02,56183930.16,INR,2025-02-02,2025-02-04,Zerodha Institutional,PORT-002,Americas,Pending,False,True,True
TRD-2024-00014,CLT0005,Kotak Mahindra AMC,INE090A01021,ICICIBANK,ICICI Bank Ltd,BUY,28822.0,1299.36,37450153.92,INR,2024-12-06,2024-12-08,Nomura India,PORT-029,APAC,Settled,False,True,False
TRD-2024-00015,CLT0013,GIC Private Ltd Singapore,INE002A01018,RELIANCE,Reliance Industries Ltd,BUY,34887.0,2842.05,99150598.35,INR,2024-07-31,2024-08-02,Kotak Securities,PORT-002,APAC,Settled,False,True,False
TRD-2024-00016,CLT0005,Kotak Mahindra AMC,INE467B01029,TCS,Tata Consultancy Services,BUY,15233.0,3830.38,58348178.54,INR,2024-05-31,2024-06-02,HDFC Securities,PORT-039,APAC,Settled,False,True,False
TRD-2024-00017,CLT0003,SBI Life Insurance,INE213A01029,MARUTI,Maruti Suzuki India Ltd,SELL,,12370.99,,INR,2025-04-26,2025-04-28,,PORT-050,APAC,Settled,False,True,False
TRD-2024-00018,CLT0014,Temasek Holdings,INE020B01018,NTPC,NTPC Ltd,BUY,20771.0,375.57,7800964.47,INR,2025-01-28,2025-01-30,HDFC Securities,PORT-008,APAC,Settled,False,True,False
TRD-2024-00019,CLT0007,ICICI Prudential AMC,INE721A01013,SUNPHARMA,Sun Pharmaceutical Ltd,SELL,2026.0,1639.45,3321525.7,INR,2024-06-06,2024-06-08,Motilal Oswal,PORT-035,APAC,Settled,False,True,False
TRD-2024-00020,CLT0009,Emirates NBD Asset Mgmt,INE213A01029,MARUTI,Maruti Suzuki India Ltd,SELL,11288.0,12283.38,138654793.44,INR,2025-02-25,2025-02-27,Zerodha Institutional,PORT-021,EMEA,Settled,False,False,False
TRD-2024-00021,CLT0010,Abu Dhabi Investment Auth,INE066A01021,ONGC,Oil & Natural Gas Corp,BUY,6760.0,260.99,1764292.4,INR,2025-02-28,2025-03-02,Kotak Securities,PORT-001,EMEA,Settled,False,True,False
TRD-2024-00022,CLT0008,Nippon India MF,INE009A01021,INFY,Infosys Ltd,SELL,15620.0,1542.62,24095724.4,INR,2024-11-23,2024-11-25,Goldman Sachs India,PORT-011,APAC,Settled,False,True,False
TRD-2024-00023,CLT0006,LIC of India,INE018A01030,LARSEN,Larsen & Toubro Ltd,SELL,36517.0,3584.66,130901029.22,INR,2024-12-11,2024-12-13,HDFC Securities,PORT-012,APAC,Settled,False,True,False
TRD-2024-00024,CLT0006,LIC of India,INE001A01036,SBIN,State Bank of India,BUY,26712.0,750.02,20034534.24,INR,2024-09-14,2024-09-16,ICICI Direct,PORT-029,APAC,Settled,False,True,False
TRD-2024-00025,CLT0005,Kotak Mahindra AMC,INE040A01034,HDFCBANK,HDFC Bank Ltd,SELL,20318.0,1636.08,33241873.44,INR,2024-05-12,2024-05-14,Motilal Oswal,PORT-031,APAC,Settled,False,True,False
TRD-2024-00026,CLT0002,Aditya Birla Capital,INE721A01013,SUNPHARMA,Sun Pharmaceutical Ltd,SELL,34763.0,1718.94,59755511.22,INR,2025-03-12,2025-03-14,Goldman Sachs India,PORT-008,APAC,Settled,False,True,False
TRD-2024-00027,CLT0006,LIC of India,INE296A01024,BAJFINANCE,Bajaj Finance Ltd,SELL,19065.0,7346.66,140064072.9,INR,2024-11-04,2024-11-06,Zerodha Institutional,PORT-032,APAC,Settled,False,True,False
TRD-2024-00028,CLT0009,Emirates NBD Asset Mgmt,INE213A01029,MARUTI,Maruti Suzuki India Ltd,BUY,4598.0,13041.13,59963115.74,INR,2024-05-02,2024-05-04,HDFC Securities,PORT-028,EMEA,Failed,False,True,False
TRD-2024-00029,CLT0004,HDFC Pension Fund,INE361B01024,HCLTECH,HCL Technologies Ltd,BUY,23209.0,1626.52,37749902.68,INR,2024-09-02,2024-09-04,Kotak Securities,PORT-019,APAC,Pending,False,True,True
TRD-2024-00030,CLT0011,BlackRock India Fund,INE075A01022,WIPRO,Wipro Ltd,BUY,29274.0,529.96,15514049.04,INR,2024-07-28,2024-07-30,Zerodha Institutional,PORT-021,Americas,Settled,False,True,False
TRD-2024-00031,CLT0005,Kotak Mahindra AMC,INE467B01029,TCS,Tata Consultancy Services,BUY,23446.0,3890.54,91217600.84,INR,2024-09-01,2024-09-03,Nomura India,PORT-032,APAC,Settled,False,True,False
TRD-2024-00032,CLT0004,HDFC Pension Fund,INE031A01017,POWERGRID,Power Grid Corp of India,SELL,38690.0,328.61,12713920.9,INR,2025-05-20,2025-05-22,Nomura India,PORT-009,APAC,Settled,False,False,False
TRD-2024-00033,CLT0013,GIC Private Ltd Singapore,INE213A01029,MARUTI,Maruti Suzuki India Ltd,SELL,22477.0,12227.4,274835269.8,INR,2024-10-27,2024-10-29,Kotak Securities,PORT-045,APAC,Settled,False,True,False
TRD-2024-00034,CLT0012,Vanguard Emerging Markets,INE585B01010,AXISBANK,Axis Bank Ltd,BUY,34918.0,1092.62,38152105.16,INR,2025-03-02,2025-03-04,Edelweiss,PORT-011,Americas,Settled,False,True,False
TRD-2024-00035,CLT0009,Emirates NBD Asset Mgmt,INE721A01013,SUNPHARMA,Sun Pharmaceutical Ltd,SELL,11254.0,1705.29,19191333.66,INR,2024-07-18,2024-07-20,Motilal Oswal,PORT-040,EMEA,Settled,False,True,False
TRD-2024-00036,CLT0014,Temasek Holdings,INE031A01017,POWERGRID,Power Grid Corp of India,SELL,28807.0,304.63,8775476.41,INR,2025-04-11,2025-04-13,Goldman Sachs India,PORT-022,APAC,Settled,False,True,False
TRD-2024-00037,CLT0012,Vanguard Emerging Markets,INE038A01020,HINDALCO,Hindalco Industries Ltd,BUY,38919.0,630.39,24534148.41,INR,2024-03-14,2024-03-16,Goldman Sachs India,PORT-047,Americas,Settled,False,True,False
TRD-2024-00038,CLT0015,Norges Bank Investment Mgmt,INE009A01021,INFY,Infosys Ltd,BUY,19710.0,1484.26,29254764.6,INR,2024-04-06,2024-04-08,Goldman Sachs India,PORT-006,EMEA,Settled,False,True,False
TRD-2024-00039,CLT0007,ICICI Prudential AMC,INE090A01021,ICICIBANK,ICICI Bank Ltd,SELL,6580.0,1275.95,8395751.0,INR,2025-02-10,2025-02-12,Goldman Sachs India,PORT-049,APAC,Pending,False,True,False
TRD-2024-00040,CLT0009,Emirates NBD Asset Mgmt,INE009A01021,INFY,Infosys Ltd,BUY,47686.0,1438.21,68582482.06,INR,2024-01-16,2024-01-18,Edelweiss,PORT-049,EMEA,Settled,False,True,False
TRD-2024-00041,CLT0010,Abu Dhabi Investment Auth,INE018A01030,LARSEN,Larsen & Toubro Ltd,SELL,35408.0,3496.62,123808320.96,INR,2025-04-28,2025-04-30,Kotak Securities,PORT-002,EMEA,Settled,False,False,False
TRD-2024-00042,CLT0006,LIC of India,INE031A01017,POWERGRID,Power Grid Corp of India,BUY,7005.0,313.28,,INR,2024-10-22,2024-10-24,,PORT-010,APAC,Settled,False,True,False
TRD-2024-00043,CLT0009,Emirates NBD Asset Mgmt,INE066A01021,ONGC,Oil & Natural Gas Corp,BUY,41256.0,278.88,11505473.28,INR,2024-06-09,2024-06-11,Kotak Securities,PORT-049,EMEA,Settled,False,True,False
TRD-2024-00044,CLT0002,Aditya Birla Capital,INE001A01036,SBIN,State Bank of India,BUY,8392.0,793.52,6659219.84,INR,2024-01-11,2024-01-13,ICICI Direct,PORT-037,APAC,Settled,False,True,False
TRD-2024-00045,CLT0014,Temasek Holdings,INE361B01024,HCLTECH,HCL Technologies Ltd,BUY,37685.0,1656.59,62428594.15,INR,2024-06-06,2024-06-08,Edelweiss,PORT-023,APAC,Settled,False,True,True
TRD-2024-00046,CLT0002,Aditya Birla Capital,INE038A01020,HINDALCO,Hindalco Industries Ltd,SELL,35162.0,679.64,23897501.68,INR,2025-03-14,2025-03-16,Kotak Securities,PORT-019,APAC,Settled,False,True,False
TRD-2024-00047,CLT0013,GIC Private Ltd Singapore,INE296A01024,BAJFINANCE,Bajaj Finance Ltd,SELL,4666.0,7388.1,34472874.6,INR,2025-04-22,2025-04-24,Goldman Sachs India,PORT-014,APAC,Settled,False,False,True
TRD-2024-00048,CLT0010,Abu Dhabi Investment Auth,INE066A01021,ONGC,Oil & Natural Gas Corp,SELL,37347.0,263.12,9826742.64,INR,2024-06-29,2024-07-01,Kotak Securities,PORT-046,EMEA,Settled,False,True,False
TRD-2024-00049,CLT0004,HDFC Pension Fund,INE213A01029,MARUTI,Maruti Suzuki India Ltd,BUY,24133.0,12970.07,313006699.31,INR,2024-05-29,2024-05-31,ICICI Direct,PORT-042,APAC,Settled,False,True,False
TRD-2024-00050,CLT0007,ICICI Prudential AMC,INE031A01017,POWERGRID,Power Grid Corp of India,BUY,23500.0,310.17,7288995.0,INR,2025-03-25,2025-03-27,Motilal Oswal,PORT-016,APAC,Settled,False,True,False
TRD-2024-00051,CLT0003,SBI Life Insurance,INE038A01020,HINDALCO,Hindalco Industries Ltd,BUY,,,,INR,2024-08-21,2024-08-23,,PORT-035,APAC,Settled,False,True,False
TRD-2024-00052,CLT0005,Kotak Mahindra AMC,INE001A01036,SBIN,State Bank of India,BUY,19432.0,754.81,14667467.92,INR,2024-02-12,2024-02-14,Motilal Oswal,PORT-005,APAC,Pending,False,True,False
TRD-2024-00053,CLT0014,Temasek Holdings,INE018A01030,LARSEN,Larsen & Toubro Ltd,SELL,21289.0,3699.13,78750778.57,INR,2024-04-14,2024-04-16,Motilal Oswal,PORT-027,APAC,Pending,False,True,False
TRD-2024-00054,CLT0003,SBI Life Insurance,INE296A01024,BAJFINANCE,Bajaj Finance Ltd,BUY,,,,INR,2024-04-19,2024-04-21,,PORT-032,APAC,Settled,False,False,False
TRD-2024-00055,CLT0009,Emirates NBD Asset Mgmt,INE467B01029,TCS,Tata Consultancy Services,SELL,41634.0,3825.59,159274614.06,INR,2024-05-18,2024-05-20,Zerodha Institutional,PORT-038,EMEA,Settled,False,True,False
TRD-2024-00056,CLT0015,Norges Bank Investment Mgmt,INE040A01034,HDFCBANK,HDFC Bank Ltd,SELL,32559.0,1604.15,52229519.85,INR,2024-12-21,2024-12-23,Kotak Securities,PORT-037,EMEA,Settled,False,True,False
TRD-2024-00057,CLT0002,Aditya Birla Capital,INE018A01030,LARSEN,Larsen & Toubro Ltd,SELL,17769.0,3785.48,67264194.12,INR,2025-01-21,2025-01-23,Zerodha Institutional,PORT-050,APAC,Settled,False,True,False
TRD-2024-00058,CLT0007,ICICI Prudential AMC,INE467B01029,TCS,Tata Consultancy Services,SELL,17524.0,4072.2,71361232.8,INR,2024-01-11,2024-01-13,ICICI Direct,PORT-007,APAC,Settled,False,True,False
TRD-2024-00059,CLT0009,Emirates NBD Asset Mgmt,INE040A01034,HDFCBANK,HDFC Bank Ltd,BUY,20092.0,1692.43,34004303.56,INR,2024-10-29,2024-10-31,ICICI Direct,PORT-033,EMEA,Settled,False,True,False
TRD-2024-00060,CLT0008,Nippon India MF,INE038A01020,HINDALCO,Hindalco Industries Ltd,BUY,48091.0,642.45,30896062.95,INR,2024-07-26,2024-07-28,Goldman Sachs India,PORT-001,APAC,Pending,False,True,False
TRD-2024-00061,CLT0007,ICICI Prudential AMC,INE018A01030,LARSEN,Larsen & Toubro Ltd,BUY,22979.0,3537.95,81298553.05,INR,2025-02-26,2025-02-28,Kotak Securities,PORT-012,APAC,Settled,False,True,False
TRD-2024-00062,CLT0004,HDFC Pension Fund,INE040A01034,HDFCBANK,HDFC Bank Ltd,SELL,4544.0,1645.14,7475516.16,INR,2024-03-28,2024-03-30,ICICI Direct,PORT-040,APAC,Settled,False,True,False
TRD-2024-00063,CLT0012,Vanguard Emerging Markets,INE090A01021,ICICIBANK,ICICI Bank Ltd,SELL,4444.0,1180.44,5245875.36,INR,2024-12-28,2024-12-30,Motilal Oswal,PORT-007,Americas,Settled,False,True,False
TRD-2024-00064,CLT0002,Aditya Birla Capital,INE361B01024,HCLTECH,HCL Technologies Ltd,BUY,3999.0,1599.18,6395120.82,INR,2024-12-31,2025-01-02,HDFC Securities,PORT-010,APAC,Settled,False,True,False
TRD-2024-00065,CLT0015,Norges Bank Investment Mgmt,INE361B01024,HCLTECH,HCL Technologies Ltd,SELL,9997.0,1618.62,16181344.14,INR,2025-05-18,2025-05-20,Nomura India,PORT-014,EMEA,Settled,False,False,False
TRD-2024-00066,CLT0011,BlackRock India Fund,INE154A01025,ITC,ITC Ltd,BUY,19080.0,442.4,8440992.0,INR,2025-03-02,2025-03-04,Zerodha Institutional,PORT-012,Americas,Settled,False,True,True
TRD-2024-00067,CLT0004,HDFC Pension Fund,INE296A01024,BAJFINANCE,Bajaj Finance Ltd,SELL,25172.0,7118.35,179183106.2,INR,2024-02-20,2024-02-22,Kotak Securities,PORT-031,APAC,Settled,False,True,False
TRD-2024-00068,CLT0004,HDFC Pension Fund,INE040A01034,HDFCBANK,HDFC Bank Ltd,BUY,2403.0,1544.15,3710592.45,INR,2024-06-20,2024-06-22,Nomura India,PORT-027,APAC,Settled,False,True,False
TRD-2024-00069,CLT0001,Tata Investment Corp,INE361B01024,HCLTECH,HCL Technologies Ltd,BUY,753.0,1554.56,1170583.68,INR,2024-08-31,2024-09-02,Kotak Securities,PORT-007,APAC,Settled,False,False,False
TRD-2024-00070,CLT0013,GIC Private Ltd Singapore,INE002A01018,RELIANCE,Reliance Industries Ltd,BUY,30337.0,2769.11,84006490.07,INR,2024-08-24,2024-08-26,Kotak Securities,PORT-042,APAC,Settled,False,True,False
TRD-2024-00071,CLT0007,ICICI Prudential AMC,INE117A01022,BHARTIARTL,Bharti Airtel Ltd,BUY,48809.0,1391.29,67907473.61,INR,2025-03-28,2025-03-30,Goldman Sachs India,PORT-010,APAC,Settled,True,True,False
TRD-2024-00072,CLT0009,Emirates NBD Asset Mgmt,INE090A01021,ICICIBANK,ICICI Bank Ltd,SELL,7431.0,1301.85,9674047.35,INR,2024-02-26,2024-02-28,ICICI Direct,PORT-031,EMEA,Pending,False,True,False
TRD-2024-00073,CLT0015,Norges Bank Investment Mgmt,INE154A01025,ITC,ITC Ltd,BUY,49879.0,455.77,22733351.83,INR,2025-03-14,2025-03-16,HDFC Securities,PORT-012,EMEA,Settled,False,True,False
TRD-2024-00074,CLT0012,Vanguard Emerging Markets,INE075A01022,WIPRO,Wipro Ltd,BUY,38616.0,508.03,19618086.48,INR,2024-02-12,2024-02-14,Kotak Securities,PORT-038,Americas,Settled,False,True,False
TRD-2024-00075,CLT0011,BlackRock India Fund,INE075A01022,WIPRO,Wipro Ltd,SELL,40537.0,495.18,20073111.66,INR,2024-12-11,2024-12-13,Edelweiss,PORT-021,Americas,Settled,False,True,True
TRD-2024-00076,CLT0003,SBI Life Insurance,INE414G01012,ADANIENT,Adani Enterprises Ltd,SELL,47299.0,2464.01,116545208.99,INR,2025-05-11,2025-05-13,Motilal Oswal,PORT-023,APAC,Pending,False,True,False
TRD-2024-00077,CLT0015,Norges Bank Investment Mgmt,INE040A01034,HDFCBANK,HDFC Bank Ltd,BUY,7031.0,1556.22,10941782.82,INR,2024-12-07,2024-12-09,ICICI Direct,PORT-011,EMEA,Pending,False,True,False
TRD-2024-00078,CLT0015,Norges Bank Investment Mgmt,INE721A01013,SUNPHARMA,Sun Pharmaceutical Ltd,SELL,16831.0,1676.47,28216666.57,INR,2024-08-07,2024-08-09,Nomura India,PORT-009,EMEA,Settled,False,True,True
TRD-2024-00079,CLT0004,HDFC Pension Fund,INE038A01020,HINDALCO,Hindalco Industries Ltd,SELL,20544.0,657.11,13499667.84,INR,2024-01-13,2024-01-15,Goldman Sachs India,PORT-043,APAC,Settled,False,True,False
TRD-2024-00080,CLT0005,Kotak Mahindra AMC,INE020B01018,NTPC,NTPC Ltd,SELL,40713.0,372.47,15164371.11,INR,2024-03-07,2024-03-09,Kotak Securities,PORT-004,APAC,Settled,False,True,False
TRD-2024-00081,CLT0004,HDFC Pension Fund,INE296A01024,BAJFINANCE,Bajaj Finance Ltd,SELL,39941.0,7427.98,296680949.18,INR,2024-11-16,2024-11-18,Edelweiss,PORT-015,APAC,Settled,False,True,False
TRD-2024-00082,CLT0006,LIC of India,INE040A01034,HDFCBANK,HDFC Bank Ltd,BUY,7785.0,1575.29,12263632.65,INR,2025-05-09,2025-05-11,Motilal Oswal,PORT-028,APAC,Settled,False,True,True
TRD-2024-00083,CLT0003,SBI Life Insurance,INE075A01022,WIPRO,Wipro Ltd,BUY,48824.0,531.8,25964603.2,INR,2024-12-17,2024-12-19,Kotak Securities,PORT-023,APAC,Pending,True,True,False
TRD-2024-00084,CLT0005,Kotak Mahindra AMC,INE040A01034,HDFCBANK,HDFC Bank Ltd,BUY,1291.0,1627.86,2101567.26,INR,2024-07-11,2024-07-13,Nomura India,PORT-030,APAC,Settled,False,True,False
TRD-2024-00085,CLT0001,Tata Investment Corp,INE031A01017,POWERGRID,Power Grid Corp of India,BUY,8050.0,307.19,2472879.5,INR,2024-07-26,2024-07-28,ICICI Direct,PORT-025,APAC,Settled,False,True,False
TRD-2024-00086,CLT0013,GIC Private Ltd Singapore,INE020B01018,NTPC,NTPC Ltd,BUY,30033.0,368.72,11073767.76,INR,2024-10-24,2024-10-26,Goldman Sachs India,PORT-048,APAC,Settled,False,True,False
TRD-2024-00087,CLT0014,Temasek Holdings,INE001A01036,SBIN,State Bank of India,SELL,35707.0,818.14,29213324.98,INR,2025-05-01,2025-05-03,Nomura India,PORT-031,APAC,Cancelled,False,True,True
TRD-2024-00088,CLT0002,Aditya Birla Capital,INE018A01030,LARSEN,Larsen & Toubro Ltd,SELL,44946.0,3547.48,159445036.08,INR,2024-08-10,2024-08-12,Zerodha Institutional,PORT-029,APAC,Settled,False,False,False
TRD-2024-00089,CLT0010,Abu Dhabi Investment Auth,INE018A01030,LARSEN,Larsen & Toubro Ltd,SELL,45601.0,3562.09,162434866.09,INR,2024-09-13,2024-09-15,Motilal Oswal,PORT-010,EMEA,Cancelled,False,True,False
TRD-2024-00090,CLT0007,ICICI Prudential AMC,INE002A01018,RELIANCE,Reliance Industries Ltd,BUY,23890.0,2765.48,66067317.2,INR,2025-01-25,2025-01-27,Nomura India,PORT-002,APAC,Settled,False,True,False
TRD-2024-00091,CLT0002,Aditya Birla Capital,INE721A01013,SUNPHARMA,Sun Pharmaceutical Ltd,SELL,26604.0,1668.57,44390636.28,INR,2024-03-16,2024-03-18,Kotak Securities,PORT-036,APAC,Settled,False,True,False
TRD-2024-00092,CLT0004,HDFC Pension Fund,INE361B01024,HCLTECH,HCL Technologies Ltd,BUY,45235.0,1581.11,71521510.85,INR,2025-04-16,2025-04-18,Goldman Sachs India,PORT-039,APAC,Failed,False,True,False
TRD-2024-00093,CLT0008,Nippon India MF,INE117A01022,BHARTIARTL,Bharti Airtel Ltd,BUY,2307.0,1394.29,3216627.03,INR,2024-09-13,2024-09-15,Motilal Oswal,PORT-045,APAC,Settled,False,True,False
TRD-2024-00094,CLT0008,Nippon India MF,INE296A01024,BAJFINANCE,Bajaj Finance Ltd,SELL,20519.0,6858.44,140728330.36,INR,2025-04-21,2025-04-23,Kotak Securities,PORT-001,APAC,Settled,False,True,False
TRD-2024-00095,CLT0002,Aditya Birla Capital,INE154A01025,ITC,ITC Ltd,SELL,7124.0,467.28,3328902.72,INR,2024-12-17,2024-12-19,HDFC Securities,PORT-041,APAC,Cancelled,False,True,False
TRD-2024-00096,CLT0001,Tata Investment Corp,INE117A01022,BHARTIARTL,Bharti Airtel Ltd,BUY,2177.0,1328.96,2893145.92,INR,2024-11-04,2024-11-06,Motilal Oswal,PORT-028,APAC,Settled,False,True,False
TRD-2024-00097,CLT0015,Norges Bank Investment Mgmt,INE154A01025,ITC,ITC Ltd,SELL,5779.0,443.13,2560848.27,INR,2025-01-05,2025-01-07,HDFC Securities,PORT-013,EMEA,Cancelled,False,True,False
TRD-2024-00098,CLT0005,Kotak Mahindra AMC,INE213A01029,MARUTI,Maruti Suzuki India Ltd,BUY,23093.0,12274.65,283458492.45,INR,2024-01-16,2024-01-18,Edelweiss,PORT-001,APAC,Settled,False,True,False
TRD-2024-00099,CLT0011,BlackRock India Fund,INE090A01021,ICICIBANK,ICICI Bank Ltd,SELL,25123.0,1267.95,31854707.85,INR,2025-05-11,2025-05-13,HDFC Securities,PORT-010,Americas,Cancelled,False,True,False
TRD-2024-00100,CLT0006,LIC of India,INE117A01022,BHARTIARTL,Bharti Airtel Ltd,BUY,7117.0,1406.96,10013334.32,INR,2024-06-19,2024-06-21,Goldman Sachs India,PORT-047,APAC,Settled,False,True,False
TRD-2024-00101,CLT0002,Aditya Birla Capital,INE020B01018,NTPC,NTPC Ltd,BUY,17104.0,350.46,5994267.84,INR,2024-10-12,2024-10-14,Goldman Sachs India,PORT-027,APAC,Settled,False,True,False
TRD-2024-00102,CLT0001,Tata Investment Corp,INE154A01025,ITC,ITC Ltd,SELL,43889.0,486.05,21332248.45,INR,2024-07-20,2024-07-22,Nomura India,PORT-027,APAC,Settled,False,True,False
TRD-2024-00103,CLT0010,Abu Dhabi Investment Auth,INE117A01022,BHARTIARTL,Bharti Airtel Ltd,BUY,8621.0,1358.87,11714818.27,INR,2024-02-09,2024-02-11,Goldman Sachs India,PORT-027,EMEA,Pending,False,True,False
TRD-2024-00104,CLT0010,Abu Dhabi Investment Auth,INE018A01030,LARSEN,Larsen & Toubro Ltd,SELL,31118.0,3637.98,113206661.64,INR,2024-02-11,2024-02-13,Kotak Securities,PORT-041,EMEA,Settled,True,True,False
TRD-2024-00105,CLT0003,SBI Life Insurance,INE038A01020,HINDALCO,Hindalco Industries Ltd,SELL,32907.0,664.33,21861107.31,INR,2024-06-03,2024-06-05,Zerodha Institutional,PORT-021,APAC,Pending,False,True,False
TRD-2024-00106,CLT0006,LIC of India,INE213A01029,MARUTI,Maruti Suzuki India Ltd,SELL,35993.0,12355.02,444694234.86,INR,2024-02-26,2024-02-28,Nomura India,PORT-017,APAC,Settled,False,True,False
TRD-2024-00107,CLT0011,BlackRock India Fund,INE075A01022,WIPRO,Wipro Ltd,BUY,26292.0,528.32,13890589.44,INR,2024-05-21,2024-05-23,ICICI Direct,PORT-050,Americas,Settled,False,True,False
TRD-2024-00108,CLT0011,BlackRock India Fund,INE361B01024,HCLTECH,HCL Technologies Ltd,BUY,,,,INR,2024-05-07,2024-05-09,,PORT-028,Americas,Settled,False,True,False
TRD-2024-00109,CLT0013,GIC Private Ltd Singapore,INE038A01020,HINDALCO,Hindalco Industries Ltd,BUY,47549.0,631.28,30016732.72,INR,2024-09-21,2024-09-23,Nomura India,PORT-035,APAC,Settled,False,True,False
TRD-2024-00110,CLT0014,Temasek Holdings,INE066A01021,ONGC,Oil & Natural Gas Corp,BUY,6703.0,283.31,1899026.93,INR,2024-04-03,2024-04-05,Edelweiss,PORT-020,APAC,Settled,False,True,False
TRD-2024-00111,CLT0012,Vanguard Emerging Markets,INE585B01010,AXISBANK,Axis Bank Ltd,BUY,7863.0,1071.86,8428035.18,INR,2024-01-27,2024-01-29,Nomura India,PORT-001,Americas,Pending,False,True,False
TRD-2024-00112,CLT0012,Vanguard Emerging Markets,INE038A01020,HINDALCO,Hindalco Industries Ltd,SELL,3564.0,692.17,2466893.88,INR,2024-04-13,2024-04-15,Zerodha Institutional,PORT-007,Americas,Settled,False,True,False
TRD-2024-00113,CLT0004,HDFC Pension Fund,INE040A01034,HDFCBANK,HDFC Bank Ltd,BUY,5963.0,1669.83,9957196.29,INR,2024-01-17,2024-01-19,Motilal Oswal,PORT-031,APAC,Pending,False,True,False
TRD-2024-00114,CLT0002,Aditya Birla Capital,INE467B01029,TCS,Tata Consultancy Services,SELL,42844.0,3941.47,168868340.68,INR,2024-01-24,2024-01-26,Nomura India,PORT-010,APAC,Settled,False,True,False
TRD-2024-00115,CLT0011,BlackRock India Fund,INE040A01034,HDFCBANK,HDFC Bank Ltd,SELL,6556.0,1633.26,10707652.56,INR,2024-05-25,2024-05-27,Goldman Sachs India,PORT-034,Americas,Settled,False,True,False
TRD-2024-00116,CLT0002,Aditya Birla Capital,INE296A01024,BAJFINANCE,Bajaj Finance Ltd,SELL,22429.0,6903.65,154841965.85,INR,2024-09-28,2024-09-30,Kotak Securities,PORT-031,APAC,Failed,False,True,False
TRD-2024-00117,CLT0001,Tata Investment Corp,INE038A01020,HINDALCO,Hindalco Industries Ltd,BUY,31011.0,636.08,19725476.88,INR,2024-08-27,2024-08-29,Zerodha Institutional,PORT-030,APAC,Settled,False,True,False
TRD-2024-00118,CLT0015,Norges Bank Investment Mgmt,INE038A01020,HINDALCO,Hindalco Industries Ltd,BUY,40441.0,658.02,26610986.82,INR,2025-03-03,2025-03-05,Zerodha Institutional,PORT-044,EMEA,Settled,False,True,False
TRD-2024-00119,CLT0004,HDFC Pension Fund,INE020B01018,NTPC,NTPC Ltd,SELL,8004.0,361.28,2891685.12,INR,2024-09-05,2024-09-07,Kotak Securities,PORT-029,APAC,Pending,False,True,False
TRD-2024-00120,CLT0006,LIC of India,INE075A01022,WIPRO,Wipro Ltd,SELL,35950.0,494.78,17787341.0,INR,2025-01-05,2025-01-07,Edelweiss,PORT-030,APAC,Pending,False,True,False
TRD-2024-00121,CLT0003,SBI Life Insurance,INE721A01013,SUNPHARMA,Sun Pharmaceutical Ltd,BUY,8944.0,1631.83,14595087.52,INR,2024-07-21,2024-07-23,ICICI Direct,PORT-026,APAC,Settled,False,True,False
TRD-2024-00122,CLT0007,ICICI Prudential AMC,INE117A01022,BHARTIARTL,Bharti Airtel Ltd,SELL,29977.0,1356.58,40666198.66,INR,2024-12-07,2024-12-09,Goldman Sachs India,PORT-044,APAC,Settled,False,True,False
TRD-2024-00123,CLT0002,Aditya Birla Capital,INE031A01017,POWERGRID,Power Grid Corp of India,SELL,45777.0,322.83,14778188.91,INR,2025-03-25,2025-03-27,Edelweiss,PORT-004,APAC,Settled,False,False,False
TRD-2024-00124,CLT0006,LIC of India,INE117A01022,BHARTIARTL,Bharti Airtel Ltd,BUY,389.0,1387.27,539648.03,INR,2024-01-05,2024-01-07,Kotak Securities,PORT-042,APAC,Settled,False,True,False
TRD-2024-00125,CLT0005,Kotak Mahindra AMC,INE296A01024,BAJFINANCE,Bajaj Finance Ltd,BUY,40732.0,7127.12,290301851.84,INR,2024-04-23,2024-04-25,Motilal Oswal,PORT-033,APAC,Settled,True,True,False
TRD-2024-00126,CLT0002,Aditya Birla Capital,INE213A01029,MARUTI,Maruti Suzuki India Ltd,BUY,1113.0,12564.98,,INR,2024-04-27,2024-04-29,,PORT-024,APAC,Pending,False,True,False
TRD-2024-00127,CLT0004,HDFC Pension Fund,INE361B01024,HCLTECH,HCL Technologies Ltd,SELL,45862.0,1546.95,70946220.9,INR,2024-12-31,2025-01-02,Edelweiss,PORT-015,APAC,Settled,False,True,True
TRD-2024-00128,CLT0008,Nippon India MF,INE467B01029,TCS,Tata Consultancy Services,SELL,32780.0,3888.88,127477486.4,INR,2025-01-28,2025-01-30,Nomura India,PORT-008,APAC,Settled,False,True,False
TRD-2024-00129,CLT0008,Nippon India MF,INE467B01029,TCS,Tata Consultancy Services,BUY,35883.0,4026.01,144465316.83,INR,2025-04-08,2025-04-10,Edelweiss,PORT-007,APAC,Settled,False,True,False
TRD-2024-00130,CLT0011,BlackRock India Fund,INE467B01029,TCS,Tata Consultancy Services,SELL,23842.0,3825.76,91213769.92,INR,2024-07-11,2024-07-13,Kotak Securities,PORT-049,Americas,Settled,False,True,False
TRD-2024-00131,CLT0014,Temasek Holdings,INE002A01018,RELIANCE,Reliance Industries Ltd,BUY,19474.0,2931.73,57092510.02,INR,2024-08-10,2024-08-12,Edelweiss,PORT-050,APAC,Settled,False,True,True
TRD-2024-00132,CLT0009,Emirates NBD Asset Mgmt,INE009A01021,INFY,Infosys Ltd,SELL,6768.0,1410.04,9543150.72,INR,2024-04-14,2024-04-16,Goldman Sachs India,PORT-008,EMEA,Settled,False,True,False
TRD-2024-00133,CLT0006,LIC of India,INE585B01010,AXISBANK,Axis Bank Ltd,SELL,43653.0,1073.38,46856257.14,INR,2024-04-20,2024-04-22,Motilal Oswal,PORT-015,APAC,Settled,False,False,False
TRD-2024-00134,CLT0003,SBI Life Insurance,INE009A01021,INFY,Infosys Ltd,SELL,33081.0,1531.31,50657266.11,INR,2024-12-27,2024-12-29,Nomura India,PORT-004,APAC,Settled,False,True,False
TRD-2024-00135,CLT0014,Temasek Holdings,INE038A01020,HINDALCO,Hindalco Industries Ltd,SELL,9766.0,685.97,6699183.02,INR,2024-04-05,2024-04-07,Motilal Oswal,PORT-003,APAC,Settled,False,True,False
TRD-2024-00136,CLT0012,Vanguard Emerging Markets,INE117A01022,BHARTIARTL,Bharti Airtel Ltd,BUY,9525.0,1386.97,13210889.25,INR,2024-02-04,2024-02-06,Zerodha Institutional,PORT-022,Americas,Settled,False,False,False
TRD-2024-00137,CLT0012,Vanguard Emerging Markets,INE154A01025,ITC,ITC Ltd,SELL,39666.0,447.58,17753708.28,INR,2025-04-02,2025-04-04,Goldman Sachs India,PORT-039,Americas,Settled,False,True,False
TRD-2024-00138,CLT0006,LIC of India,INE038A01020,HINDALCO,Hindalco Industries Ltd,SELL,38852.0,671.84,26102327.68,INR,2024-03-31,2024-04-02,,PORT-050,APAC,Settled,False,True,False
TRD-2024-00139,CLT0015,Norges Bank Investment Mgmt,INE038A01020,HINDALCO,Hindalco Industries Ltd,BUY,31181.0,640.2,19962076.2,INR,2024-08-02,2024-08-04,Edelweiss,PORT-039,EMEA,Pending,False,True,True
TRD-2024-00140,CLT0010,Abu Dhabi Investment Auth,INE296A01024,BAJFINANCE,Bajaj Finance Ltd,SELL,27067.0,7064.66,191219152.22,INR,2025-01-12,2025-01-14,Goldman Sachs India,PORT-032,EMEA,Settled,False,True,False
TRD-2024-00141,CLT0014,Temasek Holdings,INE031A01017,POWERGRID,Power Grid Corp of India,BUY,15909.0,325.43,5177265.87,INR,2024-09-26,2024-09-28,HDFC Securities,PORT-031,APAC,Settled,False,True,False
TRD-2024-00142,CLT0003,SBI Life Insurance,INE296A01024,BAJFINANCE,Bajaj Finance Ltd,BUY,4008.0,7246.38,29043491.04,INR,2024-03-30,2024-04-01,Goldman Sachs India,PORT-007,APAC,Settled,False,True,False
TRD-2024-00143,CLT0003,SBI Life Insurance,INE020B01018,NTPC,NTPC Ltd,SELL,39863.0,346.34,13806151.42,INR,2024-09-08,2024-09-10,Kotak Securities,PORT-050,APAC,Settled,False,True,False
TRD-2024-00144,CLT0002,Aditya Birla Capital,INE090A01021,ICICIBANK,ICICI Bank Ltd,SELL,37922.0,1246.63,47274702.86,INR,2024-01-17,2024-01-19,Nomura India,PORT-038,APAC,Settled,False,True,False
TRD-2024-00145,CLT0015,Norges Bank Investment Mgmt,INE075A01022,WIPRO,Wipro Ltd,SELL,37366.0,535.33,20003140.78,INR,2024-01-08,2024-01-10,Motilal Oswal,PORT-012,EMEA,Settled,False,True,True
TRD-2024-00146,CLT0001,Tata Investment Corp,INE361B01024,HCLTECH,HCL Technologies Ltd,BUY,4782.0,1572.19,7518212.58,INR,2025-03-28,2025-03-30,Zerodha Institutional,PORT-006,APAC,Settled,False,False,True
TRD-2024-00147,CLT0007,ICICI Prudential AMC,INE001A01036,SBIN,State Bank of India,BUY,2256.0,763.71,1722929.76,INR,2024-04-11,2024-04-13,Goldman Sachs India,PORT-012,APAC,Settled,False,True,False
TRD-2024-00148,CLT0004,HDFC Pension Fund,INE414G01012,ADANIENT,Adani Enterprises Ltd,BUY,37009.0,2395.77,88665051.93,INR,2024-08-15,2024-08-17,Kotak Securities,PORT-035,APAC,Settled,False,True,False
TRD-2024-00149,CLT0010,Abu Dhabi Investment Auth,INE001A01036,SBIN,State Bank of India,SELL,4088.0,753.19,3079040.72,INR,2024-06-28,2024-06-30,Edelweiss,PORT-007,EMEA,Settled,False,True,False
TRD-2024-00150,CLT0010,Abu Dhabi Investment Auth,INE075A01022,WIPRO,Wipro Ltd,SELL,11908.0,522.13,6217524.04,INR,2024-02-14,2024-02-16,ICICI Direct,PORT-025,EMEA,Settled,False,True,False
TRD-2024-00151,CLT0007,ICICI Prudential AMC,INE213A01029,MARUTI,Maruti Suzuki India Ltd,BUY,8320.0,13222.97,110015110.4,INR,2025-01-02,2025-01-04,Edelweiss,PORT-011,APAC,Settled,False,True,False
TRD-2024-00152,CLT0001,Tata Investment Corp,INE296A01024,BAJFINANCE,Bajaj Finance Ltd,SELL,17452.0,7187.63,125438518.76,INR,2024-11-16,2024-11-18,Goldman Sachs India,PORT-047,APAC,Settled,False,True,False
TRD-2024-00153,CLT0003,SBI Life Insurance,INE213A01029,MARUTI,Maruti Suzuki India Ltd,SELL,23914.0,13124.53,313860010.42,INR,2025-03-09,2025-03-11,Kotak Securities,PORT-035,APAC,Settled,False,True,False
TRD-2024-00154,CLT0013,GIC Private Ltd Singapore,INE075A01022,WIPRO,Wipro Ltd,BUY,10972.0,503.68,5526376.96,INR,2024-02-09,2024-02-11,Motilal Oswal,PORT-016,APAC,Settled,False,True,False
TRD-2024-00155,CLT0004,HDFC Pension Fund,INE031A01017,POWERGRID,Power Grid Corp of India,BUY,11460.0,327.56,3753837.6,INR,2024-06-27,2024-06-29,Zerodha Institutional,PORT-012,APAC,Settled,False,True,True
TRD-2024-00156,CLT0015,Norges Bank Investment Mgmt,INE066A01021,ONGC,Oil & Natural Gas Corp,SELL,22647.0,279.54,6330742.38,INR,2024-01-31,2024-02-02,Zerodha Institutional,PORT-022,EMEA,Settled,False,True,True
TRD-2024-00157,CLT0013,GIC Private Ltd Singapore,INE117A01022,BHARTIARTL,Bharti Airtel Ltd,SELL,45656.0,1429.39,65260229.84,INR,2024-11-15,2024-11-17,Zerodha Institutional,PORT-013,APAC,Pending,False,True,False
TRD-2024-00158,CLT0010,Abu Dhabi Investment Auth,INE031A01017,POWERGRID,Power Grid Corp of India,SELL,,,,INR,2024-10-02,2024-10-04,,PORT-048,EMEA,Settled,False,True,False
TRD-2024-00159,CLT0013,GIC Private Ltd Singapore,INE090A01021,ICICIBANK,ICICI Bank Ltd,SELL,6028.0,1198.05,7221845.4,INR,2024-10-23,2024-10-25,,PORT-022,APAC,Settled,False,False,False
TRD-2024-00160,CLT0007,ICICI Prudential AMC,INE018A01030,LARSEN,Larsen & Toubro Ltd,BUY,3798.0,3510.54,13333030.92,INR,2024-05-04,2024-05-06,Zerodha Institutional,PORT-005,APAC,Settled,False,True,False
TRD-2024-00161,CLT0002,Aditya Birla Capital,INE002A01018,RELIANCE,Reliance Industries Ltd,SELL,12044.0,2877.16,34652515.04,INR,2025-03-19,2025-03-21,Zerodha Institutional,PORT-029,APAC,Settled,False,True,False
TRD-2024-00162,CLT0004,HDFC Pension Fund,INE117A01022,BHARTIARTL,Bharti Airtel Ltd,SELL,5081.0,1418.22,7205975.82,INR,2024-02-21,2024-02-23,Nomura India,PORT-009,APAC,Failed,False,True,False
TRD-2024-00163,CLT0012,Vanguard Emerging Markets,INE038A01020,HINDALCO,Hindalco Industries Ltd,SELL,16606.0,652.28,10831761.68,INR,2025-04-04,2025-04-06,Kotak Securities,PORT-040,Americas,Settled,False,True,True
TRD-2024-00164,CLT0006,LIC of India,INE031A01017,POWERGRID,Power Grid Corp of India,BUY,43343.0,322.62,13983318.66,INR,2024-09-29,2024-10-01,HDFC Securities,PORT-018,APAC,Settled,False,True,False
TRD-2024-00165,CLT0012,Vanguard Emerging Markets,INE585B01010,AXISBANK,Axis Bank Ltd,SELL,23340.0,998.54,23305923.6,INR,2024-02-18,2024-02-20,HDFC Securities,PORT-007,Americas,Settled,False,True,False
TRD-2024-00166,CLT0005,Kotak Mahindra AMC,INE038A01020,HINDALCO,Hindalco Industries Ltd,SELL,31892.0,687.54,21927025.68,INR,2024-08-24,2024-08-26,Goldman Sachs India,PORT-039,APAC,Cancelled,False,True,False
TRD-2024-00167,CLT0011,BlackRock India Fund,INE154A01025,ITC,ITC Ltd,BUY,32980.0,467.1,15404958.0,INR,2024-12-28,2024-12-30,Edelweiss,PORT-045,Americas,Failed,False,True,False
TRD-2024-00168,CLT0011,BlackRock India Fund,INE002A01018,RELIANCE,Reliance Industries Ltd,SELL,35668.0,2845.18,101481880.24,INR,2024-01-22,2024-01-24,Nomura India,PORT-037,Americas,Settled,False,True,False
TRD-2024-00169,CLT0001,Tata Investment Corp,INE031A01017,POWERGRID,Power Grid Corp of India,SELL,23318.0,302.25,7047865.5,INR,2025-03-22,2025-03-24,HDFC Securities,PORT-022,APAC,Settled,False,True,False
TRD-2024-00170,CLT0009,Emirates NBD Asset Mgmt,INE040A01034,HDFCBANK,HDFC Bank Ltd,SELL,41816.0,1620.56,67765336.96,INR,2025-02-05,2025-02-07,Zerodha Institutional,PORT-048,EMEA,Settled,False,True,False
TRD-2024-00171,CLT0005,Kotak Mahindra AMC,INE020B01018,NTPC,NTPC Ltd,BUY,26611.0,370.39,9856448.29,INR,2024-01-10,2024-01-12,Nomura India,PORT-031,APAC,Settled,False,True,False
TRD-2024-00172,CLT0003,SBI Life Insurance,INE296A01024,BAJFINANCE,Bajaj Finance Ltd,SELL,48407.0,7009.99,339332585.93,INR,2025-02-06,2025-02-08,HDFC Securities,PORT-012,APAC,Settled,False,True,False
TRD-2024-00173,CLT0009,Emirates NBD Asset Mgmt,INE066A01021,ONGC,Oil & Natural Gas Corp,SELL,11110.0,276.94,3076803.4,INR,2024-06-02,2024-06-04,Nomura India,PORT-013,EMEA,Settled,False,True,True
TRD-2024-00174,CLT0010,Abu Dhabi Investment Auth,INE075A01022,WIPRO,Wipro Ltd,BUY,16201.0,541.95,8780131.95,INR,2024-02-14,2024-02-16,HDFC Securities,PORT-039,EMEA,Settled,True,True,False
TRD-2024-00175,CLT0015,Norges Bank Investment Mgmt,INE075A01022,WIPRO,Wipro Ltd,SELL,,,,INR,2024-07-23,2024-07-25,,PORT-022,EMEA,Pending,False,True,False
TRD-2024-00176,CLT0012,Vanguard Emerging Markets,INE075A01022,WIPRO,Wipro Ltd,BUY,,537.47,,INR,2024-11-27,2024-11-29,,PORT-015,Americas,Settled,False,True,False
TRD-2024-00177,CLT0005,Kotak Mahindra AMC,INE585B01010,AXISBANK,Axis Bank Ltd,SELL,13259.0,1054.07,13975914.13,INR,2024-03-31,2024-04-02,Goldman Sachs India,PORT-006,APAC,Settled,False,True,True
TRD-2024-00178,CLT0011,BlackRock India Fund,INE040A01034,HDFCBANK,HDFC Bank Ltd,SELL,1493.0,1689.95,2523095.35,INR,2024-03-14,2024-03-16,Kotak Securities,PORT-021,Americas,Settled,False,False,False
TRD-2024-00179,CLT0012,Vanguard Emerging Markets,INE040A01034,HDFCBANK,HDFC Bank Ltd,SELL,28668.0,1679.99,48161953.32,INR,2024-07-19,2024-07-21,Edelweiss,PORT-001,Americas,Settled,False,True,False
TRD-2024-00180,CLT0004,HDFC Pension Fund,INE213A01029,MARUTI,Maruti Suzuki India Ltd,BUY,29243.0,13217.49,386519060.07,INR,2024-12-03,2024-12-05,ICICI Direct,PORT-014,APAC,Cancelled,False,True,False
TRD-2024-00181,CLT0003,SBI Life Insurance,INE018A01030,LARSEN,Larsen & Toubro Ltd,SELL,18654.0,3727.58,69534277.32,INR,2025-05-09,2025-05-11,Zerodha Institutional,PORT-046,APAC,Settled,False,False,False
TRD-2024-00182,CLT0009,Emirates NBD Asset Mgmt,INE296A01024,BAJFINANCE,Bajaj Finance Ltd,SELL,11809.0,7074.38,83541353.42,INR,2024-12-03,2024-12-05,Edelweiss,PORT-031,EMEA,Failed,False,True,False
TRD-2024-00183,CLT0014,Temasek Holdings,INE296A01024,BAJFINANCE,Bajaj Finance Ltd,SELL,39710.0,6952.55,276085760.5,INR,2024-11-15,2024-11-17,Motilal Oswal,PORT-028,APAC,Pending,False,True,False
TRD-2024-00184,CLT0010,Abu Dhabi Investment Auth,INE361B01024,HCLTECH,HCL Technologies Ltd,SELL,1395.0,1658.68,2313858.6,INR,2025-03-03,2025-03-05,Zerodha Institutional,PORT-012,EMEA,Settled,False,False,False
TRD-2024-00185,CLT0008,Nippon India MF,INE585B01010,AXISBANK,Axis Bank Ltd,SELL,20262.0,1025.49,20778478.38,INR,2024-05-16,2024-05-18,HDFC Securities,PORT-015,APAC,Settled,False,True,False
TRD-2024-00186,CLT0014,Temasek Holdings,INE117A01022,BHARTIARTL,Bharti Airtel Ltd,SELL,29501.0,1399.77,41294614.77,INR,2024-01-06,2024-01-08,Motilal Oswal,PORT-050,APAC,Settled,False,True,False
TRD-2024-00187,CLT0007,ICICI Prudential AMC,INE213A01029,MARUTI,Maruti Suzuki India Ltd,BUY,18507.0,13040.91,241348121.37,INR,2024-03-29,2024-03-31,Motilal Oswal,PORT-005,APAC,Settled,False,True,False
TRD-2024-00188,CLT0005,Kotak Mahindra AMC,INE038A01020,HINDALCO,Hindalco Industries Ltd,SELL,41113.0,685.45,28180905.85,INR,2024-09-03,2024-09-05,HDFC Securities,PORT-006,APAC,Settled,False,True,False
TRD-2024-00189,CLT0005,Kotak Mahindra AMC,INE002A01018,RELIANCE,Reliance Industries Ltd,BUY,38212.0,2930.09,111964599.08,INR,2024-09-01,2024-09-03,Nomura India,PORT-004,APAC,Settled,False,True,False
TRD-2024-00190,CLT0005,Kotak Mahindra AMC,INE721A01013,SUNPHARMA,Sun Pharmaceutical Ltd,BUY,29958.0,1680.87,50355503.46,INR,2025-04-09,2025-04-11,Zerodha Institutional,PORT-030,APAC,Settled,False,True,False
TRD-2024-00191,CLT0011,BlackRock India Fund,INE066A01021,ONGC,Oil & Natural Gas Corp,SELL,16903.0,280.69,4744503.07,INR,2025-03-10,2025-03-12,Nomura India,PORT-049,Americas,Settled,False,True,False
TRD-2024-00192,CLT0006,LIC of India,INE009A01021,INFY,Infosys Ltd,SELL,43296.0,1449.95,62777035.2,INR,2024-12-21,2024-12-23,Kotak Securities,PORT-004,APAC,Settled,False,True,False
TRD-2024-00193,CLT0011,BlackRock India Fund,INE467B01029,TCS,Tata Consultancy Services,BUY,33983.0,3844.76,130656479.08,INR,2024-01-21,2024-01-23,Nomura India,PORT-002,Americas,Settled,False,True,False
TRD-2024-00194,CLT0015,Norges Bank Investment Mgmt,INE040A01034,HDFCBANK,HDFC Bank Ltd,SELL,2492.0,1575.92,3927192.64,INR,2024-05-06,2024-05-08,Nomura India,PORT-038,EMEA,Settled,False,True,False
TRD-2024-00195,CLT0002,Aditya Birla Capital,INE296A01024,BAJFINANCE,Bajaj Finance Ltd,BUY,26612.0,7079.41,188397258.92,INR,2025-02-09,2025-02-11,HDFC Securities,PORT-012,APAC,Settled,False,False,False
TRD-2024-00196,CLT0009,Emirates NBD Asset Mgmt,INE031A01017,POWERGRID,Power Grid Corp of India,SELL,5426.0,318.6,1728723.6,INR,2025-01-29,2025-01-31,Nomura India,PORT-022,EMEA,Settled,False,True,False
TRD-2024-00197,CLT0005,Kotak Mahindra AMC,INE040A01034,HDFCBANK,HDFC Bank Ltd,SELL,30949.0,1660.73,51397932.77,INR,2024-10-20,2024-10-22,HDFC Securities,PORT-045,APAC,Settled,False,True,False
TRD-2024-00198,CLT0006,LIC of India,INE117A01022,BHARTIARTL,Bharti Airtel Ltd,BUY,48720.0,1437.79,70049128.8,INR,2025-02-12,2025-02-14,Kotak Securities,PORT-043,APAC,Settled,False,True,False
TRD-2024-00199,CLT0012,Vanguard Emerging Markets,INE414G01012,ADANIENT,Adani Enterprises Ltd,BUY,17294.0,2486.24,42997034.56,INR,2024-10-14,2024-10-16,ICICI Direct,PORT-035,Americas,Pending,False,True,False
TRD-2024-00200,CLT0010,Abu Dhabi Investment Auth,INE296A01024,BAJFINANCE,Bajaj Finance Ltd,BUY,4110.0,7286.4,29947104.0,INR,2024-07-24,2024-07-26,Kotak Securities,PORT-031,EMEA,Settled,False,True,False
TRD-2024-00201,CLT0003,SBI Life Insurance,INE038A01020,HINDALCO,Hindalco Industries Ltd,BUY,44199.0,692.68,30615763.32,INR,2025-02-21,2025-02-23,Goldman Sachs India,PORT-008,APAC,Settled,False,True,False
TRD-2024-00202,CLT0001,Tata Investment Corp,INE296A01024,BAJFINANCE,Bajaj Finance Ltd,BUY,30485.0,6809.21,207578766.85,INR,2025-01-12,2025-01-14,Nomura India,PORT-020,APAC,Settled,False,True,False
TRD-2024-00203,CLT0005,Kotak Mahindra AMC,INE296A01024,BAJFINANCE,Bajaj Finance Ltd,BUY,5808.0,7223.95,41956701.6,INR,2024-05-01,2024-05-03,Kotak Securities,PORT-008,APAC,Settled,False,True,False
TRD-2024-00204,CLT0009,Emirates NBD Asset Mgmt,INE002A01018,RELIANCE,Reliance Industries Ltd,SELL,39343.0,2758.7,108535534.1,INR,2024-11-11,2024-11-13,Goldman Sachs India,PORT-013,EMEA,Settled,False,True,False
TRD-2024-00205,CLT0011,BlackRock India Fund,INE090A01021,ICICIBANK,ICICI Bank Ltd,BUY,36892.0,1291.15,47633105.8,INR,2025-01-15,2025-01-17,Zerodha Institutional,PORT-004,Americas,Settled,False,True,False
TRD-2024-00206,CLT0014,Temasek Holdings,INE009A01021,INFY,Infosys Ltd,SELL,47592.0,1485.74,70709338.08,INR,2024-07-31,2024-08-02,Kotak Securities,PORT-025,APAC,Settled,False,True,False
TRD-2024-00207,CLT0015,Norges Bank Investment Mgmt,INE467B01029,TCS,Tata Consultancy Services,SELL,42383.0,3930.86,166601639.38,INR,2025-03-18,2025-03-20,Kotak Securities,PORT-007,EMEA,Settled,False,False,False
TRD-2024-00208,CLT0001,Tata Investment Corp,INE154A01025,ITC,ITC Ltd,BUY,21633.0,441.82,9557892.06,INR,2025-04-26,2025-04-28,ICICI Direct,PORT-031,APAC,Settled,False,True,False
TRD-2024-00209,CLT0001,Tata Investment Corp,INE040A01034,HDFCBANK,HDFC Bank Ltd,SELL,3240.0,1571.98,5093215.2,INR,2024-09-19,2024-09-21,ICICI Direct,PORT-030,APAC,Settled,False,True,False
TRD-2024-00210,CLT0014,Temasek Holdings,INE361B01024,HCLTECH,HCL Technologies Ltd,BUY,42782.0,1638.48,70097451.36,INR,2024-05-31,2024-06-02,Edelweiss,PORT-049,APAC,Failed,False,True,False
TRD-2024-00211,CLT0005,Kotak Mahindra AMC,INE038A01020,HINDALCO,Hindalco Industries Ltd,SELL,37124.0,639.13,23727062.12,INR,2024-11-27,2024-11-29,ICICI Direct,PORT-005,APAC,Settled,True,False,False
TRD-2024-00212,CLT0003,SBI Life Insurance,INE018A01030,LARSEN,Larsen & Toubro Ltd,SELL,7320.0,3530.09,25840258.8,INR,2024-08-29,2024-08-31,Kotak Securities,PORT-036,APAC,Settled,False,True,False
TRD-2024-00213,CLT0007,ICICI Prudential AMC,INE414G01012,ADANIENT,Adani Enterprises Ltd,BUY,41754.0,2513.07,104930724.78,INR,2024-03-30,2024-04-01,Zerodha Institutional,PORT-044,APAC,Pending,False,True,False
TRD-2024-00214,CLT0009,Emirates NBD Asset Mgmt,INE018A01030,LARSEN,Larsen & Toubro Ltd,SELL,41401.0,3705.1,153394845.1,INR,2024-11-24,2024-11-26,Goldman Sachs India,PORT-001,EMEA,Settled,True,True,False
TRD-2024-00215,CLT0010,Abu Dhabi Investment Auth,INE154A01025,ITC,ITC Ltd,SELL,10736.0,472.33,5070934.88,INR,2024-07-10,2024-07-12,Kotak Securities,PORT-038,EMEA,Settled,False,False,False
TRD-2024-00216,CLT0007,ICICI Prudential AMC,INE585B01010,AXISBANK,Axis Bank Ltd,BUY,12069.0,1055.39,12737501.91,INR,2024-05-16,2024-05-18,Kotak Securities,PORT-016,APAC,Settled,False,True,False
TRD-2024-00217,CLT0012,Vanguard Emerging Markets,INE721A01013,SUNPHARMA,Sun Pharmaceutical Ltd,BUY,24704.0,1649.47,40748506.88,INR,2025-03-08,2025-03-10,Motilal Oswal,PORT-003,Americas,Settled,False,True,False
TRD-2024-00218,CLT0004,HDFC Pension Fund,INE009A01021,INFY,Infosys Ltd,SELL,24165.0,1521.27,36761489.55,INR,2024-05-22,2024-05-24,Nomura India,PORT-045,APAC,Settled,False,True,False
TRD-2024-00219,CLT0012,Vanguard Emerging Markets,INE066A01021,ONGC,Oil & Natural Gas Corp,SELL,32763.0,263.22,8623876.86,INR,2024-07-08,2024-07-10,Nomura India,PORT-027,Americas,Settled,False,True,False
TRD-2024-00220,CLT0007,ICICI Prudential AMC,INE117A01022,BHARTIARTL,Bharti Airtel Ltd,SELL,30482.0,1404.5,42811969.0,INR,2024-11-15,2024-11-17,Motilal Oswal,PORT-038,APAC,Settled,False,True,False
TRD-2024-00221,CLT0009,Emirates NBD Asset Mgmt,INE075A01022,WIPRO,Wipro Ltd,BUY,49153.0,496.63,24410854.39,INR,2024-05-11,2024-05-13,Nomura India,PORT-012,EMEA,Settled,False,True,True
TRD-2024-00222,CLT0010,Abu Dhabi Investment Auth,INE213A01029,MARUTI,Maruti Suzuki India Ltd,SELL,4862.0,13397.12,65136797.44,INR,2025-04-30,2025-05-02,Nomura India,PORT-012,EMEA,Settled,False,True,False
TRD-2024-00223,CLT0012,Vanguard Emerging Markets,INE018A01030,LARSEN,Larsen & Toubro Ltd,BUY,38634.0,3801.41,146863673.94,INR,2024-11-04,2024-11-06,Zerodha Institutional,PORT-014,Americas,Settled,False,True,False
TRD-2024-00224,CLT0015,Norges Bank Investment Mgmt,INE361B01024,HCLTECH,HCL Technologies Ltd,SELL,46638.0,1579.28,73654460.64,INR,2024-11-08,2024-11-10,Nomura India,PORT-001,EMEA,Settled,False,True,True
TRD-2024-00225,CLT0004,HDFC Pension Fund,INE090A01021,ICICIBANK,ICICI Bank Ltd,BUY,6368.0,1218.59,7759981.12,INR,2024-11-04,2024-11-06,ICICI Direct,PORT-010,APAC,Cancelled,False,True,False
TRD-2024-00226,CLT0015,Norges Bank Investment Mgmt,INE721A01013,SUNPHARMA,Sun Pharmaceutical Ltd,SELL,3355.0,1705.6,5722288.0,INR,2024-12-03,2024-12-05,Nomura India,PORT-010,EMEA,Pending,False,False,False
TRD-2024-00227,CLT0002,Aditya Birla Capital,INE721A01013,SUNPHARMA,Sun Pharmaceutical Ltd,BUY,2312.0,1742.28,4028151.36,INR,2025-01-09,2025-01-11,Zerodha Institutional,PORT-020,APAC,Settled,False,True,False
TRD-2024-00228,CLT0011,BlackRock India Fund,INE154A01025,ITC,ITC Ltd,SELL,8776.0,443.29,3890313.04,INR,2024-11-09,2024-11-11,Edelweiss,PORT-043,Americas,Settled,False,True,False
TRD-2024-00229,CLT0003,SBI Life Insurance,INE154A01025,ITC,ITC Ltd,SELL,844.0,457.07,385767.08,INR,2025-05-11,2025-05-13,Kotak Securities,PORT-034,APAC,Settled,False,True,False
TRD-2024-00230,CLT0005,Kotak Mahindra AMC,INE020B01018,NTPC,NTPC Ltd,SELL,28156.0,363.91,10246249.96,INR,2025-02-13,2025-02-15,Nomura India,PORT-009,APAC,Pending,False,False,False
TRD-2024-00231,CLT0008,Nippon India MF,INE040A01034,HDFCBANK,HDFC Bank Ltd,SELL,,,,INR,2025-03-26,2025-03-28,,PORT-043,APAC,Settled,False,True,False
TRD-2024-00232,CLT0003,SBI Life Insurance,INE213A01029,MARUTI,Maruti Suzuki India Ltd,BUY,34584.0,12711.19,439603794.96,INR,2024-06-19,2024-06-21,Motilal Oswal,PORT-001,APAC,Settled,False,True,False
TRD-2024-00233,CLT0011,BlackRock India Fund,INE075A01022,WIPRO,Wipro Ltd,SELL,14880.0,544.15,8096952.0,INR,2024-12-02,2024-12-04,Edelweiss,PORT-026,Americas,Settled,False,True,False
TRD-2024-00234,CLT0007,ICICI Prudential AMC,INE075A01022,WIPRO,Wipro Ltd,BUY,32627.0,545.51,17798354.77,INR,2024-06-28,2024-06-30,ICICI Direct,PORT-049,APAC,Settled,False,False,False
TRD-2024-00235,CLT0008,Nippon India MF,INE001A01036,SBIN,State Bank of India,BUY,38817.0,756.47,29363895.99,INR,2024-09-04,2024-09-06,Kotak Securities,PORT-013,APAC,Settled,False,True,False
TRD-2024-00236,CLT0008,Nippon India MF,INE090A01021,ICICIBANK,ICICI Bank Ltd,SELL,18883.0,1246.19,23531805.77,INR,2024-01-01,2024-01-03,Nomura India,PORT-002,APAC,Settled,False,True,False
TRD-2024-00237,CLT0014,Temasek Holdings,INE585B01010,AXISBANK,Axis Bank Ltd,SELL,,,,INR,2025-03-29,2025-03-31,,PORT-031,APAC,Settled,False,True,True
TRD-2024-00238,CLT0002,Aditya Birla Capital,INE020B01018,NTPC,NTPC Ltd,BUY,45192.0,362.07,16362667.44,INR,2025-02-03,2025-02-05,Goldman Sachs India,PORT-045,APAC,Settled,False,True,False
TRD-2024-00239,CLT0010,Abu Dhabi Investment Auth,INE009A01021,INFY,Infosys Ltd,SELL,23147.0,1462.76,33858505.72,INR,2025-05-12,2025-05-14,ICICI Direct,PORT-036,EMEA,Pending,False,True,False
TRD-2024-00240,CLT0012,Vanguard Emerging Markets,INE009A01021,INFY,Infosys Ltd,BUY,21134.0,1538.49,32514447.66,INR,2024-08-19,2024-08-21,Nomura India,PORT-043,Americas,Settled,False,True,False
TRD-2024-00241,CLT0015,Norges Bank Investment Mgmt,INE020B01018,NTPC,NTPC Ltd,SELL,276.0,343.82,94894.32,INR,2024-01-06,2024-01-08,Kotak Securities,PORT-046,EMEA,Settled,False,True,False
TRD-2024-00242,CLT0003,SBI Life Insurance,INE002A01018,RELIANCE,Reliance Industries Ltd,BUY,39697.0,2970.59,117923511.23,INR,2024-12-30,2025-01-01,ICICI Direct,PORT-035,APAC,Settled,False,True,False
TRD-2024-00243,CLT0007,ICICI Prudential AMC,INE040A01034,HDFCBANK,HDFC Bank Ltd,BUY,33768.0,1599.22,54002460.96,INR,2025-02-24,2025-02-26,Motilal Oswal,PORT-041,APAC,Cancelled,False,True,False
TRD-2024-00244,CLT0002,Aditya Birla Capital,INE002A01018,RELIANCE,Reliance Industries Ltd,BUY,25773.0,2799.18,72143266.14,INR,2024-11-07,2024-11-09,Nomura India,PORT-019,APAC,Settled,False,True,False
TRD-2024-00245,CLT0004,HDFC Pension Fund,INE585B01010,AXISBANK,Axis Bank Ltd,SELL,47340.0,1041.34,49297035.6,INR,2024-04-12,2024-04-14,,PORT-039,APAC,Cancelled,False,True,False
TRD-2024-00246,CLT0010,Abu Dhabi Investment Auth,INE038A01020,HINDALCO,Hindalco Industries Ltd,BUY,28411.0,659.17,18727678.87,INR,2024-09-15,2024-09-17,Goldman Sachs India,PORT-003,EMEA,Settled,False,True,False
TRD-2024-00247,CLT0015,Norges Bank Investment Mgmt,INE018A01030,LARSEN,Larsen & Toubro Ltd,BUY,35545.0,3773.77,134138654.65,INR,2025-02-25,2025-02-27,Motilal Oswal,PORT-015,EMEA,Settled,False,True,False
TRD-2024-00248,CLT0006,LIC of India,INE117A01022,BHARTIARTL,Bharti Airtel Ltd,SELL,6670.0,1333.88,8896979.6,INR,2024-10-02,2024-10-04,Kotak Securities,PORT-022,APAC,Settled,False,True,False
TRD-2024-00249,CLT0011,BlackRock India Fund,INE018A01030,LARSEN,Larsen & Toubro Ltd,SELL,2219.0,3575.27,7933524.13,INR,2024-08-20,2024-08-22,HDFC Securities,PORT-010,Americas,Settled,False,False,False
TRD-2024-00250,CLT0012,Vanguard Emerging Markets,INE020B01018,NTPC,NTPC Ltd,SELL,17967.0,355.08,6379722.36,INR,2024-05-22,2024-05-24,Kotak Securities,PORT-035,Americas,Settled,False,True,False
TRD-2024-00251,CLT0002,Aditya Birla Capital,INE296A01024,BAJFINANCE,Bajaj Finance Ltd,BUY,29184.0,7278.01,212401443.84,INR,2024-05-28,2024-05-30,Edelweiss,PORT-047,APAC,Settled,False,True,False
TRD-2024-00252,CLT0012,Vanguard Emerging Markets,INE117A01022,BHARTIARTL,Bharti Airtel Ltd,SELL,8768.0,1441.82,12641877.76,INR,2024-04-02,2024-04-04,Nomura India,PORT-001,Americas,Settled,False,True,False
TRD-2024-00253,CLT0015,Norges Bank Investment Mgmt,INE361B01024,HCLTECH,HCL Technologies Ltd,SELL,1177.0,1521.5,1790805.5,INR,2024-09-05,2024-09-07,Goldman Sachs India,PORT-001,EMEA,Settled,False,True,False
TRD-2024-00254,CLT0014,Temasek Holdings,INE040A01034,HDFCBANK,HDFC Bank Ltd,SELL,15599.0,1545.73,24111842.27,INR,2024-07-21,2024-07-23,Kotak Securities,PORT-024,APAC,Settled,False,False,True
TRD-2024-00255,CLT0014,Temasek Holdings,INE213A01029,MARUTI,Maruti Suzuki India Ltd,SELL,625.0,12958.52,8099075.0,INR,2024-10-27,2024-10-29,Zerodha Institutional,PORT-038,APAC,Settled,False,True,False
TRD-2024-00256,CLT0006,LIC of India,INE585B01010,AXISBANK,Axis Bank Ltd,BUY,9482.0,1035.81,9821550.42,INR,2024-01-12,2024-01-14,HDFC Securities,PORT-045,APAC,Settled,False,True,False
TRD-2024-00257,CLT0003,SBI Life Insurance,INE018A01030,LARSEN,Larsen & Toubro Ltd,SELL,15256.0,3780.48,57675002.88,INR,2024-10-21,2024-10-23,Nomura India,PORT-003,APAC,Settled,False,True,False
TRD-2024-00258,CLT0013,GIC Private Ltd Singapore,INE414G01012,ADANIENT,Adani Enterprises Ltd,SELL,32409.0,2556.44,82851663.96,INR,2024-12-04,2024-12-06,Motilal Oswal,PORT-041,APAC,Settled,False,True,False
TRD-2024-00259,CLT0002,Aditya Birla Capital,INE018A01030,LARSEN,Larsen & Toubro Ltd,SELL,45548.0,3571.64,162681058.72,INR,2024-06-17,2024-06-19,ICICI Direct,PORT-036,APAC,Settled,False,True,False
TRD-2024-00260,CLT0005,Kotak Mahindra AMC,INE066A01021,ONGC,Oil & Natural Gas Corp,SELL,34794.0,262.21,9123334.74,INR,2025-03-29,2025-03-31,Edelweiss,PORT-026,APAC,Cancelled,False,True,False
TRD-2024-00261,CLT0012,Vanguard Emerging Markets,INE066A01021,ONGC,Oil & Natural Gas Corp,BUY,8183.0,269.82,2207937.06,INR,2024-09-10,2024-09-12,,PORT-027,Americas,Settled,False,True,False
TRD-2024-00262,CLT0005,Kotak Mahindra AMC,INE213A01029,MARUTI,Maruti Suzuki India Ltd,BUY,20389.0,12853.45,262068992.05,INR,2024-01-16,2024-01-18,Goldman Sachs India,PORT-041,APAC,Settled,False,False,True
TRD-2024-00263,CLT0006,LIC of India,INE296A01024,BAJFINANCE,Bajaj Finance Ltd,SELL,,,,INR,2024-07-05,2024-07-07,,PORT-013,APAC,Settled,False,True,False
TRD-2024-00264,CLT0006,LIC of India,INE009A01021,INFY,Infosys Ltd,SELL,32674.0,1525.73,49851702.02,INR,2024-06-10,2024-06-12,Goldman Sachs India,PORT-037,APAC,Settled,False,True,True
TRD-2024-00265,CLT0007,ICICI Prudential AMC,INE585B01010,AXISBANK,Axis Bank Ltd,SELL,20258.0,1043.95,21148339.1,INR,2024-05-15,2024-05-17,,PORT-017,APAC,Settled,False,True,False
TRD-2024-00266,CLT0012,Vanguard Emerging Markets,INE414G01012,ADANIENT,Adani Enterprises Ltd,BUY,21026.0,2504.56,52660878.56,INR,2024-03-04,2024-03-06,ICICI Direct,PORT-049,Americas,Settled,False,True,False
TRD-2024-00267,CLT0002,Aditya Birla Capital,INE721A01013,SUNPHARMA,Sun Pharmaceutical Ltd,SELL,38159.0,1632.09,62278922.31,INR,2024-06-18,2024-06-20,Zerodha Institutional,PORT-013,APAC,Pending,False,True,False
TRD-2024-00268,CLT0008,Nippon India MF,INE361B01024,HCLTECH,HCL Technologies Ltd,SELL,26051.0,1587.42,41353878.42,INR,2024-01-04,2024-01-06,Kotak Securities,PORT-050,APAC,Settled,False,True,False
TRD-2024-00269,CLT0011,BlackRock India Fund,INE020B01018,NTPC,NTPC Ltd,BUY,,,,INR,2025-03-14,2025-03-16,,PORT-007,Americas,Settled,False,True,False
TRD-2024-00270,CLT0010,Abu Dhabi Investment Auth,INE585B01010,AXISBANK,Axis Bank Ltd,BUY,12529.0,1086.78,13616266.62,INR,2024-03-14,2024-03-16,Goldman Sachs India,PORT-014,EMEA,Pending,False,True,False
TRD-2024-00271,CLT0006,LIC of India,INE721A01013,SUNPHARMA,Sun Pharmaceutical Ltd,SELL,2716.0,1627.26,4419638.16,INR,2024-10-14,2024-10-16,Zerodha Institutional,PORT-049,APAC,Settled,False,True,False
TRD-2024-00272,CLT0010,Abu Dhabi Investment Auth,INE117A01022,BHARTIARTL,Bharti Airtel Ltd,BUY,17027.0,1343.48,22875433.96,INR,2024-08-30,2024-09-01,HDFC Securities,PORT-015,EMEA,Settled,False,True,True
TRD-2024-00273,CLT0001,Tata Investment Corp,INE585B01010,AXISBANK,Axis Bank Ltd,BUY,1521.0,1057.9,1609065.9,INR,2024-05-08,2024-05-10,ICICI Direct,PORT-028,APAC,Settled,False,True,False
TRD-2024-00274,CLT0010,Abu Dhabi Investment Auth,INE721A01013,SUNPHARMA,Sun Pharmaceutical Ltd,BUY,14021.0,1757.54,24642468.34,INR,2024-09-10,2024-09-12,HDFC Securities,PORT-039,EMEA,Settled,False,True,False
TRD-2024-00275,CLT0001,Tata Investment Corp,INE009A01021,INFY,Infosys Ltd,SELL,17711.0,1508.13,26710490.43,INR,2024-03-05,2024-03-07,Goldman Sachs India,PORT-021,APAC,Settled,False,True,False
TRD-2024-00276,CLT0005,Kotak Mahindra AMC,INE585B01010,AXISBANK,Axis Bank Ltd,BUY,2030.0,997.9,2025737.0,INR,2025-03-02,2025-03-04,Zerodha Institutional,PORT-014,APAC,Settled,False,True,False
TRD-2024-00277,CLT0002,Aditya Birla Capital,INE154A01025,ITC,ITC Ltd,BUY,32393.0,462.65,14986621.45,INR,2024-08-27,2024-08-29,Nomura India,PORT-047,APAC,Settled,False,False,False
TRD-2024-00278,CLT0009,Emirates NBD Asset Mgmt,INE721A01013,SUNPHARMA,Sun Pharmaceutical Ltd,SELL,,,,INR,2024-08-14,2024-08-16,,PORT-024,EMEA,Settled,False,True,False
TRD-2024-00279,CLT0001,Tata Investment Corp,INE075A01022,WIPRO,Wipro Ltd,SELL,8965.0,526.77,4722493.05,INR,2024-02-13,2024-02-15,Goldman Sachs India,PORT-046,APAC,Settled,False,False,False
TRD-2024-00280,CLT0007,ICICI Prudential AMC,INE213A01029,MARUTI,Maruti Suzuki India Ltd,SELL,49816.0,12629.53,629152666.48,INR,2024-03-26,2024-03-28,HDFC Securities,PORT-024,APAC,Settled,True,False,False
TRD-2024-00281,CLT0011,BlackRock India Fund,INE002A01018,RELIANCE,Reliance Industries Ltd,BUY,16163.0,2908.88,47016227.44,INR,2024-04-07,2024-04-09,Edelweiss,PORT-041,Americas,Pending,False,True,False
TRD-2024-00282,CLT0006,LIC of India,INE090A01021,ICICIBANK,ICICI Bank Ltd,SELL,47871.0,1186.8,56813302.8,INR,2024-10-20,2024-10-22,Goldman Sachs India,PORT-042,APAC,Settled,False,False,False
TRD-2024-00283,CLT0014,Temasek Holdings,INE031A01017,POWERGRID,Power Grid Corp of India,SELL,49157.0,317.34,15599482.38,INR,2024-10-04,2024-10-06,ICICI Direct,PORT-017,APAC,Settled,False,True,False
TRD-2024-00284,CLT0013,GIC Private Ltd Singapore,INE018A01030,LARSEN,Larsen & Toubro Ltd,SELL,20650.0,3472.69,71711048.5,INR,2024-05-24,2024-05-26,Zerodha Institutional,PORT-010,APAC,Pending,False,True,False
TRD-2024-00285,CLT0002,Aditya Birla Capital,INE154A01025,ITC,ITC Ltd,BUY,38797.0,453.71,17602586.87,INR,2024-07-14,2024-07-16,HDFC Securities,PORT-046,APAC,Settled,False,False,False
TRD-2024-00286,CLT0004,HDFC Pension Fund,INE009A01021,INFY,Infosys Ltd,BUY,21697.0,1497.16,32483880.52,INR,2024-10-14,2024-10-16,Motilal Oswal,PORT-002,APAC,Settled,False,True,False
TRD-2024-00287,CLT0015,Norges Bank Investment Mgmt,INE075A01022,WIPRO,Wipro Ltd,BUY,12755.0,536.46,6842547.3,INR,2025-05-12,2025-05-14,Motilal Oswal,PORT-032,EMEA,Settled,False,False,False
TRD-2024-00288,CLT0009,Emirates NBD Asset Mgmt,INE117A01022,BHARTIARTL,Bharti Airtel Ltd,SELL,49024.0,1390.56,68170813.44,INR,2024-09-08,2024-09-10,HDFC Securities,PORT-009,EMEA,Settled,False,True,False
TRD-2024-00289,CLT0002,Aditya Birla Capital,INE001A01036,SBIN,State Bank of India,SELL,4516.0,771.26,3483010.16,INR,2024-01-26,2024-01-28,Zerodha Institutional,PORT-045,APAC,Settled,False,True,False
TRD-2024-00290,CLT0007,ICICI Prudential AMC,INE031A01017,POWERGRID,Power Grid Corp of India,SELL,25751.0,300.02,7725815.02,INR,2024-12-13,2024-12-15,Goldman Sachs India,PORT-040,APAC,Settled,False,True,False
TRD-2024-00291,CLT0003,SBI Life Insurance,INE361B01024,HCLTECH,HCL Technologies Ltd,BUY,342.0,1636.3,559614.6,INR,2025-03-15,2025-03-17,Zerodha Institutional,PORT-026,APAC,Pending,False,True,False
TRD-2024-00292,CLT0007,ICICI Prudential AMC,INE154A01025,ITC,ITC Ltd,SELL,,,,INR,2024-03-08,2024-03-10,,PORT-021,APAC,Settled,False,True,False
TRD-2024-00293,CLT0006,LIC of India,INE090A01021,ICICIBANK,ICICI Bank Ltd,SELL,32819.0,1260.52,41369005.88,INR,2024-09-24,2024-09-26,Edelweiss,PORT-049,APAC,Settled,False,True,False
TRD-2024-00294,CLT0007,ICICI Prudential AMC,INE075A01022,WIPRO,Wipro Ltd,SELL,,,,INR,2024-01-03,2024-01-05,,PORT-034,APAC,Settled,False,True,False
TRD-2024-00295,CLT0006,LIC of India,INE154A01025,ITC,ITC Ltd,SELL,44880.0,444.42,19945569.6,INR,2024-02-06,2024-02-08,Motilal Oswal,PORT-021,APAC,Settled,False,True,False
TRD-2024-00296,CLT0004,HDFC Pension Fund,INE009A01021,INFY,Infosys Ltd,SELL,19505.0,1406.73,27438268.65,INR,2025-02-14,2025-02-16,Zerodha Institutional,PORT-034,APAC,Settled,False,True,False
TRD-2024-00297,CLT0001,Tata Investment Corp,INE585B01010,AXISBANK,Axis Bank Ltd,SELL,30898.0,1088.56,33634326.88,INR,2025-01-08,2025-01-10,Zerodha Institutional,PORT-027,APAC,Settled,False,True,False
TRD-2024-00298,CLT0013,GIC Private Ltd Singapore,INE154A01025,ITC,ITC Ltd,BUY,33699.0,471.65,15894133.35,INR,2024-02-01,2024-02-03,Edelweiss,PORT-047,APAC,Settled,False,True,True
TRD-2024-00299,CLT0001,Tata Investment Corp,INE018A01030,LARSEN,Larsen & Toubro Ltd,SELL,49036.0,3492.74,171269998.64,INR,2024-05-17,2024-05-19,Nomura India,PORT-041,APAC,Settled,False,True,False
TRD-2024-00300,CLT0009,Emirates NBD Asset Mgmt,INE031A01017,POWERGRID,Power Grid Corp of India,SELL,8942.0,325.73,2912677.66,INR,2024-06-21,2024-06-23,Motilal Oswal,PORT-008,EMEA,Settled,False,True,True
TRD-2024-00301,CLT0013,GIC Private Ltd Singapore,INE001A01036,SBIN,State Bank of India,BUY,30511.0,756.96,23095606.56,INR,2025-01-20,2025-01-22,Goldman Sachs India,PORT-020,APAC,Cancelled,False,True,False
TRD-2024-00302,CLT0011,BlackRock India Fund,INE585B01010,AXISBANK,Axis Bank Ltd,SELL,44456.0,999.48,44432882.88,INR,2024-06-21,2024-06-23,Kotak Securities,PORT-009,Americas,Settled,False,True,False
TRD-2024-00303,CLT0004,HDFC Pension Fund,INE090A01021,ICICIBANK,ICICI Bank Ltd,BUY,42742.0,1286.12,,INR,2025-03-14,2025-03-16,,PORT-006,APAC,Settled,False,False,False
TRD-2024-00304,CLT0014,Temasek Holdings,INE038A01020,HINDALCO,Hindalco Industries Ltd,SELL,40111.0,682.54,27377361.94,INR,2024-01-09,2024-01-11,Motilal Oswal,PORT-010,APAC,Settled,False,True,False
TRD-2024-00305,CLT0002,Aditya Birla Capital,INE020B01018,NTPC,NTPC Ltd,SELL,35003.0,357.72,12521273.16,INR,2024-07-04,2024-07-06,Motilal Oswal,PORT-005,APAC,Settled,False,True,False
TRD-2024-00306,CLT0003,SBI Life Insurance,INE038A01020,HINDALCO,Hindalco Industries Ltd,BUY,13303.0,627.24,8344173.72,INR,2024-09-24,2024-09-26,Edelweiss,PORT-042,APAC,Settled,False,True,False
TRD-2024-00307,CLT0015,Norges Bank Investment Mgmt,INE467B01029,TCS,Tata Consultancy Services,SELL,10531.0,3819.92,40227577.52,INR,2025-01-27,2025-01-29,Nomura India,PORT-002,EMEA,Settled,False,True,False
TRD-2024-00308,CLT0009,Emirates NBD Asset Mgmt,INE090A01021,ICICIBANK,ICICI Bank Ltd,BUY,30197.0,1230.08,37144725.76,INR,2024-09-03,2024-09-05,Zerodha Institutional,PORT-007,EMEA,Pending,False,True,False
TRD-2024-00309,CLT0006,LIC of India,INE075A01022,WIPRO,Wipro Ltd,BUY,43170.0,544.26,23495704.2,INR,2025-04-13,2025-04-15,ICICI Direct,PORT-034,APAC,Failed,False,True,False
TRD-2024-00310,CLT0006,LIC of India,INE154A01025,ITC,ITC Ltd,SELL,9712.0,482.97,4690604.64,INR,2025-02-25,2025-02-27,Motilal Oswal,PORT-027,APAC,Settled,False,True,False
TRD-2024-00311,CLT0008,Nippon India MF,INE154A01025,ITC,ITC Ltd,BUY,8850.0,463.15,4098877.5,INR,2024-03-14,2024-03-16,ICICI Direct,PORT-029,APAC,Settled,False,True,False
TRD-2024-00312,CLT0012,Vanguard Emerging Markets,INE075A01022,WIPRO,Wipro Ltd,BUY,31001.0,529.32,16409449.32,INR,2024-10-20,2024-10-22,,PORT-049,Americas,Cancelled,False,True,False
TRD-2024-00313,CLT0008,Nippon India MF,INE361B01024,HCLTECH,HCL Technologies Ltd,SELL,3745.0,1607.03,6018327.35,INR,2024-10-09,2024-10-11,Goldman Sachs India,PORT-038,APAC,Settled,False,True,False
TRD-2024-00314,CLT0014,Temasek Holdings,INE020B01018,NTPC,NTPC Ltd,SELL,20670.0,349.29,7219824.3,INR,2024-09-25,2024-09-27,Kotak Securities,PORT-029,APAC,Settled,False,True,False
TRD-2024-00315,CLT0009,Emirates NBD Asset Mgmt,INE001A01036,SBIN,State Bank of India,SELL,39587.0,745.53,29513296.11,INR,2024-10-24,2024-10-26,Nomura India,PORT-011,EMEA,Settled,False,True,False
TRD-2024-00316,CLT0001,Tata Investment Corp,INE414G01012,ADANIENT,Adani Enterprises Ltd,SELL,13558.0,2456.16,33300617.28,INR,2025-03-16,2025-03-18,Goldman Sachs India,PORT-026,APAC,Settled,False,True,False
TRD-2024-00317,CLT0015,Norges Bank Investment Mgmt,INE467B01029,TCS,Tata Consultancy Services,BUY,41521.0,4057.09,168454433.89,INR,2025-01-12,2025-01-14,ICICI Direct,PORT-010,EMEA,Failed,False,True,False
TRD-2024-00318,CLT0007,ICICI Prudential AMC,INE467B01029,TCS,Tata Consultancy Services,BUY,,,,INR,2024-09-07,2024-09-09,,PORT-025,APAC,Settled,False,True,False
TRD-2024-00319,CLT0010,Abu Dhabi Investment Auth,INE040A01034,HDFCBANK,HDFC Bank Ltd,SELL,38513.0,1560.38,60094914.94,INR,2024-09-03,2024-09-05,HDFC Securities,PORT-025,EMEA,Settled,False,True,False
TRD-2024-00320,CLT0001,Tata Investment Corp,INE038A01020,HINDALCO,Hindalco Industries Ltd,SELL,43442.0,647.05,28109146.1,INR,2025-04-06,2025-04-08,Zerodha Institutional,PORT-046,APAC,Settled,False,True,False
TRD-2024-00321,CLT0013,GIC Private Ltd Singapore,INE213A01029,MARUTI,Maruti Suzuki India Ltd,BUY,12617.0,12593.05,158886511.85,INR,2024-12-19,2024-12-21,Goldman Sachs India,PORT-029,APAC,Settled,False,True,False
TRD-2024-00322,CLT0014,Temasek Holdings,INE296A01024,BAJFINANCE,Bajaj Finance Ltd,BUY,21261.0,6978.78,,INR,2024-11-19,2024-11-21,,PORT-050,APAC,Settled,False,True,False
TRD-2024-00323,CLT0009,Emirates NBD Asset Mgmt,INE009A01021,INFY,Infosys Ltd,SELL,40592.0,1495.32,60698029.44,INR,2025-03-25,2025-03-27,Motilal Oswal,PORT-046,EMEA,Pending,False,True,False
TRD-2024-00324,CLT0015,Norges Bank Investment Mgmt,INE361B01024,HCLTECH,HCL Technologies Ltd,BUY,6959.0,1654.55,11514013.45,INR,2024-06-08,2024-06-10,Goldman Sachs India,PORT-004,EMEA,Settled,False,True,False
TRD-2024-00325,CLT0011,BlackRock India Fund,INE001A01036,SBIN,State Bank of India,BUY,13105.0,772.25,10120336.25,INR,2024-08-15,2024-08-17,Nomura India,PORT-050,Americas,Settled,False,True,False
TRD-2024-00326,CLT0011,BlackRock India Fund,INE414G01012,ADANIENT,Adani Enterprises Ltd,SELL,35340.0,2340.59,82716450.6,INR,2025-03-27,2025-03-29,Motilal Oswal,PORT-050,Americas,Settled,False,True,False
TRD-2024-00327,CLT0007,ICICI Prudential AMC,INE020B01018,NTPC,NTPC Ltd,SELL,1721.0,374.94,645271.74,INR,2024-04-28,2024-04-30,Nomura India,PORT-020,APAC,Pending,False,True,False
TRD-2024-00328,CLT0014,Temasek Holdings,INE001A01036,SBIN,State Bank of India,SELL,14428.0,800.15,11544564.2,INR,2024-09-16,2024-09-18,ICICI Direct,PORT-023,APAC,Settled,False,True,False
TRD-2024-00329,CLT0009,Emirates NBD Asset Mgmt,INE018A01030,LARSEN,Larsen & Toubro Ltd,BUY,43520.0,3627.8,157881856.0,INR,2024-02-23,2024-02-25,Zerodha Institutional,PORT-046,EMEA,Settled,False,True,False
TRD-2024-00330,CLT0014,Temasek Holdings,INE721A01013,SUNPHARMA,Sun Pharmaceutical Ltd,BUY,14961.0,1634.08,24447470.88,INR,2024-06-02,2024-06-04,Edelweiss,PORT-005,APAC,Settled,False,True,False
TRD-2024-00331,CLT0005,Kotak Mahindra AMC,INE213A01029,MARUTI,Maruti Suzuki India Ltd,SELL,1670.0,13371.82,22330939.4,INR,2025-04-11,2025-04-13,Nomura India,PORT-031,APAC,Settled,False,True,False
TRD-2024-00332,CLT0008,Nippon India MF,INE031A01017,POWERGRID,Power Grid Corp of India,SELL,35802.0,308.18,11033460.36,INR,2024-02-12,2024-02-14,Motilal Oswal,PORT-048,APAC,Failed,False,True,True
TRD-2024-00333,CLT0009,Emirates NBD Asset Mgmt,INE002A01018,RELIANCE,Reliance Industries Ltd,SELL,960.0,2977.77,2858659.2,INR,2025-04-04,2025-04-06,ICICI Direct,PORT-026,EMEA,Settled,False,True,False
TRD-2024-00334,CLT0012,Vanguard Emerging Markets,INE467B01029,TCS,Tata Consultancy Services,BUY,19751.0,4052.41,80039149.91,INR,2024-12-07,2024-12-09,Kotak Securities,PORT-046,Americas,Settled,False,True,False
TRD-2024-00335,CLT0012,Vanguard Emerging Markets,INE414G01012,ADANIENT,Adani Enterprises Ltd,SELL,1792.0,2507.81,4493995.52,INR,2024-03-06,2024-03-08,HDFC Securities,PORT-035,Americas,Settled,False,False,False
TRD-2024-00336,CLT0015,Norges Bank Investment Mgmt,INE002A01018,RELIANCE,Reliance Industries Ltd,BUY,27936.0,2981.6,83293977.6,INR,2024-11-20,2024-11-22,Kotak Securities,PORT-037,EMEA,Settled,False,True,False
TRD-2024-00337,CLT0012,Vanguard Emerging Markets,INE361B01024,HCLTECH,HCL Technologies Ltd,BUY,27337.0,1560.58,42661575.46,INR,2024-08-23,2024-08-25,Nomura India,PORT-027,Americas,Settled,False,True,False
TRD-2024-00338,CLT0003,SBI Life Insurance,INE117A01022,BHARTIARTL,Bharti Airtel Ltd,BUY,18311.0,1344.67,24622252.37,INR,2025-05-01,2025-05-03,HDFC Securities,PORT-009,APAC,Settled,False,True,False
TRD-2024-00339,CLT0004,HDFC Pension Fund,INE040A01034,HDFCBANK,HDFC Bank Ltd,BUY,13781.0,1656.48,22827950.88,INR,2025-05-12,2025-05-14,Nomura India,PORT-032,APAC,Settled,False,True,False
TRD-2024-00340,CLT0007,ICICI Prudential AMC,INE018A01030,LARSEN,Larsen & Toubro Ltd,BUY,21556.0,3522.15,75923465.4,INR,2024-06-04,2024-06-06,ICICI Direct,PORT-018,APAC,Settled,False,True,False
TRD-2024-00341,CLT0007,ICICI Prudential AMC,INE066A01021,ONGC,Oil & Natural Gas Corp,BUY,30110.0,264.71,7970418.1,INR,2024-07-21,2024-07-23,Motilal Oswal,PORT-009,APAC,Pending,False,True,False
TRD-2024-00342,CLT0010,Abu Dhabi Investment Auth,INE585B01010,AXISBANK,Axis Bank Ltd,SELL,49357.0,1010.97,49898446.29,INR,2024-04-21,2024-04-23,Edelweiss,PORT-048,EMEA,Pending,False,True,False
TRD-2024-00343,CLT0014,Temasek Holdings,INE031A01017,POWERGRID,Power Grid Corp of India,BUY,42001.0,305.01,12810725.01,INR,2024-12-16,2024-12-18,Motilal Oswal,PORT-006,APAC,Settled,False,True,False
TRD-2024-00344,CLT0006,LIC of India,INE361B01024,HCLTECH,HCL Technologies Ltd,SELL,262.0,1654.7,433531.4,INR,2025-01-15,2025-01-17,ICICI Direct,PORT-047,APAC,Settled,False,False,False
TRD-2024-00345,CLT0015,Norges Bank Investment Mgmt,INE721A01013,SUNPHARMA,Sun Pharmaceutical Ltd,SELL,36100.0,1663.09,60037549.0,INR,2024-03-13,2024-03-15,Zerodha Institutional,PORT-037,EMEA,Settled,False,True,False
TRD-2024-00346,CLT0006,LIC of India,INE090A01021,ICICIBANK,ICICI Bank Ltd,SELL,18187.0,1224.87,22276710.69,INR,2025-01-13,2025-01-15,Goldman Sachs India,PORT-019,APAC,Settled,False,True,False
TRD-2024-00347,CLT0004,HDFC Pension Fund,INE031A01017,POWERGRID,Power Grid Corp of India,SELL,34570.0,315.54,10908217.8,INR,2024-10-28,2024-10-30,ICICI Direct,PORT-009,APAC,Pending,True,True,False
TRD-2024-00348,CLT0004,HDFC Pension Fund,INE585B01010,AXISBANK,Axis Bank Ltd,SELL,32576.0,1065.82,34720152.32,INR,2024-08-05,2024-08-07,Kotak Securities,PORT-045,APAC,Settled,False,True,True
TRD-2024-00349,CLT0006,LIC of India,INE361B01024,HCLTECH,HCL Technologies Ltd,SELL,16038.0,1514.55,24290352.9,INR,2024-04-15,2024-04-17,ICICI Direct,PORT-005,APAC,Settled,False,True,False
TRD-2024-00350,CLT0002,Aditya Birla Capital,INE467B01029,TCS,Tata Consultancy Services,BUY,31942.0,4036.99,128949534.58,INR,2024-02-09,2024-02-11,Kotak Securities,PORT-040,APAC,Settled,False,True,False
TRD-2024-00351,CLT0001,Tata Investment Corp,INE001A01036,SBIN,State Bank of India,SELL,3565.0,772.71,2754711.15,INR,2024-10-07,2024-10-09,HDFC Securities,PORT-028,APAC,Pending,False,True,False
TRD-2024-00352,CLT0007,ICICI Prudential AMC,INE009A01021,INFY,Infosys Ltd,SELL,17354.0,1432.52,24859952.08,INR,2025-01-15,2025-01-17,Kotak Securities,PORT-004,APAC,Settled,False,False,False
TRD-2024-00353,CLT0003,SBI Life Insurance,INE001A01036,SBIN,State Bank of India,SELL,45672.0,742.47,33910089.84,INR,2024-06-16,2024-06-18,HDFC Securities,PORT-019,APAC,Settled,False,True,True
TRD-2024-00354,CLT0012,Vanguard Emerging Markets,INE213A01029,MARUTI,Maruti Suzuki India Ltd,SELL,2503.0,12291.96,30766775.88,INR,2024-02-08,2024-02-10,HDFC Securities,PORT-002,Americas,Settled,False,True,False
TRD-2024-00355,CLT0001,Tata Investment Corp,INE038A01020,HINDALCO,Hindalco Industries Ltd,BUY,8536.0,635.96,5428554.56,INR,2024-03-10,2024-03-12,Edelweiss,PORT-015,APAC,Pending,False,True,False
TRD-2024-00356,CLT0012,Vanguard Emerging Markets,INE066A01021,ONGC,Oil & Natural Gas Corp,SELL,9264.0,274.19,2540096.16,INR,2024-02-18,2024-02-20,Kotak Securities,PORT-005,Americas,Settled,False,True,False
TRD-2024-00357,CLT0009,Emirates NBD Asset Mgmt,INE031A01017,POWERGRID,Power Grid Corp of India,BUY,12711.0,306.43,3895031.73,INR,2024-03-30,2024-04-01,Nomura India,PORT-008,EMEA,Pending,False,True,False
TRD-2024-00358,CLT0007,ICICI Prudential AMC,INE213A01029,MARUTI,Maruti Suzuki India Ltd,SELL,21940.0,12321.59,270335684.6,INR,2024-06-04,2024-06-06,Motilal Oswal,PORT-050,APAC,Pending,False,True,True
TRD-2024-00359,CLT0012,Vanguard Emerging Markets,INE090A01021,ICICIBANK,ICICI Bank Ltd,SELL,28241.0,1201.97,33944834.77,INR,2024-03-30,2024-04-01,Edelweiss,PORT-016,Americas,Settled,False,True,False
TRD-2024-00360,CLT0003,SBI Life Insurance,INE585B01010,AXISBANK,Axis Bank Ltd,SELL,43476.0,1057.65,45982391.4,INR,2024-11-22,2024-11-24,Goldman Sachs India,PORT-015,APAC,Settled,False,True,False
TRD-2024-00361,CLT0005,Kotak Mahindra AMC,INE117A01022,BHARTIARTL,Bharti Airtel Ltd,SELL,24409.0,1433.66,34994206.94,INR,2024-10-15,2024-10-17,Goldman Sachs India,PORT-049,APAC,Pending,False,True,False
TRD-2024-00362,CLT0005,Kotak Mahindra AMC,INE038A01020,HINDALCO,Hindalco Industries Ltd,BUY,40705.0,687.46,27983059.3,INR,2024-08-01,2024-08-03,Goldman Sachs India,PORT-024,APAC,Settled,False,True,False
TRD-2024-00363,CLT0006,LIC of India,INE721A01013,SUNPHARMA,Sun Pharmaceutical Ltd,SELL,17846.0,1751.2,31251915.2,INR,2024-07-20,2024-07-22,Zerodha Institutional,PORT-022,APAC,Settled,False,True,False
TRD-2024-00364,CLT0015,Norges Bank Investment Mgmt,INE154A01025,ITC,ITC Ltd,SELL,49116.0,453.37,22267720.92,INR,2024-05-28,2024-05-30,Nomura India,PORT-032,EMEA,Failed,False,True,False
TRD-2024-00365,CLT0012,Vanguard Emerging Markets,INE075A01022,WIPRO,Wipro Ltd,SELL,42361.0,530.29,22463614.69,INR,2024-08-02,2024-08-04,Zerodha Institutional,PORT-021,Americas,Settled,False,True,False
TRD-2024-00366,CLT0002,Aditya Birla Capital,INE038A01020,HINDALCO,Hindalco Industries Ltd,SELL,16244.0,671.14,10901998.16,INR,2024-01-14,2024-01-16,Nomura India,PORT-047,APAC,Settled,False,True,False
TRD-2024-00367,CLT0009,Emirates NBD Asset Mgmt,INE018A01030,LARSEN,Larsen & Toubro Ltd,BUY,27315.0,3502.61,95673792.15,INR,2025-03-16,2025-03-18,ICICI Direct,PORT-007,EMEA,Settled,False,True,False
TRD-2024-00368,CLT0003,SBI Life Insurance,INE009A01021,INFY,Infosys Ltd,BUY,16146.0,1409.42,22756495.32,INR,2025-02-16,2025-02-18,Nomura India,PORT-004,APAC,Settled,False,True,True
TRD-2024-00369,CLT0009,Emirates NBD Asset Mgmt,INE467B01029,TCS,Tata Consultancy Services,SELL,35247.0,3964.51,139737083.97,INR,2025-02-21,2025-02-23,Kotak Securities,PORT-036,EMEA,Pending,False,True,False
TRD-2024-00370,CLT0005,Kotak Mahindra AMC,INE154A01025,ITC,ITC Ltd,BUY,18808.0,460.27,8656758.16,INR,2024-04-10,2024-04-12,Goldman Sachs India,PORT-026,APAC,Settled,False,True,False
TRD-2024-00371,CLT0015,Norges Bank Investment Mgmt,INE075A01022,WIPRO,Wipro Ltd,SELL,46141.0,509.42,23505148.22,INR,2025-01-19,2025-01-21,Zerodha Institutional,PORT-039,EMEA,Settled,False,False,False
TRD-2024-00372,CLT0009,Emirates NBD Asset Mgmt,INE031A01017,POWERGRID,Power Grid Corp of India,SELL,843.0,306.03,257983.29,INR,2025-02-24,2025-02-26,ICICI Direct,PORT-043,EMEA,Settled,False,True,False
TRD-2024-00373,CLT0001,Tata Investment Corp,INE721A01013,SUNPHARMA,Sun Pharmaceutical Ltd,SELL,5895.0,1700.23,10022855.85,INR,2024-08-19,2024-08-21,Nomura India,PORT-044,APAC,Pending,False,True,False
TRD-2024-00374,CLT0010,Abu Dhabi Investment Auth,INE040A01034,HDFCBANK,HDFC Bank Ltd,BUY,25634.0,1556.4,39896757.6,INR,2024-06-28,2024-06-30,Kotak Securities,PORT-008,EMEA,Settled,False,True,False
TRD-2024-00375,CLT0005,Kotak Mahindra AMC,INE031A01017,POWERGRID,Power Grid Corp of India,BUY,50000.0,323.01,16150500.0,INR,2024-04-09,2024-04-11,Motilal Oswal,PORT-014,APAC,Settled,False,True,False
TRD-2024-00376,CLT0010,Abu Dhabi Investment Auth,INE296A01024,BAJFINANCE,Bajaj Finance Ltd,SELL,35062.0,7309.14,,INR,2024-05-24,2024-05-26,,PORT-035,EMEA,Pending,False,True,False
TRD-2024-00377,CLT0015,Norges Bank Investment Mgmt,INE213A01029,MARUTI,Maruti Suzuki India Ltd,SELL,39454.0,12437.13,490694527.02,INR,2024-02-07,2024-02-09,ICICI Direct,PORT-007,EMEA,Settled,False,True,False
TRD-2024-00378,CLT0003,SBI Life Insurance,INE009A01021,INFY,Infosys Ltd,BUY,3216.0,1531.57,4925529.12,INR,2024-12-01,2024-12-03,Kotak Securities,PORT-010,APAC,Settled,False,True,False
TRD-2024-00379,CLT0015,Norges Bank Investment Mgmt,INE467B01029,TCS,Tata Consultancy Services,SELL,35770.0,4115.71,147218946.7,INR,2025-01-17,2025-01-19,Kotak Securities,PORT-016,EMEA,Settled,False,True,False
TRD-2024-00380,CLT0001,Tata Investment Corp,INE038A01020,HINDALCO,Hindalco Industries Ltd,SELL,19915.0,663.53,13214199.95,INR,2025-03-30,2025-04-01,Zerodha Institutional,PORT-021,APAC,Settled,False,True,False
TRD-2024-00381,CLT0001,Tata Investment Corp,INE467B01029,TCS,Tata Consultancy Services,SELL,38876.0,3763.08,146293498.08,INR,2025-04-16,2025-04-18,ICICI Direct,PORT-021,APAC,Pending,False,True,True
TRD-2024-00382,CLT0010,Abu Dhabi Investment Auth,INE020B01018,NTPC,NTPC Ltd,BUY,13422.0,373.57,5014056.54,INR,2025-02-04,2025-02-06,Motilal Oswal,PORT-002,EMEA,Cancelled,False,True,False
TRD-2024-00383,CLT0008,Nippon India MF,INE075A01022,WIPRO,Wipro Ltd,BUY,19061.0,498.78,9507245.58,INR,2024-03-08,2024-03-10,Motilal Oswal,PORT-021,APAC,Settled,False,True,False
TRD-2024-00384,CLT0007,ICICI Prudential AMC,INE018A01030,LARSEN,Larsen & Toubro Ltd,BUY,28682.0,3641.4,104442634.8,INR,2024-09-18,2024-09-20,Motilal Oswal,PORT-028,APAC,Settled,False,True,False
TRD-2024-00385,CLT0007,ICICI Prudential AMC,INE040A01034,HDFCBANK,HDFC Bank Ltd,SELL,19869.0,1638.58,32556946.02,INR,2024-02-26,2024-02-28,ICICI Direct,PORT-037,APAC,Cancelled,False,True,False
TRD-2024-00386,CLT0004,HDFC Pension Fund,INE721A01013,SUNPHARMA,Sun Pharmaceutical Ltd,BUY,5089.0,1715.28,8729059.92,INR,2024-02-12,2024-02-14,Edelweiss,PORT-004,APAC,Settled,False,False,False
TRD-2024-00387,CLT0006,LIC of India,INE009A01021,INFY,Infosys Ltd,SELL,36005.0,1443.48,51972497.4,INR,2024-06-25,2024-06-27,HDFC Securities,PORT-049,APAC,Settled,False,False,True
TRD-2024-00388,CLT0008,Nippon India MF,INE066A01021,ONGC,Oil & Natural Gas Corp,SELL,31987.0,275.96,8827132.52,INR,2024-02-03,2024-02-05,Motilal Oswal,PORT-034,APAC,Settled,False,True,False
TRD-2024-00389,CLT0011,BlackRock India Fund,INE038A01020,HINDALCO,Hindalco Industries Ltd,BUY,3924.0,629.02,2468274.48,INR,2024-02-24,2024-02-26,Edelweiss,PORT-028,Americas,Settled,False,False,False
TRD-2024-00390,CLT0012,Vanguard Emerging Markets,INE066A01021,ONGC,Oil & Natural Gas Corp,SELL,9644.0,279.5,2695498.0,INR,2024-04-04,2024-04-06,ICICI Direct,PORT-030,Americas,Settled,False,True,False
TRD-2024-00391,CLT0011,BlackRock India Fund,INE066A01021,ONGC,Oil & Natural Gas Corp,BUY,17073.0,266.84,4555759.32,INR,2024-01-05,2024-01-07,Kotak Securities,PORT-006,Americas,Settled,False,False,False
TRD-2024-00392,CLT0014,Temasek Holdings,INE585B01010,AXISBANK,Axis Bank Ltd,BUY,24877.0,1050.97,26144980.69,INR,2025-05-04,2025-05-06,HDFC Securities,PORT-017,APAC,Settled,False,True,False
TRD-2024-00393,CLT0010,Abu Dhabi Investment Auth,INE002A01018,RELIANCE,Reliance Industries Ltd,BUY,41923.0,2986.93,125221066.39,INR,2024-07-29,2024-07-31,Kotak Securities,PORT-044,EMEA,Settled,False,True,False
TRD-2024-00394,CLT0012,Vanguard Emerging Markets,INE361B01024,HCLTECH,HCL Technologies Ltd,BUY,605.0,1575.53,953195.65,INR,2024-03-27,2024-03-29,ICICI Direct,PORT-008,Americas,Settled,False,True,False
TRD-2024-00395,CLT0009,Emirates NBD Asset Mgmt,INE361B01024,HCLTECH,HCL Technologies Ltd,BUY,11960.0,1528.65,18282654.0,INR,2024-03-20,2024-03-22,Motilal Oswal,PORT-031,EMEA,Settled,False,True,False
TRD-2024-00396,CLT0013,GIC Private Ltd Singapore,INE031A01017,POWERGRID,Power Grid Corp of India,SELL,,299.29,,INR,2024-02-17,2024-02-19,,PORT-036,APAC,Settled,False,True,False
TRD-2024-00397,CLT0013,GIC Private Ltd Singapore,INE467B01029,TCS,Tata Consultancy Services,BUY,16239.0,3860.04,62683189.56,INR,2024-01-16,2024-01-18,Edelweiss,PORT-013,APAC,Settled,False,True,False
TRD-2024-00398,CLT0011,BlackRock India Fund,INE038A01020,HINDALCO,Hindalco Industries Ltd,BUY,601.0,679.24,408223.24,INR,2024-08-11,2024-08-13,Edelweiss,PORT-032,Americas,Settled,False,True,False
TRD-2024-00399,CLT0005,Kotak Mahindra AMC,INE002A01018,RELIANCE,Reliance Industries Ltd,BUY,,,,INR,2024-02-07,2024-02-09,,PORT-007,APAC,Settled,False,True,False
TRD-2024-00400,CLT0013,GIC Private Ltd Singapore,INE721A01013,SUNPHARMA,Sun Pharmaceutical Ltd,BUY,40290.0,1651.93,66556259.7,INR,2025-01-23,2025-01-25,ICICI Direct,PORT-042,APAC,Settled,False,True,False
TRD-2024-00401,CLT0015,Norges Bank Investment Mgmt,INE154A01025,ITC,ITC Ltd,BUY,11587.0,445.7,5164325.9,INR,2024-09-18,2024-09-20,Zerodha Institutional,PORT-002,EMEA,Settled,False,True,False
TRD-2024-00402,CLT0003,SBI Life Insurance,INE002A01018,RELIANCE,Reliance Industries Ltd,BUY,30551.0,2866.62,87578107.62,INR,2025-01-30,2025-02-01,ICICI Direct,PORT-015,APAC,Pending,False,False,False
TRD-2024-00403,CLT0009,Emirates NBD Asset Mgmt,INE585B01010,AXISBANK,Axis Bank Ltd,SELL,39176.0,1057.95,41446249.2,INR,2024-06-12,2024-06-14,Edelweiss,PORT-023,EMEA,Pending,False,True,False
TRD-2024-00404,CLT0007,ICICI Prudential AMC,INE002A01018,RELIANCE,Reliance Industries Ltd,SELL,,,,INR,2025-01-12,2025-01-14,,PORT-039,APAC,Failed,False,True,False
TRD-2024-00405,CLT0006,LIC of India,INE154A01025,ITC,ITC Ltd,SELL,1068.0,459.29,,INR,2025-01-07,2025-01-09,,PORT-027,APAC,Settled,False,True,False
TRD-2024-00406,CLT0015,Norges Bank Investment Mgmt,INE040A01034,HDFCBANK,HDFC Bank Ltd,BUY,26253.0,1590.57,41757234.21,INR,2024-08-15,2024-08-17,Zerodha Institutional,PORT-027,EMEA,Settled,False,True,False
TRD-2024-00407,CLT0008,Nippon India MF,INE154A01025,ITC,ITC Ltd,SELL,14514.0,471.28,6840157.92,INR,2024-09-19,2024-09-21,Nomura India,PORT-040,APAC,Settled,False,True,False
TRD-2024-00408,CLT0015,Norges Bank Investment Mgmt,INE721A01013,SUNPHARMA,Sun Pharmaceutical Ltd,SELL,32795.0,1740.43,57077401.85,INR,2024-04-02,2024-04-04,Kotak Securities,PORT-035,EMEA,Settled,False,True,False
TRD-2024-00409,CLT0002,Aditya Birla Capital,INE075A01022,WIPRO,Wipro Ltd,BUY,,520.64,,INR,2025-01-27,2025-01-29,,PORT-030,APAC,Settled,False,True,False
TRD-2024-00410,CLT0014,Temasek Holdings,INE117A01022,BHARTIARTL,Bharti Airtel Ltd,BUY,21571.0,1394.81,30087446.51,INR,2024-06-10,2024-06-12,Kotak Securities,PORT-025,APAC,Settled,False,True,True
TRD-2024-00411,CLT0004,HDFC Pension Fund,INE090A01021,ICICIBANK,ICICI Bank Ltd,BUY,24277.0,1234.07,29959517.39,INR,2024-05-02,2024-05-04,Zerodha Institutional,PORT-043,APAC,Settled,False,True,False
TRD-2024-00412,CLT0003,SBI Life Insurance,INE075A01022,WIPRO,Wipro Ltd,BUY,5511.0,510.75,2814743.25,INR,2024-10-02,2024-10-04,Nomura India,PORT-015,APAC,Settled,True,True,False
TRD-2024-00413,CLT0002,Aditya Birla Capital,INE117A01022,BHARTIARTL,Bharti Airtel Ltd,BUY,45330.0,1406.3,63747579.0,INR,2024-02-16,2024-02-18,Goldman Sachs India,PORT-019,APAC,Failed,False,True,True
TRD-2024-00414,CLT0002,Aditya Birla Capital,INE009A01021,INFY,Infosys Ltd,SELL,30509.0,1486.15,45340950.35,INR,2025-01-28,2025-01-30,Edelweiss,PORT-044,APAC,Settled,False,True,False
TRD-2024-00415,CLT0013,GIC Private Ltd Singapore,INE020B01018,NTPC,NTPC Ltd,BUY,26066.0,349.97,9122318.02,INR,2024-03-05,2024-03-07,Kotak Securities,PORT-014,APAC,Settled,False,True,True
TRD-2024-00416,CLT0011,BlackRock India Fund,INE361B01024,HCLTECH,HCL Technologies Ltd,SELL,597.0,1530.22,913541.34,INR,2024-01-24,2024-01-26,Kotak Securities,PORT-007,Americas,Settled,False,True,False
TRD-2024-00417,CLT0001,Tata Investment Corp,INE020B01018,NTPC,NTPC Ltd,SELL,5654.0,363.73,2056529.42,INR,2024-01-02,2024-01-04,,PORT-012,APAC,Settled,False,True,False
TRD-2024-00418,CLT0008,Nippon India MF,INE075A01022,WIPRO,Wipro Ltd,SELL,24779.0,531.21,13162852.59,INR,2024-12-12,2024-12-14,ICICI Direct,PORT-033,APAC,Settled,False,True,True
TRD-2024-00419,CLT0012,Vanguard Emerging Markets,INE414G01012,ADANIENT,Adani Enterprises Ltd,BUY,14970.0,2327.62,34844471.4,INR,2025-02-10,2025-02-12,Zerodha Institutional,PORT-009,Americas,Settled,False,True,False
TRD-2024-00420,CLT0005,Kotak Mahindra AMC,INE414G01012,ADANIENT,Adani Enterprises Ltd,BUY,18768.0,2408.72,45206856.96,INR,2024-05-28,2024-05-30,Zerodha Institutional,PORT-029,APAC,Settled,False,True,False
TRD-2024-00421,CLT0002,Aditya Birla Capital,INE066A01021,ONGC,Oil & Natural Gas Corp,BUY,44512.0,273.09,12155782.08,INR,2025-04-12,2025-04-14,Goldman Sachs India,PORT-032,APAC,Settled,False,True,True
TRD-2024-00422,CLT0001,Tata Investment Corp,INE075A01022,WIPRO,Wipro Ltd,SELL,42574.0,540.61,23015930.14,INR,2024-08-02,2024-08-04,HDFC Securities,PORT-036,APAC,Settled,False,True,False
TRD-2024-00423,CLT0002,Aditya Birla Capital,INE213A01029,MARUTI,Maruti Suzuki India Ltd,BUY,47375.0,12959.93,613976683.75,INR,2024-03-20,2024-03-22,ICICI Direct,PORT-026,APAC,Settled,False,False,True
TRD-2024-00424,CLT0011,BlackRock India Fund,INE020B01018,NTPC,NTPC Ltd,SELL,13501.0,354.07,4780299.07,INR,2024-03-10,2024-03-12,Goldman Sachs India,PORT-008,Americas,Settled,False,True,False
TRD-2024-00425,CLT0008,Nippon India MF,INE038A01020,HINDALCO,Hindalco Industries Ltd,SELL,42509.0,660.83,28091222.47,INR,2024-07-31,2024-08-02,ICICI Direct,PORT-006,APAC,Settled,False,True,True
TRD-2024-00426,CLT0010,Abu Dhabi Investment Auth,INE002A01018,RELIANCE,Reliance Industries Ltd,BUY,29824.0,2944.1,87804838.4,INR,2025-01-30,2025-02-01,HDFC Securities,PORT-016,EMEA,Settled,False,True,False
TRD-2024-00427,CLT0013,GIC Private Ltd Singapore,INE018A01030,LARSEN,Larsen & Toubro Ltd,SELL,25002.0,3691.1,92284882.2,INR,2024-03-05,2024-03-07,Motilal Oswal,PORT-007,APAC,Settled,False,True,False
TRD-2024-00428,CLT0001,Tata Investment Corp,INE001A01036,SBIN,State Bank of India,BUY,22436.0,810.85,18192230.6,INR,2025-04-15,2025-04-17,ICICI Direct,PORT-007,APAC,Settled,False,True,False
TRD-2024-00429,CLT0008,Nippon India MF,INE066A01021,ONGC,Oil & Natural Gas Corp,BUY,45996.0,268.06,12329687.76,INR,2024-05-29,2024-05-31,Zerodha Institutional,PORT-024,APAC,Settled,False,True,False
TRD-2024-00430,CLT0007,ICICI Prudential AMC,INE066A01021,ONGC,Oil & Natural Gas Corp,BUY,16412.0,269.7,4426316.4,INR,2025-03-03,2025-03-05,Edelweiss,PORT-049,APAC,Settled,False,True,False
TRD-2024-00431,CLT0013,GIC Private Ltd Singapore,INE038A01020,HINDALCO,Hindalco Industries Ltd,SELL,38679.0,655.11,25338999.69,INR,2024-03-25,2024-03-27,Motilal Oswal,PORT-046,APAC,Settled,False,True,False
TRD-2024-00432,CLT0006,LIC of India,INE001A01036,SBIN,State Bank of India,BUY,27184.0,786.13,21370157.92,INR,2025-05-11,2025-05-13,Nomura India,PORT-035,APAC,Failed,False,True,False
TRD-2024-00433,CLT0003,SBI Life Insurance,INE213A01029,MARUTI,Maruti Suzuki India Ltd,BUY,49297.0,12732.56,627677010.32,INR,2024-08-01,2024-08-03,Zerodha Institutional,PORT-048,APAC,Settled,True,True,False
TRD-2024-00434,CLT0007,ICICI Prudential AMC,INE090A01021,ICICIBANK,ICICI Bank Ltd,SELL,9175.0,1187.05,10891183.75,INR,2024-10-21,2024-10-23,Edelweiss,PORT-001,APAC,Settled,False,True,False
TRD-2024-00435,CLT0010,Abu Dhabi Investment Auth,INE361B01024,HCLTECH,HCL Technologies Ltd,BUY,18900.0,1644.89,31088421.0,INR,2025-05-12,2025-05-14,Goldman Sachs India,PORT-009,EMEA,Settled,False,True,False
TRD-2024-00436,CLT0002,Aditya Birla Capital,INE414G01012,ADANIENT,Adani Enterprises Ltd,BUY,13443.0,2383.89,32046633.27,INR,2024-11-08,2024-11-10,Motilal Oswal,PORT-029,APAC,Settled,False,False,False
TRD-2024-00437,CLT0001,Tata Investment Corp,INE585B01010,AXISBANK,Axis Bank Ltd,BUY,29244.0,1065.24,31151878.56,INR,2025-03-26,2025-03-28,Motilal Oswal,PORT-021,APAC,Settled,False,True,False
TRD-2024-00438,CLT0003,SBI Life Insurance,INE414G01012,ADANIENT,Adani Enterprises Ltd,BUY,26014.0,2375.8,61804061.2,INR,2024-11-18,2024-11-20,Nomura India,PORT-013,APAC,Settled,False,True,False
TRD-2024-00439,CLT0005,Kotak Mahindra AMC,INE154A01025,ITC,ITC Ltd,BUY,3311.0,483.2,1599875.2,INR,2025-01-03,2025-01-05,Motilal Oswal,PORT-009,APAC,Settled,False,False,False
TRD-2024-00440,CLT0001,Tata Investment Corp,INE296A01024,BAJFINANCE,Bajaj Finance Ltd,BUY,27812.0,7347.87,204358960.44,INR,2024-12-11,2024-12-13,HDFC Securities,PORT-045,APAC,Settled,False,True,False
TRD-2024-00441,CLT0010,Abu Dhabi Investment Auth,INE296A01024,BAJFINANCE,Bajaj Finance Ltd,SELL,671.0,7349.79,4931709.09,INR,2024-11-23,2024-11-25,Motilal Oswal,PORT-028,EMEA,Pending,False,True,False
TRD-2024-00442,CLT0004,HDFC Pension Fund,INE213A01029,MARUTI,Maruti Suzuki India Ltd,SELL,37341.0,13075.45,488250378.45,INR,2024-01-27,2024-01-29,HDFC Securities,PORT-017,APAC,Settled,False,True,False
TRD-2024-00443,CLT0001,Tata Investment Corp,INE296A01024,BAJFINANCE,Bajaj Finance Ltd,SELL,3371.0,7330.66,24711654.86,INR,2025-05-11,2025-05-13,ICICI Direct,PORT-007,APAC,Pending,False,True,False
TRD-2024-00444,CLT0012,Vanguard Emerging Markets,INE038A01020,HINDALCO,Hindalco Industries Ltd,BUY,35547.0,684.93,24347206.71,INR,2024-04-20,2024-04-22,Kotak Securities,PORT-019,Americas,Settled,False,True,False
TRD-2024-00445,CLT0011,BlackRock India Fund,INE009A01021,INFY,Infosys Ltd,SELL,26685.0,1462.97,39039354.45,INR,2024-09-17,2024-09-19,Zerodha Institutional,PORT-022,Americas,Settled,False,True,False
TRD-2024-00446,CLT0004,HDFC Pension Fund,INE296A01024,BAJFINANCE,Bajaj Finance Ltd,SELL,20435.0,7070.24,144480354.4,INR,2024-06-29,2024-07-01,Kotak Securities,PORT-040,APAC,Settled,False,True,False
TRD-2024-00447,CLT0009,Emirates NBD Asset Mgmt,INE117A01022,BHARTIARTL,Bharti Airtel Ltd,SELL,29419.0,1335.79,39297606.01,INR,2025-03-06,2025-03-08,Motilal Oswal,PORT-003,EMEA,Settled,False,True,False
TRD-2024-00448,CLT0004,HDFC Pension Fund,INE467B01029,TCS,Tata Consultancy Services,SELL,39835.0,3930.63,156576646.05,INR,2024-10-13,2024-10-15,Goldman Sachs India,PORT-045,APAC,Settled,False,True,False
TRD-2024-00449,CLT0014,Temasek Holdings,INE213A01029,MARUTI,Maruti Suzuki India Ltd,SELL,7493.0,12269.04,91931916.72,INR,2024-10-19,2024-10-21,Nomura India,PORT-029,APAC,Settled,False,True,False
TRD-2024-00450,CLT0014,Temasek Holdings,INE075A01022,WIPRO,Wipro Ltd,SELL,4403.0,518.78,2284188.34,INR,2024-01-22,2024-01-24,Kotak Securities,PORT-022,APAC,Failed,False,True,False
TRD-2024-00451,CLT0003,SBI Life Insurance,INE361B01024,HCLTECH,HCL Technologies Ltd,BUY,38639.0,1555.95,60120352.05,INR,2024-06-16,2024-06-18,Edelweiss,PORT-016,APAC,Settled,False,True,False
TRD-2024-00452,CLT0002,Aditya Birla Capital,INE038A01020,HINDALCO,Hindalco Industries Ltd,BUY,18600.0,637.51,11857686.0,INR,2024-07-23,2024-07-25,Goldman Sachs India,PORT-050,APAC,Settled,False,True,False
TRD-2024-00453,CLT0004,HDFC Pension Fund,INE361B01024,HCLTECH,HCL Technologies Ltd,SELL,27973.0,1568.59,43878168.07,INR,2024-09-05,2024-09-07,Kotak Securities,PORT-050,APAC,Settled,False,True,False
TRD-2024-00454,CLT0013,GIC Private Ltd Singapore,INE414G01012,ADANIENT,Adani Enterprises Ltd,BUY,31491.0,2512.22,79112320.02,INR,2024-08-08,2024-08-10,Zerodha Institutional,PORT-017,APAC,Settled,False,True,False
TRD-2024-00455,CLT0007,ICICI Prudential AMC,INE075A01022,WIPRO,Wipro Ltd,SELL,8343.0,539.49,4500965.07,INR,2024-07-08,2024-07-10,ICICI Direct,PORT-016,APAC,Settled,False,True,False
TRD-2024-00456,CLT0008,Nippon India MF,INE002A01018,RELIANCE,Reliance Industries Ltd,SELL,,,,INR,2025-03-07,2025-03-09,,PORT-049,APAC,Pending,False,True,False
TRD-2024-00457,CLT0002,Aditya Birla Capital,INE020B01018,NTPC,NTPC Ltd,SELL,30845.0,358.41,11055156.45,INR,2025-01-17,2025-01-19,ICICI Direct,PORT-049,APAC,Settled,False,True,False
TRD-2024-00458,CLT0008,Nippon India MF,INE038A01020,HINDALCO,Hindalco Industries Ltd,SELL,13103.0,627.07,8216498.21,INR,2024-11-04,2024-11-06,ICICI Direct,PORT-010,APAC,Settled,False,True,False
TRD-2024-00459,CLT0001,Tata Investment Corp,INE296A01024,BAJFINANCE,Bajaj Finance Ltd,SELL,44345.0,6951.09,308246086.05,INR,2024-04-20,2024-04-22,Edelweiss,PORT-048,APAC,Settled,False,True,False
TRD-2024-00460,CLT0015,Norges Bank Investment Mgmt,INE020B01018,NTPC,NTPC Ltd,BUY,49736.0,364.29,18118327.44,INR,2025-04-20,2025-04-22,Nomura India,PORT-008,EMEA,Settled,False,True,False
TRD-2024-00461,CLT0007,ICICI Prudential AMC,INE018A01030,LARSEN,Larsen & Toubro Ltd,SELL,23028.0,3749.24,86337498.72,INR,2024-07-25,2024-07-27,Motilal Oswal,PORT-003,APAC,Settled,False,True,False
TRD-2024-00462,CLT0003,SBI Life Insurance,INE296A01024,BAJFINANCE,Bajaj Finance Ltd,SELL,17533.0,6756.42,118460311.86,INR,2024-11-10,2024-11-12,HDFC Securities,PORT-019,APAC,Failed,False,True,False
TRD-2024-00463,CLT0014,Temasek Holdings,INE296A01024,BAJFINANCE,Bajaj Finance Ltd,SELL,41003.0,6887.21,282396271.63,INR,2024-12-21,2024-12-23,ICICI Direct,PORT-038,APAC,Settled,False,False,False
TRD-2024-00464,CLT0007,ICICI Prudential AMC,INE414G01012,ADANIENT,Adani Enterprises Ltd,BUY,23813.0,2497.35,59469395.55,INR,2024-09-01,2024-09-03,Kotak Securities,PORT-049,APAC,Settled,False,True,False
TRD-2024-00465,CLT0012,Vanguard Emerging Markets,INE001A01036,SBIN,State Bank of India,BUY,48938.0,795.76,38942902.88,INR,2024-01-23,2024-01-25,HDFC Securities,PORT-027,Americas,Settled,False,True,False
TRD-2024-00466,CLT0010,Abu Dhabi Investment Auth,INE031A01017,POWERGRID,Power Grid Corp of India,BUY,43971.0,307.49,13520642.79,INR,2024-08-27,2024-08-29,Goldman Sachs India,PORT-036,EMEA,Pending,False,True,False
TRD-2024-00467,CLT0005,Kotak Mahindra AMC,INE296A01024,BAJFINANCE,Bajaj Finance Ltd,SELL,32343.0,7380.05,238692957.15,INR,2024-11-03,2024-11-05,Nomura India,PORT-031,APAC,Settled,False,True,False
TRD-2024-00468,CLT0004,HDFC Pension Fund,INE038A01020,HINDALCO,Hindalco Industries Ltd,SELL,41621.0,652.56,27160199.76,INR,2024-05-25,2024-05-27,HDFC Securities,PORT-002,APAC,Pending,False,False,False
TRD-2024-00469,CLT0005,Kotak Mahindra AMC,INE154A01025,ITC,ITC Ltd,SELL,27840.0,458.72,12770764.8,INR,2025-02-02,2025-02-04,Nomura India,PORT-035,APAC,Settled,False,True,False
TRD-2024-00470,CLT0015,Norges Bank Investment Mgmt,INE020B01018,NTPC,NTPC Ltd,BUY,,342.09,,INR,2025-02-19,2025-02-21,,PORT-048,EMEA,Settled,False,True,False
TRD-2024-00471,CLT0002,Aditya Birla Capital,INE009A01021,INFY,Infosys Ltd,SELL,,,,INR,2025-02-08,2025-02-10,,PORT-038,APAC,Settled,False,True,False
TRD-2024-00472,CLT0015,Norges Bank Investment Mgmt,INE020B01018,NTPC,NTPC Ltd,BUY,26356.0,376.36,9919344.16,INR,2024-04-13,2024-04-15,Zerodha Institutional,PORT-016,EMEA,Settled,False,True,False
TRD-2024-00473,CLT0001,Tata Investment Corp,INE018A01030,LARSEN,Larsen & Toubro Ltd,BUY,943.0,3500.13,3300622.59,INR,2024-01-30,2024-02-01,,PORT-038,APAC,Settled,False,True,True
TRD-2024-00474,CLT0014,Temasek Holdings,INE414G01012,ADANIENT,Adani Enterprises Ltd,BUY,47752.0,2328.37,111184324.24,INR,2025-04-26,2025-04-28,Kotak Securities,PORT-012,APAC,Settled,False,True,False
TRD-2024-00475,CLT0003,SBI Life Insurance,INE090A01021,ICICIBANK,ICICI Bank Ltd,BUY,22061.0,1245.43,27475431.23,INR,2025-04-27,2025-04-29,Kotak Securities,PORT-040,APAC,Settled,False,True,False
TRD-2024-00476,CLT0003,SBI Life Insurance,INE414G01012,ADANIENT,Adani Enterprises Ltd,SELL,27932.0,2349.19,65617575.08,INR,2025-01-29,2025-01-31,Kotak Securities,PORT-033,APAC,Pending,False,False,False
TRD-2024-00477,CLT0005,Kotak Mahindra AMC,INE213A01029,MARUTI,Maruti Suzuki India Ltd,BUY,22958.0,13251.9,304237120.2,INR,2025-03-18,2025-03-20,Goldman Sachs India,PORT-045,APAC,Cancelled,False,True,False
TRD-2024-00478,CLT0004,HDFC Pension Fund,INE585B01010,AXISBANK,Axis Bank Ltd,BUY,5885.0,1001.32,5892768.2,INR,2024-06-27,2024-06-29,Zerodha Institutional,PORT-001,APAC,Pending,False,False,False
TRD-2024-00479,CLT0012,Vanguard Emerging Markets,INE018A01030,LARSEN,Larsen & Toubro Ltd,SELL,9242.0,3502.05,32365946.1,INR,2024-10-26,2024-10-28,Motilal Oswal,PORT-009,Americas,Settled,False,True,False
TRD-2024-00480,CLT0007,ICICI Prudential AMC,INE066A01021,ONGC,Oil & Natural Gas Corp,BUY,49741.0,276.17,13736971.97,INR,2024-07-26,2024-07-28,Goldman Sachs India,PORT-045,APAC,Pending,False,True,False
TRD-2024-00481,CLT0015,Norges Bank Investment Mgmt,INE154A01025,ITC,ITC Ltd,BUY,26915.0,484.85,13049737.75,INR,2024-08-09,2024-08-11,Edelweiss,PORT-002,EMEA,Settled,False,True,False
TRD-2024-00482,CLT0007,ICICI Prudential AMC,INE075A01022,WIPRO,Wipro Ltd,SELL,26413.0,502.94,13284154.22,INR,2024-03-22,2024-03-24,Nomura India,PORT-029,APAC,Settled,False,True,False
TRD-2024-00483,CLT0014,Temasek Holdings,INE296A01024,BAJFINANCE,Bajaj Finance Ltd,SELL,42277.0,7026.93,297077519.61,INR,2025-05-01,2025-05-03,Edelweiss,PORT-011,APAC,Settled,False,True,False
TRD-2024-00484,CLT0006,LIC of India,INE361B01024,HCLTECH,HCL Technologies Ltd,BUY,30495.0,1547.05,47177289.75,INR,2024-10-25,2024-10-27,ICICI Direct,PORT-009,APAC,Settled,False,True,False
TRD-2024-00485,CLT0015,Norges Bank Investment Mgmt,INE001A01036,SBIN,State Bank of India,SELL,25015.0,764.12,19114461.8,INR,2024-10-08,2024-10-10,Edelweiss,PORT-048,EMEA,Settled,False,False,False
TRD-2024-00486,CLT0006,LIC of India,INE721A01013,SUNPHARMA,Sun Pharmaceutical Ltd,BUY,28989.0,1614.37,46798971.93,INR,2025-04-29,2025-05-01,Goldman Sachs India,PORT-036,APAC,Settled,False,False,False
TRD-2024-00487,CLT0002,Aditya Birla Capital,INE066A01021,ONGC,Oil & Natural Gas Corp,SELL,23097.0,278.14,6424199.58,INR,2024-09-30,2024-10-02,ICICI Direct,PORT-020,APAC,Settled,False,True,False
TRD-2024-00488,CLT0012,Vanguard Emerging Markets,INE040A01034,HDFCBANK,HDFC Bank Ltd,BUY,47181.0,1636.76,77223973.56,INR,2024-05-14,2024-05-16,HDFC Securities,PORT-034,Americas,Failed,False,False,False
TRD-2024-00489,CLT0010,Abu Dhabi Investment Auth,INE414G01012,ADANIENT,Adani Enterprises Ltd,BUY,41155.0,2384.56,98136566.8,INR,2024-01-09,2024-01-11,Zerodha Institutional,PORT-002,EMEA,Settled,False,True,False
TRD-2024-00490,CLT0013,GIC Private Ltd Singapore,INE009A01021,INFY,Infosys Ltd,SELL,41096.0,1411.35,58000839.6,INR,2024-05-20,2024-05-22,Kotak Securities,PORT-026,APAC,Settled,False,True,False
TRD-2024-00491,CLT0009,Emirates NBD Asset Mgmt,INE585B01010,AXISBANK,Axis Bank Ltd,BUY,26843.0,1061.0,28480423.0,INR,2025-02-24,2025-02-26,Kotak Securities,PORT-025,EMEA,Settled,False,True,False
TRD-2024-00492,CLT0007,ICICI Prudential AMC,INE296A01024,BAJFINANCE,Bajaj Finance Ltd,BUY,9019.0,7321.79,66035224.01,INR,2025-02-06,2025-02-08,Nomura India,PORT-009,APAC,Settled,False,True,False
TRD-2024-00493,CLT0012,Vanguard Emerging Markets,INE721A01013,SUNPHARMA,Sun Pharmaceutical Ltd,BUY,45797.0,1731.91,79316282.27,INR,2024-09-10,2024-09-12,ICICI Direct,PORT-042,Americas,Settled,False,False,False
TRD-2024-00494,CLT0012,Vanguard Emerging Markets,INE066A01021,ONGC,Oil & Natural Gas Corp,SELL,44552.0,277.48,12362288.96,INR,2024-09-10,2024-09-12,Nomura India,PORT-035,Americas,Pending,False,True,False
TRD-2024-00495,CLT0011,BlackRock India Fund,INE066A01021,ONGC,Oil & Natural Gas Corp,BUY,16771.0,265.42,4451358.82,INR,2024-02-03,2024-02-05,Nomura India,PORT-036,Americas,Cancelled,False,True,False
TRD-2024-00496,CLT0013,GIC Private Ltd Singapore,INE038A01020,HINDALCO,Hindalco Industries Ltd,BUY,43763.0,676.34,29598667.42,INR,2024-05-17,2024-05-19,Motilal Oswal,PORT-036,APAC,Settled,False,False,False
TRD-2024-00497,CLT0004,HDFC Pension Fund,INE361B01024,HCLTECH,HCL Technologies Ltd,SELL,41386.0,1526.28,63166624.08,INR,2024-08-01,2024-08-03,Nomura India,PORT-026,APAC,Pending,False,True,True
TRD-2024-00498,CLT0015,Norges Bank Investment Mgmt,INE414G01012,ADANIENT,Adani Enterprises Ltd,SELL,24015.0,2456.01,58981080.15,INR,2024-01-03,2024-01-05,Motilal Oswal,PORT-016,EMEA,Settled,False,True,False
TRD-2024-00499,CLT0014,Temasek Holdings,INE361B01024,HCLTECH,HCL Technologies Ltd,BUY,43149.0,1632.0,70419168.0,INR,2024-05-08,2024-05-10,Nomura India,PORT-039,APAC,Settled,False,True,True
TRD-2024-00500,CLT0003,SBI Life Insurance,INE721A01013,SUNPHARMA,Sun Pharmaceutical Ltd,SELL,,1656.68,,INR,2025-01-04,2025-01-06,,PORT-035,APAC,Settled,False,True,True
TRD-2024-00501,CLT0013,GIC Private Ltd Singapore,INE414G01012,ADANIENT,Adani Enterprises Ltd,BUY,18473.0,2369.69,43775283.37,INR,2025-05-19,2025-05-21,Zerodha Institutional,PORT-037,APAC,Settled,False,True,False
TRD-2024-00502,CLT0011,BlackRock India Fund,INE154A01025,ITC,ITC Ltd,SELL,17771.0,471.27,8374939.17,INR,2025-04-17,2025-04-19,Kotak Securities,PORT-016,Americas,Settled,True,True,False
TRD-2024-00503,CLT0011,BlackRock India Fund,INE066A01021,ONGC,Oil & Natural Gas Corp,BUY,23322.0,257.54,6006347.88,INR,2024-03-08,2024-03-10,Kotak Securities,PORT-020,Americas,Cancelled,True,True,False
TRD-2024-00504,CLT0008,Nippon India MF,INE721A01013,SUNPHARMA,Sun Pharmaceutical Ltd,BUY,22606.0,1634.13,36941142.78,INR,2024-02-03,2024-02-05,Motilal Oswal,PORT-050,APAC,Settled,False,True,False
TRD-2024-00505,CLT0002,Aditya Birla Capital,INE020B01018,NTPC,NTPC Ltd,SELL,12426.0,344.83,4284857.58,INR,2025-01-04,2025-01-06,ICICI Direct,PORT-010,APAC,Settled,False,True,False
TRD-2024-00506,CLT0003,SBI Life Insurance,INE075A01022,WIPRO,Wipro Ltd,SELL,23559.0,503.6,11864312.4,INR,2024-08-23,2024-08-25,Nomura India,PORT-044,APAC,Settled,False,True,False
TRD-2024-00507,CLT0011,BlackRock India Fund,INE040A01034,HDFCBANK,HDFC Bank Ltd,SELL,32599.0,1575.2,51349944.8,INR,2024-04-08,2024-04-10,Edelweiss,PORT-023,Americas,Settled,False,True,False
TRD-2024-00508,CLT0011,BlackRock India Fund,INE040A01034,HDFCBANK,HDFC Bank Ltd,BUY,38412.0,1576.61,60560743.32,INR,2024-02-18,2024-02-20,Motilal Oswal,PORT-023,Americas,Pending,False,True,False
TRD-2024-00509,CLT0007,ICICI Prudential AMC,INE040A01034,HDFCBANK,HDFC Bank Ltd,SELL,8994.0,1615.77,14532235.38,INR,2024-10-05,2024-10-07,Goldman Sachs India,PORT-013,APAC,Settled,False,True,False
TRD-2024-00510,CLT0013,GIC Private Ltd Singapore,INE009A01021,INFY,Infosys Ltd,SELL,31270.0,1461.43,45698916.1,INR,2024-08-04,2024-08-06,HDFC Securities,PORT-049,APAC,Settled,False,True,False
TRD-2024-00511,CLT0008,Nippon India MF,INE038A01020,HINDALCO,Hindalco Industries Ltd,SELL,34553.0,634.82,21934935.46,INR,2025-05-14,2025-05-16,Nomura India,PORT-011,APAC,Settled,False,True,False
TRD-2024-00512,CLT0010,Abu Dhabi Investment Auth,INE009A01021,INFY,Infosys Ltd,SELL,15861.0,1408.99,22347990.39,INR,2025-03-08,2025-03-10,Edelweiss,PORT-005,EMEA,Settled,False,True,False
TRD-2024-00513,CLT0008,Nippon India MF,INE001A01036,SBIN,State Bank of India,BUY,8294.0,812.32,6737382.08,INR,2024-12-26,2024-12-28,Zerodha Institutional,PORT-044,APAC,Pending,False,False,False
TRD-2024-00514,CLT0011,BlackRock India Fund,INE585B01010,AXISBANK,Axis Bank Ltd,BUY,20322.0,1050.22,21342570.84,INR,2025-03-11,2025-03-13,Motilal Oswal,PORT-042,Americas,Settled,False,True,False
TRD-2024-00515,CLT0013,GIC Private Ltd Singapore,INE721A01013,SUNPHARMA,Sun Pharmaceutical Ltd,SELL,3127.0,1740.32,5441980.64,INR,2024-03-15,2024-03-17,Zerodha Institutional,PORT-007,APAC,Settled,False,True,False
TRD-2024-00516,CLT0006,LIC of India,INE117A01022,BHARTIARTL,Bharti Airtel Ltd,SELL,12211.0,1404.79,17153890.69,INR,2024-02-02,2024-02-04,Motilal Oswal,PORT-038,APAC,Settled,False,True,False
TRD-2024-00517,CLT0006,LIC of India,INE038A01020,HINDALCO,Hindalco Industries Ltd,BUY,42495.0,646.74,27483216.3,INR,2024-08-11,2024-08-13,Zerodha Institutional,PORT-006,APAC,Pending,False,True,False
TRD-2024-00518,CLT0001,Tata Investment Corp,INE031A01017,POWERGRID,Power Grid Corp of India,SELL,31796.0,302.99,9633870.04,INR,2024-11-24,2024-11-26,Nomura India,PORT-010,APAC,Settled,False,True,False
TRD-2024-00519,CLT0014,Temasek Holdings,INE154A01025,ITC,ITC Ltd,SELL,22364.0,479.36,10720407.04,INR,2025-04-10,2025-04-12,HDFC Securities,PORT-033,APAC,Settled,False,True,True
TRD-2024-00520,CLT0010,Abu Dhabi Investment Auth,INE040A01034,HDFCBANK,HDFC Bank Ltd,SELL,15080.0,1671.86,25211648.8,INR,2024-03-20,2024-03-22,Zerodha Institutional,PORT-026,EMEA,Settled,False,True,False
TRD-2024-00521,CLT0010,Abu Dhabi Investment Auth,INE414G01012,ADANIENT,Adani Enterprises Ltd,SELL,31822.0,2355.41,74953857.02,INR,2024-01-14,2024-01-16,Goldman Sachs India,PORT-032,EMEA,Settled,False,True,False
TRD-2024-00522,CLT0006,LIC of India,INE018A01030,LARSEN,Larsen & Toubro Ltd,BUY,24555.0,3782.64,92882725.2,INR,2024-01-29,2024-01-31,Kotak Securities,PORT-001,APAC,Pending,False,True,False
TRD-2024-00523,CLT0004,HDFC Pension Fund,INE038A01020,HINDALCO,Hindalco Industries Ltd,BUY,,659.63,,INR,2024-11-09,2024-11-11,,PORT-048,APAC,Failed,False,False,False
TRD-2024-00524,CLT0013,GIC Private Ltd Singapore,INE001A01036,SBIN,State Bank of India,SELL,29760.0,800.38,23819308.8,INR,2024-01-25,2024-01-27,Kotak Securities,PORT-018,APAC,Settled,False,True,False
TRD-2024-00525,CLT0003,SBI Life Insurance,INE414G01012,ADANIENT,Adani Enterprises Ltd,SELL,19603.0,2480.73,48629750.19,INR,2024-10-01,2024-10-03,Zerodha Institutional,PORT-028,APAC,Settled,False,True,False
TRD-2024-00526,CLT0006,LIC of India,INE361B01024,HCLTECH,HCL Technologies Ltd,BUY,29355.0,1528.26,44862072.3,INR,2024-01-25,2024-01-27,ICICI Direct,PORT-016,APAC,Settled,False,True,False
TRD-2024-00527,CLT0006,LIC of India,INE154A01025,ITC,ITC Ltd,BUY,6557.0,452.68,2968222.76,INR,2024-12-02,2024-12-04,Zerodha Institutional,PORT-012,APAC,Settled,False,True,False
TRD-2024-00528,CLT0014,Temasek Holdings,INE117A01022,BHARTIARTL,Bharti Airtel Ltd,BUY,47526.0,1428.88,67908950.88,INR,2024-07-29,2024-07-31,Kotak Securities,PORT-016,APAC,Settled,False,True,False
TRD-2024-00529,CLT0009,Emirates NBD Asset Mgmt,INE020B01018,NTPC,NTPC Ltd,BUY,48483.0,355.69,17244918.27,INR,2024-01-07,2024-01-09,Motilal Oswal,PORT-042,EMEA,Settled,False,True,True
TRD-2024-00530,CLT0008,Nippon India MF,INE154A01025,ITC,ITC Ltd,BUY,16941.0,474.24,8034099.84,INR,2024-02-21,2024-02-23,Kotak Securities,PORT-030,APAC,Settled,False,True,False
TRD-2024-00531,CLT0006,LIC of India,INE002A01018,RELIANCE,Reliance Industries Ltd,SELL,,,,INR,2024-08-22,2024-08-24,,PORT-006,APAC,Settled,False,True,True
TRD-2024-00532,CLT0008,Nippon India MF,INE090A01021,ICICIBANK,ICICI Bank Ltd,SELL,23811.0,1210.18,28815595.98,INR,2024-07-05,2024-07-07,HDFC Securities,PORT-040,APAC,Settled,False,True,False
TRD-2024-00533,CLT0011,BlackRock India Fund,INE414G01012,ADANIENT,Adani Enterprises Ltd,SELL,32770.0,2346.67,76900375.9,INR,2024-08-12,2024-08-14,ICICI Direct,PORT-045,Americas,Settled,False,True,False
TRD-2024-00534,CLT0007,ICICI Prudential AMC,INE213A01029,MARUTI,Maruti Suzuki India Ltd,BUY,38415.0,12613.6,484551444.0,INR,2024-02-24,2024-02-26,Nomura India,PORT-050,APAC,Settled,False,True,False
TRD-2024-00535,CLT0008,Nippon India MF,INE296A01024,BAJFINANCE,Bajaj Finance Ltd,SELL,6551.0,6883.87,45096232.37,INR,2025-03-09,2025-03-11,Motilal Oswal,PORT-003,APAC,Settled,False,True,False
TRD-2024-00536,CLT0007,ICICI Prudential AMC,INE721A01013,SUNPHARMA,Sun Pharmaceutical Ltd,SELL,4611.0,1646.72,7593025.92,INR,2025-02-07,2025-02-09,HDFC Securities,PORT-032,APAC,Settled,False,True,False
TRD-2024-00537,CLT0003,SBI Life Insurance,INE467B01029,TCS,Tata Consultancy Services,BUY,30055.0,3887.11,116827091.05,INR,2024-02-19,2024-02-21,ICICI Direct,PORT-024,APAC,Settled,False,True,False
TRD-2024-00538,CLT0001,Tata Investment Corp,INE361B01024,HCLTECH,HCL Technologies Ltd,SELL,13679.0,1641.17,22449564.43,INR,2024-07-31,2024-08-02,Motilal Oswal,PORT-025,APAC,Settled,False,True,False
TRD-2024-00539,CLT0004,HDFC Pension Fund,INE020B01018,NTPC,NTPC Ltd,BUY,14285.0,355.59,5079603.15,INR,2024-10-13,2024-10-15,Kotak Securities,PORT-002,APAC,Settled,False,True,False
TRD-2024-00540,CLT0006,LIC of India,INE585B01010,AXISBANK,Axis Bank Ltd,SELL,47871.0,1021.34,48892567.14,INR,2025-03-07,2025-03-09,HDFC Securities,PORT-048,APAC,Failed,False,True,False
TRD-2024-00541,CLT0004,HDFC Pension Fund,INE467B01029,TCS,Tata Consultancy Services,BUY,31724.0,4090.54,129768290.96,INR,2024-07-15,2024-07-17,Motilal Oswal,PORT-005,APAC,Settled,False,True,False
TRD-2024-00542,CLT0003,SBI Life Insurance,INE154A01025,ITC,ITC Ltd,BUY,5471.0,467.01,2555011.71,INR,2024-03-28,2024-03-30,Motilal Oswal,PORT-031,APAC,Settled,False,True,False
TRD-2024-00543,CLT0011,BlackRock India Fund,INE031A01017,POWERGRID,Power Grid Corp of India,SELL,42829.0,300.93,12888530.97,INR,2025-02-27,2025-03-01,Goldman Sachs India,PORT-034,Americas,Settled,False,True,False
TRD-2024-00544,CLT0001,Tata Investment Corp,INE031A01017,POWERGRID,Power Grid Corp of India,SELL,18768.0,317.57,5960153.76,INR,2024-08-17,2024-08-19,Edelweiss,PORT-011,APAC,Failed,False,True,False
TRD-2024-00545,CLT0002,Aditya Birla Capital,INE361B01024,HCLTECH,HCL Technologies Ltd,SELL,22103.0,1657.08,36626439.24,INR,2024-07-01,2024-07-03,ICICI Direct,PORT-001,APAC,Settled,False,True,False
TRD-2024-00546,CLT0002,Aditya Birla Capital,INE001A01036,SBIN,State Bank of India,SELL,16041.0,748.39,12004923.99,INR,2024-07-27,2024-07-29,HDFC Securities,PORT-039,APAC,Settled,False,True,False
TRD-2024-00547,CLT0004,HDFC Pension Fund,INE075A01022,WIPRO,Wipro Ltd,SELL,6873.0,515.76,3544818.48,INR,2024-06-05,2024-06-07,Goldman Sachs India,PORT-036,APAC,Settled,False,True,False
TRD-2024-00548,CLT0001,Tata Investment Corp,INE031A01017,POWERGRID,Power Grid Corp of India,BUY,25787.0,315.96,8147660.52,INR,2025-04-30,2025-05-02,ICICI Direct,PORT-049,APAC,Settled,False,True,False
TRD-2024-00549,CLT0007,ICICI Prudential AMC,INE020B01018,NTPC,NTPC Ltd,SELL,12455.0,370.63,4616196.65,INR,2024-12-22,2024-12-24,Zerodha Institutional,PORT-045,APAC,Settled,False,True,False
TRD-2024-00550,CLT0005,Kotak Mahindra AMC,INE020B01018,NTPC,NTPC Ltd,SELL,17647.0,362.82,6402684.54,INR,2025-01-21,2025-01-23,Kotak Securities,PORT-016,APAC,Settled,False,True,False
TRD-2024-00551,CLT0014,Temasek Holdings,INE038A01020,HINDALCO,Hindalco Industries Ltd,SELL,33098.0,641.84,21243620.32,INR,2024-12-21,2024-12-23,Zerodha Institutional,PORT-044,APAC,Settled,False,True,False
TRD-2024-00552,CLT0015,Norges Bank Investment Mgmt,INE020B01018,NTPC,NTPC Ltd,SELL,48106.0,349.84,16829403.04,INR,2024-11-19,2024-11-21,Edelweiss,PORT-050,EMEA,Failed,False,True,False
TRD-2024-00553,CLT0012,Vanguard Emerging Markets,INE018A01030,LARSEN,Larsen & Toubro Ltd,BUY,21246.0,3671.04,77994915.84,INR,2025-03-25,2025-03-27,Motilal Oswal,PORT-032,Americas,Pending,False,False,False
TRD-2024-00554,CLT0007,ICICI Prudential AMC,INE075A01022,WIPRO,Wipro Ltd,BUY,26695.0,536.18,14313325.1,INR,2024-03-03,2024-03-05,Zerodha Institutional,PORT-037,APAC,Settled,False,True,False
TRD-2024-00555,CLT0013,GIC Private Ltd Singapore,INE361B01024,HCLTECH,HCL Technologies Ltd,SELL,20962.0,1537.93,32238088.66,INR,2024-06-09,2024-06-11,Kotak Securities,PORT-039,APAC,Settled,False,True,False
TRD-2024-00556,CLT0011,BlackRock India Fund,INE038A01020,HINDALCO,Hindalco Industries Ltd,SELL,40847.0,630.05,25735652.35,INR,2024-10-27,2024-10-29,Motilal Oswal,PORT-024,Americas,Pending,False,True,False
TRD-2024-00557,CLT0015,Norges Bank Investment Mgmt,INE040A01034,HDFCBANK,HDFC Bank Ltd,BUY,46146.0,1556.43,71823018.78,INR,2024-09-04,2024-09-06,Zerodha Institutional,PORT-022,EMEA,Settled,False,True,False
TRD-2024-00558,CLT0015,Norges Bank Investment Mgmt,INE009A01021,INFY,Infosys Ltd,BUY,13613.0,1437.94,19574677.22,INR,2024-11-14,2024-11-16,Nomura India,PORT-029,EMEA,Settled,False,True,False
TRD-2024-00559,CLT0003,SBI Life Insurance,INE721A01013,SUNPHARMA,Sun Pharmaceutical Ltd,BUY,46391.0,1750.54,81209301.14,INR,2024-06-05,2024-06-07,HDFC Securities,PORT-048,APAC,Pending,False,True,False
TRD-2024-00560,CLT0004,HDFC Pension Fund,INE585B01010,AXISBANK,Axis Bank Ltd,BUY,27087.0,1068.24,28935416.88,INR,2024-05-05,2024-05-07,Nomura India,PORT-021,APAC,Settled,True,False,True
TRD-2024-00561,CLT0014,Temasek Holdings,INE721A01013,SUNPHARMA,Sun Pharmaceutical Ltd,SELL,17693.0,1624.26,28738032.18,INR,2025-01-24,2025-01-26,Motilal Oswal,PORT-010,APAC,Settled,False,True,False
TRD-2024-00562,CLT0012,Vanguard Emerging Markets,INE066A01021,ONGC,Oil & Natural Gas Corp,BUY,45824.0,272.72,12497121.28,INR,2024-08-12,2024-08-14,ICICI Direct,PORT-008,Americas,Settled,False,True,False
TRD-2024-00563,CLT0005,Kotak Mahindra AMC,INE213A01029,MARUTI,Maruti Suzuki India Ltd,SELL,628.0,12944.24,8128982.72,INR,2024-10-21,2024-10-23,Goldman Sachs India,PORT-023,APAC,Settled,False,True,False
TRD-2024-00564,CLT0014,Temasek Holdings,INE414G01012,ADANIENT,Adani Enterprises Ltd,BUY,21066.0,2403.71,50636554.86,INR,2024-11-21,2024-11-23,Edelweiss,PORT-006,APAC,Settled,False,True,False
TRD-2024-00565,CLT0011,BlackRock India Fund,INE117A01022,BHARTIARTL,Bharti Airtel Ltd,BUY,43838.0,1445.85,63383172.3,INR,2025-02-03,2025-02-05,Zerodha Institutional,PORT-021,Americas,Settled,False,True,False
TRD-2024-00566,CLT0012,Vanguard Emerging Markets,INE075A01022,WIPRO,Wipro Ltd,BUY,41661.0,543.75,22653168.75,INR,2024-05-03,2024-05-05,Nomura India,PORT-028,Americas,Settled,False,True,False
TRD-2024-00567,CLT0005,Kotak Mahindra AMC,INE075A01022,WIPRO,Wipro Ltd,SELL,15417.0,506.05,7801772.85,INR,2024-07-15,2024-07-17,ICICI Direct,PORT-005,APAC,Settled,False,True,False
TRD-2024-00568,CLT0003,SBI Life Insurance,INE002A01018,RELIANCE,Reliance Industries Ltd,BUY,20124.0,2743.64,55213011.36,INR,2024-11-30,2024-12-02,Motilal Oswal,PORT-001,APAC,Settled,False,True,False
TRD-2024-00569,CLT0010,Abu Dhabi Investment Auth,INE213A01029,MARUTI,Maruti Suzuki India Ltd,BUY,13310.0,13191.62,175580462.2,INR,2024-12-11,2024-12-13,Zerodha Institutional,PORT-016,EMEA,Settled,False,True,False
TRD-2024-00570,CLT0009,Emirates NBD Asset Mgmt,INE038A01020,HINDALCO,Hindalco Industries Ltd,SELL,28685.0,686.57,19694260.45,INR,2024-05-10,2024-05-12,Nomura India,PORT-050,EMEA,Pending,False,True,False
TRD-2024-00571,CLT0006,LIC of India,INE361B01024,HCLTECH,HCL Technologies Ltd,BUY,25247.0,1650.12,41660579.64,INR,2025-04-28,2025-04-30,Edelweiss,PORT-002,APAC,Settled,False,True,True
TRD-2024-00572,CLT0009,Emirates NBD Asset Mgmt,INE066A01021,ONGC,Oil & Natural Gas Corp,BUY,49849.0,279.52,13933792.48,INR,2024-11-20,2024-11-22,Edelweiss,PORT-039,EMEA,Settled,False,True,False
TRD-2024-00573,CLT0007,ICICI Prudential AMC,INE002A01018,RELIANCE,Reliance Industries Ltd,BUY,37410.0,2829.17,105839249.7,INR,2025-04-08,2025-04-10,Motilal Oswal,PORT-021,APAC,Settled,False,True,False
TRD-2024-00574,CLT0004,HDFC Pension Fund,INE001A01036,SBIN,State Bank of India,BUY,17048.0,776.72,13241522.56,INR,2025-02-14,2025-02-16,Kotak Securities,PORT-003,APAC,Settled,False,True,False
TRD-2024-00575,CLT0012,Vanguard Emerging Markets,INE038A01020,HINDALCO,Hindalco Industries Ltd,SELL,14011.0,688.68,9649095.48,INR,2025-05-19,2025-05-21,Nomura India,PORT-043,Americas,Settled,False,True,False
TRD-2024-00576,CLT0012,Vanguard Emerging Markets,INE018A01030,LARSEN,Larsen & Toubro Ltd,SELL,30048.0,3473.49,104371427.52,INR,2024-12-24,2024-12-26,Kotak Securities,PORT-028,Americas,Settled,False,True,False
TRD-2024-00577,CLT0005,Kotak Mahindra AMC,INE009A01021,INFY,Infosys Ltd,BUY,1824.0,1548.58,2824609.92,INR,2024-04-20,2024-04-22,Goldman Sachs India,PORT-007,APAC,Settled,False,True,False
TRD-2024-00578,CLT0007,ICICI Prudential AMC,INE001A01036,SBIN,State Bank of India,BUY,42870.0,767.42,32899295.4,INR,2024-10-04,2024-10-06,Kotak Securities,PORT-044,APAC,Settled,False,True,False
TRD-2024-00579,CLT0010,Abu Dhabi Investment Auth,INE075A01022,WIPRO,Wipro Ltd,BUY,18717.0,530.1,9921881.7,INR,2025-05-11,2025-05-13,Nomura India,PORT-037,EMEA,Settled,True,False,False
TRD-2024-00580,CLT0012,Vanguard Emerging Markets,INE001A01036,SBIN,State Bank of India,BUY,42417.0,767.14,32539777.38,INR,2024-07-28,2024-07-30,Zerodha Institutional,PORT-032,Americas,Settled,False,True,False
TRD-2024-00581,CLT0009,Emirates NBD Asset Mgmt,INE090A01021,ICICIBANK,ICICI Bank Ltd,BUY,36865.0,1231.89,45413624.85,INR,2024-08-29,2024-08-31,HDFC Securities,PORT-022,EMEA,Pending,False,False,False
TRD-2024-00582,CLT0012,Vanguard Emerging Markets,INE001A01036,SBIN,State Bank of India,BUY,44827.0,808.02,36221112.54,INR,2024-10-02,2024-10-04,Goldman Sachs India,PORT-028,Americas,Settled,False,True,False
TRD-2024-00583,CLT0010,Abu Dhabi Investment Auth,INE009A01021,INFY,Infosys Ltd,SELL,49946.0,1517.87,75811535.02,INR,2024-09-21,2024-09-23,Zerodha Institutional,PORT-049,EMEA,Settled,False,True,False
TRD-2024-00584,CLT0002,Aditya Birla Capital,INE296A01024,BAJFINANCE,Bajaj Finance Ltd,SELL,33664.0,6994.06,235448035.84,INR,2024-01-10,2024-01-12,Kotak Securities,PORT-050,APAC,Settled,False,True,False
TRD-2024-00585,CLT0001,Tata Investment Corp,INE018A01030,LARSEN,Larsen & Toubro Ltd,SELL,5608.0,3820.4,21424803.2,INR,2024-11-08,2024-11-10,Motilal Oswal,PORT-042,APAC,Failed,False,True,False
TRD-2024-00586,CLT0015,Norges Bank Investment Mgmt,INE020B01018,NTPC,NTPC Ltd,SELL,23055.0,360.87,8319857.85,INR,2025-01-23,2025-01-25,Zerodha Institutional,PORT-025,EMEA,Settled,False,False,False
TRD-2024-00587,CLT0005,Kotak Mahindra AMC,INE296A01024,BAJFINANCE,Bajaj Finance Ltd,SELL,20025.0,7227.8,144736695.0,INR,2024-04-18,2024-04-20,Nomura India,PORT-033,APAC,Pending,False,True,False
TRD-2024-00588,CLT0008,Nippon India MF,INE467B01029,TCS,Tata Consultancy Services,BUY,44288.0,4101.5,181647232.0,INR,2024-04-10,2024-04-12,Nomura India,PORT-006,APAC,Settled,False,False,False
TRD-2024-00589,CLT0008,Nippon India MF,INE585B01010,AXISBANK,Axis Bank Ltd,BUY,29361.0,1029.15,30216873.15,INR,2025-03-19,2025-03-21,Nomura India,PORT-012,APAC,Settled,False,True,False
TRD-2024-00590,CLT0009,Emirates NBD Asset Mgmt,INE414G01012,ADANIENT,Adani Enterprises Ltd,SELL,45753.0,2337.58,106951297.74,INR,2024-11-10,2024-11-12,Goldman Sachs India,PORT-032,EMEA,Settled,False,True,False
TRD-2024-00591,CLT0012,Vanguard Emerging Markets,INE090A01021,ICICIBANK,ICICI Bank Ltd,SELL,42702.0,1207.69,51570778.38,INR,2024-05-26,2024-05-28,Edelweiss,PORT-009,Americas,Settled,False,True,False
TRD-2024-00592,CLT0007,ICICI Prudential AMC,INE090A01021,ICICIBANK,ICICI Bank Ltd,BUY,49464.0,1275.22,63077482.08,INR,2024-08-31,2024-09-02,Goldman Sachs India,PORT-019,APAC,Settled,False,True,False
TRD-2024-00593,CLT0004,HDFC Pension Fund,INE213A01029,MARUTI,Maruti Suzuki India Ltd,SELL,23345.0,12263.06,286281135.7,INR,2024-11-01,2024-11-03,Motilal Oswal,PORT-006,APAC,Settled,False,True,False
TRD-2024-00594,CLT0012,Vanguard Emerging Markets,INE296A01024,BAJFINANCE,Bajaj Finance Ltd,BUY,,7162.74,,INR,2025-02-07,2025-02-09,,PORT-003,Americas,Settled,False,True,False
TRD-2024-00595,CLT0012,Vanguard Emerging Markets,INE117A01022,BHARTIARTL,Bharti Airtel Ltd,SELL,47677.0,1390.87,66312508.99,INR,2024-05-03,2024-05-05,Motilal Oswal,PORT-022,Americas,Settled,False,True,False
TRD-2024-00596,CLT0014,Temasek Holdings,INE213A01029,MARUTI,Maruti Suzuki India Ltd,SELL,16221.0,12597.7,204347291.7,INR,2024-04-02,2024-04-04,HDFC Securities,PORT-027,APAC,Settled,False,True,False
TRD-2024-00597,CLT0012,Vanguard Emerging Markets,INE002A01018,RELIANCE,Reliance Industries Ltd,BUY,17154.0,2840.43,48724736.22,INR,2025-03-13,2025-03-15,ICICI Direct,PORT-005,Americas,Settled,False,True,False
TRD-2024-00598,CLT0009,Emirates NBD Asset Mgmt,INE066A01021,ONGC,Oil & Natural Gas Corp,SELL,5198.0,258.62,1344306.76,INR,2024-12-18,2024-12-20,Nomura India,PORT-021,EMEA,Cancelled,False,True,False
TRD-2024-00599,CLT0007,ICICI Prudential AMC,INE038A01020,HINDALCO,Hindalco Industries Ltd,BUY,49178.0,690.47,33955933.66,INR,2025-02-07,2025-02-09,Nomura India,PORT-005,APAC,Settled,False,True,False
TRD-2024-00600,CLT0008,Nippon India MF,INE038A01020,HINDALCO,Hindalco Industries Ltd,SELL,33596.0,659.13,22144131.48,INR,2024-01-01,2024-01-03,Nomura India,PORT-026,APAC,Settled,False,True,False
TRD-2024-00601,CLT0006,LIC of India,INE154A01025,ITC,ITC Ltd,BUY,48621.0,459.09,22321414.89,INR,2024-03-09,2024-03-11,Edelweiss,PORT-002,APAC,Settled,False,True,False
TRD-2024-00602,CLT0008,Nippon India MF,INE585B01010,AXISBANK,Axis Bank Ltd,BUY,336.0,1074.15,360914.4,INR,2024-10-21,2024-10-23,Nomura India,PORT-019,APAC,Pending,False,True,False
TRD-2024-00603,CLT0006,LIC of India,INE018A01030,LARSEN,Larsen & Toubro Ltd,SELL,11551.0,3801.34,43909278.34,INR,2024-02-04,2024-02-06,ICICI Direct,PORT-014,APAC,Pending,False,True,False
TRD-2024-00604,CLT0005,Kotak Mahindra AMC,INE721A01013,SUNPHARMA,Sun Pharmaceutical Ltd,SELL,16066.0,1631.82,26216820.12,INR,2024-10-29,2024-10-31,Goldman Sachs India,PORT-047,APAC,Settled,False,True,False
TRD-2024-00605,CLT0002,Aditya Birla Capital,INE721A01013,SUNPHARMA,Sun Pharmaceutical Ltd,BUY,274.0,1627.58,445956.92,INR,2024-11-06,2024-11-08,Kotak Securities,PORT-048,APAC,Pending,False,True,False
TRD-2024-00606,CLT0011,BlackRock India Fund,INE020B01018,NTPC,NTPC Ltd,BUY,23519.0,377.72,8883596.68,INR,2024-10-02,2024-10-04,Nomura India,PORT-027,Americas,Settled,False,True,False
TRD-2024-00607,CLT0004,HDFC Pension Fund,INE296A01024,BAJFINANCE,Bajaj Finance Ltd,BUY,13440.0,7397.26,99419174.4,INR,2024-02-09,2024-02-11,Kotak Securities,PORT-010,APAC,Settled,False,True,False
TRD-2024-00608,CLT0010,Abu Dhabi Investment Auth,INE213A01029,MARUTI,Maruti Suzuki India Ltd,SELL,35129.0,13202.83,463802215.07,INR,2024-06-27,2024-06-29,Edelweiss,PORT-041,EMEA,Settled,False,True,False
TRD-2024-00609,CLT0013,GIC Private Ltd Singapore,INE018A01030,LARSEN,Larsen & Toubro Ltd,BUY,37936.0,3658.22,138778233.92,INR,2024-12-27,2024-12-29,ICICI Direct,PORT-011,APAC,Cancelled,False,True,False
TRD-2024-00610,CLT0004,HDFC Pension Fund,INE038A01020,HINDALCO,Hindalco Industries Ltd,BUY,24793.0,657.41,16299166.13,INR,2025-01-23,2025-01-25,Zerodha Institutional,PORT-007,APAC,Settled,False,True,False
TRD-2024-00611,CLT0002,Aditya Birla Capital,INE361B01024,HCLTECH,HCL Technologies Ltd,BUY,48094.0,1509.77,72610878.38,INR,2024-04-10,2024-04-12,Motilal Oswal,PORT-025,APAC,Settled,False,True,False
TRD-2024-00612,CLT0008,Nippon India MF,INE721A01013,SUNPHARMA,Sun Pharmaceutical Ltd,BUY,6836.0,1711.78,11701728.08,INR,2025-03-24,2025-03-26,Zerodha Institutional,PORT-049,APAC,Pending,False,True,False
TRD-2024-00613,CLT0002,Aditya Birla Capital,INE009A01021,INFY,Infosys Ltd,SELL,10240.0,1475.88,15113011.2,INR,2024-04-08,2024-04-10,Motilal Oswal,PORT-047,APAC,Settled,False,True,False
TRD-2024-00614,CLT0004,HDFC Pension Fund,INE066A01021,ONGC,Oil & Natural Gas Corp,SELL,12930.0,279.42,3612900.6,INR,2025-05-02,2025-05-04,Kotak Securities,PORT-013,APAC,Settled,False,True,False
TRD-2024-00615,CLT0006,LIC of India,INE009A01021,INFY,Infosys Ltd,BUY,3209.0,1497.26,4804707.34,INR,2025-03-30,2025-04-01,Motilal Oswal,PORT-043,APAC,Settled,False,True,False
TRD-2024-00616,CLT0005,Kotak Mahindra AMC,INE213A01029,MARUTI,Maruti Suzuki India Ltd,BUY,49206.0,13184.28,648745681.68,INR,2024-06-15,2024-06-17,ICICI Direct,PORT-036,APAC,Settled,False,True,False
TRD-2024-00617,CLT0002,Aditya Birla Capital,INE018A01030,LARSEN,Larsen & Toubro Ltd,SELL,22463.0,3523.24,79142540.12,INR,2024-08-01,2024-08-03,ICICI Direct,PORT-002,APAC,Settled,False,True,False
TRD-2024-00618,CLT0014,Temasek Holdings,INE117A01022,BHARTIARTL,Bharti Airtel Ltd,BUY,1231.0,1328.68,1635605.08,INR,2025-01-20,2025-01-22,HDFC Securities,PORT-011,APAC,Settled,False,True,False
TRD-2024-00619,CLT0011,BlackRock India Fund,INE154A01025,ITC,ITC Ltd,SELL,33094.0,484.77,16042978.38,INR,2024-03-18,2024-03-20,Goldman Sachs India,PORT-023,Americas,Failed,False,True,False
TRD-2024-00620,CLT0008,Nippon India MF,INE018A01030,LARSEN,Larsen & Toubro Ltd,SELL,9668.0,3478.62,33631298.16,INR,2024-04-09,2024-04-11,ICICI Direct,PORT-048,APAC,Settled,False,True,False
TRD-2024-00621,CLT0001,Tata Investment Corp,INE066A01021,ONGC,Oil & Natural Gas Corp,SELL,8587.0,277.02,2378770.74,INR,2024-10-09,2024-10-11,Zerodha Institutional,PORT-011,APAC,Settled,False,True,False
TRD-2024-00622,CLT0004,HDFC Pension Fund,INE090A01021,ICICIBANK,ICICI Bank Ltd,SELL,40449.0,1239.17,50123187.33,INR,2024-03-06,2024-03-08,Goldman Sachs India,PORT-008,APAC,Settled,False,True,False
TRD-2024-00623,CLT0011,BlackRock India Fund,INE040A01034,HDFCBANK,HDFC Bank Ltd,SELL,44460.0,1700.33,75596671.8,INR,2025-03-28,2025-03-30,Kotak Securities,PORT-046,Americas,Failed,False,False,False
TRD-2024-00624,CLT0014,Temasek Holdings,INE117A01022,BHARTIARTL,Bharti Airtel Ltd,BUY,18976.0,1397.29,26514975.04,INR,2024-03-29,2024-03-31,HDFC Securities,PORT-017,APAC,Settled,False,True,False
TRD-2024-00625,CLT0001,Tata Investment Corp,INE090A01021,ICICIBANK,ICICI Bank Ltd,SELL,26257.0,1263.88,33185697.16,INR,2024-11-06,2024-11-08,Kotak Securities,PORT-017,APAC,Pending,False,False,False
TRD-2024-00626,CLT0002,Aditya Birla Capital,INE001A01036,SBIN,State Bank of India,SELL,25799.0,816.11,21054821.89,INR,2024-05-12,2024-05-14,Nomura India,PORT-022,APAC,Settled,False,True,False
TRD-2024-00627,CLT0015,Norges Bank Investment Mgmt,INE361B01024,HCLTECH,HCL Technologies Ltd,SELL,34889.0,1581.37,55172417.93,INR,2024-09-18,2024-09-20,Nomura India,PORT-023,EMEA,Settled,False,False,False
TRD-2024-00628,CLT0011,BlackRock India Fund,INE585B01010,AXISBANK,Axis Bank Ltd,BUY,13600.0,1038.38,14121968.0,INR,2025-05-05,2025-05-07,,PORT-009,Americas,Pending,False,True,False
TRD-2024-00629,CLT0014,Temasek Holdings,INE467B01029,TCS,Tata Consultancy Services,BUY,36538.0,3873.82,141541635.16,INR,2025-04-17,2025-04-19,Motilal Oswal,PORT-043,APAC,Settled,False,True,False
TRD-2024-00630,CLT0012,Vanguard Emerging Markets,INE002A01018,RELIANCE,Reliance Industries Ltd,BUY,33453.0,2712.25,90732899.25,INR,2024-06-17,2024-06-19,Motilal Oswal,PORT-034,Americas,Settled,False,True,False
TRD-2024-00631,CLT0005,Kotak Mahindra AMC,INE075A01022,WIPRO,Wipro Ltd,SELL,20287.0,497.82,10099274.34,INR,2024-12-30,2025-01-01,Goldman Sachs India,PORT-037,APAC,Settled,False,True,False
TRD-2024-00632,CLT0007,ICICI Prudential AMC,INE361B01024,HCLTECH,HCL Technologies Ltd,BUY,38669.0,1557.63,60231994.47,INR,2024-02-17,2024-02-19,Goldman Sachs India,PORT-014,APAC,Settled,False,True,False
TRD-2024-00633,CLT0013,GIC Private Ltd Singapore,INE117A01022,BHARTIARTL,Bharti Airtel Ltd,SELL,612.0,1432.79,876867.48,INR,2024-05-10,2024-05-12,Nomura India,PORT-041,APAC,Settled,False,True,False
TRD-2024-00634,CLT0011,BlackRock India Fund,INE154A01025,ITC,ITC Ltd,BUY,24188.0,477.75,11555817.0,INR,2025-04-25,2025-04-27,HDFC Securities,PORT-011,Americas,Settled,False,True,True
TRD-2024-00635,CLT0015,Norges Bank Investment Mgmt,INE467B01029,TCS,Tata Consultancy Services,BUY,10209.0,3820.22,,INR,2024-04-17,2024-04-19,,PORT-033,EMEA,Settled,False,True,False
TRD-2024-00636,CLT0007,ICICI Prudential AMC,INE213A01029,MARUTI,Maruti Suzuki India Ltd,SELL,,,,INR,2024-09-14,2024-09-16,,PORT-018,APAC,Settled,False,True,False
TRD-2024-00637,CLT0006,LIC of India,INE090A01021,ICICIBANK,ICICI Bank Ltd,SELL,37772.0,1236.89,46719809.08,INR,2024-03-16,2024-03-18,Zerodha Institutional,PORT-006,APAC,Failed,False,True,False
TRD-2024-00638,CLT0012,Vanguard Emerging Markets,INE001A01036,SBIN,State Bank of India,BUY,33061.0,795.6,26303331.6,INR,2024-09-07,2024-09-09,Goldman Sachs India,PORT-018,Americas,Settled,False,True,False
TRD-2024-00639,CLT0008,Nippon India MF,INE038A01020,HINDALCO,Hindalco Industries Ltd,SELL,44920.0,685.56,30795355.2,INR,2025-04-20,2025-04-22,Edelweiss,PORT-049,APAC,Settled,False,True,False
TRD-2024-00640,CLT0006,LIC of India,INE020B01018,NTPC,NTPC Ltd,SELL,16954.0,354.05,6002563.7,INR,2024-05-17,2024-05-19,Edelweiss,PORT-005,APAC,Settled,False,True,False
TRD-2024-00641,CLT0012,Vanguard Emerging Markets,INE018A01030,LARSEN,Larsen & Toubro Ltd,SELL,28975.0,3660.73,106069651.75,INR,2024-08-06,2024-08-08,Kotak Securities,PORT-004,Americas,Settled,False,True,False
TRD-2024-00642,CLT0013,GIC Private Ltd Singapore,INE040A01034,HDFCBANK,HDFC Bank Ltd,BUY,,1666.05,,INR,2025-03-04,2025-03-06,,PORT-048,APAC,Settled,False,True,False
TRD-2024-00643,CLT0012,Vanguard Emerging Markets,INE090A01021,ICICIBANK,ICICI Bank Ltd,BUY,8374.0,1243.02,10409049.48,INR,2025-01-23,2025-01-25,Zerodha Institutional,PORT-020,Americas,Settled,False,True,False
TRD-2024-00644,CLT0013,GIC Private Ltd Singapore,INE040A01034,HDFCBANK,HDFC Bank Ltd,SELL,28666.0,1645.09,47158149.94,INR,2024-01-26,2024-01-28,Kotak Securities,PORT-018,APAC,Settled,False,False,False
TRD-2024-00645,CLT0015,Norges Bank Investment Mgmt,INE009A01021,INFY,Infosys Ltd,SELL,14463.0,1470.92,21273915.96,INR,2024-05-03,2024-05-05,Nomura India,PORT-026,EMEA,Cancelled,False,False,False
TRD-2024-00646,CLT0007,ICICI Prudential AMC,INE090A01021,ICICIBANK,ICICI Bank Ltd,SELL,1133.0,1220.79,1383155.07,INR,2024-10-26,2024-10-28,Kotak Securities,PORT-040,APAC,Pending,False,True,False
TRD-2024-00647,CLT0004,HDFC Pension Fund,INE117A01022,BHARTIARTL,Bharti Airtel Ltd,BUY,32590.0,1339.41,43651371.9,INR,2024-11-18,2024-11-20,Nomura India,PORT-045,APAC,Pending,False,True,False
TRD-2024-00648,CLT0003,SBI Life Insurance,INE154A01025,ITC,ITC Ltd,SELL,26889.0,462.42,12434011.38,INR,2024-11-16,2024-11-18,Edelweiss,PORT-048,APAC,Settled,False,True,False
TRD-2024-00649,CLT0008,Nippon India MF,INE001A01036,SBIN,State Bank of India,BUY,36608.0,760.18,27828669.44,INR,2024-01-11,2024-01-13,Edelweiss,PORT-021,APAC,Settled,False,True,False
TRD-2024-00650,CLT0005,Kotak Mahindra AMC,INE090A01021,ICICIBANK,ICICI Bank Ltd,BUY,39902.0,1223.98,48839249.96,INR,2024-09-01,2024-09-03,Motilal Oswal,PORT-048,APAC,Settled,False,True,False
TRD-2024-00651,CLT0010,Abu Dhabi Investment Auth,INE020B01018,NTPC,NTPC Ltd,SELL,5486.0,365.99,2007821.14,INR,2025-04-02,2025-04-04,ICICI Direct,PORT-039,EMEA,Settled,False,True,True
TRD-2024-00652,CLT0003,SBI Life Insurance,INE031A01017,POWERGRID,Power Grid Corp of India,SELL,19691.0,302.27,5951998.57,INR,2024-06-06,2024-06-08,Edelweiss,PORT-014,APAC,Settled,False,True,False
TRD-2024-00653,CLT0008,Nippon India MF,INE038A01020,HINDALCO,Hindalco Industries Ltd,BUY,34005.0,678.52,23073072.6,INR,2024-06-21,2024-06-23,Motilal Oswal,PORT-029,APAC,Settled,False,True,False
TRD-2024-00654,CLT0005,Kotak Mahindra AMC,INE040A01034,HDFCBANK,HDFC Bank Ltd,SELL,1328.0,1597.59,2121599.52,INR,2024-06-04,2024-06-06,Zerodha Institutional,PORT-041,APAC,Pending,False,True,False
TRD-2024-00655,CLT0003,SBI Life Insurance,INE020B01018,NTPC,NTPC Ltd,BUY,22138.0,372.95,8256367.1,INR,2025-02-13,2025-02-15,Kotak Securities,PORT-038,APAC,Settled,False,False,False
TRD-2024-00656,CLT0008,Nippon India MF,INE585B01010,AXISBANK,Axis Bank Ltd,SELL,7476.0,1033.81,7728763.56,INR,2024-07-03,2024-07-05,ICICI Direct,PORT-004,APAC,Settled,False,False,False
TRD-2024-00657,CLT0004,HDFC Pension Fund,INE414G01012,ADANIENT,Adani Enterprises Ltd,SELL,15089.0,2515.29,37953210.81,INR,2024-11-10,2024-11-12,ICICI Direct,PORT-043,APAC,Settled,False,True,False
TRD-2024-00658,CLT0006,LIC of India,INE066A01021,ONGC,Oil & Natural Gas Corp,SELL,32899.0,265.59,8737645.41,INR,2024-05-10,2024-05-12,Motilal Oswal,PORT-042,APAC,Failed,False,True,False
TRD-2024-00659,CLT0004,HDFC Pension Fund,INE001A01036,SBIN,State Bank of India,SELL,30744.0,757.69,23294421.36,INR,2024-12-06,2024-12-08,HDFC Securities,PORT-035,APAC,Settled,False,True,False
TRD-2024-00660,CLT0006,LIC of India,INE031A01017,POWERGRID,Power Grid Corp of India,SELL,31949.0,322.78,10312498.22,INR,2024-06-03,2024-06-05,ICICI Direct,PORT-042,APAC,Settled,False,True,False
TRD-2024-00661,CLT0012,Vanguard Emerging Markets,INE090A01021,ICICIBANK,ICICI Bank Ltd,BUY,12775.0,1228.91,15699325.25,INR,2024-05-02,2024-05-04,Motilal Oswal,PORT-029,Americas,Settled,True,True,False
TRD-2024-00662,CLT0008,Nippon India MF,INE031A01017,POWERGRID,Power Grid Corp of India,SELL,41623.0,321.81,13394697.63,INR,2024-05-10,2024-05-12,Goldman Sachs India,PORT-047,APAC,Pending,False,True,False
TRD-2024-00663,CLT0009,Emirates NBD Asset Mgmt,INE361B01024,HCLTECH,HCL Technologies Ltd,SELL,46869.0,1551.46,72715378.74,INR,2024-06-23,2024-06-25,Zerodha Institutional,PORT-032,EMEA,Failed,False,True,True
TRD-2024-00664,CLT0002,Aditya Birla Capital,INE414G01012,ADANIENT,Adani Enterprises Ltd,BUY,12614.0,2476.58,31239580.12,INR,2024-07-17,2024-07-19,Goldman Sachs India,PORT-023,APAC,Settled,False,True,False
TRD-2024-00665,CLT0010,Abu Dhabi Investment Auth,INE414G01012,ADANIENT,Adani Enterprises Ltd,BUY,25214.0,2440.2,61527202.8,INR,2025-02-08,2025-02-10,Kotak Securities,PORT-032,EMEA,Settled,False,True,False
TRD-2024-00666,CLT0013,GIC Private Ltd Singapore,INE001A01036,SBIN,State Bank of India,BUY,26174.0,811.5,21240201.0,INR,2024-03-20,2024-03-22,Edelweiss,PORT-038,APAC,Pending,False,True,False
TRD-2024-00667,CLT0004,HDFC Pension Fund,INE031A01017,POWERGRID,Power Grid Corp of India,SELL,29274.0,311.91,9130853.34,INR,2024-05-07,2024-05-09,Nomura India,PORT-032,APAC,Cancelled,False,True,False
TRD-2024-00668,CLT0009,Emirates NBD Asset Mgmt,INE038A01020,HINDALCO,Hindalco Industries Ltd,SELL,3080.0,659.28,2030582.4,INR,2024-08-20,2024-08-22,Zerodha Institutional,PORT-018,EMEA,Settled,False,True,False
TRD-2024-00669,CLT0010,Abu Dhabi Investment Auth,INE467B01029,TCS,Tata Consultancy Services,BUY,40214.0,3726.86,149871948.04,INR,2024-05-19,2024-05-21,Goldman Sachs India,PORT-020,EMEA,Settled,False,False,False
TRD-2024-00670,CLT0007,ICICI Prudential AMC,INE117A01022,BHARTIARTL,Bharti Airtel Ltd,BUY,20655.0,1387.19,28652409.45,INR,2025-01-30,2025-02-01,Goldman Sachs India,PORT-050,APAC,Pending,False,True,False
TRD-2024-00671,CLT0001,Tata Investment Corp,INE002A01018,RELIANCE,Reliance Industries Ltd,BUY,46210.0,2926.28,135223398.8,INR,2025-05-13,2025-05-15,Kotak Securities,PORT-030,APAC,Settled,False,True,False
TRD-2024-00672,CLT0014,Temasek Holdings,INE066A01021,ONGC,Oil & Natural Gas Corp,BUY,25648.0,278.76,7149636.48,INR,2024-09-19,2024-09-21,Edelweiss,PORT-012,APAC,Failed,False,True,False
TRD-2024-00673,CLT0009,Emirates NBD Asset Mgmt,INE031A01017,POWERGRID,Power Grid Corp of India,SELL,46469.0,323.77,15045268.13,INR,2024-02-04,2024-02-06,Nomura India,PORT-028,EMEA,Failed,False,True,False
TRD-2024-00674,CLT0014,Temasek Holdings,INE296A01024,BAJFINANCE,Bajaj Finance Ltd,BUY,5051.0,6932.34,35015249.34,INR,2024-12-02,2024-12-04,HDFC Securities,PORT-025,APAC,Settled,False,True,False
TRD-2024-00675,CLT0013,GIC Private Ltd Singapore,INE031A01017,POWERGRID,Power Grid Corp of India,BUY,21933.0,324.77,7123180.41,INR,2025-03-18,2025-03-20,Edelweiss,PORT-029,APAC,Failed,False,True,False
TRD-2024-00676,CLT0015,Norges Bank Investment Mgmt,INE296A01024,BAJFINANCE,Bajaj Finance Ltd,BUY,24661.0,7232.37,178357476.57,INR,2024-06-11,2024-06-13,ICICI Direct,PORT-008,EMEA,Settled,False,True,False
TRD-2024-00677,CLT0001,Tata Investment Corp,INE001A01036,SBIN,State Bank of India,BUY,14113.0,770.8,10878300.4,INR,2024-08-18,2024-08-20,Edelweiss,PORT-010,APAC,Settled,False,True,False
TRD-2024-00678,CLT0005,Kotak Mahindra AMC,INE031A01017,POWERGRID,Power Grid Corp of India,BUY,29234.0,325.63,9519467.42,INR,2025-01-04,2025-01-06,ICICI Direct,PORT-035,APAC,Settled,False,True,True
TRD-2024-00679,CLT0009,Emirates NBD Asset Mgmt,INE117A01022,BHARTIARTL,Bharti Airtel Ltd,BUY,10966.0,1324.38,14523151.08,INR,2024-02-08,2024-02-10,Zerodha Institutional,PORT-013,EMEA,Settled,False,True,True
TRD-2024-00680,CLT0004,HDFC Pension Fund,INE075A01022,WIPRO,Wipro Ltd,SELL,11174.0,522.17,5834727.58,INR,2025-04-11,2025-04-13,Kotak Securities,PORT-033,APAC,Settled,False,False,False
TRD-2024-00681,CLT0008,Nippon India MF,INE020B01018,NTPC,NTPC Ltd,BUY,48092.0,362.63,17439601.96,INR,2024-08-03,2024-08-05,Nomura India,PORT-007,APAC,Cancelled,False,True,False
TRD-2024-00682,CLT0014,Temasek Holdings,INE018A01030,LARSEN,Larsen & Toubro Ltd,SELL,269.0,3643.86,980198.34,INR,2024-11-30,2024-12-02,ICICI Direct,PORT-041,APAC,Settled,False,True,True
TRD-2024-00683,CLT0007,ICICI Prudential AMC,INE361B01024,HCLTECH,HCL Technologies Ltd,SELL,36860.0,1508.79,55613999.4,INR,2024-06-02,2024-06-04,Zerodha Institutional,PORT-003,APAC,Settled,False,True,False
TRD-2024-00684,CLT0010,Abu Dhabi Investment Auth,INE001A01036,SBIN,State Bank of India,SELL,16923.0,788.95,13351400.85,INR,2024-08-27,2024-08-29,ICICI Direct,PORT-026,EMEA,Settled,False,True,False
TRD-2024-00685,CLT0010,Abu Dhabi Investment Auth,INE002A01018,RELIANCE,Reliance Industries Ltd,SELL,,2934.38,,INR,2024-10-18,2024-10-20,,PORT-047,EMEA,Settled,False,True,False
TRD-2024-00686,CLT0002,Aditya Birla Capital,INE001A01036,SBIN,State Bank of India,BUY,46313.0,815.98,37790481.74,INR,2024-08-18,2024-08-20,ICICI Direct,PORT-048,APAC,Pending,False,True,False
TRD-2024-00687,CLT0005,Kotak Mahindra AMC,INE361B01024,HCLTECH,HCL Technologies Ltd,BUY,,,,INR,2025-05-03,2025-05-05,,PORT-012,APAC,Settled,False,True,False
TRD-2024-00688,CLT0003,SBI Life Insurance,INE117A01022,BHARTIARTL,Bharti Airtel Ltd,BUY,22443.0,1452.91,32607659.13,INR,2024-07-24,2024-07-26,HDFC Securities,PORT-008,APAC,Settled,False,True,False
TRD-2024-00689,CLT0014,Temasek Holdings,INE038A01020,HINDALCO,Hindalco Industries Ltd,SELL,,,,INR,2024-09-20,2024-09-22,,PORT-039,APAC,Settled,False,True,False
TRD-2024-00690,CLT0001,Tata Investment Corp,INE038A01020,HINDALCO,Hindalco Industries Ltd,SELL,12691.0,672.04,8528859.64,INR,2024-11-14,2024-11-16,Nomura India,PORT-024,APAC,Settled,False,True,True
TRD-2024-00691,CLT0012,Vanguard Emerging Markets,INE721A01013,SUNPHARMA,Sun Pharmaceutical Ltd,SELL,16727.0,1659.4,27756783.8,INR,2024-04-21,2024-04-23,Edelweiss,PORT-008,Americas,Settled,False,True,True
TRD-2024-00692,CLT0006,LIC of India,INE009A01021,INFY,Infosys Ltd,BUY,35691.0,1442.19,51473203.29,INR,2024-02-14,2024-02-16,Goldman Sachs India,PORT-037,APAC,Settled,False,True,False
TRD-2024-00693,CLT0008,Nippon India MF,INE018A01030,LARSEN,Larsen & Toubro Ltd,SELL,6651.0,3647.37,24258657.87,INR,2024-09-09,2024-09-11,Kotak Securities,PORT-013,APAC,Settled,False,True,True
TRD-2024-00694,CLT0007,ICICI Prudential AMC,INE031A01017,POWERGRID,Power Grid Corp of India,SELL,4930.0,303.33,1495416.9,INR,2025-04-10,2025-04-12,Kotak Securities,PORT-022,APAC,Settled,False,True,False
TRD-2024-00695,CLT0002,Aditya Birla Capital,INE361B01024,HCLTECH,HCL Technologies Ltd,SELL,13786.0,1538.77,21213483.22,INR,2024-07-16,2024-07-18,Goldman Sachs India,PORT-049,APAC,Pending,False,True,False
TRD-2024-00696,CLT0011,BlackRock India Fund,INE040A01034,HDFCBANK,HDFC Bank Ltd,BUY,25513.0,1584.33,40421011.29,INR,2024-06-07,2024-06-09,Goldman Sachs India,PORT-044,Americas,Settled,False,True,False
TRD-2024-00697,CLT0013,GIC Private Ltd Singapore,INE020B01018,NTPC,NTPC Ltd,BUY,3023.0,350.2,1058654.6,INR,2024-03-31,2024-04-02,Nomura India,PORT-048,APAC,Pending,False,True,False
TRD-2024-00698,CLT0005,Kotak Mahindra AMC,INE020B01018,NTPC,NTPC Ltd,SELL,22400.0,346.19,7754656.0,INR,2024-01-01,2024-01-03,Kotak Securities,PORT-038,APAC,Settled,False,True,False
TRD-2024-00699,CLT0005,Kotak Mahindra AMC,INE467B01029,TCS,Tata Consultancy Services,BUY,22673.0,3875.71,87873972.83,INR,2025-03-14,2025-03-16,HDFC Securities,PORT-031,APAC,Settled,False,True,False
TRD-2024-00700,CLT0001,Tata Investment Corp,INE066A01021,ONGC,Oil & Natural Gas Corp,SELL,31381.0,267.67,8399752.27,INR,2024-03-01,2024-03-03,Goldman Sachs India,PORT-037,APAC,Settled,False,True,False
TRD-2024-00701,CLT0008,Nippon India MF,INE066A01021,ONGC,Oil & Natural Gas Corp,SELL,22475.0,268.96,6044876.0,INR,2024-09-19,2024-09-21,HDFC Securities,PORT-011,APAC,Settled,False,True,False
TRD-2024-00702,CLT0011,BlackRock India Fund,INE002A01018,RELIANCE,Reliance Industries Ltd,BUY,38108.0,2710.47,103290590.76,INR,2024-09-16,2024-09-18,Nomura India,PORT-034,Americas,Pending,False,True,False
TRD-2024-00703,CLT0009,Emirates NBD Asset Mgmt,INE031A01017,POWERGRID,Power Grid Corp of India,BUY,42695.0,321.86,13741812.7,INR,2024-07-27,2024-07-29,HDFC Securities,PORT-027,EMEA,Pending,False,True,False
TRD-2024-00704,CLT0011,BlackRock India Fund,INE414G01012,ADANIENT,Adani Enterprises Ltd,SELL,28872.0,2473.56,,INR,2024-08-27,2024-08-29,,PORT-014,Americas,Settled,False,True,False
TRD-2024-00705,CLT0015,Norges Bank Investment Mgmt,INE020B01018,NTPC,NTPC Ltd,SELL,38717.0,348.61,13497133.37,INR,2025-01-16,2025-01-18,Goldman Sachs India,PORT-005,EMEA,Settled,False,False,False
TRD-2024-00706,CLT0011,BlackRock India Fund,INE066A01021,ONGC,Oil & Natural Gas Corp,BUY,8620.0,271.46,2339985.2,INR,2024-08-02,2024-08-04,Kotak Securities,PORT-027,Americas,Settled,False,False,False
TRD-2024-00707,CLT0013,GIC Private Ltd Singapore,INE075A01022,WIPRO,Wipro Ltd,BUY,12721.0,529.59,6736914.39,INR,2025-02-01,2025-02-03,HDFC Securities,PORT-014,APAC,Settled,False,True,False
TRD-2024-00708,CLT0004,HDFC Pension Fund,INE117A01022,BHARTIARTL,Bharti Airtel Ltd,BUY,24862.0,1399.17,34786164.54,INR,2025-05-13,2025-05-15,Kotak Securities,PORT-026,APAC,Settled,False,True,False
TRD-2024-00709,CLT0006,LIC of India,INE117A01022,BHARTIARTL,Bharti Airtel Ltd,SELL,9312.0,1403.73,13071533.76,INR,2024-02-16,2024-02-18,Zerodha Institutional,PORT-031,APAC,Settled,False,True,False
TRD-2024-00710,CLT0009,Emirates NBD Asset Mgmt,INE090A01021,ICICIBANK,ICICI Bank Ltd,SELL,34903.0,1287.84,44949479.52,INR,2024-10-11,2024-10-13,Goldman Sachs India,PORT-050,EMEA,Failed,False,True,False
TRD-2024-00711,CLT0015,Norges Bank Investment Mgmt,INE038A01020,HINDALCO,Hindalco Industries Ltd,BUY,16872.0,638.0,10764336.0,INR,2024-06-28,2024-06-30,HDFC Securities,PORT-034,EMEA,Pending,False,False,False
TRD-2024-00712,CLT0014,Temasek Holdings,INE721A01013,SUNPHARMA,Sun Pharmaceutical Ltd,BUY,24031.0,1651.95,39698010.45,INR,2024-01-16,2024-01-18,Nomura India,PORT-036,APAC,Settled,False,True,True
TRD-2024-00713,CLT0002,Aditya Birla Capital,INE075A01022,WIPRO,Wipro Ltd,BUY,15087.0,531.55,8019494.85,INR,2025-05-01,2025-05-03,Zerodha Institutional,PORT-005,APAC,Pending,False,False,False
TRD-2024-00714,CLT0010,Abu Dhabi Investment Auth,INE001A01036,SBIN,State Bank of India,SELL,27278.0,812.96,22175922.88,INR,2025-05-02,2025-05-04,HDFC Securities,PORT-035,EMEA,Pending,False,True,False
TRD-2024-00715,CLT0013,GIC Private Ltd Singapore,INE038A01020,HINDALCO,Hindalco Industries Ltd,SELL,13402.0,681.54,9133999.08,INR,2024-12-24,2024-12-26,HDFC Securities,PORT-020,APAC,Settled,False,True,False
TRD-2024-00716,CLT0004,HDFC Pension Fund,INE020B01018,NTPC,NTPC Ltd,SELL,,,,INR,2024-08-06,2024-08-08,,PORT-049,APAC,Settled,False,True,True
TRD-2024-00717,CLT0006,LIC of India,INE001A01036,SBIN,State Bank of India,BUY,46078.0,744.22,34292169.16,INR,2024-09-26,2024-09-28,ICICI Direct,PORT-010,APAC,Failed,False,True,False
TRD-2024-00718,CLT0005,Kotak Mahindra AMC,INE002A01018,RELIANCE,Reliance Industries Ltd,BUY,47492.0,2960.42,140596266.64,INR,2024-07-03,2024-07-05,ICICI Direct,PORT-026,APAC,Settled,False,True,False
TRD-2024-00719,CLT0006,LIC of India,INE009A01021,INFY,Infosys Ltd,BUY,17733.0,1466.06,25997641.98,INR,2024-03-08,2024-03-10,Kotak Securities,PORT-050,APAC,Settled,False,True,False
TRD-2024-00720,CLT0007,ICICI Prudential AMC,INE090A01021,ICICIBANK,ICICI Bank Ltd,SELL,11294.0,1280.33,14460047.02,INR,2024-04-27,2024-04-29,Kotak Securities,PORT-031,APAC,Settled,False,True,False
TRD-2024-00721,CLT0008,Nippon India MF,INE296A01024,BAJFINANCE,Bajaj Finance Ltd,BUY,977.0,7151.73,6987240.21,INR,2024-07-09,2024-07-11,HDFC Securities,PORT-016,APAC,Settled,False,True,False
TRD-2024-00722,CLT0010,Abu Dhabi Investment Auth,INE213A01029,MARUTI,Maruti Suzuki India Ltd,BUY,5862.0,13266.47,77768047.14,INR,2024-06-20,2024-06-22,HDFC Securities,PORT-015,EMEA,Settled,False,True,False
TRD-2024-00723,CLT0001,Tata Investment Corp,INE001A01036,SBIN,State Bank of India,BUY,40795.0,790.47,32247223.65,INR,2024-01-04,2024-01-06,ICICI Direct,PORT-037,APAC,Settled,False,True,False
TRD-2024-00724,CLT0001,Tata Investment Corp,INE154A01025,ITC,ITC Ltd,BUY,40563.0,447.75,18162083.25,INR,2024-02-07,2024-02-09,ICICI Direct,PORT-036,APAC,Settled,False,True,False
TRD-2024-00725,CLT0004,HDFC Pension Fund,INE154A01025,ITC,ITC Ltd,SELL,345.0,480.41,165741.45,INR,2024-10-21,2024-10-23,Goldman Sachs India,PORT-038,APAC,Settled,False,False,False
TRD-2024-00726,CLT0010,Abu Dhabi Investment Auth,INE066A01021,ONGC,Oil & Natural Gas Corp,SELL,8284.0,258.59,2142159.56,INR,2025-03-07,2025-03-09,Goldman Sachs India,PORT-006,EMEA,Settled,False,True,False
TRD-2024-00727,CLT0005,Kotak Mahindra AMC,INE001A01036,SBIN,State Bank of India,SELL,19938.0,795.29,15856492.02,INR,2024-02-26,2024-02-28,HDFC Securities,PORT-020,APAC,Settled,False,True,False
TRD-2024-00728,CLT0004,HDFC Pension Fund,INE117A01022,BHARTIARTL,Bharti Airtel Ltd,BUY,22764.0,1404.08,31962477.12,INR,2024-09-21,2024-09-23,ICICI Direct,PORT-012,APAC,Settled,False,False,False
TRD-2024-00729,CLT0013,GIC Private Ltd Singapore,INE020B01018,NTPC,NTPC Ltd,SELL,15542.0,369.35,5740437.7,INR,2024-11-26,2024-11-28,Goldman Sachs India,PORT-031,APAC,Settled,False,True,False
TRD-2024-00730,CLT0003,SBI Life Insurance,INE296A01024,BAJFINANCE,Bajaj Finance Ltd,SELL,20042.0,7187.07,144043256.94,INR,2024-08-24,2024-08-26,Nomura India,PORT-024,APAC,Settled,False,True,False
TRD-2024-00731,CLT0003,SBI Life Insurance,INE721A01013,SUNPHARMA,Sun Pharmaceutical Ltd,BUY,34082.0,1741.58,,INR,2024-11-27,2024-11-29,,PORT-040,APAC,Pending,False,True,False
TRD-2024-00732,CLT0014,Temasek Holdings,INE361B01024,HCLTECH,HCL Technologies Ltd,BUY,42089.0,1547.9,65149563.1,INR,2024-05-30,2024-06-01,Nomura India,PORT-004,APAC,Settled,False,True,True
TRD-2024-00733,CLT0003,SBI Life Insurance,INE009A01021,INFY,Infosys Ltd,SELL,45909.0,1458.44,66955521.96,INR,2024-04-26,2024-04-28,Motilal Oswal,PORT-011,APAC,Settled,False,False,False
TRD-2024-00734,CLT0007,ICICI Prudential AMC,INE154A01025,ITC,ITC Ltd,SELL,,469.37,,INR,2025-04-17,2025-04-19,,PORT-039,APAC,Settled,False,True,False
TRD-2024-00735,CLT0012,Vanguard Emerging Markets,INE040A01034,HDFCBANK,HDFC Bank Ltd,BUY,44583.0,1592.8,71011802.4,INR,2024-08-26,2024-08-28,ICICI Direct,PORT-049,Americas,Settled,False,True,False
TRD-2024-00736,CLT0015,Norges Bank Investment Mgmt,INE090A01021,ICICIBANK,ICICI Bank Ltd,SELL,21612.0,1230.22,26587514.64,INR,2025-05-11,2025-05-13,Kotak Securities,PORT-041,EMEA,Settled,False,False,False
TRD-2024-00737,CLT0013,GIC Private Ltd Singapore,INE296A01024,BAJFINANCE,Bajaj Finance Ltd,SELL,40130.0,7119.52,285706337.6,INR,2025-01-12,2025-01-14,Motilal Oswal,PORT-011,APAC,Settled,False,True,False
TRD-2024-00738,CLT0008,Nippon India MF,INE001A01036,SBIN,State Bank of India,SELL,44952.0,773.4,34765876.8,INR,2024-12-21,2024-12-23,ICICI Direct,PORT-023,APAC,Settled,False,True,False
TRD-2024-00739,CLT0001,Tata Investment Corp,INE075A01022,WIPRO,Wipro Ltd,SELL,30572.0,531.89,16260941.08,INR,2024-04-30,2024-05-02,Kotak Securities,PORT-047,APAC,Settled,False,True,True
TRD-2024-00740,CLT0014,Temasek Holdings,INE040A01034,HDFCBANK,HDFC Bank Ltd,SELL,19801.0,1675.47,33175981.47,INR,2024-07-27,2024-07-29,Motilal Oswal,PORT-020,APAC,Settled,False,True,False
TRD-2024-00741,CLT0005,Kotak Mahindra AMC,INE001A01036,SBIN,State Bank of India,SELL,17126.0,792.38,13570299.88,INR,2024-01-27,2024-01-29,HDFC Securities,PORT-042,APAC,Settled,False,True,False
TRD-2024-00742,CLT0010,Abu Dhabi Investment Auth,INE040A01034,HDFCBANK,HDFC Bank Ltd,SELL,29124.0,1692.96,49305767.04,INR,2025-02-19,2025-02-21,Zerodha Institutional,PORT-040,EMEA,Settled,False,True,False
TRD-2024-00743,CLT0010,Abu Dhabi Investment Auth,INE002A01018,RELIANCE,Reliance Industries Ltd,SELL,21036.0,2950.8,62073028.8,INR,2025-01-13,2025-01-15,HDFC Securities,PORT-045,EMEA,Settled,False,True,False
TRD-2024-00744,CLT0015,Norges Bank Investment Mgmt,INE414G01012,ADANIENT,Adani Enterprises Ltd,BUY,16360.0,2530.17,41393581.2,INR,2025-02-26,2025-02-28,Zerodha Institutional,PORT-016,EMEA,Settled,False,True,False
TRD-2024-00745,CLT0014,Temasek Holdings,INE296A01024,BAJFINANCE,Bajaj Finance Ltd,BUY,11948.0,7444.89,88951545.72,INR,2024-08-04,2024-08-06,HDFC Securities,PORT-010,APAC,Settled,False,True,False
TRD-2024-00746,CLT0004,HDFC Pension Fund,INE361B01024,HCLTECH,HCL Technologies Ltd,SELL,12609.0,1613.9,20349665.1,INR,2024-08-22,2024-08-24,Zerodha Institutional,PORT-023,APAC,Settled,False,True,False
TRD-2024-00747,CLT0006,LIC of India,INE154A01025,ITC,ITC Ltd,SELL,6380.0,479.83,3061315.4,INR,2024-09-06,2024-09-08,Edelweiss,PORT-021,APAC,Settled,False,True,False
TRD-2024-00748,CLT0011,BlackRock India Fund,INE090A01021,ICICIBANK,ICICI Bank Ltd,BUY,18016.0,1196.83,21562089.28,INR,2025-04-03,2025-04-05,Motilal Oswal,PORT-022,Americas,Settled,False,True,False
TRD-2024-00749,CLT0001,Tata Investment Corp,INE066A01021,ONGC,Oil & Natural Gas Corp,BUY,8724.0,265.16,2313255.84,INR,2024-09-18,2024-09-20,Goldman Sachs India,PORT-050,APAC,Settled,False,True,False
TRD-2024-00750,CLT0005,Kotak Mahindra AMC,INE066A01021,ONGC,Oil & Natural Gas Corp,BUY,22991.0,275.82,6341377.62,INR,2024-04-24,2024-04-26,Motilal Oswal,PORT-049,APAC,Cancelled,False,True,False
TRD-2024-00751,CLT0007,ICICI Prudential AMC,INE020B01018,NTPC,NTPC Ltd,SELL,23558.0,359.86,8477581.88,INR,2024-03-03,2024-03-05,Nomura India,PORT-015,APAC,Settled,False,True,False
TRD-2024-00752,CLT0007,ICICI Prudential AMC,INE213A01029,MARUTI,Maruti Suzuki India Ltd,BUY,1243.0,13235.07,16451192.01,INR,2024-08-08,2024-08-10,HDFC Securities,PORT-005,APAC,Settled,False,True,False
TRD-2024-00753,CLT0008,Nippon India MF,INE213A01029,MARUTI,Maruti Suzuki India Ltd,BUY,20805.0,12328.22,256488617.1,INR,2025-03-23,2025-03-25,Nomura India,PORT-005,APAC,Settled,False,True,False
TRD-2024-00754,CLT0015,Norges Bank Investment Mgmt,INE117A01022,BHARTIARTL,Bharti Airtel Ltd,SELL,43854.0,1411.15,61884572.1,INR,2024-10-31,2024-11-02,ICICI Direct,PORT-020,EMEA,Settled,False,False,True
TRD-2024-00755,CLT0002,Aditya Birla Capital,INE038A01020,HINDALCO,Hindalco Industries Ltd,BUY,48934.0,677.52,33153763.68,INR,2024-01-20,2024-01-22,Motilal Oswal,PORT-049,APAC,Settled,False,True,False
TRD-2024-00756,CLT0002,Aditya Birla Capital,INE018A01030,LARSEN,Larsen & Toubro Ltd,BUY,31923.0,3770.84,120376525.32,INR,2024-09-25,2024-09-27,Zerodha Institutional,PORT-003,APAC,Settled,False,True,False
TRD-2024-00757,CLT0012,Vanguard Emerging Markets,INE585B01010,AXISBANK,Axis Bank Ltd,BUY,26814.0,1099.02,29469122.28,INR,2024-08-30,2024-09-01,Edelweiss,PORT-006,Americas,Settled,False,False,False
TRD-2024-00758,CLT0007,ICICI Prudential AMC,INE040A01034,HDFCBANK,HDFC Bank Ltd,SELL,41237.0,1544.7,63698793.9,INR,2024-10-29,2024-10-31,HDFC Securities,PORT-025,APAC,Settled,False,True,False
TRD-2024-00759,CLT0011,BlackRock India Fund,INE020B01018,NTPC,NTPC Ltd,BUY,216.0,368.06,79500.96,INR,2025-05-18,2025-05-20,Motilal Oswal,PORT-029,Americas,Settled,False,True,False
TRD-2024-00760,CLT0001,Tata Investment Corp,INE002A01018,RELIANCE,Reliance Industries Ltd,SELL,33901.0,2771.13,93944078.13,INR,2025-01-05,2025-01-07,Zerodha Institutional,PORT-004,APAC,Settled,False,False,False
TRD-2024-00761,CLT0010,Abu Dhabi Investment Auth,INE018A01030,LARSEN,Larsen & Toubro Ltd,SELL,6865.0,3701.66,25411895.9,INR,2024-06-26,2024-06-28,Zerodha Institutional,PORT-027,EMEA,Settled,False,True,False
TRD-2024-00762,CLT0006,LIC of India,INE040A01034,HDFCBANK,HDFC Bank Ltd,SELL,24932.0,1624.35,40498294.2,INR,2025-01-05,2025-01-07,ICICI Direct,PORT-036,APAC,Settled,False,True,False
TRD-2024-00763,CLT0014,Temasek Holdings,INE066A01021,ONGC,Oil & Natural Gas Corp,SELL,3077.0,265.98,818420.46,INR,2024-11-07,2024-11-09,Nomura India,PORT-014,APAC,Cancelled,False,True,False
TRD-2024-00764,CLT0003,SBI Life Insurance,INE414G01012,ADANIENT,Adani Enterprises Ltd,BUY,38672.0,2555.84,98839444.48,INR,2024-01-09,2024-01-11,Edelweiss,PORT-034,APAC,Pending,False,True,False
TRD-2024-00765,CLT0011,BlackRock India Fund,INE585B01010,AXISBANK,Axis Bank Ltd,SELL,46204.0,1047.57,48401924.28,INR,2025-02-10,2025-02-12,Zerodha Institutional,PORT-007,Americas,Settled,False,True,False
TRD-2024-00766,CLT0003,SBI Life Insurance,INE075A01022,WIPRO,Wipro Ltd,SELL,7160.0,513.3,3675228.0,INR,2024-10-07,2024-10-09,Kotak Securities,PORT-007,APAC,Settled,False,True,False
TRD-2024-00767,CLT0005,Kotak Mahindra AMC,INE721A01013,SUNPHARMA,Sun Pharmaceutical Ltd,SELL,21153.0,1599.99,33844588.47,INR,2024-01-30,2024-02-01,Kotak Securities,PORT-033,APAC,Cancelled,False,True,False
TRD-2024-00768,CLT0004,HDFC Pension Fund,INE361B01024,HCLTECH,HCL Technologies Ltd,BUY,37326.0,1634.77,61019425.02,INR,2024-07-24,2024-07-26,Goldman Sachs India,PORT-009,APAC,Settled,False,True,False
TRD-2024-00769,CLT0001,Tata Investment Corp,INE721A01013,SUNPHARMA,Sun Pharmaceutical Ltd,BUY,34581.0,1632.92,56468006.52,INR,2024-12-09,2024-12-11,,PORT-038,APAC,Settled,False,True,False
TRD-2024-00770,CLT0008,Nippon India MF,INE585B01010,AXISBANK,Axis Bank Ltd,BUY,32325.0,1070.12,34591629.0,INR,2024-12-31,2025-01-02,Nomura India,PORT-021,APAC,Cancelled,False,True,False
TRD-2024-00771,CLT0003,SBI Life Insurance,INE020B01018,NTPC,NTPC Ltd,BUY,23642.0,345.59,8170438.78,INR,2024-11-06,2024-11-08,HDFC Securities,PORT-022,APAC,Settled,False,True,True
TRD-2024-00772,CLT0005,Kotak Mahindra AMC,INE075A01022,WIPRO,Wipro Ltd,BUY,16471.0,495.94,8168627.74,INR,2024-04-24,2024-04-26,Kotak Securities,PORT-024,APAC,Settled,False,True,False
TRD-2024-00773,CLT0012,Vanguard Emerging Markets,INE467B01029,TCS,Tata Consultancy Services,BUY,23655.0,3754.89,88821922.95,INR,2024-07-07,2024-07-09,Kotak Securities,PORT-017,Americas,Settled,False,True,False
TRD-2024-00774,CLT0012,Vanguard Emerging Markets,INE038A01020,HINDALCO,Hindalco Industries Ltd,BUY,22173.0,631.58,14004023.34,INR,2024-07-25,2024-07-27,ICICI Direct,PORT-012,Americas,Settled,False,True,False
TRD-2024-00775,CLT0013,GIC Private Ltd Singapore,INE090A01021,ICICIBANK,ICICI Bank Ltd,SELL,41707.0,1254.16,52307251.12,INR,2024-10-25,2024-10-27,Zerodha Institutional,PORT-027,APAC,Settled,False,True,False
TRD-2024-00776,CLT0013,GIC Private Ltd Singapore,INE361B01024,HCLTECH,HCL Technologies Ltd,SELL,19940.0,1548.86,30884268.4,INR,2024-01-08,2024-01-10,Motilal Oswal,PORT-045,APAC,Settled,False,True,False
TRD-2024-00777,CLT0001,Tata Investment Corp,INE009A01021,INFY,Infosys Ltd,BUY,30344.0,1440.74,43717814.56,INR,2024-02-09,2024-02-11,Zerodha Institutional,PORT-005,APAC,Pending,False,False,True
TRD-2024-00778,CLT0015,Norges Bank Investment Mgmt,INE154A01025,ITC,ITC Ltd,SELL,44601.0,459.45,20491929.45,INR,2024-10-27,2024-10-29,Motilal Oswal,PORT-008,EMEA,Settled,False,True,True
TRD-2024-00779,CLT0014,Temasek Holdings,INE009A01021,INFY,Infosys Ltd,BUY,17381.0,1473.22,25606036.82,INR,2025-02-04,2025-02-06,ICICI Direct,PORT-007,APAC,Pending,False,True,False
TRD-2024-00780,CLT0011,BlackRock India Fund,INE117A01022,BHARTIARTL,Bharti Airtel Ltd,BUY,20008.0,1421.45,28440371.6,INR,2024-07-28,2024-07-30,Zerodha Institutional,PORT-019,Americas,Settled,False,True,False
TRD-2024-00781,CLT0014,Temasek Holdings,INE296A01024,BAJFINANCE,Bajaj Finance Ltd,BUY,33894.0,6818.59,231109289.46,INR,2025-04-28,2025-04-30,ICICI Direct,PORT-020,APAC,Settled,False,False,False
TRD-2024-00782,CLT0011,BlackRock India Fund,INE585B01010,AXISBANK,Axis Bank Ltd,BUY,20734.0,1064.3,22067196.2,INR,2024-08-15,2024-08-17,Kotak Securities,PORT-020,Americas,Settled,False,True,True
TRD-2024-00783,CLT0009,Emirates NBD Asset Mgmt,INE090A01021,ICICIBANK,ICICI Bank Ltd,BUY,25422.0,1234.2,31375832.4,INR,2024-05-31,2024-06-02,Goldman Sachs India,PORT-034,EMEA,Settled,True,True,False
TRD-2024-00784,CLT0003,SBI Life Insurance,INE066A01021,ONGC,Oil & Natural Gas Corp,SELL,17910.0,265.0,4746150.0,INR,2024-03-05,2024-03-07,Goldman Sachs India,PORT-021,APAC,Settled,False,True,True
TRD-2024-00785,CLT0005,Kotak Mahindra AMC,INE090A01021,ICICIBANK,ICICI Bank Ltd,BUY,14680.0,1204.63,17683968.4,INR,2025-04-24,2025-04-26,Goldman Sachs India,PORT-001,APAC,Settled,False,True,False
TRD-2024-00786,CLT0005,Kotak Mahindra AMC,INE117A01022,BHARTIARTL,Bharti Airtel Ltd,SELL,5930.0,1346.33,7983736.9,INR,2024-11-18,2024-11-20,ICICI Direct,PORT-001,APAC,Pending,True,True,False
TRD-2024-00787,CLT0001,Tata Investment Corp,INE414G01012,ADANIENT,Adani Enterprises Ltd,SELL,15418.0,2557.87,39437239.66,INR,2024-12-25,2024-12-27,Edelweiss,PORT-032,APAC,Failed,False,True,False
TRD-2024-00788,CLT0007,ICICI Prudential AMC,INE009A01021,INFY,Infosys Ltd,BUY,35084.0,1495.18,52456895.12,INR,2024-11-25,2024-11-27,ICICI Direct,PORT-011,APAC,Settled,False,True,False
TRD-2024-00789,CLT0010,Abu Dhabi Investment Auth,INE040A01034,HDFCBANK,HDFC Bank Ltd,SELL,28989.0,1586.08,45978873.12,INR,2024-09-23,2024-09-25,Motilal Oswal,PORT-036,EMEA,Settled,False,True,False
TRD-2024-00790,CLT0004,HDFC Pension Fund,INE090A01021,ICICIBANK,ICICI Bank Ltd,SELL,33966.0,1186.6,40304055.6,INR,2024-01-07,2024-01-09,Nomura India,PORT-007,APAC,Settled,False,False,False
TRD-2024-00791,CLT0004,HDFC Pension Fund,INE002A01018,RELIANCE,Reliance Industries Ltd,BUY,29231.0,2846.09,83194056.79,INR,2025-05-04,2025-05-06,Goldman Sachs India,PORT-021,APAC,Settled,False,True,False
TRD-2024-00792,CLT0008,Nippon India MF,INE040A01034,HDFCBANK,HDFC Bank Ltd,SELL,34690.0,1555.73,53968273.7,INR,2025-04-21,2025-04-23,ICICI Direct,PORT-037,APAC,Settled,False,True,True
TRD-2024-00793,CLT0002,Aditya Birla Capital,INE018A01030,LARSEN,Larsen & Toubro Ltd,BUY,11255.0,3804.0,42814020.0,INR,2024-05-17,2024-05-19,Edelweiss,PORT-022,APAC,Pending,False,True,False
TRD-2024-00794,CLT0015,Norges Bank Investment Mgmt,INE038A01020,HINDALCO,Hindalco Industries Ltd,SELL,43589.0,664.27,28954865.03,INR,2024-07-27,2024-07-29,Edelweiss,PORT-024,EMEA,Failed,False,False,False
TRD-2024-00795,CLT0015,Norges Bank Investment Mgmt,INE002A01018,RELIANCE,Reliance Industries Ltd,BUY,47737.0,2774.23,132433417.51,INR,2024-05-04,2024-05-06,Kotak Securities,PORT-020,EMEA,Settled,False,True,False
TRD-2024-00796,CLT0012,Vanguard Emerging Markets,INE117A01022,BHARTIARTL,Bharti Airtel Ltd,SELL,14153.0,1420.49,20104194.97,INR,2025-01-02,2025-01-04,Goldman Sachs India,PORT-042,Americas,Pending,False,False,False
TRD-2024-00797,CLT0008,Nippon India MF,INE031A01017,POWERGRID,Power Grid Corp of India,SELL,28121.0,321.13,9030496.73,INR,2024-03-20,2024-03-22,HDFC Securities,PORT-013,APAC,Pending,False,True,False
TRD-2024-00798,CLT0008,Nippon India MF,INE117A01022,BHARTIARTL,Bharti Airtel Ltd,SELL,43435.0,1354.36,58826626.6,INR,2024-11-14,2024-11-16,Nomura India,PORT-036,APAC,Settled,False,True,False
TRD-2024-00799,CLT0008,Nippon India MF,INE585B01010,AXISBANK,Axis Bank Ltd,SELL,37881.0,1018.58,38584828.98,INR,2024-03-04,2024-03-06,Nomura India,PORT-029,APAC,Failed,False,True,False
TRD-2024-00800,CLT0002,Aditya Birla Capital,INE467B01029,TCS,Tata Consultancy Services,SELL,15107.0,4047.3,61142561.1,INR,2024-08-24,2024-08-26,ICICI Direct,PORT-025,APAC,Settled,True,True,False
TRD-2024-00801,CLT0004,HDFC Pension Fund,INE018A01030,LARSEN,Larsen & Toubro Ltd,BUY,24413.0,3741.29,91336112.77,INR,2024-07-20,2024-07-22,Goldman Sachs India,PORT-001,APAC,Settled,False,False,False
TRD-2024-00802,CLT0004,HDFC Pension Fund,INE066A01021,ONGC,Oil & Natural Gas Corp,SELL,421.0,279.37,117614.77,INR,2024-04-28,2024-04-30,Motilal Oswal,PORT-043,APAC,Settled,False,False,False
TRD-2024-00803,CLT0003,SBI Life Insurance,INE117A01022,BHARTIARTL,Bharti Airtel Ltd,SELL,49079.0,1401.56,68787163.24,INR,2024-03-18,2024-03-20,Kotak Securities,PORT-022,APAC,Settled,False,True,True
TRD-2024-00804,CLT0014,Temasek Holdings,INE040A01034,HDFCBANK,HDFC Bank Ltd,BUY,7380.0,1647.09,12155524.2,INR,2025-01-18,2025-01-20,,PORT-021,APAC,Settled,False,True,False
TRD-2024-00805,CLT0009,Emirates NBD Asset Mgmt,INE361B01024,HCLTECH,HCL Technologies Ltd,SELL,16639.0,1653.93,27519741.27,INR,2025-01-17,2025-01-19,ICICI Direct,PORT-009,EMEA,Failed,False,True,False
TRD-2024-00806,CLT0011,BlackRock India Fund,INE361B01024,HCLTECH,HCL Technologies Ltd,BUY,43035.0,1621.68,69788998.8,INR,2024-09-28,2024-09-30,Nomura India,PORT-037,Americas,Settled,False,True,False
TRD-2024-00807,CLT0002,Aditya Birla Capital,INE361B01024,HCLTECH,HCL Technologies Ltd,SELL,31430.0,1521.2,47811316.0,INR,2024-12-11,2024-12-13,Kotak Securities,PORT-017,APAC,Settled,False,True,False
TRD-2024-00808,CLT0006,LIC of India,INE414G01012,ADANIENT,Adani Enterprises Ltd,BUY,41265.0,2570.5,106071682.5,INR,2025-03-14,2025-03-16,Edelweiss,PORT-047,APAC,Settled,False,True,True
TRD-2024-00809,CLT0009,Emirates NBD Asset Mgmt,INE038A01020,HINDALCO,Hindalco Industries Ltd,BUY,9255.0,628.39,5815749.45,INR,2024-04-19,2024-04-21,Nomura India,PORT-019,EMEA,Settled,False,True,False
TRD-2024-00810,CLT0012,Vanguard Emerging Markets,INE585B01010,AXISBANK,Axis Bank Ltd,BUY,10293.0,1017.41,10472201.13,INR,2024-05-14,2024-05-16,Nomura India,PORT-039,Americas,Settled,False,True,False
TRD-2024-00811,CLT0014,Temasek Holdings,INE031A01017,POWERGRID,Power Grid Corp of India,BUY,27220.0,325.95,8872359.0,INR,2024-08-10,2024-08-12,Zerodha Institutional,PORT-010,APAC,Settled,False,True,False
TRD-2024-00812,CLT0015,Norges Bank Investment Mgmt,INE585B01010,AXISBANK,Axis Bank Ltd,BUY,22597.0,1012.19,22872457.43,INR,2025-04-05,2025-04-07,Nomura India,PORT-030,EMEA,Pending,False,False,False
TRD-2024-00813,CLT0014,Temasek Holdings,INE031A01017,POWERGRID,Power Grid Corp of India,SELL,39750.0,325.89,12954127.5,INR,2024-10-17,2024-10-19,HDFC Securities,PORT-012,APAC,Settled,False,True,False
TRD-2024-00814,CLT0011,BlackRock India Fund,INE721A01013,SUNPHARMA,Sun Pharmaceutical Ltd,SELL,49915.0,1757.52,87726610.8,INR,2025-02-14,2025-02-16,Nomura India,PORT-050,Americas,Settled,False,True,False
TRD-2024-00815,CLT0007,ICICI Prudential AMC,INE467B01029,TCS,Tata Consultancy Services,BUY,20357.0,4031.0,82059067.0,INR,2024-04-23,2024-04-25,Motilal Oswal,PORT-002,APAC,Settled,False,True,False
TRD-2024-00816,CLT0013,GIC Private Ltd Singapore,INE009A01021,INFY,Infosys Ltd,SELL,20892.0,1509.97,31546293.24,INR,2024-10-31,2024-11-02,Kotak Securities,PORT-050,APAC,Settled,False,False,False
TRD-2024-00817,CLT0002,Aditya Birla Capital,INE038A01020,HINDALCO,Hindalco Industries Ltd,SELL,40060.0,630.44,25255426.4,INR,2025-04-17,2025-04-19,HDFC Securities,PORT-002,APAC,Settled,False,True,False
TRD-2024-00818,CLT0007,ICICI Prudential AMC,INE075A01022,WIPRO,Wipro Ltd,BUY,27130.0,503.29,13654257.7,INR,2025-01-05,2025-01-07,Kotak Securities,PORT-014,APAC,Settled,False,True,False
TRD-2024-00819,CLT0010,Abu Dhabi Investment Auth,INE002A01018,RELIANCE,Reliance Industries Ltd,BUY,40895.0,2798.55,114446702.25,INR,2024-12-02,2024-12-04,Goldman Sachs India,PORT-030,EMEA,Settled,False,False,False
TRD-2024-00820,CLT0002,Aditya Birla Capital,INE296A01024,BAJFINANCE,Bajaj Finance Ltd,SELL,32138.0,7350.43,236228119.34,INR,2024-06-10,2024-06-12,HDFC Securities,PORT-017,APAC,Settled,False,True,True
TRD-2024-00821,CLT0003,SBI Life Insurance,INE296A01024,BAJFINANCE,Bajaj Finance Ltd,SELL,29987.0,6753.41,202514505.67,INR,2024-12-29,2024-12-31,Edelweiss,PORT-026,APAC,Failed,False,True,False
TRD-2024-00822,CLT0013,GIC Private Ltd Singapore,INE066A01021,ONGC,Oil & Natural Gas Corp,SELL,47959.0,279.45,13402142.55,INR,2024-04-15,2024-04-17,Kotak Securities,PORT-035,APAC,Settled,False,True,False
TRD-2024-00823,CLT0011,BlackRock India Fund,INE038A01020,HINDALCO,Hindalco Industries Ltd,BUY,37982.0,690.62,26231128.84,INR,2024-11-17,2024-11-19,HDFC Securities,PORT-033,Americas,Settled,False,True,False
TRD-2024-00824,CLT0002,Aditya Birla Capital,INE467B01029,TCS,Tata Consultancy Services,BUY,31013.0,3991.72,123795212.36,INR,2024-09-24,2024-09-26,HDFC Securities,PORT-041,APAC,Settled,False,False,False
TRD-2024-00825,CLT0002,Aditya Birla Capital,INE721A01013,SUNPHARMA,Sun Pharmaceutical Ltd,SELL,9887.0,1626.89,16085061.43,INR,2024-08-29,2024-08-31,Goldman Sachs India,PORT-002,APAC,Settled,False,True,False
TRD-2024-00826,CLT0007,ICICI Prudential AMC,INE009A01021,INFY,Infosys Ltd,SELL,44787.0,1512.04,67719735.48,INR,2024-09-07,2024-09-09,Zerodha Institutional,PORT-041,APAC,Settled,False,True,False
TRD-2024-00827,CLT0006,LIC of India,INE066A01021,ONGC,Oil & Natural Gas Corp,SELL,,,,INR,2024-01-10,2024-01-12,,PORT-006,APAC,Settled,False,True,False
TRD-2024-00828,CLT0001,Tata Investment Corp,INE090A01021,ICICIBANK,ICICI Bank Ltd,BUY,8542.0,1231.23,10517166.66,INR,2024-03-29,2024-03-31,Kotak Securities,PORT-014,APAC,Settled,False,True,False
TRD-2024-00829,CLT0015,Norges Bank Investment Mgmt,INE040A01034,HDFCBANK,HDFC Bank Ltd,BUY,,,,INR,2024-04-28,2024-04-30,,PORT-013,EMEA,Settled,False,True,False
TRD-2024-00830,CLT0007,ICICI Prudential AMC,INE296A01024,BAJFINANCE,Bajaj Finance Ltd,SELL,21785.0,7317.88,159420015.8,INR,2024-10-21,2024-10-23,HDFC Securities,PORT-036,APAC,Settled,False,True,False
TRD-2024-00831,CLT0007,ICICI Prudential AMC,INE585B01010,AXISBANK,Axis Bank Ltd,BUY,27757.0,1085.72,30136330.04,INR,2025-02-05,2025-02-07,Goldman Sachs India,PORT-047,APAC,Settled,True,True,True
TRD-2024-00832,CLT0007,ICICI Prudential AMC,INE066A01021,ONGC,Oil & Natural Gas Corp,SELL,16662.0,258.24,4302794.88,INR,2024-01-10,2024-01-12,Nomura India,PORT-017,APAC,Settled,True,True,False
TRD-2024-00833,CLT0007,ICICI Prudential AMC,INE001A01036,SBIN,State Bank of India,BUY,6643.0,766.68,5093055.24,INR,2024-12-01,2024-12-03,Motilal Oswal,PORT-010,APAC,Settled,False,True,False
TRD-2024-00834,CLT0014,Temasek Holdings,INE031A01017,POWERGRID,Power Grid Corp of India,BUY,,,,INR,2024-07-02,2024-07-04,,PORT-002,APAC,Settled,False,True,False
TRD-2024-00835,CLT0014,Temasek Holdings,INE213A01029,MARUTI,Maruti Suzuki India Ltd,BUY,47994.0,13080.11,627766799.34,INR,2024-04-09,2024-04-11,HDFC Securities,PORT-046,APAC,Settled,False,True,False
TRD-2024-00836,CLT0008,Nippon India MF,INE361B01024,HCLTECH,HCL Technologies Ltd,BUY,21358.0,1580.51,33756532.58,INR,2024-10-07,2024-10-09,Goldman Sachs India,PORT-041,APAC,Settled,False,True,True
TRD-2024-00837,CLT0011,BlackRock India Fund,INE721A01013,SUNPHARMA,Sun Pharmaceutical Ltd,SELL,26615.0,1625.29,43257093.35,INR,2024-06-23,2024-06-25,Zerodha Institutional,PORT-039,Americas,Settled,False,True,False
TRD-2024-00838,CLT0008,Nippon India MF,INE075A01022,WIPRO,Wipro Ltd,SELL,21028.0,520.34,10941709.52,INR,2024-08-10,2024-08-12,Goldman Sachs India,PORT-046,APAC,Settled,False,True,False
TRD-2024-00839,CLT0005,Kotak Mahindra AMC,INE414G01012,ADANIENT,Adani Enterprises Ltd,SELL,34933.0,2471.45,86335162.85,INR,2025-05-11,2025-05-13,Edelweiss,PORT-035,APAC,Pending,False,True,False
TRD-2024-00840,CLT0014,Temasek Holdings,INE467B01029,TCS,Tata Consultancy Services,SELL,4517.0,4037.31,18236529.27,INR,2025-03-10,2025-03-12,HDFC Securities,PORT-012,APAC,Settled,False,True,False
TRD-2024-00841,CLT0013,GIC Private Ltd Singapore,INE721A01013,SUNPHARMA,Sun Pharmaceutical Ltd,SELL,39176.0,1743.72,68311974.72,INR,2024-01-24,2024-01-26,Edelweiss,PORT-037,APAC,Settled,False,True,False
TRD-2024-00842,CLT0013,GIC Private Ltd Singapore,INE009A01021,INFY,Infosys Ltd,BUY,44705.0,1433.88,64101605.4,INR,2024-08-17,2024-08-19,Zerodha Institutional,PORT-002,APAC,Settled,False,True,False
TRD-2024-00843,CLT0007,ICICI Prudential AMC,INE414G01012,ADANIENT,Adani Enterprises Ltd,SELL,21408.0,2515.43,53850325.44,INR,2024-12-15,2024-12-17,Kotak Securities,PORT-036,APAC,Settled,False,True,False
TRD-2024-00844,CLT0003,SBI Life Insurance,INE414G01012,ADANIENT,Adani Enterprises Ltd,BUY,49678.0,2354.21,116952444.38,INR,2024-06-27,2024-06-29,HDFC Securities,PORT-008,APAC,Settled,False,True,False
TRD-2024-00845,CLT0007,ICICI Prudential AMC,INE117A01022,BHARTIARTL,Bharti Airtel Ltd,BUY,608.0,1447.74,880225.92,INR,2024-04-10,2024-04-12,ICICI Direct,PORT-009,APAC,Settled,False,False,False
TRD-2024-00846,CLT0015,Norges Bank Investment Mgmt,INE585B01010,AXISBANK,Axis Bank Ltd,BUY,45113.0,1101.28,49682044.64,INR,2024-09-10,2024-09-12,ICICI Direct,PORT-048,EMEA,Settled,False,True,False
TRD-2024-00847,CLT0012,Vanguard Emerging Markets,INE020B01018,NTPC,NTPC Ltd,BUY,30675.0,345.78,10606801.5,INR,2025-04-09,2025-04-11,Nomura India,PORT-004,Americas,Pending,False,True,False
TRD-2024-00848,CLT0009,Emirates NBD Asset Mgmt,INE020B01018,NTPC,NTPC Ltd,SELL,9637.0,360.48,3473945.76,INR,2025-01-10,2025-01-12,Nomura India,PORT-033,EMEA,Settled,False,True,False
TRD-2024-00849,CLT0015,Norges Bank Investment Mgmt,INE031A01017,POWERGRID,Power Grid Corp of India,SELL,26047.0,321.2,8366296.4,INR,2024-01-27,2024-01-29,Kotak Securities,PORT-042,EMEA,Settled,False,True,False
TRD-2024-00850,CLT0011,BlackRock India Fund,INE018A01030,LARSEN,Larsen & Toubro Ltd,SELL,18233.0,3581.61,65303495.13,INR,2024-12-16,2024-12-18,Motilal Oswal,PORT-020,Americas,Settled,False,True,False
TRD-2024-00851,CLT0005,Kotak Mahindra AMC,INE075A01022,WIPRO,Wipro Ltd,SELL,8976.0,514.05,4614112.8,INR,2025-01-29,2025-01-31,Zerodha Institutional,PORT-020,APAC,Settled,False,False,False
TRD-2024-00852,CLT0015,Norges Bank Investment Mgmt,INE117A01022,BHARTIARTL,Bharti Airtel Ltd,BUY,48178.0,1356.52,65354420.56,INR,2024-06-23,2024-06-25,Zerodha Institutional,PORT-040,EMEA,Settled,False,True,False
TRD-2024-00853,CLT0006,LIC of India,INE040A01034,HDFCBANK,HDFC Bank Ltd,SELL,39812.0,1653.05,65811226.6,INR,2024-10-20,2024-10-22,Edelweiss,PORT-029,APAC,Settled,False,True,False
TRD-2024-00854,CLT0004,HDFC Pension Fund,INE361B01024,HCLTECH,HCL Technologies Ltd,BUY,24899.0,1576.36,39249787.64,INR,2024-06-07,2024-06-09,Motilal Oswal,PORT-044,APAC,Settled,False,True,True
TRD-2024-00855,CLT0002,Aditya Birla Capital,INE414G01012,ADANIENT,Adani Enterprises Ltd,BUY,45104.0,2533.35,114264218.4,INR,2024-08-26,2024-08-28,Zerodha Institutional,PORT-021,APAC,Settled,False,True,False
TRD-2024-00856,CLT0012,Vanguard Emerging Markets,INE296A01024,BAJFINANCE,Bajaj Finance Ltd,SELL,38364.0,6856.27,263033942.28,INR,2024-04-07,2024-04-09,Edelweiss,PORT-019,Americas,Settled,False,True,False
TRD-2024-00857,CLT0003,SBI Life Insurance,INE001A01036,SBIN,State Bank of India,BUY,36428.0,766.98,,INR,2025-01-27,2025-01-29,,PORT-015,APAC,Settled,False,True,False
TRD-2024-00858,CLT0011,BlackRock India Fund,INE117A01022,BHARTIARTL,Bharti Airtel Ltd,SELL,12916.0,1342.55,17340375.8,INR,2024-05-01,2024-05-03,Edelweiss,PORT-008,Americas,Settled,False,True,False
TRD-2024-00859,CLT0005,Kotak Mahindra AMC,INE296A01024,BAJFINANCE,Bajaj Finance Ltd,BUY,8485.0,6919.42,58711278.7,INR,2024-09-03,2024-09-05,Nomura India,PORT-040,APAC,Settled,False,True,False
TRD-2024-00860,CLT0003,SBI Life Insurance,INE066A01021,ONGC,Oil & Natural Gas Corp,SELL,45638.0,268.69,12262474.22,INR,2024-01-22,2024-01-24,Kotak Securities,PORT-003,APAC,Settled,False,True,False
TRD-2024-00861,CLT0007,ICICI Prudential AMC,INE721A01013,SUNPHARMA,Sun Pharmaceutical Ltd,SELL,23722.0,1690.68,40106310.96,INR,2025-02-13,2025-02-15,ICICI Direct,PORT-050,APAC,Settled,False,True,False
TRD-2024-00862,CLT0014,Temasek Holdings,INE009A01021,INFY,Infosys Ltd,BUY,31400.0,1506.2,47294680.0,INR,2025-01-21,2025-01-23,Nomura India,PORT-021,APAC,Settled,False,True,False
TRD-2024-00863,CLT0005,Kotak Mahindra AMC,INE154A01025,ITC,ITC Ltd,BUY,43105.0,474.77,20464960.85,INR,2024-01-14,2024-01-16,Motilal Oswal,PORT-027,APAC,Settled,False,True,False
TRD-2024-00864,CLT0001,Tata Investment Corp,INE066A01021,ONGC,Oil & Natural Gas Corp,SELL,21323.0,278.4,5936323.2,INR,2024-06-23,2024-06-25,HDFC Securities,PORT-027,APAC,Settled,False,True,False
TRD-2024-00865,CLT0014,Temasek Holdings,INE361B01024,HCLTECH,HCL Technologies Ltd,SELL,14281.0,1537.67,21959465.27,INR,2024-03-11,2024-03-13,Zerodha Institutional,PORT-037,APAC,Settled,False,True,False
TRD-2024-00866,CLT0007,ICICI Prudential AMC,INE002A01018,RELIANCE,Reliance Industries Ltd,BUY,45600.0,2918.92,133102752.0,INR,2024-05-05,2024-05-07,HDFC Securities,PORT-028,APAC,Pending,False,True,False
TRD-2024-00867,CLT0001,Tata Investment Corp,INE154A01025,ITC,ITC Ltd,BUY,37077.0,462.4,17144404.8,INR,2025-04-30,2025-05-02,Nomura India,PORT-007,APAC,Settled,False,True,False
TRD-2024-00868,CLT0003,SBI Life Insurance,INE414G01012,ADANIENT,Adani Enterprises Ltd,BUY,47371.0,2343.95,111035255.45,INR,2024-06-23,2024-06-25,Kotak Securities,PORT-004,APAC,Settled,False,True,False
TRD-2024-00869,CLT0007,ICICI Prudential AMC,INE414G01012,ADANIENT,Adani Enterprises Ltd,SELL,39364.0,2444.03,96206796.92,INR,2024-03-24,2024-03-26,HDFC Securities,PORT-047,APAC,Settled,False,True,False
TRD-2024-00870,CLT0013,GIC Private Ltd Singapore,INE585B01010,AXISBANK,Axis Bank Ltd,BUY,48638.0,1060.11,51561630.18,INR,2024-10-22,2024-10-24,HDFC Securities,PORT-008,APAC,Settled,False,True,True
TRD-2024-00871,CLT0015,Norges Bank Investment Mgmt,INE075A01022,WIPRO,Wipro Ltd,SELL,2860.0,539.03,1541625.8,INR,2025-04-04,2025-04-06,HDFC Securities,PORT-033,EMEA,Settled,False,True,False
TRD-2024-00872,CLT0009,Emirates NBD Asset Mgmt,INE040A01034,HDFCBANK,HDFC Bank Ltd,SELL,18848.0,1639.51,30901484.48,INR,2024-06-14,2024-06-16,Goldman Sachs India,PORT-011,EMEA,Pending,False,True,False
TRD-2024-00873,CLT0010,Abu Dhabi Investment Auth,INE075A01022,WIPRO,Wipro Ltd,BUY,5287.0,545.0,2881415.0,INR,2024-03-26,2024-03-28,Kotak Securities,PORT-019,EMEA,Settled,False,True,False
TRD-2024-00874,CLT0014,Temasek Holdings,INE154A01025,ITC,ITC Ltd,SELL,32282.0,460.74,14873608.68,INR,2025-03-08,2025-03-10,Kotak Securities,PORT-042,APAC,Settled,False,True,False
TRD-2024-00875,CLT0008,Nippon India MF,INE090A01021,ICICIBANK,ICICI Bank Ltd,SELL,11692.0,1222.86,14297679.12,INR,2024-04-21,2024-04-23,Motilal Oswal,PORT-031,APAC,Settled,False,True,False
TRD-2024-00876,CLT0014,Temasek Holdings,INE018A01030,LARSEN,Larsen & Toubro Ltd,SELL,27400.0,3583.6,98190640.0,INR,2024-08-27,2024-08-29,Kotak Securities,PORT-028,APAC,Settled,False,True,False
TRD-2024-00877,CLT0003,SBI Life Insurance,INE154A01025,ITC,ITC Ltd,SELL,10262.0,460.3,4723598.6,INR,2024-02-01,2024-02-03,HDFC Securities,PORT-026,APAC,Settled,False,True,False
TRD-2024-00878,CLT0002,Aditya Birla Capital,INE467B01029,TCS,Tata Consultancy Services,SELL,1859.0,3724.51,6923864.09,INR,2024-04-10,2024-04-12,Nomura India,PORT-003,APAC,Settled,False,True,False
TRD-2024-00879,CLT0005,Kotak Mahindra AMC,INE296A01024,BAJFINANCE,Bajaj Finance Ltd,BUY,45318.0,7340.92,332675812.56,INR,2024-11-24,2024-11-26,Goldman Sachs India,PORT-037,APAC,Pending,False,True,False
TRD-2024-00880,CLT0011,BlackRock India Fund,INE296A01024,BAJFINANCE,Bajaj Finance Ltd,BUY,11516.0,7285.29,83897399.64,INR,2024-05-14,2024-05-16,Edelweiss,PORT-016,Americas,Cancelled,False,True,False
TRD-2024-00881,CLT0011,BlackRock India Fund,INE002A01018,RELIANCE,Reliance Industries Ltd,BUY,37901.0,2879.62,109140477.62,INR,2025-05-15,2025-05-17,Motilal Oswal,PORT-036,Americas,Settled,False,False,False
TRD-2024-00882,CLT0001,Tata Investment Corp,INE002A01018,RELIANCE,Reliance Industries Ltd,SELL,31943.0,2956.08,94426063.44,INR,2024-02-22,2024-02-24,Goldman Sachs India,PORT-030,APAC,Settled,False,True,False
TRD-2024-00883,CLT0006,LIC of India,INE040A01034,HDFCBANK,HDFC Bank Ltd,SELL,14916.0,1575.44,23499263.04,INR,2025-05-14,2025-05-16,Goldman Sachs India,PORT-039,APAC,Settled,False,True,False
TRD-2024-00884,CLT0014,Temasek Holdings,INE009A01021,INFY,Infosys Ltd,BUY,,1550.22,,INR,2024-02-16,2024-02-18,,PORT-037,APAC,Failed,False,True,False
TRD-2024-00885,CLT0003,SBI Life Insurance,INE020B01018,NTPC,NTPC Ltd,SELL,1940.0,368.15,714211.0,INR,2024-01-07,2024-01-09,Edelweiss,PORT-043,APAC,Settled,False,True,False
TRD-2024-00886,CLT0015,Norges Bank Investment Mgmt,INE585B01010,AXISBANK,Axis Bank Ltd,BUY,2247.0,1006.1,2260706.7,INR,2024-12-11,2024-12-13,Goldman Sachs India,PORT-024,EMEA,Pending,False,True,False
TRD-2024-00887,CLT0008,Nippon India MF,INE001A01036,SBIN,State Bank of India,BUY,39365.0,773.94,30466148.1,INR,2024-10-31,2024-11-02,Motilal Oswal,PORT-017,APAC,Pending,False,True,False
TRD-2024-00888,CLT0007,ICICI Prudential AMC,INE018A01030,LARSEN,Larsen & Toubro Ltd,SELL,43940.0,3704.18,162761669.2,INR,2024-01-29,2024-01-31,Motilal Oswal,PORT-008,APAC,Settled,False,True,True
TRD-2024-00889,CLT0010,Abu Dhabi Investment Auth,INE066A01021,ONGC,Oil & Natural Gas Corp,BUY,12398.0,262.94,3259930.12,INR,2025-04-24,2025-04-26,Zerodha Institutional,PORT-029,EMEA,Pending,False,True,False
TRD-2024-00890,CLT0007,ICICI Prudential AMC,INE018A01030,LARSEN,Larsen & Toubro Ltd,SELL,24959.0,3662.25,91406097.75,INR,2025-01-15,2025-01-17,Kotak Securities,PORT-034,APAC,Settled,False,True,False
TRD-2024-00891,CLT0009,Emirates NBD Asset Mgmt,INE721A01013,SUNPHARMA,Sun Pharmaceutical Ltd,BUY,23900.0,1683.52,40236128.0,INR,2024-11-11,2024-11-13,ICICI Direct,PORT-018,EMEA,Settled,False,True,False
TRD-2024-00892,CLT0008,Nippon India MF,INE001A01036,SBIN,State Bank of India,SELL,11301.0,763.09,8623680.09,INR,2024-01-24,2024-01-26,Motilal Oswal,PORT-017,APAC,Settled,False,True,False
TRD-2024-00893,CLT0008,Nippon India MF,INE075A01022,WIPRO,Wipro Ltd,SELL,24602.0,533.77,13131809.54,INR,2024-06-11,2024-06-13,ICICI Direct,PORT-007,APAC,Pending,False,False,False
TRD-2024-00894,CLT0007,ICICI Prudential AMC,INE038A01020,HINDALCO,Hindalco Industries Ltd,SELL,45515.0,683.87,31126343.05,INR,2025-05-07,2025-05-09,Nomura India,PORT-033,APAC,Settled,False,True,False
TRD-2024-00895,CLT0009,Emirates NBD Asset Mgmt,INE075A01022,WIPRO,Wipro Ltd,BUY,16009.0,512.56,8205573.04,INR,2024-10-22,2024-10-24,Zerodha Institutional,PORT-004,EMEA,Pending,False,True,False
TRD-2024-00896,CLT0014,Temasek Holdings,INE361B01024,HCLTECH,HCL Technologies Ltd,BUY,49865.0,1507.3,75161514.5,INR,2024-03-20,2024-03-22,Nomura India,PORT-017,APAC,Settled,False,False,False
TRD-2024-00897,CLT0003,SBI Life Insurance,INE154A01025,ITC,ITC Ltd,BUY,22051.0,481.35,10614248.85,INR,2024-05-31,2024-06-02,Goldman Sachs India,PORT-036,APAC,Pending,False,True,True
TRD-2024-00898,CLT0008,Nippon India MF,INE721A01013,SUNPHARMA,Sun Pharmaceutical Ltd,SELL,44866.0,1638.9,73530887.4,INR,2025-01-08,2025-01-10,Motilal Oswal,PORT-025,APAC,Settled,False,True,False
TRD-2024-00899,CLT0013,GIC Private Ltd Singapore,INE467B01029,TCS,Tata Consultancy Services,SELL,47355.0,3938.68,186516191.4,INR,2024-05-09,2024-05-11,HDFC Securities,PORT-006,APAC,Settled,False,True,False
TRD-2024-00900,CLT0003,SBI Life Insurance,INE040A01034,HDFCBANK,HDFC Bank Ltd,SELL,22653.0,1668.7,37801061.1,INR,2024-11-14,2024-11-16,Nomura India,PORT-029,APAC,Pending,False,True,False
TRD-2024-00901,CLT0008,Nippon India MF,INE018A01030,LARSEN,Larsen & Toubro Ltd,SELL,38745.0,3830.0,148393350.0,INR,2024-09-25,2024-09-27,Edelweiss,PORT-019,APAC,Settled,False,False,False
TRD-2024-00902,CLT0003,SBI Life Insurance,INE009A01021,INFY,Infosys Ltd,BUY,18295.0,1406.63,25734295.85,INR,2025-04-15,2025-04-17,Zerodha Institutional,PORT-027,APAC,Cancelled,False,True,False
TRD-2024-00903,CLT0012,Vanguard Emerging Markets,INE213A01029,MARUTI,Maruti Suzuki India Ltd,BUY,45672.0,12740.71,581893707.12,INR,2024-12-05,2024-12-07,Zerodha Institutional,PORT-017,Americas,Settled,False,True,False
TRD-2024-00904,CLT0013,GIC Private Ltd Singapore,INE090A01021,ICICIBANK,ICICI Bank Ltd,SELL,19407.0,1237.34,24013057.38,INR,2024-05-04,2024-05-06,Edelweiss,PORT-027,APAC,Settled,False,False,False
TRD-2024-00905,CLT0015,Norges Bank Investment Mgmt,INE117A01022,BHARTIARTL,Bharti Airtel Ltd,BUY,46319.0,1338.89,62016045.91,INR,2025-04-16,2025-04-18,Kotak Securities,PORT-030,EMEA,Settled,False,True,False
TRD-2024-00906,CLT0008,Nippon India MF,INE001A01036,SBIN,State Bank of India,BUY,6793.0,770.54,5234278.22,INR,2024-03-08,2024-03-10,Motilal Oswal,PORT-016,APAC,Settled,False,True,False
TRD-2024-00907,CLT0005,Kotak Mahindra AMC,INE020B01018,NTPC,NTPC Ltd,BUY,35285.0,356.9,12593216.5,INR,2024-11-28,2024-11-30,Goldman Sachs India,PORT-023,APAC,Settled,False,True,False
TRD-2024-00908,CLT0003,SBI Life Insurance,INE009A01021,INFY,Infosys Ltd,BUY,35725.0,1509.38,53922600.5,INR,2024-09-08,2024-09-10,Goldman Sachs India,PORT-035,APAC,Settled,False,True,True
TRD-2024-00909,CLT0007,ICICI Prudential AMC,INE721A01013,SUNPHARMA,Sun Pharmaceutical Ltd,SELL,40901.0,1740.78,71199642.78,INR,2024-06-18,2024-06-20,Zerodha Institutional,PORT-023,APAC,Settled,False,True,False
TRD-2024-00910,CLT0006,LIC of India,INE002A01018,RELIANCE,Reliance Industries Ltd,BUY,41287.0,2951.04,121839588.48,INR,2024-12-14,2024-12-16,HDFC Securities,PORT-005,APAC,Failed,False,True,False
TRD-2024-00911,CLT0010,Abu Dhabi Investment Auth,INE213A01029,MARUTI,Maruti Suzuki India Ltd,BUY,20815.0,13227.75,275335616.25,INR,2024-11-10,2024-11-12,Motilal Oswal,PORT-012,EMEA,Settled,False,False,False
TRD-2024-00912,CLT0011,BlackRock India Fund,INE721A01013,SUNPHARMA,Sun Pharmaceutical Ltd,SELL,2459.0,1651.16,4060202.44,INR,2024-01-23,2024-01-25,Zerodha Institutional,PORT-044,Americas,Settled,False,True,False
TRD-2024-00913,CLT0014,Temasek Holdings,INE009A01021,INFY,Infosys Ltd,BUY,,,,INR,2025-04-14,2025-04-16,,PORT-028,APAC,Failed,False,False,False
TRD-2024-00914,CLT0012,Vanguard Emerging Markets,INE414G01012,ADANIENT,Adani Enterprises Ltd,SELL,35826.0,2422.85,86801024.1,INR,2024-08-06,2024-08-08,Edelweiss,PORT-012,Americas,Settled,False,True,False
TRD-2024-00915,CLT0009,Emirates NBD Asset Mgmt,INE585B01010,AXISBANK,Axis Bank Ltd,BUY,512.0,1050.61,537912.32,INR,2025-04-12,2025-04-14,Zerodha Institutional,PORT-018,EMEA,Settled,False,True,False
TRD-2024-00916,CLT0014,Temasek Holdings,INE361B01024,HCLTECH,HCL Technologies Ltd,BUY,14640.0,1543.02,22589812.8,INR,2024-11-20,2024-11-22,Edelweiss,PORT-031,APAC,Settled,False,True,False
TRD-2024-00917,CLT0005,Kotak Mahindra AMC,INE154A01025,ITC,ITC Ltd,SELL,,471.71,,INR,2025-01-27,2025-01-29,,PORT-022,APAC,Settled,False,True,False
TRD-2024-00918,CLT0003,SBI Life Insurance,INE040A01034,HDFCBANK,HDFC Bank Ltd,BUY,30396.0,1574.74,47865797.04,INR,2024-11-21,2024-11-23,HDFC Securities,PORT-036,APAC,Settled,False,True,False
TRD-2024-00919,CLT0006,LIC of India,INE721A01013,SUNPHARMA,Sun Pharmaceutical Ltd,BUY,16783.0,1603.02,26903484.66,INR,2025-01-07,2025-01-09,Edelweiss,PORT-022,APAC,Settled,False,True,False
TRD-2024-00920,CLT0007,ICICI Prudential AMC,INE585B01010,AXISBANK,Axis Bank Ltd,SELL,30125.0,1065.67,32103308.75,INR,2024-05-30,2024-06-01,Goldman Sachs India,PORT-036,APAC,Settled,False,True,False
TRD-2024-00921,CLT0013,GIC Private Ltd Singapore,INE721A01013,SUNPHARMA,Sun Pharmaceutical Ltd,SELL,42365.0,1673.32,70890201.8,INR,2024-09-27,2024-09-29,Edelweiss,PORT-025,APAC,Settled,False,False,False
TRD-2024-00922,CLT0003,SBI Life Insurance,INE090A01021,ICICIBANK,ICICI Bank Ltd,SELL,32832.0,1270.52,41713712.64,INR,2024-04-16,2024-04-18,ICICI Direct,PORT-045,APAC,Settled,False,True,False
TRD-2024-00923,CLT0004,HDFC Pension Fund,INE414G01012,ADANIENT,Adani Enterprises Ltd,BUY,792.0,2489.01,1971295.92,INR,2024-08-04,2024-08-06,Motilal Oswal,PORT-021,APAC,Settled,False,True,False
TRD-2024-00924,CLT0010,Abu Dhabi Investment Auth,INE213A01029,MARUTI,Maruti Suzuki India Ltd,SELL,2182.0,12784.88,27896608.16,INR,2024-01-13,2024-01-15,Edelweiss,PORT-014,EMEA,Settled,False,True,False
TRD-2024-00925,CLT0008,Nippon India MF,INE585B01010,AXISBANK,Axis Bank Ltd,BUY,45569.0,1009.82,46016487.58,INR,2025-01-04,2025-01-06,ICICI Direct,PORT-049,APAC,Settled,False,True,False
TRD-2024-00926,CLT0002,Aditya Birla Capital,INE018A01030,LARSEN,Larsen & Toubro Ltd,BUY,21102.0,3792.75,80034610.5,INR,2024-10-07,2024-10-09,Kotak Securities,PORT-035,APAC,Settled,False,True,False
TRD-2024-00927,CLT0011,BlackRock India Fund,INE414G01012,ADANIENT,Adani Enterprises Ltd,SELL,,,,INR,2024-08-22,2024-08-24,,PORT-042,Americas,Settled,False,True,True
TRD-2024-00928,CLT0008,Nippon India MF,INE001A01036,SBIN,State Bank of India,SELL,24074.0,788.44,18980904.56,INR,2024-12-03,2024-12-05,Motilal Oswal,PORT-023,APAC,Failed,False,True,False
TRD-2024-00929,CLT0011,BlackRock India Fund,INE066A01021,ONGC,Oil & Natural Gas Corp,BUY,22552.0,265.25,5981918.0,INR,2024-11-28,2024-11-30,Nomura India,PORT-009,Americas,Settled,False,True,False
TRD-2024-00930,CLT0003,SBI Life Insurance,INE066A01021,ONGC,Oil & Natural Gas Corp,SELL,4969.0,271.6,1349580.4,INR,2024-11-15,2024-11-17,Edelweiss,PORT-009,APAC,Settled,False,True,False
TRD-2024-00931,CLT0003,SBI Life Insurance,INE040A01034,HDFCBANK,HDFC Bank Ltd,SELL,43926.0,1664.33,73107359.58,INR,2024-11-26,2024-11-28,ICICI Direct,PORT-026,APAC,Settled,False,True,False
TRD-2024-00932,CLT0012,Vanguard Emerging Markets,INE075A01022,WIPRO,Wipro Ltd,BUY,19719.0,537.28,10594624.32,INR,2024-07-10,2024-07-12,Motilal Oswal,PORT-021,Americas,Settled,False,True,False
TRD-2024-00933,CLT0008,Nippon India MF,INE154A01025,ITC,ITC Ltd,SELL,41431.0,459.69,19045416.39,INR,2024-11-14,2024-11-16,Zerodha Institutional,PORT-002,APAC,Settled,False,True,False
TRD-2024-00934,CLT0002,Aditya Birla Capital,INE296A01024,BAJFINANCE,Bajaj Finance Ltd,SELL,44874.0,7354.35,330019101.9,INR,2024-03-29,2024-03-31,HDFC Securities,PORT-048,APAC,Cancelled,False,True,False
TRD-2024-00935,CLT0013,GIC Private Ltd Singapore,INE075A01022,WIPRO,Wipro Ltd,BUY,28706.0,506.14,14529254.84,INR,2024-11-25,2024-11-27,Kotak Securities,PORT-037,APAC,Settled,False,True,False
TRD-2024-00936,CLT0010,Abu Dhabi Investment Auth,INE040A01034,HDFCBANK,HDFC Bank Ltd,SELL,47183.0,1673.53,78962165.99,INR,2024-03-25,2024-03-27,Edelweiss,PORT-038,EMEA,Settled,False,True,False
TRD-2024-00937,CLT0015,Norges Bank Investment Mgmt,INE018A01030,LARSEN,Larsen & Toubro Ltd,SELL,5902.0,3517.25,20758809.5,INR,2025-04-11,2025-04-13,HDFC Securities,PORT-021,EMEA,Settled,True,True,False
TRD-2024-00938,CLT0005,Kotak Mahindra AMC,INE467B01029,TCS,Tata Consultancy Services,BUY,19931.0,4014.48,80012600.88,INR,2025-01-08,2025-01-10,Edelweiss,PORT-031,APAC,Settled,False,True,False
TRD-2024-00939,CLT0004,HDFC Pension Fund,INE075A01022,WIPRO,Wipro Ltd,SELL,28117.0,522.44,14689445.48,INR,2024-02-14,2024-02-16,Motilal Oswal,PORT-009,APAC,Settled,False,True,False
TRD-2024-00940,CLT0005,Kotak Mahindra AMC,INE009A01021,INFY,Infosys Ltd,BUY,,1418.37,,INR,2024-04-24,2024-04-26,,PORT-038,APAC,Pending,False,True,False
TRD-2024-00941,CLT0010,Abu Dhabi Investment Auth,INE018A01030,LARSEN,Larsen & Toubro Ltd,BUY,36541.0,3666.44,133975384.04,INR,2024-09-27,2024-09-29,Nomura India,PORT-044,EMEA,Settled,False,True,False
TRD-2024-00942,CLT0003,SBI Life Insurance,INE031A01017,POWERGRID,Power Grid Corp of India,BUY,,317.39,,INR,2024-10-29,2024-10-31,,PORT-005,APAC,Settled,False,True,False
TRD-2024-00943,CLT0015,Norges Bank Investment Mgmt,INE296A01024,BAJFINANCE,Bajaj Finance Ltd,BUY,29084.0,7425.96,215976620.64,INR,2024-04-29,2024-05-01,Nomura India,PORT-032,EMEA,Settled,False,False,False
TRD-2024-00944,CLT0009,Emirates NBD Asset Mgmt,INE009A01021,INFY,Infosys Ltd,SELL,5675.0,1407.68,7988584.0,INR,2024-12-01,2024-12-03,ICICI Direct,PORT-040,EMEA,Settled,False,True,False
TRD-2024-00945,CLT0001,Tata Investment Corp,INE001A01036,SBIN,State Bank of India,BUY,7440.0,759.66,5651870.4,INR,2024-04-15,2024-04-17,Zerodha Institutional,PORT-018,APAC,Failed,False,True,True
TRD-2024-00946,CLT0006,LIC of India,INE020B01018,NTPC,NTPC Ltd,BUY,16883.0,374.2,6317618.6,INR,2024-08-31,2024-09-02,Kotak Securities,PORT-046,APAC,Settled,False,True,False
TRD-2024-00947,CLT0004,HDFC Pension Fund,INE414G01012,ADANIENT,Adani Enterprises Ltd,BUY,14917.0,2345.93,34994237.81,INR,2024-07-12,2024-07-14,ICICI Direct,PORT-026,APAC,Settled,False,True,False
TRD-2024-00948,CLT0013,GIC Private Ltd Singapore,INE009A01021,INFY,Infosys Ltd,BUY,42850.0,1549.92,66414072.0,INR,2024-12-09,2024-12-11,Kotak Securities,PORT-021,APAC,Settled,False,True,False
TRD-2024-00949,CLT0013,GIC Private Ltd Singapore,INE002A01018,RELIANCE,Reliance Industries Ltd,BUY,49887.0,2951.72,147252455.64,INR,2024-11-09,2024-11-11,Zerodha Institutional,PORT-004,APAC,Settled,False,True,False
TRD-2024-00950,CLT0007,ICICI Prudential AMC,INE018A01030,LARSEN,Larsen & Toubro Ltd,SELL,26484.0,3801.11,100668597.24,INR,2025-03-17,2025-03-19,Nomura India,PORT-044,APAC,Settled,False,True,False
TRD-2024-00951,CLT0006,LIC of India,INE296A01024,BAJFINANCE,Bajaj Finance Ltd,SELL,3984.0,6765.79,26954907.36,INR,2024-02-25,2024-02-27,Kotak Securities,PORT-002,APAC,Settled,False,True,False
TRD-2024-00952,CLT0014,Temasek Holdings,INE361B01024,HCLTECH,HCL Technologies Ltd,SELL,13069.0,1540.44,20132010.36,INR,2024-04-20,2024-04-22,Kotak Securities,PORT-049,APAC,Settled,False,True,False
TRD-2024-00953,CLT0006,LIC of India,INE361B01024,HCLTECH,HCL Technologies Ltd,BUY,40932.0,1639.29,67099418.28,INR,2024-03-28,2024-03-30,Kotak Securities,PORT-037,APAC,Settled,False,True,False
TRD-2024-00954,CLT0005,Kotak Mahindra AMC,INE361B01024,HCLTECH,HCL Technologies Ltd,BUY,45050.0,1560.07,70281153.5,INR,2025-04-29,2025-05-01,Edelweiss,PORT-021,APAC,Cancelled,False,True,False
TRD-2024-00955,CLT0014,Temasek Holdings,INE031A01017,POWERGRID,Power Grid Corp of India,SELL,1668.0,329.61,549789.48,INR,2025-04-15,2025-04-17,HDFC Securities,PORT-050,APAC,Settled,False,True,False
TRD-2024-00956,CLT0004,HDFC Pension Fund,INE361B01024,HCLTECH,HCL Technologies Ltd,SELL,12909.0,1563.63,20184899.67,INR,2024-10-15,2024-10-17,HDFC Securities,PORT-016,APAC,Settled,False,True,False
TRD-2024-00957,CLT0005,Kotak Mahindra AMC,INE414G01012,ADANIENT,Adani Enterprises Ltd,SELL,34105.0,2403.74,81979552.7,INR,2024-08-03,2024-08-05,Nomura India,PORT-048,APAC,Settled,False,True,False
TRD-2024-00958,CLT0006,LIC of India,INE009A01021,INFY,Infosys Ltd,BUY,2629.0,1465.25,3852142.25,INR,2024-02-24,2024-02-26,HDFC Securities,PORT-037,APAC,Settled,False,True,False
TRD-2024-00959,CLT0005,Kotak Mahindra AMC,INE721A01013,SUNPHARMA,Sun Pharmaceutical Ltd,BUY,33711.0,1613.38,54388653.18,INR,2025-01-18,2025-01-20,ICICI Direct,PORT-024,APAC,Settled,False,True,False
TRD-2024-00960,CLT0005,Kotak Mahindra AMC,INE117A01022,BHARTIARTL,Bharti Airtel Ltd,BUY,4863.0,1378.06,6701505.78,INR,2024-07-14,2024-07-16,Nomura India,PORT-002,APAC,Pending,False,True,False
TRD-2024-00961,CLT0006,LIC of India,INE075A01022,WIPRO,Wipro Ltd,SELL,49154.0,532.91,26194658.14,INR,2025-02-04,2025-02-06,Motilal Oswal,PORT-025,APAC,Cancelled,False,True,False
TRD-2024-00962,CLT0013,GIC Private Ltd Singapore,INE585B01010,AXISBANK,Axis Bank Ltd,SELL,33297.0,1076.57,35846551.29,INR,2025-04-18,2025-04-20,Zerodha Institutional,PORT-032,APAC,Settled,False,True,False
TRD-2024-00963,CLT0011,BlackRock India Fund,INE090A01021,ICICIBANK,ICICI Bank Ltd,SELL,18503.0,1300.99,24072217.97,INR,2025-03-09,2025-03-11,Nomura India,PORT-028,Americas,Settled,False,True,True
TRD-2024-00964,CLT0003,SBI Life Insurance,INE018A01030,LARSEN,Larsen & Toubro Ltd,SELL,42274.0,3824.99,161697627.26,INR,2024-03-18,2024-03-20,Zerodha Institutional,PORT-034,APAC,Settled,False,False,False
TRD-2024-00965,CLT0009,Emirates NBD Asset Mgmt,INE467B01029,TCS,Tata Consultancy Services,SELL,48842.0,4065.94,198588641.48,INR,2024-04-16,2024-04-18,Zerodha Institutional,PORT-035,EMEA,Settled,False,True,False
TRD-2024-00966,CLT0010,Abu Dhabi Investment Auth,INE414G01012,ADANIENT,Adani Enterprises Ltd,BUY,38469.0,2374.95,91361951.55,INR,2024-01-16,2024-01-18,ICICI Direct,PORT-027,EMEA,Settled,False,True,False
TRD-2024-00967,CLT0013,GIC Private Ltd Singapore,INE296A01024,BAJFINANCE,Bajaj Finance Ltd,SELL,45527.0,7306.41,332638928.07,INR,2025-03-14,2025-03-16,Kotak Securities,PORT-016,APAC,Settled,False,True,False
TRD-2024-00968,CLT0008,Nippon India MF,INE020B01018,NTPC,NTPC Ltd,SELL,2323.0,342.56,795766.88,INR,2024-08-03,2024-08-05,Edelweiss,PORT-046,APAC,Settled,False,True,False
TRD-2024-00969,CLT0010,Abu Dhabi Investment Auth,INE075A01022,WIPRO,Wipro Ltd,SELL,16817.0,508.82,8556825.94,INR,2025-01-18,2025-01-20,Edelweiss,PORT-019,EMEA,Settled,False,True,False
TRD-2024-00970,CLT0001,Tata Investment Corp,INE066A01021,ONGC,Oil & Natural Gas Corp,SELL,8647.0,269.32,2328810.04,INR,2024-03-27,2024-03-29,ICICI Direct,PORT-027,APAC,Failed,False,False,False
TRD-2024-00971,CLT0013,GIC Private Ltd Singapore,INE009A01021,INFY,Infosys Ltd,SELL,13514.0,1446.09,19542460.26,INR,2024-08-24,2024-08-26,Motilal Oswal,PORT-045,APAC,Settled,False,True,False
TRD-2024-00972,CLT0015,Norges Bank Investment Mgmt,INE213A01029,MARUTI,Maruti Suzuki India Ltd,BUY,36197.0,12451.78,450717080.66,INR,2024-03-24,2024-03-26,Goldman Sachs India,PORT-046,EMEA,Settled,False,True,True
TRD-2024-00973,CLT0011,BlackRock India Fund,INE414G01012,ADANIENT,Adani Enterprises Ltd,BUY,30582.0,2463.77,75347014.14,INR,2025-04-29,2025-05-01,Motilal Oswal,PORT-041,Americas,Settled,False,False,False
TRD-2024-00974,CLT0010,Abu Dhabi Investment Auth,INE585B01010,AXISBANK,Axis Bank Ltd,BUY,17832.0,1089.27,19423862.64,INR,2025-02-02,2025-02-04,Motilal Oswal,PORT-036,EMEA,Settled,False,True,False
TRD-2024-00975,CLT0015,Norges Bank Investment Mgmt,INE585B01010,AXISBANK,Axis Bank Ltd,SELL,46868.0,1034.31,48476041.08,INR,2024-03-17,2024-03-19,Zerodha Institutional,PORT-041,EMEA,Settled,False,True,False
TRD-2024-00976,CLT0004,HDFC Pension Fund,INE066A01021,ONGC,Oil & Natural Gas Corp,SELL,43251.0,269.78,11668254.78,INR,2024-10-11,2024-10-13,Kotak Securities,PORT-009,APAC,Settled,False,True,False
TRD-2024-00977,CLT0012,Vanguard Emerging Markets,INE020B01018,NTPC,NTPC Ltd,BUY,5525.0,354.3,1957507.5,INR,2024-10-13,2024-10-15,ICICI Direct,PORT-034,Americas,Pending,False,False,False
TRD-2024-00978,CLT0012,Vanguard Emerging Markets,INE038A01020,HINDALCO,Hindalco Industries Ltd,SELL,,,,INR,2025-04-24,2025-04-26,,PORT-037,Americas,Settled,False,True,False
TRD-2024-00979,CLT0002,Aditya Birla Capital,INE117A01022,BHARTIARTL,Bharti Airtel Ltd,SELL,16784.0,1373.57,23053998.88,INR,2024-11-28,2024-11-30,Zerodha Institutional,PORT-004,APAC,Settled,False,True,False
TRD-2024-00980,CLT0009,Emirates NBD Asset Mgmt,INE721A01013,SUNPHARMA,Sun Pharmaceutical Ltd,SELL,14051.0,1757.22,24690698.22,INR,2025-02-20,2025-02-22,Edelweiss,PORT-046,EMEA,Settled,False,True,False
TRD-2024-00981,CLT0015,Norges Bank Investment Mgmt,INE721A01013,SUNPHARMA,Sun Pharmaceutical Ltd,SELL,30147.0,1596.79,48138428.13,INR,2024-08-28,2024-08-30,ICICI Direct,PORT-041,EMEA,Settled,False,True,True
TRD-2024-00982,CLT0008,Nippon India MF,INE009A01021,INFY,Infosys Ltd,BUY,36184.0,1549.4,56063489.6,INR,2025-01-21,2025-01-23,Kotak Securities,PORT-040,APAC,Settled,False,True,False
TRD-2024-00983,CLT0014,Temasek Holdings,INE213A01029,MARUTI,Maruti Suzuki India Ltd,SELL,47215.0,13239.79,625116684.85,INR,2024-10-08,2024-10-10,Edelweiss,PORT-030,APAC,Settled,False,True,False
TRD-2024-00984,CLT0012,Vanguard Emerging Markets,INE154A01025,ITC,ITC Ltd,BUY,47107.0,441.8,20811872.6,INR,2024-01-08,2024-01-10,Goldman Sachs India,PORT-001,Americas,Pending,False,True,True
TRD-2024-00985,CLT0009,Emirates NBD Asset Mgmt,INE040A01034,HDFCBANK,HDFC Bank Ltd,BUY,32043.0,1623.27,52014440.61,INR,2024-02-01,2024-02-03,Nomura India,PORT-046,EMEA,Settled,False,True,False
TRD-2024-00986,CLT0001,Tata Investment Corp,INE075A01022,WIPRO,Wipro Ltd,BUY,32783.0,535.63,17559558.29,INR,2025-02-10,2025-02-12,Zerodha Institutional,PORT-018,APAC,Settled,False,True,False
TRD-2024-00987,CLT0003,SBI Life Insurance,INE020B01018,NTPC,NTPC Ltd,SELL,35543.0,357.85,12719062.55,INR,2024-07-28,2024-07-30,Nomura India,PORT-023,APAC,Settled,False,True,False
TRD-2024-00988,CLT0006,LIC of India,INE001A01036,SBIN,State Bank of India,SELL,20852.0,775.45,16169683.4,INR,2024-08-06,2024-08-08,Motilal Oswal,PORT-006,APAC,Settled,False,True,False
TRD-2024-00989,CLT0015,Norges Bank Investment Mgmt,INE031A01017,POWERGRID,Power Grid Corp of India,SELL,,,,INR,2024-06-28,2024-06-30,,PORT-003,EMEA,Settled,False,True,False
TRD-2024-00990,CLT0004,HDFC Pension Fund,INE075A01022,WIPRO,Wipro Ltd,SELL,11867.0,514.65,6107351.55,INR,2025-05-15,2025-05-17,HDFC Securities,PORT-048,APAC,Settled,False,True,False
TRD-2024-00991,CLT0013,GIC Private Ltd Singapore,INE066A01021,ONGC,Oil & Natural Gas Corp,SELL,14693.0,263.02,3864552.86,INR,2024-11-09,2024-11-11,Kotak Securities,PORT-030,APAC,Settled,False,True,True
TRD-2024-00992,CLT0011,BlackRock India Fund,INE117A01022,BHARTIARTL,Bharti Airtel Ltd,BUY,22055.0,1332.53,29388949.15,INR,2024-09-20,2024-09-22,HDFC Securities,PORT-018,Americas,Settled,False,True,False
TRD-2024-00993,CLT0001,Tata Investment Corp,INE361B01024,HCLTECH,HCL Technologies Ltd,BUY,31700.0,1621.09,51388553.0,INR,2024-10-21,2024-10-23,Kotak Securities,PORT-047,APAC,Pending,False,True,False
TRD-2024-00994,CLT0005,Kotak Mahindra AMC,INE213A01029,MARUTI,Maruti Suzuki India Ltd,BUY,12822.0,12334.08,158147573.76,INR,2024-08-10,2024-08-12,HDFC Securities,PORT-010,APAC,Settled,False,True,False
TRD-2024-00995,CLT0014,Temasek Holdings,INE038A01020,HINDALCO,Hindalco Industries Ltd,BUY,30597.0,636.23,19466729.31,INR,2025-02-06,2025-02-08,Zerodha Institutional,PORT-032,APAC,Settled,False,True,False
TRD-2024-00996,CLT0012,Vanguard Emerging Markets,INE040A01034,HDFCBANK,HDFC Bank Ltd,BUY,15135.0,1655.23,25051906.05,INR,2025-02-26,2025-02-28,Kotak Securities,PORT-001,Americas,Settled,False,True,False
TRD-2024-00997,CLT0004,HDFC Pension Fund,INE040A01034,HDFCBANK,HDFC Bank Ltd,BUY,48797.0,1611.21,78622214.37,INR,2024-05-16,2024-05-18,Zerodha Institutional,PORT-044,APAC,Settled,False,False,False
TRD-2024-00998,CLT0003,SBI Life Insurance,INE361B01024,HCLTECH,HCL Technologies Ltd,SELL,24160.0,1563.98,37785756.8,INR,2025-01-27,2025-01-29,Edelweiss,PORT-042,APAC,Settled,False,False,False
TRD-2024-00999,CLT0011,BlackRock India Fund,INE585B01010,AXISBANK,Axis Bank Ltd,SELL,6720.0,1059.71,7121251.2,INR,2025-02-14,2025-02-16,Edelweiss,PORT-049,Americas,Failed,False,True,False
TRD-2024-01000,CLT0012,Vanguard Emerging Markets,INE117A01022,BHARTIARTL,Bharti Airtel Ltd,BUY,42865.0,1407.77,60344061.05,INR,2024-05-31,2024-06-02,Edelweiss,PORT-020,Americas,Settled,False,True,False
TRD-2024-01001,CLT0001,Tata Investment Corp,INE361B01024,HCLTECH,HCL Technologies Ltd,BUY,30480.0,1599.07,48739653.6,INR,2024-03-21,2024-03-23,Edelweiss,PORT-014,APAC,Settled,False,True,False
TRD-2024-01002,CLT0012,Vanguard Emerging Markets,INE018A01030,LARSEN,Larsen & Toubro Ltd,SELL,34335.0,3660.7,125690134.5,INR,2024-11-11,2024-11-13,HDFC Securities,PORT-034,Americas,Cancelled,False,True,True
TRD-2024-01003,CLT0011,BlackRock India Fund,INE018A01030,LARSEN,Larsen & Toubro Ltd,SELL,40313.0,3799.72,153178112.36,INR,2024-08-27,2024-08-29,Zerodha Institutional,PORT-044,Americas,Settled,False,True,False
TRD-2024-01004,CLT0006,LIC of India,INE018A01030,LARSEN,Larsen & Toubro Ltd,SELL,49747.0,3679.8,183059010.6,INR,2024-12-11,2024-12-13,Edelweiss,PORT-050,APAC,Settled,False,True,False
TRD-2024-01005,CLT0007,ICICI Prudential AMC,INE117A01022,BHARTIARTL,Bharti Airtel Ltd,SELL,28568.0,1442.4,41206483.2,INR,2025-01-12,2025-01-14,Kotak Securities,PORT-026,APAC,Settled,False,True,False
TRD-2024-01006,CLT0003,SBI Life Insurance,INE009A01021,INFY,Infosys Ltd,SELL,37340.0,1491.4,55688876.0,INR,2024-09-29,2024-10-01,Edelweiss,PORT-047,APAC,Settled,False,True,False
TRD-2024-01007,CLT0002,Aditya Birla Capital,INE075A01022,WIPRO,Wipro Ltd,SELL,9709.0,538.54,5228684.86,INR,2024-07-14,2024-07-16,Edelweiss,PORT-023,APAC,Settled,False,False,False
TRD-2024-01008,CLT0015,Norges Bank Investment Mgmt,INE296A01024,BAJFINANCE,Bajaj Finance Ltd,SELL,15032.0,7168.57,107757944.24,INR,2024-05-11,2024-05-13,Motilal Oswal,PORT-001,EMEA,Settled,False,True,False
TRD-2024-01009,CLT0002,Aditya Birla Capital,INE213A01029,MARUTI,Maruti Suzuki India Ltd,SELL,28639.0,13156.73,376795590.47,INR,2024-11-30,2024-12-02,Goldman Sachs India,PORT-004,APAC,Settled,False,True,False
TRD-2024-01010,CLT0004,HDFC Pension Fund,INE009A01021,INFY,Infosys Ltd,BUY,43497.0,1427.68,62099796.96,INR,2025-02-17,2025-02-19,Nomura India,PORT-043,APAC,Settled,False,False,False
TRD-2024-01011,CLT0012,Vanguard Emerging Markets,INE117A01022,BHARTIARTL,Bharti Airtel Ltd,SELL,13527.0,1420.55,19215779.85,INR,2025-02-27,2025-03-01,Zerodha Institutional,PORT-019,Americas,Pending,False,True,False
TRD-2024-01012,CLT0002,Aditya Birla Capital,INE009A01021,INFY,Infosys Ltd,SELL,43847.0,1463.93,64188938.71,INR,2025-02-12,2025-02-14,Kotak Securities,PORT-039,APAC,Settled,False,True,False
TRD-2024-01013,CLT0005,Kotak Mahindra AMC,INE002A01018,RELIANCE,Reliance Industries Ltd,SELL,13723.0,2985.71,40972898.33,INR,2025-01-16,2025-01-18,Motilal Oswal,PORT-049,APAC,Settled,False,False,False
TRD-2024-01014,CLT0005,Kotak Mahindra AMC,INE296A01024,BAJFINANCE,Bajaj Finance Ltd,SELL,33791.0,6998.76,236495099.16,INR,2024-07-04,2024-07-06,ICICI Direct,PORT-031,APAC,Cancelled,False,True,False
TRD-2024-01015,CLT0013,GIC Private Ltd Singapore,INE002A01018,RELIANCE,Reliance Industries Ltd,BUY,32582.0,2735.07,89114050.74,INR,2024-07-31,2024-08-02,Edelweiss,PORT-041,APAC,Failed,False,True,False
TRD-2024-01016,CLT0005,Kotak Mahindra AMC,INE585B01010,AXISBANK,Axis Bank Ltd,SELL,27524.0,1043.21,28713312.04,INR,2024-10-21,2024-10-23,Goldman Sachs India,PORT-014,APAC,Settled,False,True,False
TRD-2024-01017,CLT0006,LIC of India,INE040A01034,HDFCBANK,HDFC Bank Ltd,SELL,,,,INR,2024-10-20,2024-10-22,,PORT-025,APAC,Settled,False,True,False
TRD-2024-01018,CLT0015,Norges Bank Investment Mgmt,INE361B01024,HCLTECH,HCL Technologies Ltd,SELL,48606.0,1572.0,76408632.0,INR,2024-02-16,2024-02-18,Zerodha Institutional,PORT-029,EMEA,Settled,False,True,False
TRD-2024-01019,CLT0012,Vanguard Emerging Markets,INE117A01022,BHARTIARTL,Bharti Airtel Ltd,SELL,40664.0,1350.29,54908192.56,INR,2024-01-21,2024-01-23,Edelweiss,PORT-004,Americas,Settled,False,True,False
TRD-2024-01020,CLT0005,Kotak Mahindra AMC,INE117A01022,BHARTIARTL,Bharti Airtel Ltd,SELL,25874.0,1432.01,37051826.74,INR,2025-05-02,2025-05-04,Zerodha Institutional,PORT-020,APAC,Settled,False,True,False
TRD-2024-01021,CLT0007,ICICI Prudential AMC,INE001A01036,SBIN,State Bank of India,BUY,7446.0,755.56,5625899.76,INR,2024-02-22,2024-02-24,Kotak Securities,PORT-016,APAC,Settled,False,True,True
TRD-2024-01022,CLT0015,Norges Bank Investment Mgmt,INE001A01036,SBIN,State Bank of India,SELL,27599.0,789.51,21789686.49,INR,2024-07-14,2024-07-16,Motilal Oswal,PORT-038,EMEA,Pending,False,True,False
TRD-2024-01023,CLT0015,Norges Bank Investment Mgmt,INE414G01012,ADANIENT,Adani Enterprises Ltd,SELL,48246.0,2551.43,123096291.78,INR,2024-03-03,2024-03-05,ICICI Direct,PORT-028,EMEA,Settled,False,True,True
TRD-2024-01024,CLT0007,ICICI Prudential AMC,INE585B01010,AXISBANK,Axis Bank Ltd,SELL,45893.0,1030.37,47286770.41,INR,2024-06-28,2024-06-30,ICICI Direct,PORT-041,APAC,Settled,False,True,False
TRD-2024-01025,CLT0003,SBI Life Insurance,INE467B01029,TCS,Tata Consultancy Services,SELL,34253.0,3960.05,135643592.65,INR,2024-04-20,2024-04-22,Nomura India,PORT-046,APAC,Settled,False,True,False
TRD-2024-01026,CLT0010,Abu Dhabi Investment Auth,INE001A01036,SBIN,State Bank of India,SELL,,,,INR,2025-03-17,2025-03-19,,PORT-022,EMEA,Pending,False,True,True
TRD-2024-01027,CLT0008,Nippon India MF,INE002A01018,RELIANCE,Reliance Industries Ltd,BUY,12182.0,2951.34,35953223.88,INR,2025-02-19,2025-02-21,ICICI Direct,PORT-035,APAC,Settled,False,True,False
TRD-2024-01028,CLT0015,Norges Bank Investment Mgmt,INE009A01021,INFY,Infosys Ltd,SELL,39918.0,1490.09,59481412.62,INR,2024-10-23,2024-10-25,Nomura India,PORT-041,EMEA,Pending,False,True,False
TRD-2024-01029,CLT0014,Temasek Holdings,INE031A01017,POWERGRID,Power Grid Corp of India,BUY,44129.0,324.86,14335746.94,INR,2025-02-19,2025-02-21,Nomura India,PORT-035,APAC,Settled,False,True,False
TRD-2024-01030,CLT0003,SBI Life Insurance,INE020B01018,NTPC,NTPC Ltd,BUY,35244.0,342.41,12067898.04,INR,2024-06-08,2024-06-10,Zerodha Institutional,PORT-046,APAC,Settled,False,False,False
TRD-2024-01031,CLT0007,ICICI Prudential AMC,INE066A01021,ONGC,Oil & Natural Gas Corp,BUY,32238.0,281.3,9068549.4,INR,2024-12-25,2024-12-27,ICICI Direct,PORT-010,APAC,Failed,False,True,True
TRD-2024-01032,CLT0010,Abu Dhabi Investment Auth,INE296A01024,BAJFINANCE,Bajaj Finance Ltd,SELL,37880.0,6995.64,264994843.2,INR,2025-05-07,2025-05-09,Motilal Oswal,PORT-003,EMEA,Settled,False,True,False
TRD-2024-01033,CLT0003,SBI Life Insurance,INE009A01021,INFY,Infosys Ltd,SELL,32607.0,1459.76,47598394.32,INR,2024-10-11,2024-10-13,Goldman Sachs India,PORT-017,APAC,Settled,False,True,False
TRD-2024-01034,CLT0015,Norges Bank Investment Mgmt,INE075A01022,WIPRO,Wipro Ltd,SELL,48639.0,500.83,24359870.37,INR,2024-01-17,2024-01-19,Kotak Securities,PORT-025,EMEA,Settled,False,False,False
TRD-2024-01035,CLT0014,Temasek Holdings,INE020B01018,NTPC,NTPC Ltd,BUY,11111.0,345.97,3844072.67,INR,2024-10-10,2024-10-12,ICICI Direct,PORT-035,APAC,Settled,False,True,False
TRD-2024-01036,CLT0014,Temasek Holdings,INE585B01010,AXISBANK,Axis Bank Ltd,BUY,12923.0,1003.73,12971202.79,INR,2024-06-15,2024-06-17,Goldman Sachs India,PORT-038,APAC,Settled,False,True,False
TRD-2024-01037,CLT0012,Vanguard Emerging Markets,INE467B01029,TCS,Tata Consultancy Services,SELL,43533.0,3857.61,167933336.13,INR,2024-08-08,2024-08-10,ICICI Direct,PORT-002,Americas,Pending,False,True,False
TRD-2024-01038,CLT0002,Aditya Birla Capital,INE117A01022,BHARTIARTL,Bharti Airtel Ltd,BUY,18987.0,1370.44,26020544.28,INR,2024-06-25,2024-06-27,HDFC Securities,PORT-049,APAC,Settled,False,True,False
TRD-2024-01039,CLT0001,Tata Investment Corp,INE117A01022,BHARTIARTL,Bharti Airtel Ltd,SELL,6864.0,1451.36,9962135.04,INR,2025-03-31,2025-04-02,Motilal Oswal,PORT-017,APAC,Settled,False,True,False
TRD-2024-01040,CLT0014,Temasek Holdings,INE009A01021,INFY,Infosys Ltd,SELL,6798.0,1443.98,9816176.04,INR,2025-02-15,2025-02-17,Zerodha Institutional,PORT-018,APAC,Settled,False,True,False
TRD-2024-01041,CLT0006,LIC of India,INE002A01018,RELIANCE,Reliance Industries Ltd,SELL,857.0,2875.83,2464586.31,INR,2025-02-19,2025-02-21,Kotak Securities,PORT-027,APAC,Pending,False,True,False
TRD-2024-01042,CLT0006,LIC of India,INE213A01029,MARUTI,Maruti Suzuki India Ltd,BUY,44943.0,12951.34,582072073.62,INR,2024-10-06,2024-10-08,Kotak Securities,PORT-032,APAC,Settled,False,True,False
TRD-2024-01043,CLT0011,BlackRock India Fund,INE018A01030,LARSEN,Larsen & Toubro Ltd,BUY,19128.0,3693.91,70657110.48,INR,2024-08-20,2024-08-22,Goldman Sachs India,PORT-028,Americas,Settled,False,True,False
TRD-2024-01044,CLT0010,Abu Dhabi Investment Auth,INE721A01013,SUNPHARMA,Sun Pharmaceutical Ltd,SELL,26723.0,1722.46,46029298.58,INR,2024-11-05,2024-11-07,Edelweiss,PORT-013,EMEA,Settled,False,True,False
TRD-2024-01045,CLT0007,ICICI Prudential AMC,INE154A01025,ITC,ITC Ltd,SELL,8191.0,463.58,3797183.78,INR,2024-05-30,2024-06-01,Edelweiss,PORT-038,APAC,Pending,False,True,False
TRD-2024-01046,CLT0003,SBI Life Insurance,INE154A01025,ITC,ITC Ltd,SELL,25533.0,445.69,11379802.77,INR,2025-01-23,2025-01-25,Nomura India,PORT-028,APAC,Settled,False,True,False
TRD-2024-01047,CLT0007,ICICI Prudential AMC,INE117A01022,BHARTIARTL,Bharti Airtel Ltd,SELL,31761.0,1410.91,44811912.51,INR,2024-03-04,2024-03-06,HDFC Securities,PORT-032,APAC,Settled,False,True,False
TRD-2024-01048,CLT0006,LIC of India,INE066A01021,ONGC,Oil & Natural Gas Corp,SELL,8759.0,262.07,2295471.13,INR,2025-01-02,2025-01-04,HDFC Securities,PORT-018,APAC,Settled,False,True,False
TRD-2024-01049,CLT0014,Temasek Holdings,INE117A01022,BHARTIARTL,Bharti Airtel Ltd,BUY,145.0,1392.92,201973.4,INR,2025-01-16,2025-01-18,Motilal Oswal,PORT-039,APAC,Settled,False,True,False
TRD-2024-01050,CLT0015,Norges Bank Investment Mgmt,INE040A01034,HDFCBANK,HDFC Bank Ltd,SELL,9943.0,1540.34,15315600.62,INR,2024-07-03,2024-07-05,Zerodha Institutional,PORT-022,EMEA,Settled,False,True,False
TRD-2024-01051,CLT0004,HDFC Pension Fund,INE066A01021,ONGC,Oil & Natural Gas Corp,SELL,1191.0,265.39,316079.49,INR,2025-05-06,2025-05-08,Motilal Oswal,PORT-043,APAC,Settled,False,True,False
TRD-2024-01052,CLT0005,Kotak Mahindra AMC,INE002A01018,RELIANCE,Reliance Industries Ltd,BUY,9726.0,2970.09,28887095.34,INR,2024-10-23,2024-10-25,Zerodha Institutional,PORT-047,APAC,Settled,False,False,False
TRD-2024-01053,CLT0008,Nippon India MF,INE009A01021,INFY,Infosys Ltd,SELL,2129.0,1525.5,3247789.5,INR,2024-10-02,2024-10-04,Zerodha Institutional,PORT-017,APAC,Settled,False,True,False
TRD-2024-01054,CLT0005,Kotak Mahindra AMC,INE414G01012,ADANIENT,Adani Enterprises Ltd,SELL,38880.0,2514.2,97752096.0,INR,2024-03-18,2024-03-20,Kotak Securities,PORT-049,APAC,Settled,False,True,False
TRD-2024-01055,CLT0011,BlackRock India Fund,INE585B01010,AXISBANK,Axis Bank Ltd,BUY,14322.0,1049.17,15026212.74,INR,2025-04-26,2025-04-28,ICICI Direct,PORT-033,Americas,Settled,True,True,False
TRD-2024-01056,CLT0008,Nippon India MF,INE117A01022,BHARTIARTL,Bharti Airtel Ltd,BUY,20464.0,1343.1,27485198.4,INR,2024-07-28,2024-07-30,Nomura India,PORT-014,APAC,Settled,False,True,False
TRD-2024-01057,CLT0009,Emirates NBD Asset Mgmt,INE066A01021,ONGC,Oil & Natural Gas Corp,BUY,27429.0,262.26,7193529.54,INR,2024-12-25,2024-12-27,HDFC Securities,PORT-013,EMEA,Settled,False,True,False
TRD-2024-01058,CLT0006,LIC of India,INE721A01013,SUNPHARMA,Sun Pharmaceutical Ltd,SELL,49111.0,1627.19,79912928.09,INR,2024-11-23,2024-11-25,ICICI Direct,PORT-005,APAC,Pending,False,True,False
TRD-2024-01059,CLT0006,LIC of India,INE361B01024,HCLTECH,HCL Technologies Ltd,BUY,21800.0,1508.28,32880504.0,INR,2024-05-07,2024-05-09,Zerodha Institutional,PORT-036,APAC,Settled,False,False,False
TRD-2024-01060,CLT0012,Vanguard Emerging Markets,INE090A01021,ICICIBANK,ICICI Bank Ltd,SELL,26098.0,1236.63,32273569.74,INR,2024-07-13,2024-07-15,Kotak Securities,PORT-035,Americas,Settled,False,True,False
TRD-2024-01061,CLT0008,Nippon India MF,INE038A01020,HINDALCO,Hindalco Industries Ltd,SELL,5279.0,674.72,3561846.88,INR,2024-03-07,2024-03-09,,PORT-021,APAC,Settled,False,True,False
TRD-2024-01062,CLT0012,Vanguard Emerging Markets,INE117A01022,BHARTIARTL,Bharti Airtel Ltd,SELL,39695.0,1346.85,53463210.75,INR,2024-07-09,2024-07-11,HDFC Securities,PORT-026,Americas,Settled,False,True,False
TRD-2024-01063,CLT0001,Tata Investment Corp,INE009A01021,INFY,Infosys Ltd,SELL,17357.0,1438.54,24968738.78,INR,2024-11-21,2024-11-23,Nomura India,PORT-006,APAC,Settled,False,True,False
TRD-2024-01064,CLT0015,Norges Bank Investment Mgmt,INE018A01030,LARSEN,Larsen & Toubro Ltd,SELL,20146.0,3596.17,72448440.82,INR,2024-08-24,2024-08-26,Zerodha Institutional,PORT-014,EMEA,Settled,False,True,True
TRD-2024-01065,CLT0013,GIC Private Ltd Singapore,INE467B01029,TCS,Tata Consultancy Services,SELL,14962.0,3813.02,57050405.24,INR,2024-05-04,2024-05-06,Goldman Sachs India,PORT-011,APAC,Settled,False,True,True
TRD-2024-01066,CLT0010,Abu Dhabi Investment Auth,INE040A01034,HDFCBANK,HDFC Bank Ltd,BUY,41596.0,1588.01,66054863.96,INR,2024-05-30,2024-06-01,Goldman Sachs India,PORT-024,EMEA,Settled,False,True,False
TRD-2024-01067,CLT0015,Norges Bank Investment Mgmt,INE213A01029,MARUTI,Maruti Suzuki India Ltd,BUY,48181.0,12839.27,618608867.87,INR,2024-09-16,2024-09-18,Goldman Sachs India,PORT-033,EMEA,Settled,False,False,False
TRD-2024-01068,CLT0005,Kotak Mahindra AMC,INE154A01025,ITC,ITC Ltd,BUY,24109.0,468.38,11292173.42,INR,2024-03-19,2024-03-21,Zerodha Institutional,PORT-030,APAC,Settled,False,True,False
TRD-2024-01069,CLT0004,HDFC Pension Fund,INE721A01013,SUNPHARMA,Sun Pharmaceutical Ltd,BUY,13905.0,1632.02,22693238.1,INR,2024-03-23,2024-03-25,Edelweiss,PORT-017,APAC,Settled,False,True,False
TRD-2024-01070,CLT0015,Norges Bank Investment Mgmt,INE296A01024,BAJFINANCE,Bajaj Finance Ltd,BUY,20560.0,7264.6,149360176.0,INR,2025-03-25,2025-03-27,Zerodha Institutional,PORT-026,EMEA,Settled,False,True,False
TRD-2024-01071,CLT0014,Temasek Holdings,INE090A01021,ICICIBANK,ICICI Bank Ltd,BUY,30183.0,1180.23,35622882.09,INR,2024-07-25,2024-07-27,Edelweiss,PORT-026,APAC,Settled,False,True,False
TRD-2024-01072,CLT0003,SBI Life Insurance,INE154A01025,ITC,ITC Ltd,BUY,36120.0,481.39,17387806.8,INR,2024-03-02,2024-03-04,HDFC Securities,PORT-008,APAC,Settled,False,True,False
TRD-2024-01073,CLT0003,SBI Life Insurance,INE361B01024,HCLTECH,HCL Technologies Ltd,BUY,31607.0,1588.78,50216569.46,INR,2024-05-13,2024-05-15,Nomura India,PORT-017,APAC,Settled,False,True,False
TRD-2024-01074,CLT0003,SBI Life Insurance,INE721A01013,SUNPHARMA,Sun Pharmaceutical Ltd,SELL,42295.0,1694.49,71668454.55,INR,2025-03-05,2025-03-07,Kotak Securities,PORT-026,APAC,Settled,False,True,False
TRD-2024-01075,CLT0005,Kotak Mahindra AMC,INE066A01021,ONGC,Oil & Natural Gas Corp,BUY,6293.0,261.41,1645053.13,INR,2024-05-09,2024-05-11,Zerodha Institutional,PORT-022,APAC,Settled,False,True,False
TRD-2024-01076,CLT0007,ICICI Prudential AMC,INE009A01021,INFY,Infosys Ltd,BUY,34234.0,1503.36,51466026.24,INR,2025-05-17,2025-05-19,Edelweiss,PORT-007,APAC,Settled,False,True,False
TRD-2024-01077,CLT0001,Tata Investment Corp,INE585B01010,AXISBANK,Axis Bank Ltd,SELL,36625.0,1069.13,39156886.25,INR,2024-08-30,2024-09-01,Motilal Oswal,PORT-036,APAC,Settled,False,True,False
TRD-2024-01078,CLT0006,LIC of India,INE038A01020,HINDALCO,Hindalco Industries Ltd,BUY,5550.0,672.49,3732319.5,INR,2025-01-07,2025-01-09,Edelweiss,PORT-048,APAC,Cancelled,False,True,False
TRD-2024-01079,CLT0004,HDFC Pension Fund,INE090A01021,ICICIBANK,ICICI Bank Ltd,BUY,4900.0,1255.21,6150529.0,INR,2024-09-12,2024-09-14,ICICI Direct,PORT-014,APAC,Settled,False,False,False
TRD-2024-01080,CLT0008,Nippon India MF,INE031A01017,POWERGRID,Power Grid Corp of India,SELL,11717.0,314.65,3686754.05,INR,2024-08-24,2024-08-26,Goldman Sachs India,PORT-032,APAC,Settled,False,True,False
TRD-2024-01081,CLT0006,LIC of India,INE296A01024,BAJFINANCE,Bajaj Finance Ltd,SELL,5952.0,7089.72,42198013.44,INR,2024-10-31,2024-11-02,Zerodha Institutional,PORT-050,APAC,Pending,False,False,False
TRD-2024-01082,CLT0004,HDFC Pension Fund,INE721A01013,SUNPHARMA,Sun Pharmaceutical Ltd,BUY,28434.0,1728.15,49138217.1,INR,2025-03-13,2025-03-15,Kotak Securities,PORT-044,APAC,Pending,False,True,False
TRD-2024-01083,CLT0005,Kotak Mahindra AMC,INE040A01034,HDFCBANK,HDFC Bank Ltd,BUY,5014.0,1552.28,7783131.92,INR,2024-11-08,2024-11-10,Kotak Securities,PORT-020,APAC,Settled,False,True,False
TRD-2024-01084,CLT0002,Aditya Birla Capital,INE018A01030,LARSEN,Larsen & Toubro Ltd,BUY,49785.0,3494.72,173984635.2,INR,2024-10-26,2024-10-28,Kotak Securities,PORT-047,APAC,Settled,False,True,False
TRD-2024-01085,CLT0013,GIC Private Ltd Singapore,INE090A01021,ICICIBANK,ICICI Bank Ltd,SELL,46239.0,1253.09,57941628.51,INR,2024-06-08,2024-06-10,ICICI Direct,PORT-022,APAC,Cancelled,False,True,False
TRD-2024-01086,CLT0004,HDFC Pension Fund,INE117A01022,BHARTIARTL,Bharti Airtel Ltd,SELL,40279.0,1450.97,58443620.63,INR,2024-07-14,2024-07-16,Nomura India,PORT-029,APAC,Settled,False,True,False
TRD-2024-01087,CLT0003,SBI Life Insurance,INE075A01022,WIPRO,Wipro Ltd,BUY,30120.0,503.42,15163010.4,INR,2024-06-05,2024-06-07,Kotak Securities,PORT-024,APAC,Settled,False,True,False
TRD-2024-01088,CLT0013,GIC Private Ltd Singapore,INE090A01021,ICICIBANK,ICICI Bank Ltd,SELL,40761.0,1300.04,52990930.44,INR,2024-02-23,2024-02-25,Edelweiss,PORT-024,APAC,Pending,False,True,False
TRD-2024-01089,CLT0011,BlackRock India Fund,INE020B01018,NTPC,NTPC Ltd,SELL,566.0,346.27,195988.82,INR,2024-12-14,2024-12-16,ICICI Direct,PORT-030,Americas,Settled,False,True,False
TRD-2024-01090,CLT0009,Emirates NBD Asset Mgmt,INE213A01029,MARUTI,Maruti Suzuki India Ltd,BUY,38519.0,12702.73,489296456.87,INR,2024-06-23,2024-06-25,Nomura India,PORT-049,EMEA,Settled,False,True,False
TRD-2024-01091,CLT0014,Temasek Holdings,INE020B01018,NTPC,NTPC Ltd,BUY,22825.0,360.03,8217684.75,INR,2025-05-19,2025-05-21,Motilal Oswal,PORT-014,APAC,Failed,False,False,False
TRD-2024-01092,CLT0007,ICICI Prudential AMC,INE090A01021,ICICIBANK,ICICI Bank Ltd,SELL,3446.0,1198.86,4131271.56,INR,2024-04-12,2024-04-14,Goldman Sachs India,PORT-043,APAC,Settled,False,True,False
TRD-2024-01093,CLT0010,Abu Dhabi Investment Auth,INE090A01021,ICICIBANK,ICICI Bank Ltd,SELL,34063.0,1233.11,42003425.93,INR,2025-01-14,2025-01-16,Motilal Oswal,PORT-038,EMEA,Settled,False,True,False
TRD-2024-01094,CLT0001,Tata Investment Corp,INE585B01010,AXISBANK,Axis Bank Ltd,SELL,29155.0,1092.75,31859126.25,INR,2025-03-18,2025-03-20,HDFC Securities,PORT-017,APAC,Settled,False,True,False
TRD-2024-01095,CLT0006,LIC of India,INE002A01018,RELIANCE,Reliance Industries Ltd,SELL,44613.0,2944.55,131365209.15,INR,2024-09-25,2024-09-27,Zerodha Institutional,PORT-042,APAC,Settled,False,True,False
TRD-2024-01096,CLT0008,Nippon India MF,INE066A01021,ONGC,Oil & Natural Gas Corp,SELL,36404.0,279.91,10189843.64,INR,2024-01-17,2024-01-19,Kotak Securities,PORT-024,APAC,Settled,False,True,False
TRD-2024-01097,CLT0010,Abu Dhabi Investment Auth,INE117A01022,BHARTIARTL,Bharti Airtel Ltd,BUY,12324.0,1420.8,17509939.2,INR,2024-03-02,2024-03-04,Nomura India,PORT-020,EMEA,Cancelled,False,True,False
TRD-2024-01098,CLT0015,Norges Bank Investment Mgmt,INE002A01018,RELIANCE,Reliance Industries Ltd,SELL,14610.0,2838.2,41466102.0,INR,2024-01-29,2024-01-31,Motilal Oswal,PORT-006,EMEA,Settled,False,True,False
TRD-2024-01099,CLT0003,SBI Life Insurance,INE090A01021,ICICIBANK,ICICI Bank Ltd,BUY,20693.0,1190.82,24641638.26,INR,2025-02-14,2025-02-16,Nomura India,PORT-024,APAC,Settled,False,True,False
TRD-2024-01100,CLT0007,ICICI Prudential AMC,INE296A01024,BAJFINANCE,Bajaj Finance Ltd,BUY,19194.0,7401.41,142062663.54,INR,2024-08-27,2024-08-29,Motilal Oswal,PORT-045,APAC,Cancelled,False,False,False
TRD-2024-01101,CLT0008,Nippon India MF,INE040A01034,HDFCBANK,HDFC Bank Ltd,BUY,14413.0,1676.82,24168006.66,INR,2025-05-02,2025-05-04,Zerodha Institutional,PORT-037,APAC,Settled,False,True,False
TRD-2024-01102,CLT0011,BlackRock India Fund,INE040A01034,HDFCBANK,HDFC Bank Ltd,SELL,,,,INR,2024-02-15,2024-02-17,,PORT-032,Americas,Settled,False,True,False
TRD-2024-01103,CLT0010,Abu Dhabi Investment Auth,INE018A01030,LARSEN,Larsen & Toubro Ltd,SELL,7635.0,3610.49,27566091.15,INR,2025-05-15,2025-05-17,Goldman Sachs India,PORT-031,EMEA,Settled,False,True,False
TRD-2024-01104,CLT0008,Nippon India MF,INE002A01018,RELIANCE,Reliance Industries Ltd,SELL,5814.0,2782.62,16178152.68,INR,2024-04-20,2024-04-22,Edelweiss,PORT-018,APAC,Settled,False,True,False
TRD-2024-01105,CLT0007,ICICI Prudential AMC,INE002A01018,RELIANCE,Reliance Industries Ltd,SELL,43922.0,2923.36,128399817.92,INR,2024-11-24,2024-11-26,Kotak Securities,PORT-012,APAC,Settled,True,True,False
TRD-2024-01106,CLT0014,Temasek Holdings,INE001A01036,SBIN,State Bank of India,SELL,49659.0,777.69,38619307.71,INR,2024-09-03,2024-09-05,ICICI Direct,PORT-011,APAC,Settled,False,True,False
TRD-2024-01107,CLT0010,Abu Dhabi Investment Auth,INE296A01024,BAJFINANCE,Bajaj Finance Ltd,BUY,8447.0,6878.2,58100155.4,INR,2024-08-24,2024-08-26,Motilal Oswal,PORT-044,EMEA,Settled,False,True,False
TRD-2024-01108,CLT0009,Emirates NBD Asset Mgmt,INE020B01018,NTPC,NTPC Ltd,SELL,32903.0,358.05,11780919.15,INR,2024-06-20,2024-06-22,Kotak Securities,PORT-032,EMEA,Settled,False,True,False
TRD-2024-01109,CLT0001,Tata Investment Corp,INE066A01021,ONGC,Oil & Natural Gas Corp,BUY,2063.0,278.6,,INR,2024-05-16,2024-05-18,,PORT-030,APAC,Settled,False,True,False
TRD-2024-01110,CLT0005,Kotak Mahindra AMC,INE038A01020,HINDALCO,Hindalco Industries Ltd,SELL,,,,INR,2025-02-16,2025-02-18,,PORT-034,APAC,Pending,False,True,False
TRD-2024-01111,CLT0005,Kotak Mahindra AMC,INE001A01036,SBIN,State Bank of India,SELL,45326.0,793.91,35984764.66,INR,2025-03-20,2025-03-22,HDFC Securities,PORT-031,APAC,Settled,False,True,False
TRD-2024-01112,CLT0004,HDFC Pension Fund,INE414G01012,ADANIENT,Adani Enterprises Ltd,BUY,43564.0,2520.04,109783022.56,INR,2025-02-15,2025-02-17,ICICI Direct,PORT-028,APAC,Settled,False,True,False
TRD-2024-01113,CLT0010,Abu Dhabi Investment Auth,INE090A01021,ICICIBANK,ICICI Bank Ltd,SELL,17608.0,1288.21,22682801.68,INR,2024-10-09,2024-10-11,Edelweiss,PORT-048,EMEA,Settled,True,False,False
TRD-2024-01114,CLT0012,Vanguard Emerging Markets,INE040A01034,HDFCBANK,HDFC Bank Ltd,SELL,,,,INR,2024-08-11,2024-08-13,,PORT-022,Americas,Settled,False,True,False
TRD-2024-01115,CLT0003,SBI Life Insurance,INE066A01021,ONGC,Oil & Natural Gas Corp,BUY,,279.0,,INR,2024-11-28,2024-11-30,,PORT-039,APAC,Failed,False,True,False
TRD-2024-01116,CLT0005,Kotak Mahindra AMC,INE002A01018,RELIANCE,Reliance Industries Ltd,BUY,16214.0,2809.59,45554692.26,INR,2025-05-08,2025-05-10,Kotak Securities,PORT-016,APAC,Settled,False,True,False
TRD-2024-01117,CLT0001,Tata Investment Corp,INE090A01021,ICICIBANK,ICICI Bank Ltd,BUY,11896.0,1262.64,15020365.44,INR,2024-04-16,2024-04-18,ICICI Direct,PORT-010,APAC,Pending,False,True,True
TRD-2024-01118,CLT0009,Emirates NBD Asset Mgmt,INE001A01036,SBIN,State Bank of India,BUY,1541.0,763.79,1177000.39,INR,2024-04-12,2024-04-14,HDFC Securities,PORT-045,EMEA,Settled,False,True,False
TRD-2024-01119,CLT0001,Tata Investment Corp,INE154A01025,ITC,ITC Ltd,BUY,19823.0,466.32,9243861.36,INR,2024-03-04,2024-03-06,Zerodha Institutional,PORT-004,APAC,Pending,False,True,False
TRD-2024-01120,CLT0015,Norges Bank Investment Mgmt,INE296A01024,BAJFINANCE,Bajaj Finance Ltd,SELL,29162.0,7282.11,212360891.82,INR,2024-09-05,2024-09-07,Zerodha Institutional,PORT-038,EMEA,Pending,False,True,False
TRD-2024-01121,CLT0002,Aditya Birla Capital,INE001A01036,SBIN,State Bank of India,SELL,15612.0,782.05,12209364.6,INR,2024-02-23,2024-02-25,HDFC Securities,PORT-032,APAC,Settled,False,True,False
TRD-2024-01122,CLT0009,Emirates NBD Asset Mgmt,INE213A01029,MARUTI,Maruti Suzuki India Ltd,SELL,8718.0,12911.21,112559928.78,INR,2025-03-20,2025-03-22,Edelweiss,PORT-012,EMEA,Pending,False,True,False
TRD-2024-01123,CLT0001,Tata Investment Corp,INE038A01020,HINDALCO,Hindalco Industries Ltd,BUY,22155.0,686.75,,INR,2024-10-29,2024-10-31,,PORT-033,APAC,Settled,False,True,False
TRD-2024-01124,CLT0011,BlackRock India Fund,INE001A01036,SBIN,State Bank of India,SELL,17257.0,798.86,13785927.02,INR,2024-08-20,2024-08-22,Edelweiss,PORT-001,Americas,Pending,False,True,False
TRD-2024-01125,CLT0005,Kotak Mahindra AMC,INE467B01029,TCS,Tata Consultancy Services,SELL,48406.0,3735.94,180841911.64,INR,2024-10-19,2024-10-21,Motilal Oswal,PORT-027,APAC,Settled,False,False,True
TRD-2024-01126,CLT0013,GIC Private Ltd Singapore,INE213A01029,MARUTI,Maruti Suzuki India Ltd,SELL,22819.0,13163.33,300374027.27,INR,2024-11-03,2024-11-05,Zerodha Institutional,PORT-024,APAC,Pending,False,True,True
TRD-2024-01127,CLT0013,GIC Private Ltd Singapore,INE154A01025,ITC,ITC Ltd,BUY,29370.0,462.15,13573345.5,INR,2024-06-17,2024-06-19,Goldman Sachs India,PORT-041,APAC,Settled,False,True,False
TRD-2024-01128,CLT0003,SBI Life Insurance,INE066A01021,ONGC,Oil & Natural Gas Corp,SELL,46502.0,259.67,12075174.34,INR,2024-04-21,2024-04-23,Motilal Oswal,PORT-048,APAC,Settled,False,True,False
TRD-2024-01129,CLT0015,Norges Bank Investment Mgmt,INE040A01034,HDFCBANK,HDFC Bank Ltd,BUY,32439.0,1549.06,50249957.34,INR,2024-05-25,2024-05-27,Edelweiss,PORT-039,EMEA,Cancelled,False,True,False
TRD-2024-01130,CLT0007,ICICI Prudential AMC,INE213A01029,MARUTI,Maruti Suzuki India Ltd,SELL,17476.0,13340.19,233133160.44,INR,2025-03-08,2025-03-10,Nomura India,PORT-009,APAC,Settled,False,True,False
TRD-2024-01131,CLT0015,Norges Bank Investment Mgmt,INE020B01018,NTPC,NTPC Ltd,BUY,10195.0,353.88,3607806.6,INR,2024-10-27,2024-10-29,Kotak Securities,PORT-011,EMEA,Settled,False,True,False
TRD-2024-01132,CLT0003,SBI Life Insurance,INE002A01018,RELIANCE,Reliance Industries Ltd,SELL,19834.0,2742.82,54401091.88,INR,2024-03-20,2024-03-22,Goldman Sachs India,PORT-010,APAC,Settled,False,True,True
TRD-2024-01133,CLT0008,Nippon India MF,INE721A01013,SUNPHARMA,Sun Pharmaceutical Ltd,SELL,7517.0,1712.5,12872862.5,INR,2024-04-13,2024-04-15,Kotak Securities,PORT-004,APAC,Settled,False,True,False
TRD-2024-01134,CLT0006,LIC of India,INE721A01013,SUNPHARMA,Sun Pharmaceutical Ltd,SELL,23407.0,1700.58,39805476.06,INR,2024-06-21,2024-06-23,Nomura India,PORT-012,APAC,Failed,False,True,False
TRD-2024-01135,CLT0012,Vanguard Emerging Markets,INE296A01024,BAJFINANCE,Bajaj Finance Ltd,BUY,24545.0,7308.98,179398914.1,INR,2025-04-20,2025-04-22,Nomura India,PORT-027,Americas,Settled,False,True,False
TRD-2024-01136,CLT0013,GIC Private Ltd Singapore,INE002A01018,RELIANCE,Reliance Industries Ltd,SELL,48846.0,2872.95,140332115.7,INR,2024-01-16,2024-01-18,Kotak Securities,PORT-019,APAC,Settled,False,True,False
TRD-2024-01137,CLT0010,Abu Dhabi Investment Auth,INE020B01018,NTPC,NTPC Ltd,SELL,10498.0,345.37,3625694.26,INR,2025-01-02,2025-01-04,Zerodha Institutional,PORT-015,EMEA,Settled,False,True,False
TRD-2024-01138,CLT0015,Norges Bank Investment Mgmt,INE585B01010,AXISBANK,Axis Bank Ltd,BUY,43893.0,1068.9,46917227.7,INR,2024-01-19,2024-01-21,Edelweiss,PORT-042,EMEA,Settled,False,True,False
TRD-2024-01139,CLT0004,HDFC Pension Fund,INE361B01024,HCLTECH,HCL Technologies Ltd,BUY,39239.0,1513.37,59383125.43,INR,2024-02-25,2024-02-27,HDFC Securities,PORT-003,APAC,Settled,False,True,False
TRD-2024-01140,CLT0003,SBI Life Insurance,INE585B01010,AXISBANK,Axis Bank Ltd,BUY,37499.0,1043.01,39111831.99,INR,2024-09-12,2024-09-14,Kotak Securities,PORT-043,APAC,Settled,False,True,False
TRD-2024-01141,CLT0005,Kotak Mahindra AMC,INE075A01022,WIPRO,Wipro Ltd,BUY,36773.0,521.68,19183738.64,INR,2024-04-18,2024-04-20,Goldman Sachs India,PORT-034,APAC,Settled,False,True,False
TRD-2024-01142,CLT0009,Emirates NBD Asset Mgmt,INE585B01010,AXISBANK,Axis Bank Ltd,SELL,8954.0,1075.11,9626534.94,INR,2024-10-05,2024-10-07,ICICI Direct,PORT-012,EMEA,Settled,False,True,False
TRD-2024-01143,CLT0001,Tata Investment Corp,INE090A01021,ICICIBANK,ICICI Bank Ltd,BUY,47805.0,1279.21,61152634.05,INR,2024-06-06,2024-06-08,Motilal Oswal,PORT-030,APAC,Settled,False,True,False
TRD-2024-01144,CLT0006,LIC of India,INE020B01018,NTPC,NTPC Ltd,SELL,26738.0,350.63,9375144.94,INR,2024-10-31,2024-11-02,ICICI Direct,PORT-044,APAC,Settled,False,True,False
TRD-2024-01145,CLT0005,Kotak Mahindra AMC,INE018A01030,LARSEN,Larsen & Toubro Ltd,BUY,20488.0,3609.18,73944879.84,INR,2024-08-16,2024-08-18,Motilal Oswal,PORT-025,APAC,Pending,False,True,False
TRD-2024-01146,CLT0007,ICICI Prudential AMC,INE001A01036,SBIN,State Bank of India,BUY,6119.0,804.21,4920960.99,INR,2024-06-18,2024-06-20,Motilal Oswal,PORT-042,APAC,Settled,False,True,False
TRD-2024-01147,CLT0013,GIC Private Ltd Singapore,INE117A01022,BHARTIARTL,Bharti Airtel Ltd,BUY,36506.0,1450.99,52969840.94,INR,2025-02-16,2025-02-18,Nomura India,PORT-025,APAC,Settled,False,True,False
TRD-2024-01148,CLT0011,BlackRock India Fund,INE467B01029,TCS,Tata Consultancy Services,BUY,9216.0,3950.0,36403200.0,INR,2025-02-08,2025-02-10,HDFC Securities,PORT-018,Americas,Settled,False,True,True
TRD-2024-01149,CLT0001,Tata Investment Corp,INE414G01012,ADANIENT,Adani Enterprises Ltd,BUY,15199.0,2446.56,37185265.44,INR,2024-10-12,2024-10-14,Nomura India,PORT-044,APAC,Settled,False,True,False
TRD-2024-01150,CLT0013,GIC Private Ltd Singapore,INE038A01020,HINDALCO,Hindalco Industries Ltd,SELL,32590.0,660.1,21512659.0,INR,2024-01-27,2024-01-29,Edelweiss,PORT-021,APAC,Settled,False,False,False
TRD-2024-01151,CLT0006,LIC of India,INE414G01012,ADANIENT,Adani Enterprises Ltd,SELL,42811.0,2528.26,108237338.86,INR,2025-04-14,2025-04-16,Goldman Sachs India,PORT-033,APAC,Settled,False,True,False
TRD-2024-01152,CLT0005,Kotak Mahindra AMC,INE009A01021,INFY,Infosys Ltd,BUY,26025.0,1500.31,39045567.75,INR,2024-09-02,2024-09-04,Motilal Oswal,PORT-039,APAC,Settled,False,False,False
TRD-2024-01153,CLT0004,HDFC Pension Fund,INE040A01034,HDFCBANK,HDFC Bank Ltd,SELL,27040.0,1556.39,42084785.6,INR,2025-05-07,2025-05-09,Motilal Oswal,PORT-017,APAC,Settled,False,True,False
TRD-2024-01154,CLT0006,LIC of India,INE038A01020,HINDALCO,Hindalco Industries Ltd,SELL,29137.0,643.5,18749659.5,INR,2025-01-01,2025-01-03,HDFC Securities,PORT-004,APAC,Settled,False,True,False
TRD-2024-01155,CLT0007,ICICI Prudential AMC,INE038A01020,HINDALCO,Hindalco Industries Ltd,SELL,44053.0,689.31,30366173.43,INR,2024-01-12,2024-01-14,Edelweiss,PORT-041,APAC,Settled,False,True,False
TRD-2024-01156,CLT0014,Temasek Holdings,INE040A01034,HDFCBANK,HDFC Bank Ltd,BUY,41119.0,1581.62,65034632.78,INR,2024-04-06,2024-04-08,HDFC Securities,PORT-046,APAC,Settled,False,True,False
TRD-2024-01157,CLT0013,GIC Private Ltd Singapore,INE296A01024,BAJFINANCE,Bajaj Finance Ltd,BUY,32210.0,7221.85,232615788.5,INR,2024-12-20,2024-12-22,Motilal Oswal,PORT-009,APAC,Settled,False,True,True
TRD-2024-01158,CLT0003,SBI Life Insurance,INE038A01020,HINDALCO,Hindalco Industries Ltd,BUY,,681.35,,INR,2024-01-23,2024-01-25,,PORT-009,APAC,Settled,False,True,False
TRD-2024-01159,CLT0003,SBI Life Insurance,INE721A01013,SUNPHARMA,Sun Pharmaceutical Ltd,SELL,23814.0,1699.85,40480227.9,INR,2024-01-11,2024-01-13,Goldman Sachs India,PORT-002,APAC,Settled,False,True,True
TRD-2024-01160,CLT0004,HDFC Pension Fund,INE467B01029,TCS,Tata Consultancy Services,SELL,14227.0,3848.08,54746634.16,INR,2025-05-16,2025-05-18,Kotak Securities,PORT-020,APAC,Failed,True,True,False
TRD-2024-01161,CLT0013,GIC Private Ltd Singapore,INE066A01021,ONGC,Oil & Natural Gas Corp,BUY,,,,INR,2024-02-09,2024-02-11,,PORT-010,APAC,Pending,False,True,False
TRD-2024-01162,CLT0002,Aditya Birla Capital,INE414G01012,ADANIENT,Adani Enterprises Ltd,SELL,22326.0,2524.38,56359307.88,INR,2024-04-12,2024-04-14,Motilal Oswal,PORT-029,APAC,Settled,False,True,False
TRD-2024-01163,CLT0007,ICICI Prudential AMC,INE018A01030,LARSEN,Larsen & Toubro Ltd,BUY,29163.0,3570.43,104124450.09,INR,2025-02-13,2025-02-15,Nomura India,PORT-027,APAC,Settled,False,True,False
TRD-2024-01164,CLT0003,SBI Life Insurance,INE009A01021,INFY,Infosys Ltd,SELL,23417.0,1456.28,34101708.76,INR,2024-01-12,2024-01-14,Motilal Oswal,PORT-030,APAC,Settled,False,True,False
TRD-2024-01165,CLT0003,SBI Life Insurance,INE040A01034,HDFCBANK,HDFC Bank Ltd,BUY,26654.0,1640.91,43736815.14,INR,2024-08-30,2024-09-01,Goldman Sachs India,PORT-047,APAC,Settled,True,False,False
TRD-2024-01166,CLT0002,Aditya Birla Capital,INE213A01029,MARUTI,Maruti Suzuki India Ltd,SELL,2830.0,12705.62,35956904.6,INR,2024-01-02,2024-01-04,ICICI Direct,PORT-012,APAC,Settled,False,True,False
TRD-2024-01167,CLT0004,HDFC Pension Fund,INE018A01030,LARSEN,Larsen & Toubro Ltd,BUY,11911.0,3822.22,45526462.42,INR,2024-07-05,2024-07-07,Zerodha Institutional,PORT-049,APAC,Settled,False,True,False
TRD-2024-01168,CLT0014,Temasek Holdings,INE038A01020,HINDALCO,Hindalco Industries Ltd,SELL,48208.0,665.46,32080495.68,INR,2024-06-12,2024-06-14,Nomura India,PORT-022,APAC,Settled,False,True,False
TRD-2024-01169,CLT0003,SBI Life Insurance,INE154A01025,ITC,ITC Ltd,BUY,46385.0,466.3,21629325.5,INR,2024-01-17,2024-01-19,Nomura India,PORT-044,APAC,Settled,False,True,False
TRD-2024-01170,CLT0002,Aditya Birla Capital,INE001A01036,SBIN,State Bank of India,BUY,,742.91,,INR,2025-01-04,2025-01-06,,PORT-050,APAC,Settled,False,True,False
TRD-2024-01171,CLT0007,ICICI Prudential AMC,INE040A01034,HDFCBANK,HDFC Bank Ltd,SELL,6557.0,1547.08,10144203.56,INR,2024-04-23,2024-04-25,Edelweiss,PORT-047,APAC,Settled,False,True,False
TRD-2024-01172,CLT0008,Nippon India MF,INE001A01036,SBIN,State Bank of India,SELL,46543.0,801.24,37292113.32,INR,2024-12-24,2024-12-26,Kotak Securities,PORT-001,APAC,Settled,False,True,False
TRD-2024-01173,CLT0003,SBI Life Insurance,INE090A01021,ICICIBANK,ICICI Bank Ltd,BUY,29646.0,1293.21,38338503.66,INR,2024-01-17,2024-01-19,ICICI Direct,PORT-030,APAC,Settled,False,True,True
TRD-2024-01174,CLT0015,Norges Bank Investment Mgmt,INE075A01022,WIPRO,Wipro Ltd,SELL,46221.0,530.4,24515618.4,INR,2024-11-14,2024-11-16,Zerodha Institutional,PORT-014,EMEA,Failed,False,True,False
TRD-2024-01175,CLT0008,Nippon India MF,INE414G01012,ADANIENT,Adani Enterprises Ltd,SELL,25048.0,2457.15,61546693.2,INR,2024-08-20,2024-08-22,Edelweiss,PORT-003,APAC,Settled,False,False,False
TRD-2024-01176,CLT0011,BlackRock India Fund,INE031A01017,POWERGRID,Power Grid Corp of India,BUY,2100.0,323.3,678930.0,INR,2024-02-05,2024-02-07,Edelweiss,PORT-047,Americas,Settled,False,True,False
TRD-2024-01177,CLT0004,HDFC Pension Fund,INE361B01024,HCLTECH,HCL Technologies Ltd,BUY,16310.0,1614.36,26330211.6,INR,2024-02-07,2024-02-09,Nomura India,PORT-019,APAC,Settled,True,True,False
TRD-2024-01178,CLT0005,Kotak Mahindra AMC,INE721A01013,SUNPHARMA,Sun Pharmaceutical Ltd,BUY,25377.0,1654.86,41995382.22,INR,2025-01-02,2025-01-04,Edelweiss,PORT-010,APAC,Cancelled,False,True,False
TRD-2024-01179,CLT0014,Temasek Holdings,INE414G01012,ADANIENT,Adani Enterprises Ltd,BUY,43612.0,2449.38,106822360.56,INR,2025-04-26,2025-04-28,Edelweiss,PORT-001,APAC,Settled,False,True,False
TRD-2024-01180,CLT0002,Aditya Birla Capital,INE001A01036,SBIN,State Bank of India,SELL,9747.0,791.9,7718649.3,INR,2025-01-04,2025-01-06,HDFC Securities,PORT-027,APAC,Settled,False,False,False
TRD-2024-01181,CLT0001,Tata Investment Corp,INE117A01022,BHARTIARTL,Bharti Airtel Ltd,BUY,8048.0,1398.49,11255047.52,INR,2024-09-19,2024-09-21,ICICI Direct,PORT-002,APAC,Cancelled,False,True,False
TRD-2024-01182,CLT0009,Emirates NBD Asset Mgmt,INE002A01018,RELIANCE,Reliance Industries Ltd,BUY,,,,INR,2024-10-19,2024-10-21,,PORT-005,EMEA,Settled,False,True,False
TRD-2024-01183,CLT0014,Temasek Holdings,INE020B01018,NTPC,NTPC Ltd,SELL,43797.0,348.05,15243545.85,INR,2024-01-13,2024-01-15,Goldman Sachs India,PORT-030,APAC,Pending,False,True,True
TRD-2024-01184,CLT0002,Aditya Birla Capital,INE031A01017,POWERGRID,Power Grid Corp of India,SELL,8890.0,321.23,2855734.7,INR,2024-09-16,2024-09-18,ICICI Direct,PORT-037,APAC,Settled,False,True,False
TRD-2024-01185,CLT0011,BlackRock India Fund,INE117A01022,BHARTIARTL,Bharti Airtel Ltd,SELL,28543.0,1324.42,37802920.06,INR,2024-09-08,2024-09-10,Edelweiss,PORT-039,Americas,Settled,False,True,False
TRD-2024-01186,CLT0014,Temasek Holdings,INE031A01017,POWERGRID,Power Grid Corp of India,BUY,9884.0,300.41,2969252.44,INR,2025-03-19,2025-03-21,ICICI Direct,PORT-014,APAC,Settled,False,False,False
TRD-2024-01187,CLT0006,LIC of India,INE414G01012,ADANIENT,Adani Enterprises Ltd,SELL,47981.0,2457.51,117913787.31,INR,2024-12-09,2024-12-11,Kotak Securities,PORT-004,APAC,Settled,False,True,False
TRD-2024-01188,CLT0009,Emirates NBD Asset Mgmt,INE038A01020,HINDALCO,Hindalco Industries Ltd,SELL,41975.0,658.21,27628364.75,INR,2024-07-04,2024-07-06,HDFC Securities,PORT-047,EMEA,Settled,False,True,False
TRD-2024-01189,CLT0010,Abu Dhabi Investment Auth,INE721A01013,SUNPHARMA,Sun Pharmaceutical Ltd,SELL,29665.0,1698.01,50371466.65,INR,2024-07-10,2024-07-12,Edelweiss,PORT-042,EMEA,Settled,False,True,False
TRD-2024-01190,CLT0001,Tata Investment Corp,INE031A01017,POWERGRID,Power Grid Corp of India,SELL,49365.0,303.16,14965493.4,INR,2024-06-28,2024-06-30,ICICI Direct,PORT-040,APAC,Settled,False,False,False
TRD-2024-01191,CLT0002,Aditya Birla Capital,INE031A01017,POWERGRID,Power Grid Corp of India,BUY,9845.0,311.27,3064453.15,INR,2024-09-08,2024-09-10,Nomura India,PORT-038,APAC,Settled,False,True,True
TRD-2024-01192,CLT0011,BlackRock India Fund,INE009A01021,INFY,Infosys Ltd,BUY,,1476.8,,INR,2024-04-20,2024-04-22,,PORT-026,Americas,Settled,False,True,False
TRD-2024-01193,CLT0012,Vanguard Emerging Markets,INE066A01021,ONGC,Oil & Natural Gas Corp,BUY,15528.0,265.39,4120975.92,INR,2024-06-18,2024-06-20,HDFC Securities,PORT-004,Americas,Settled,False,True,False
TRD-2024-01194,CLT0007,ICICI Prudential AMC,INE090A01021,ICICIBANK,ICICI Bank Ltd,SELL,33141.0,1193.36,39549143.76,INR,2024-04-05,2024-04-07,Zerodha Institutional,PORT-019,APAC,Settled,False,True,False
TRD-2024-01195,CLT0009,Emirates NBD Asset Mgmt,INE154A01025,ITC,ITC Ltd,BUY,38045.0,452.03,17197481.35,INR,2024-08-13,2024-08-15,Nomura India,PORT-022,EMEA,Pending,True,True,False
TRD-2024-01196,CLT0008,Nippon India MF,INE414G01012,ADANIENT,Adani Enterprises Ltd,SELL,49778.0,2485.32,123714258.96,INR,2024-01-29,2024-01-31,Goldman Sachs India,PORT-047,APAC,Settled,False,True,False
TRD-2024-01197,CLT0004,HDFC Pension Fund,INE009A01021,INFY,Infosys Ltd,BUY,43964.0,1450.59,63773738.76,INR,2024-06-03,2024-06-05,Edelweiss,PORT-016,APAC,Settled,False,True,False
TRD-2024-01198,CLT0001,Tata Investment Corp,INE066A01021,ONGC,Oil & Natural Gas Corp,BUY,38609.0,260.3,10049922.7,INR,2025-05-10,2025-05-12,Motilal Oswal,PORT-033,APAC,Settled,False,True,False
TRD-2024-01199,CLT0010,Abu Dhabi Investment Auth,INE066A01021,ONGC,Oil & Natural Gas Corp,SELL,42282.0,266.01,11247434.82,INR,2024-08-01,2024-08-03,Motilal Oswal,PORT-013,EMEA,Settled,False,True,False
TRD-2024-01200,CLT0010,Abu Dhabi Investment Auth,INE414G01012,ADANIENT,Adani Enterprises Ltd,BUY,,,,INR,2024-06-15,2024-06-17,,PORT-049,EMEA,Settled,False,True,False
TRD-2024-01201,CLT0003,SBI Life Insurance,INE090A01021,ICICIBANK,ICICI Bank Ltd,BUY,,,,INR,2024-02-04,2024-02-06,,PORT-032,APAC,Settled,False,True,False
TRD-2024-01202,CLT0009,Emirates NBD Asset Mgmt,INE090A01021,ICICIBANK,ICICI Bank Ltd,BUY,7619.0,1292.18,9845119.42,INR,2024-01-01,2024-01-03,ICICI Direct,PORT-033,EMEA,Settled,False,True,False
TRD-2024-01203,CLT0011,BlackRock India Fund,INE018A01030,LARSEN,Larsen & Toubro Ltd,BUY,14133.0,3817.68,53955271.44,INR,2025-01-25,2025-01-27,Zerodha Institutional,PORT-024,Americas,Settled,False,True,False
TRD-2024-01204,CLT0014,Temasek Holdings,INE038A01020,HINDALCO,Hindalco Industries Ltd,BUY,6702.0,632.88,4241561.76,INR,2025-01-01,2025-01-03,Zerodha Institutional,PORT-020,APAC,Settled,False,True,False
TRD-2024-01205,CLT0006,LIC of India,INE213A01029,MARUTI,Maruti Suzuki India Ltd,SELL,45130.0,12366.56,558102852.8,INR,2024-04-05,2024-04-07,Edelweiss,PORT-019,APAC,Settled,False,False,False
TRD-2024-01206,CLT0012,Vanguard Emerging Markets,INE585B01010,AXISBANK,Axis Bank Ltd,SELL,46568.0,1023.82,47677249.76,INR,2024-07-18,2024-07-20,HDFC Securities,PORT-010,Americas,Settled,False,True,False
TRD-2024-01207,CLT0007,ICICI Prudential AMC,INE009A01021,INFY,Infosys Ltd,SELL,16229.0,1504.63,24418640.27,INR,2024-04-27,2024-04-29,Kotak Securities,PORT-040,APAC,Failed,False,True,False
TRD-2024-01208,CLT0009,Emirates NBD Asset Mgmt,INE040A01034,HDFCBANK,HDFC Bank Ltd,SELL,3424.0,1667.97,5711129.28,INR,2024-05-07,2024-05-09,ICICI Direct,PORT-004,EMEA,Settled,False,True,False
TRD-2024-01209,CLT0012,Vanguard Emerging Markets,INE001A01036,SBIN,State Bank of India,BUY,4986.0,761.26,3795642.36,INR,2025-01-25,2025-01-27,HDFC Securities,PORT-001,Americas,Pending,False,True,False
TRD-2024-01210,CLT0007,ICICI Prudential AMC,INE117A01022,BHARTIARTL,Bharti Airtel Ltd,BUY,25198.0,1392.03,35076371.94,INR,2025-04-08,2025-04-10,Motilal Oswal,PORT-043,APAC,Pending,False,False,False
TRD-2024-01211,CLT0012,Vanguard Emerging Markets,INE467B01029,TCS,Tata Consultancy Services,BUY,14408.0,3988.25,57462706.0,INR,2024-08-10,2024-08-12,Kotak Securities,PORT-009,Americas,Settled,False,True,False
TRD-2024-01212,CLT0008,Nippon India MF,INE001A01036,SBIN,State Bank of India,SELL,45755.0,800.2,36613151.0,INR,2024-06-12,2024-06-14,ICICI Direct,PORT-043,APAC,Settled,False,True,True
TRD-2024-01213,CLT0002,Aditya Birla Capital,INE001A01036,SBIN,State Bank of India,BUY,48447.0,803.63,38933462.61,INR,2024-10-30,2024-11-01,ICICI Direct,PORT-042,APAC,Settled,False,True,False
TRD-2024-01214,CLT0013,GIC Private Ltd Singapore,INE018A01030,LARSEN,Larsen & Toubro Ltd,SELL,33115.0,3508.71,116190931.65,INR,2024-02-26,2024-02-28,ICICI Direct,PORT-014,APAC,Pending,False,True,False
TRD-2024-01215,CLT0006,LIC of India,INE031A01017,POWERGRID,Power Grid Corp of India,BUY,38142.0,303.06,11559314.52,INR,2025-03-13,2025-03-15,HDFC Securities,PORT-001,APAC,Pending,False,True,True
TRD-2024-01216,CLT0011,BlackRock India Fund,INE414G01012,ADANIENT,Adani Enterprises Ltd,SELL,2915.0,2364.78,6893333.7,INR,2024-11-13,2024-11-15,Motilal Oswal,PORT-045,Americas,Settled,False,True,False
TRD-2024-01217,CLT0009,Emirates NBD Asset Mgmt,INE117A01022,BHARTIARTL,Bharti Airtel Ltd,SELL,23954.0,1407.27,33709745.58,INR,2024-10-05,2024-10-07,HDFC Securities,PORT-030,EMEA,Settled,False,True,False
TRD-2024-01218,CLT0005,Kotak Mahindra AMC,INE414G01012,ADANIENT,Adani Enterprises Ltd,SELL,39858.0,2560.65,102062387.7,INR,2025-04-12,2025-04-14,ICICI Direct,PORT-021,APAC,Settled,False,True,False
TRD-2024-01219,CLT0004,HDFC Pension Fund,INE467B01029,TCS,Tata Consultancy Services,BUY,12596.0,3748.16,47211823.36,INR,2024-06-10,2024-06-12,ICICI Direct,PORT-023,APAC,Settled,False,True,False
TRD-2024-01220,CLT0001,Tata Investment Corp,INE585B01010,AXISBANK,Axis Bank Ltd,SELL,12095.0,1054.53,12754540.35,INR,2025-04-23,2025-04-25,HDFC Securities,PORT-010,APAC,Pending,False,False,False
TRD-2024-01221,CLT0003,SBI Life Insurance,INE117A01022,BHARTIARTL,Bharti Airtel Ltd,SELL,5452.0,1408.03,7676579.56,INR,2025-02-03,2025-02-05,Edelweiss,PORT-016,APAC,Failed,False,False,False
TRD-2024-01222,CLT0007,ICICI Prudential AMC,INE361B01024,HCLTECH,HCL Technologies Ltd,SELL,29002.0,1627.37,47196984.74,INR,2025-02-20,2025-02-22,Kotak Securities,PORT-020,APAC,Settled,False,True,False
TRD-2024-01223,CLT0007,ICICI Prudential AMC,INE031A01017,POWERGRID,Power Grid Corp of India,SELL,42029.0,321.49,13511903.21,INR,2025-04-05,2025-04-07,Goldman Sachs India,PORT-020,APAC,Settled,False,True,False
TRD-2024-01224,CLT0013,GIC Private Ltd Singapore,INE020B01018,NTPC,NTPC Ltd,BUY,5017.0,343.43,1722988.31,INR,2024-11-28,2024-11-30,Motilal Oswal,PORT-045,APAC,Settled,False,True,True
TRD-2024-01225,CLT0010,Abu Dhabi Investment Auth,INE066A01021,ONGC,Oil & Natural Gas Corp,BUY,1323.0,275.07,363917.61,INR,2025-02-20,2025-02-22,Goldman Sachs India,PORT-010,EMEA,Settled,False,False,False
TRD-2024-01226,CLT0013,GIC Private Ltd Singapore,INE075A01022,WIPRO,Wipro Ltd,SELL,22798.0,509.05,11605321.9,INR,2024-02-03,2024-02-05,Zerodha Institutional,PORT-038,APAC,Settled,False,True,False
TRD-2024-01227,CLT0013,GIC Private Ltd Singapore,INE585B01010,AXISBANK,Axis Bank Ltd,SELL,45930.0,1016.95,46708513.5,INR,2024-10-11,2024-10-13,HDFC Securities,PORT-033,APAC,Settled,False,True,False
TRD-2024-01228,CLT0015,Norges Bank Investment Mgmt,INE075A01022,WIPRO,Wipro Ltd,SELL,,,,INR,2024-09-21,2024-09-23,,PORT-048,EMEA,Pending,False,True,False
TRD-2024-01229,CLT0004,HDFC Pension Fund,INE414G01012,ADANIENT,Adani Enterprises Ltd,BUY,5282.0,2455.16,12968155.12,INR,2024-11-04,2024-11-06,ICICI Direct,PORT-006,APAC,Settled,False,True,False
TRD-2024-01230,CLT0006,LIC of India,INE296A01024,BAJFINANCE,Bajaj Finance Ltd,SELL,16447.0,6966.85,114583781.95,INR,2024-08-27,2024-08-29,Kotak Securities,PORT-031,APAC,Cancelled,False,True,False
TRD-2024-01231,CLT0013,GIC Private Ltd Singapore,INE002A01018,RELIANCE,Reliance Industries Ltd,SELL,37215.0,2788.03,103756536.45,INR,2024-10-22,2024-10-24,Nomura India,PORT-013,APAC,Pending,False,True,False
TRD-2024-01232,CLT0006,LIC of India,INE213A01029,MARUTI,Maruti Suzuki India Ltd,BUY,,,,INR,2025-04-23,2025-04-25,,PORT-038,APAC,Settled,False,True,False
TRD-2024-01233,CLT0006,LIC of India,INE066A01021,ONGC,Oil & Natural Gas Corp,SELL,49137.0,261.13,12831144.81,INR,2025-04-05,2025-04-07,Edelweiss,PORT-007,APAC,Settled,False,True,True
TRD-2024-01234,CLT0011,BlackRock India Fund,INE001A01036,SBIN,State Bank of India,BUY,23104.0,763.94,17650069.76,INR,2024-10-24,2024-10-26,Edelweiss,PORT-008,Americas,Failed,False,False,True
TRD-2024-01235,CLT0014,Temasek Holdings,INE213A01029,MARUTI,Maruti Suzuki India Ltd,SELL,20325.0,12598.56,256065732.0,INR,2024-12-10,2024-12-12,Nomura India,PORT-015,APAC,Settled,False,True,False
TRD-2024-01236,CLT0015,Norges Bank Investment Mgmt,INE001A01036,SBIN,State Bank of India,BUY,16602.0,746.06,12386088.12,INR,2024-05-01,2024-05-03,HDFC Securities,PORT-010,EMEA,Settled,False,True,False
TRD-2024-01237,CLT0014,Temasek Holdings,INE038A01020,HINDALCO,Hindalco Industries Ltd,SELL,2691.0,692.54,1863625.14,INR,2024-04-11,2024-04-13,HDFC Securities,PORT-014,APAC,Settled,False,True,True
TRD-2024-01238,CLT0012,Vanguard Emerging Markets,INE009A01021,INFY,Infosys Ltd,BUY,23254.0,1545.79,35945800.66,INR,2024-06-06,2024-06-08,Edelweiss,PORT-009,Americas,Failed,False,False,False
TRD-2024-01239,CLT0004,HDFC Pension Fund,INE001A01036,SBIN,State Bank of India,SELL,16101.0,800.08,12882088.08,INR,2024-09-11,2024-09-13,ICICI Direct,PORT-006,APAC,Settled,False,True,False
TRD-2024-01240,CLT0001,Tata Investment Corp,INE467B01029,TCS,Tata Consultancy Services,BUY,35164.0,3921.52,137896329.28,INR,2024-03-23,2024-03-25,Nomura India,PORT-047,APAC,Settled,False,True,False
TRD-2024-01241,CLT0013,GIC Private Ltd Singapore,INE002A01018,RELIANCE,Reliance Industries Ltd,BUY,15492.0,2939.5,45538734.0,INR,2024-09-29,2024-10-01,Kotak Securities,PORT-016,APAC,Settled,False,False,False
TRD-2024-01242,CLT0012,Vanguard Emerging Markets,INE040A01034,HDFCBANK,HDFC Bank Ltd,BUY,8553.0,1549.97,13256893.41,INR,2024-03-19,2024-03-21,Motilal Oswal,PORT-002,Americas,Settled,False,True,False
TRD-2024-01243,CLT0011,BlackRock India Fund,INE213A01029,MARUTI,Maruti Suzuki India Ltd,BUY,27927.0,12972.04,362270161.08,INR,2024-08-28,2024-08-30,Zerodha Institutional,PORT-012,Americas,Settled,False,True,False
TRD-2024-01244,CLT0011,BlackRock India Fund,INE002A01018,RELIANCE,Reliance Industries Ltd,BUY,43664.0,2744.08,119817509.12,INR,2024-01-11,2024-01-13,Motilal Oswal,PORT-043,Americas,Settled,False,True,False
TRD-2024-01245,CLT0001,Tata Investment Corp,INE467B01029,TCS,Tata Consultancy Services,BUY,27058.0,3865.6,,INR,2025-03-21,2025-03-23,,PORT-019,APAC,Pending,True,True,False
TRD-2024-01246,CLT0008,Nippon India MF,INE296A01024,BAJFINANCE,Bajaj Finance Ltd,BUY,15462.0,6983.72,107982278.64,INR,2024-06-19,2024-06-21,Motilal Oswal,PORT-009,APAC,Settled,False,False,False
TRD-2024-01247,CLT0012,Vanguard Emerging Markets,INE154A01025,ITC,ITC Ltd,BUY,39211.0,486.39,19071838.29,INR,2024-08-04,2024-08-06,Goldman Sachs India,PORT-009,Americas,Settled,False,True,True
TRD-2024-01248,CLT0008,Nippon India MF,INE038A01020,HINDALCO,Hindalco Industries Ltd,SELL,46978.0,663.55,31172251.9,INR,2025-03-10,2025-03-12,Nomura India,PORT-031,APAC,Settled,False,True,False
TRD-2024-01249,CLT0009,Emirates NBD Asset Mgmt,INE020B01018,NTPC,NTPC Ltd,SELL,43110.0,344.75,14862172.5,INR,2025-02-08,2025-02-10,ICICI Direct,PORT-035,EMEA,Cancelled,False,True,False
TRD-2024-01250,CLT0006,LIC of India,INE075A01022,WIPRO,Wipro Ltd,BUY,,520.35,,INR,2024-04-25,2024-04-27,,PORT-008,APAC,Settled,False,True,False
TRD-2024-01251,CLT0004,HDFC Pension Fund,INE038A01020,HINDALCO,Hindalco Industries Ltd,BUY,42383.0,675.61,28634378.63,INR,2024-08-21,2024-08-23,Motilal Oswal,PORT-008,APAC,Settled,False,True,False
TRD-2024-01252,CLT0011,BlackRock India Fund,INE031A01017,POWERGRID,Power Grid Corp of India,SELL,20527.0,322.18,6613388.86,INR,2024-01-21,2024-01-23,ICICI Direct,PORT-023,Americas,Pending,False,True,False
TRD-2024-01253,CLT0012,Vanguard Emerging Markets,INE031A01017,POWERGRID,Power Grid Corp of India,BUY,35445.0,319.33,11318651.85,INR,2024-05-02,2024-05-04,HDFC Securities,PORT-003,Americas,Settled,False,True,False
TRD-2024-01254,CLT0001,Tata Investment Corp,INE585B01010,AXISBANK,Axis Bank Ltd,BUY,29463.0,1006.02,29640367.26,INR,2024-10-15,2024-10-17,Nomura India,PORT-015,APAC,Settled,False,False,True
TRD-2024-01255,CLT0009,Emirates NBD Asset Mgmt,INE040A01034,HDFCBANK,HDFC Bank Ltd,SELL,41707.0,1551.1,64691727.7,INR,2024-06-30,2024-07-02,Motilal Oswal,PORT-012,EMEA,Settled,False,True,False
TRD-2024-01256,CLT0014,Temasek Holdings,INE001A01036,SBIN,State Bank of India,BUY,44256.0,765.93,33896998.08,INR,2024-05-24,2024-05-26,Kotak Securities,PORT-029,APAC,Settled,False,True,False
TRD-2024-01257,CLT0013,GIC Private Ltd Singapore,INE414G01012,ADANIENT,Adani Enterprises Ltd,SELL,45879.0,2564.58,117660365.82,INR,2025-03-23,2025-03-25,HDFC Securities,PORT-042,APAC,Settled,False,False,False
TRD-2024-01258,CLT0015,Norges Bank Investment Mgmt,INE040A01034,HDFCBANK,HDFC Bank Ltd,BUY,29953.0,1665.3,49880730.9,INR,2024-12-13,2024-12-15,Motilal Oswal,PORT-002,EMEA,Settled,False,True,False
TRD-2024-01259,CLT0011,BlackRock India Fund,INE467B01029,TCS,Tata Consultancy Services,BUY,19436.0,3881.79,75446470.44,INR,2024-12-18,2024-12-20,Goldman Sachs India,PORT-035,Americas,Settled,False,True,False
TRD-2024-01260,CLT0007,ICICI Prudential AMC,INE002A01018,RELIANCE,Reliance Industries Ltd,SELL,36272.0,2829.34,102625820.48,INR,2024-09-04,2024-09-06,Motilal Oswal,PORT-018,APAC,Settled,False,True,False
TRD-2024-01261,CLT0002,Aditya Birla Capital,INE020B01018,NTPC,NTPC Ltd,BUY,45693.0,351.32,16052864.76,INR,2024-10-07,2024-10-09,ICICI Direct,PORT-002,APAC,Cancelled,False,True,True
TRD-2024-01262,CLT0011,BlackRock India Fund,INE585B01010,AXISBANK,Axis Bank Ltd,BUY,21484.0,1046.14,22475271.76,INR,2024-01-25,2024-01-27,Motilal Oswal,PORT-015,Americas,Pending,True,True,False
TRD-2024-01263,CLT0011,BlackRock India Fund,INE117A01022,BHARTIARTL,Bharti Airtel Ltd,SELL,34841.0,1399.21,48749875.61,INR,2024-11-10,2024-11-12,Motilal Oswal,PORT-039,Americas,Pending,False,True,False
TRD-2024-01264,CLT0008,Nippon India MF,INE040A01034,HDFCBANK,HDFC Bank Ltd,SELL,15014.0,1622.18,24355410.52,INR,2024-02-21,2024-02-23,HDFC Securities,PORT-017,APAC,Settled,False,True,True
TRD-2024-01265,CLT0002,Aditya Birla Capital,INE038A01020,HINDALCO,Hindalco Industries Ltd,BUY,6999.0,688.32,4817551.68,INR,2024-12-14,2024-12-16,Nomura India,PORT-050,APAC,Cancelled,False,True,False
TRD-2024-01266,CLT0008,Nippon India MF,INE066A01021,ONGC,Oil & Natural Gas Corp,SELL,24452.0,259.12,6336002.24,INR,2025-02-07,2025-02-09,Edelweiss,PORT-039,APAC,Settled,False,True,False
TRD-2024-01267,CLT0015,Norges Bank Investment Mgmt,INE585B01010,AXISBANK,Axis Bank Ltd,SELL,17847.0,1018.27,18173064.69,INR,2025-03-07,2025-03-09,Nomura India,PORT-044,EMEA,Settled,True,True,False
TRD-2024-01268,CLT0011,BlackRock India Fund,INE001A01036,SBIN,State Bank of India,BUY,24999.0,751.77,18793498.23,INR,2024-02-16,2024-02-18,HDFC Securities,PORT-014,Americas,Settled,False,True,False
TRD-2024-01269,CLT0002,Aditya Birla Capital,INE467B01029,TCS,Tata Consultancy Services,BUY,,,,INR,2024-07-13,2024-07-15,,PORT-016,APAC,Settled,False,True,False
TRD-2024-01270,CLT0003,SBI Life Insurance,INE066A01021,ONGC,Oil & Natural Gas Corp,BUY,11669.0,258.54,3016903.26,INR,2024-12-11,2024-12-13,Nomura India,PORT-029,APAC,Settled,False,True,False
TRD-2024-01271,CLT0002,Aditya Birla Capital,INE296A01024,BAJFINANCE,Bajaj Finance Ltd,SELL,43994.0,6841.62,300990230.28,INR,2025-01-31,2025-02-02,Nomura India,PORT-007,APAC,Failed,False,True,False
TRD-2024-01272,CLT0002,Aditya Birla Capital,INE018A01030,LARSEN,Larsen & Toubro Ltd,SELL,17803.0,3735.61,66505064.83,INR,2024-07-30,2024-08-01,Motilal Oswal,PORT-022,APAC,Settled,False,True,False
TRD-2024-01273,CLT0006,LIC of India,INE361B01024,HCLTECH,HCL Technologies Ltd,BUY,26411.0,1584.73,41854304.03,INR,2025-01-03,2025-01-05,Kotak Securities,PORT-035,APAC,Settled,False,True,False
TRD-2024-01274,CLT0009,Emirates NBD Asset Mgmt,INE721A01013,SUNPHARMA,Sun Pharmaceutical Ltd,BUY,12091.0,1730.24,20920331.84,INR,2024-03-09,2024-03-11,Edelweiss,PORT-038,EMEA,Settled,False,True,False
TRD-2024-01275,CLT0013,GIC Private Ltd Singapore,INE001A01036,SBIN,State Bank of India,BUY,,,,INR,2024-06-21,2024-06-23,,PORT-032,APAC,Settled,False,True,False
TRD-2024-01276,CLT0005,Kotak Mahindra AMC,INE031A01017,POWERGRID,Power Grid Corp of India,SELL,13981.0,310.61,4342638.41,INR,2025-02-07,2025-02-09,HDFC Securities,PORT-023,APAC,Settled,False,True,False
TRD-2024-01277,CLT0004,HDFC Pension Fund,INE090A01021,ICICIBANK,ICICI Bank Ltd,SELL,18022.0,1248.12,22493618.64,INR,2024-05-15,2024-05-17,Kotak Securities,PORT-020,APAC,Settled,False,True,True
TRD-2024-01278,CLT0012,Vanguard Emerging Markets,INE031A01017,POWERGRID,Power Grid Corp of India,BUY,25670.0,308.63,7922532.1,INR,2024-08-10,2024-08-12,Goldman Sachs India,PORT-024,Americas,Pending,False,True,False
TRD-2024-01279,CLT0001,Tata Investment Corp,INE361B01024,HCLTECH,HCL Technologies Ltd,SELL,42802.0,1637.72,70097691.44,INR,2024-11-30,2024-12-02,ICICI Direct,PORT-009,APAC,Settled,False,True,False
TRD-2024-01280,CLT0002,Aditya Birla Capital,INE066A01021,ONGC,Oil & Natural Gas Corp,SELL,23314.0,276.24,6440259.36,INR,2024-11-04,2024-11-06,Nomura India,PORT-004,APAC,Settled,False,True,False
TRD-2024-01281,CLT0003,SBI Life Insurance,INE154A01025,ITC,ITC Ltd,SELL,30818.0,443.2,13658537.6,INR,2024-10-15,2024-10-17,Edelweiss,PORT-043,APAC,Failed,False,True,False
TRD-2024-01282,CLT0014,Temasek Holdings,INE467B01029,TCS,Tata Consultancy Services,SELL,3820.0,3809.3,14551526.0,INR,2024-07-09,2024-07-11,,PORT-015,APAC,Settled,False,True,False
TRD-2024-01283,CLT0006,LIC of India,INE018A01030,LARSEN,Larsen & Toubro Ltd,SELL,17626.0,3809.81,67151711.06,INR,2024-08-23,2024-08-25,HDFC Securities,PORT-044,APAC,Failed,False,True,False
TRD-2024-01284,CLT0010,Abu Dhabi Investment Auth,INE090A01021,ICICIBANK,ICICI Bank Ltd,SELL,47673.0,1210.56,57711026.88,INR,2025-04-19,2025-04-21,Edelweiss,PORT-046,EMEA,Settled,False,True,False
TRD-2024-01285,CLT0014,Temasek Holdings,INE075A01022,WIPRO,Wipro Ltd,SELL,47622.0,504.04,24003392.88,INR,2024-02-25,2024-02-27,Motilal Oswal,PORT-044,APAC,Settled,False,True,False
TRD-2024-01286,CLT0015,Norges Bank Investment Mgmt,INE038A01020,HINDALCO,Hindalco Industries Ltd,BUY,8798.0,683.1,6009913.8,INR,2025-04-22,2025-04-24,Kotak Securities,PORT-011,EMEA,Settled,False,True,False
TRD-2024-01287,CLT0005,Kotak Mahindra AMC,INE154A01025,ITC,ITC Ltd,SELL,25492.0,446.51,11382432.92,INR,2024-07-28,2024-07-30,Kotak Securities,PORT-050,APAC,Settled,False,True,False
TRD-2024-01288,CLT0009,Emirates NBD Asset Mgmt,INE001A01036,SBIN,State Bank of India,SELL,6607.0,747.3,4937411.1,INR,2024-10-09,2024-10-11,ICICI Direct,PORT-008,EMEA,Failed,False,False,False
TRD-2024-01289,CLT0011,BlackRock India Fund,INE154A01025,ITC,ITC Ltd,BUY,2581.0,463.92,1197377.52,INR,2024-11-28,2024-11-30,Edelweiss,PORT-038,Americas,Settled,False,False,False
TRD-2024-01290,CLT0004,HDFC Pension Fund,INE154A01025,ITC,ITC Ltd,SELL,27625.0,464.55,12833193.75,INR,2025-02-10,2025-02-12,Zerodha Institutional,PORT-021,APAC,Settled,False,True,False
TRD-2024-01291,CLT0004,HDFC Pension Fund,INE414G01012,ADANIENT,Adani Enterprises Ltd,BUY,48033.0,2520.45,121064774.85,INR,2025-01-01,2025-01-03,Nomura India,PORT-050,APAC,Settled,False,True,False
TRD-2024-01292,CLT0003,SBI Life Insurance,INE040A01034,HDFCBANK,HDFC Bank Ltd,BUY,9140.0,1600.46,14628204.4,INR,2024-09-07,2024-09-09,ICICI Direct,PORT-017,APAC,Settled,False,True,False
TRD-2024-01293,CLT0015,Norges Bank Investment Mgmt,INE038A01020,HINDALCO,Hindalco Industries Ltd,SELL,37406.0,670.99,25099051.94,INR,2024-07-14,2024-07-16,Edelweiss,PORT-014,EMEA,Pending,False,False,False
TRD-2024-01294,CLT0004,HDFC Pension Fund,INE467B01029,TCS,Tata Consultancy Services,BUY,23437.0,3795.15,88946930.55,INR,2024-10-13,2024-10-15,ICICI Direct,PORT-036,APAC,Settled,False,True,False
TRD-2024-01295,CLT0014,Temasek Holdings,INE040A01034,HDFCBANK,HDFC Bank Ltd,SELL,40909.0,1572.95,64347811.55,INR,2024-04-29,2024-05-01,Zerodha Institutional,PORT-007,APAC,Cancelled,False,False,False
TRD-2024-01296,CLT0013,GIC Private Ltd Singapore,INE090A01021,ICICIBANK,ICICI Bank Ltd,BUY,48732.0,1216.61,59287838.52,INR,2024-06-23,2024-06-25,,PORT-011,APAC,Settled,False,False,False
TRD-2024-01297,CLT0001,Tata Investment Corp,INE002A01018,RELIANCE,Reliance Industries Ltd,BUY,,,,INR,2024-01-10,2024-01-12,,PORT-031,APAC,Settled,True,True,False
TRD-2024-01298,CLT0006,LIC of India,INE075A01022,WIPRO,Wipro Ltd,BUY,34339.0,524.39,18007028.21,INR,2025-01-20,2025-01-22,HDFC Securities,PORT-016,APAC,Settled,False,True,False
TRD-2024-01299,CLT0010,Abu Dhabi Investment Auth,INE040A01034,HDFCBANK,HDFC Bank Ltd,BUY,15473.0,1572.97,24338564.81,INR,2025-02-20,2025-02-22,Goldman Sachs India,PORT-023,EMEA,Settled,False,True,True
TRD-2024-01300,CLT0001,Tata Investment Corp,INE075A01022,WIPRO,Wipro Ltd,BUY,1001.0,536.59,537126.59,INR,2024-10-09,2024-10-11,Nomura India,PORT-001,APAC,Pending,False,True,False
TRD-2024-01301,CLT0008,Nippon India MF,INE075A01022,WIPRO,Wipro Ltd,SELL,,,,INR,2025-04-22,2025-04-24,,PORT-033,APAC,Settled,False,True,False
TRD-2024-01302,CLT0001,Tata Investment Corp,INE020B01018,NTPC,NTPC Ltd,SELL,22426.0,366.58,8220923.08,INR,2024-06-22,2024-06-24,Edelweiss,PORT-037,APAC,Settled,False,True,False
TRD-2024-01303,CLT0007,ICICI Prudential AMC,INE414G01012,ADANIENT,Adani Enterprises Ltd,BUY,16359.0,2423.25,39641946.75,INR,2024-11-14,2024-11-16,HDFC Securities,PORT-029,APAC,Settled,False,True,False
TRD-2024-01304,CLT0015,Norges Bank Investment Mgmt,INE467B01029,TCS,Tata Consultancy Services,SELL,45306.0,3776.66,171105357.96,INR,2024-06-06,2024-06-08,Zerodha Institutional,PORT-042,EMEA,Settled,False,True,True
TRD-2024-01305,CLT0011,BlackRock India Fund,INE090A01021,ICICIBANK,ICICI Bank Ltd,SELL,9683.0,1191.15,11533905.45,INR,2025-03-24,2025-03-26,Zerodha Institutional,PORT-019,Americas,Settled,False,True,False
TRD-2024-01306,CLT0015,Norges Bank Investment Mgmt,INE213A01029,MARUTI,Maruti Suzuki India Ltd,SELL,29534.0,12488.2,368826498.8,INR,2024-01-18,2024-01-20,Nomura India,PORT-037,EMEA,Settled,False,False,False
TRD-2024-01307,CLT0002,Aditya Birla Capital,INE066A01021,ONGC,Oil & Natural Gas Corp,SELL,29363.0,263.81,7746253.03,INR,2024-02-08,2024-02-10,Kotak Securities,PORT-026,APAC,Settled,False,True,False
TRD-2024-01308,CLT0010,Abu Dhabi Investment Auth,INE213A01029,MARUTI,Maruti Suzuki India Ltd,SELL,6106.0,12805.12,78188062.72,INR,2024-11-15,2024-11-17,Goldman Sachs India,PORT-035,EMEA,Settled,False,True,True
TRD-2024-01309,CLT0012,Vanguard Emerging Markets,INE075A01022,WIPRO,Wipro Ltd,SELL,37782.0,505.06,19082176.92,INR,2025-03-07,2025-03-09,Motilal Oswal,PORT-023,Americas,Settled,False,False,False
TRD-2024-01310,CLT0005,Kotak Mahindra AMC,INE090A01021,ICICIBANK,ICICI Bank Ltd,BUY,28840.0,1245.78,35928295.2,INR,2024-05-18,2024-05-20,Kotak Securities,PORT-031,APAC,Settled,False,True,False
TRD-2024-01311,CLT0015,Norges Bank Investment Mgmt,INE414G01012,ADANIENT,Adani Enterprises Ltd,SELL,25915.0,2520.16,65309946.4,INR,2024-04-01,2024-04-03,HDFC Securities,PORT-049,EMEA,Settled,False,True,False
TRD-2024-01312,CLT0003,SBI Life Insurance,INE075A01022,WIPRO,Wipro Ltd,SELL,13753.0,544.12,7483282.36,INR,2025-02-01,2025-02-03,Edelweiss,PORT-025,APAC,Pending,False,False,False
TRD-2024-01313,CLT0009,Emirates NBD Asset Mgmt,INE585B01010,AXISBANK,Axis Bank Ltd,BUY,1860.0,1055.52,1963267.2,INR,2024-06-23,2024-06-25,Edelweiss,PORT-038,EMEA,Settled,False,True,False
TRD-2024-01314,CLT0014,Temasek Holdings,INE117A01022,BHARTIARTL,Bharti Airtel Ltd,SELL,1392.0,1321.46,1839472.32,INR,2024-10-03,2024-10-05,Kotak Securities,PORT-022,APAC,Pending,False,True,False
TRD-2024-01315,CLT0014,Temasek Holdings,INE040A01034,HDFCBANK,HDFC Bank Ltd,BUY,2120.0,1571.75,3332110.0,INR,2025-04-10,2025-04-12,Zerodha Institutional,PORT-041,APAC,Settled,False,True,False
TRD-2024-01316,CLT0008,Nippon India MF,INE213A01029,MARUTI,Maruti Suzuki India Ltd,SELL,40505.0,13299.23,538685311.15,INR,2024-11-04,2024-11-06,Goldman Sachs India,PORT-002,APAC,Settled,False,True,True
TRD-2024-01317,CLT0014,Temasek Holdings,INE090A01021,ICICIBANK,ICICI Bank Ltd,SELL,6608.0,1281.11,8465574.88,INR,2025-02-07,2025-02-09,Goldman Sachs India,PORT-003,APAC,Cancelled,False,True,True
TRD-2024-01318,CLT0011,BlackRock India Fund,INE020B01018,NTPC,NTPC Ltd,SELL,18693.0,349.09,6525539.37,INR,2024-10-13,2024-10-15,Nomura India,PORT-016,Americas,Settled,False,True,False
TRD-2024-01319,CLT0012,Vanguard Emerging Markets,INE066A01021,ONGC,Oil & Natural Gas Corp,SELL,46491.0,269.72,12539552.52,INR,2024-06-03,2024-06-05,Edelweiss,PORT-017,Americas,Cancelled,False,True,False
TRD-2024-01320,CLT0005,Kotak Mahindra AMC,INE154A01025,ITC,ITC Ltd,SELL,49927.0,466.82,23306922.14,INR,2024-09-12,2024-09-14,HDFC Securities,PORT-032,APAC,Settled,False,True,False
TRD-2024-01321,CLT0010,Abu Dhabi Investment Auth,INE018A01030,LARSEN,Larsen & Toubro Ltd,SELL,11445.0,3620.17,41432845.65,INR,2024-12-28,2024-12-30,HDFC Securities,PORT-006,EMEA,Settled,False,True,False
TRD-2024-01322,CLT0008,Nippon India MF,INE031A01017,POWERGRID,Power Grid Corp of India,BUY,,,,INR,2025-02-06,2025-02-08,,PORT-045,APAC,Pending,False,False,False
TRD-2024-01323,CLT0013,GIC Private Ltd Singapore,INE002A01018,RELIANCE,Reliance Industries Ltd,SELL,47179.0,2785.33,131409084.07,INR,2024-09-18,2024-09-20,Edelweiss,PORT-027,APAC,Settled,False,True,False
TRD-2024-01324,CLT0007,ICICI Prudential AMC,INE090A01021,ICICIBANK,ICICI Bank Ltd,BUY,48209.0,1295.88,62473078.92,INR,2024-11-28,2024-11-30,Kotak Securities,PORT-019,APAC,Settled,False,True,False
TRD-2024-01325,CLT0011,BlackRock India Fund,INE467B01029,TCS,Tata Consultancy Services,SELL,45032.0,4044.97,182153089.04,INR,2024-06-07,2024-06-09,Nomura India,PORT-032,Americas,Failed,False,False,False
TRD-2024-01326,CLT0005,Kotak Mahindra AMC,INE117A01022,BHARTIARTL,Bharti Airtel Ltd,SELL,31153.0,1420.52,44253459.56,INR,2024-07-16,2024-07-18,Goldman Sachs India,PORT-026,APAC,Settled,False,True,False
TRD-2024-01327,CLT0015,Norges Bank Investment Mgmt,INE001A01036,SBIN,State Bank of India,BUY,38511.0,774.99,29845639.89,INR,2024-06-17,2024-06-19,HDFC Securities,PORT-005,EMEA,Settled,False,True,False
TRD-2024-01328,CLT0008,Nippon India MF,INE020B01018,NTPC,NTPC Ltd,BUY,38981.0,362.1,14115020.1,INR,2024-09-06,2024-09-08,Edelweiss,PORT-020,APAC,Settled,False,True,True
TRD-2024-01329,CLT0010,Abu Dhabi Investment Auth,INE361B01024,HCLTECH,HCL Technologies Ltd,SELL,45473.0,1507.41,68546454.93,INR,2025-03-31,2025-04-02,Goldman Sachs India,PORT-044,EMEA,Settled,False,True,False
TRD-2024-01330,CLT0007,ICICI Prudential AMC,INE040A01034,HDFCBANK,HDFC Bank Ltd,SELL,31488.0,1561.63,49172605.44,INR,2024-07-31,2024-08-02,Zerodha Institutional,PORT-038,APAC,Settled,False,True,False
TRD-2024-01331,CLT0014,Temasek Holdings,INE040A01034,HDFCBANK,HDFC Bank Ltd,BUY,5930.0,1627.13,9648880.9,INR,2024-04-07,2024-04-09,Zerodha Institutional,PORT-016,APAC,Pending,False,True,False
TRD-2024-01332,CLT0009,Emirates NBD Asset Mgmt,INE038A01020,HINDALCO,Hindalco Industries Ltd,SELL,43916.0,628.42,27597692.72,INR,2024-06-30,2024-07-02,Edelweiss,PORT-022,EMEA,Settled,False,True,False
TRD-2024-01333,CLT0010,Abu Dhabi Investment Auth,INE154A01025,ITC,ITC Ltd,SELL,6938.0,457.73,3175730.74,INR,2024-05-21,2024-05-23,Goldman Sachs India,PORT-017,EMEA,Settled,False,True,False
TRD-2024-01334,CLT0011,BlackRock India Fund,INE414G01012,ADANIENT,Adani Enterprises Ltd,BUY,42709.0,2450.41,104654560.69,INR,2024-12-30,2025-01-01,Zerodha Institutional,PORT-022,Americas,Settled,False,True,False
TRD-2024-01335,CLT0015,Norges Bank Investment Mgmt,INE585B01010,AXISBANK,Axis Bank Ltd,BUY,35660.0,1072.27,38237148.2,INR,2024-10-21,2024-10-23,Nomura India,PORT-043,EMEA,Settled,False,True,False
TRD-2024-01336,CLT0002,Aditya Birla Capital,INE117A01022,BHARTIARTL,Bharti Airtel Ltd,BUY,45483.0,1337.55,60835786.65,INR,2024-11-10,2024-11-12,Nomura India,PORT-009,APAC,Settled,False,True,False
TRD-2024-01337,CLT0015,Norges Bank Investment Mgmt,INE213A01029,MARUTI,Maruti Suzuki India Ltd,BUY,38891.0,12410.79,482668033.89,INR,2025-02-14,2025-02-16,Motilal Oswal,PORT-009,EMEA,Settled,False,True,False
TRD-2024-01338,CLT0010,Abu Dhabi Investment Auth,INE031A01017,POWERGRID,Power Grid Corp of India,SELL,12633.0,312.92,3953118.36,INR,2024-10-16,2024-10-18,Kotak Securities,PORT-006,EMEA,Pending,True,True,False
TRD-2024-01339,CLT0010,Abu Dhabi Investment Auth,INE020B01018,NTPC,NTPC Ltd,BUY,39861.0,369.32,14721464.52,INR,2024-12-13,2024-12-15,Edelweiss,PORT-047,EMEA,Settled,False,True,False
TRD-2024-01340,CLT0013,GIC Private Ltd Singapore,INE414G01012,ADANIENT,Adani Enterprises Ltd,BUY,6709.0,2551.7,17119355.3,INR,2024-03-04,2024-03-06,Edelweiss,PORT-041,APAC,Settled,False,True,False
TRD-2024-01341,CLT0012,Vanguard Emerging Markets,INE117A01022,BHARTIARTL,Bharti Airtel Ltd,BUY,20071.0,1433.86,28779004.06,INR,2025-01-05,2025-01-07,HDFC Securities,PORT-010,Americas,Settled,False,True,False
TRD-2024-01342,CLT0004,HDFC Pension Fund,INE585B01010,AXISBANK,Axis Bank Ltd,BUY,44540.0,1034.54,46078411.6,INR,2024-09-24,2024-09-26,HDFC Securities,PORT-025,APAC,Settled,False,True,False
TRD-2024-01343,CLT0014,Temasek Holdings,INE002A01018,RELIANCE,Reliance Industries Ltd,BUY,3616.0,2890.81,10453168.96,INR,2024-06-09,2024-06-11,Motilal Oswal,PORT-005,APAC,Settled,False,True,False
TRD-2024-01344,CLT0005,Kotak Mahindra AMC,INE038A01020,HINDALCO,Hindalco Industries Ltd,SELL,12527.0,676.7,,INR,2024-06-26,2024-06-28,,PORT-024,APAC,Settled,False,True,False
TRD-2024-01345,CLT0015,Norges Bank Investment Mgmt,INE585B01010,AXISBANK,Axis Bank Ltd,BUY,33883.0,1003.18,33990747.94,INR,2024-10-26,2024-10-28,Goldman Sachs India,PORT-002,EMEA,Settled,False,True,False
TRD-2024-01346,CLT0009,Emirates NBD Asset Mgmt,INE009A01021,INFY,Infosys Ltd,BUY,40714.0,1407.78,57316354.92,INR,2024-09-04,2024-09-06,HDFC Securities,PORT-016,EMEA,Settled,False,True,False
TRD-2024-01347,CLT0006,LIC of India,INE020B01018,NTPC,NTPC Ltd,SELL,41361.0,365.15,15102969.15,INR,2024-09-07,2024-09-09,Motilal Oswal,PORT-029,APAC,Settled,False,True,False
TRD-2024-01348,CLT0008,Nippon India MF,INE585B01010,AXISBANK,Axis Bank Ltd,SELL,21103.0,1030.05,21737145.15,INR,2025-04-19,2025-04-21,ICICI Direct,PORT-012,APAC,Pending,False,True,False
TRD-2024-01349,CLT0003,SBI Life Insurance,INE585B01010,AXISBANK,Axis Bank Ltd,BUY,37920.0,1075.72,40791302.4,INR,2024-03-06,2024-03-08,Goldman Sachs India,PORT-046,APAC,Settled,False,True,True
TRD-2024-01350,CLT0010,Abu Dhabi Investment Auth,INE467B01029,TCS,Tata Consultancy Services,BUY,16790.0,4049.56,67992112.4,INR,2024-04-23,2024-04-25,Kotak Securities,PORT-028,EMEA,Settled,False,True,False
TRD-2024-01351,CLT0012,Vanguard Emerging Markets,INE001A01036,SBIN,State Bank of India,BUY,18975.0,804.36,15262731.0,INR,2024-08-30,2024-09-01,ICICI Direct,PORT-009,Americas,Settled,False,True,False
TRD-2024-01352,CLT0010,Abu Dhabi Investment Auth,INE467B01029,TCS,Tata Consultancy Services,BUY,9801.0,4110.67,40288676.67,INR,2024-06-26,2024-06-28,Edelweiss,PORT-021,EMEA,Settled,False,False,False
TRD-2024-01353,CLT0001,Tata Investment Corp,INE009A01021,INFY,Infosys Ltd,BUY,27718.0,1545.18,42829299.24,INR,2024-04-05,2024-04-07,Nomura India,PORT-042,APAC,Settled,False,True,True
TRD-2024-01354,CLT0005,Kotak Mahindra AMC,INE090A01021,ICICIBANK,ICICI Bank Ltd,SELL,12524.0,1226.84,15364944.16,INR,2025-03-24,2025-03-26,Motilal Oswal,PORT-017,APAC,Settled,False,True,False
TRD-2024-01355,CLT0015,Norges Bank Investment Mgmt,INE213A01029,MARUTI,Maruti Suzuki India Ltd,BUY,16672.0,12348.61,205876025.92,INR,2024-12-19,2024-12-21,Kotak Securities,PORT-041,EMEA,Settled,False,True,False
TRD-2024-01356,CLT0009,Emirates NBD Asset Mgmt,INE414G01012,ADANIENT,Adani Enterprises Ltd,SELL,47141.0,2450.06,115498278.46,INR,2024-06-12,2024-06-14,Kotak Securities,PORT-041,EMEA,Settled,False,True,False
TRD-2024-01357,CLT0013,GIC Private Ltd Singapore,INE020B01018,NTPC,NTPC Ltd,BUY,3794.0,363.66,1379726.04,INR,2024-04-21,2024-04-23,Edelweiss,PORT-014,APAC,Settled,False,True,True
TRD-2024-01358,CLT0014,Temasek Holdings,INE213A01029,MARUTI,Maruti Suzuki India Ltd,BUY,41658.0,13408.6,558575458.8,INR,2024-06-24,2024-06-26,Nomura India,PORT-042,APAC,Failed,False,False,False
TRD-2024-01359,CLT0008,Nippon India MF,INE066A01021,ONGC,Oil & Natural Gas Corp,SELL,8003.0,269.44,2156328.32,INR,2024-10-10,2024-10-12,Kotak Securities,PORT-016,APAC,Settled,False,True,False
TRD-2024-01360,CLT0007,ICICI Prudential AMC,INE721A01013,SUNPHARMA,Sun Pharmaceutical Ltd,SELL,23280.0,1704.95,39691236.0,INR,2025-05-12,2025-05-14,Motilal Oswal,PORT-050,APAC,Settled,False,True,False
TRD-2024-01361,CLT0013,GIC Private Ltd Singapore,INE467B01029,TCS,Tata Consultancy Services,SELL,20587.0,3918.07,80661307.09,INR,2024-06-09,2024-06-11,ICICI Direct,PORT-033,APAC,Settled,False,True,False
TRD-2024-01362,CLT0010,Abu Dhabi Investment Auth,INE031A01017,POWERGRID,Power Grid Corp of India,SELL,23625.0,321.41,7593311.25,INR,2024-10-16,2024-10-18,Nomura India,PORT-021,EMEA,Pending,True,True,False
TRD-2024-01363,CLT0014,Temasek Holdings,INE585B01010,AXISBANK,Axis Bank Ltd,BUY,29440.0,1075.62,31666252.8,INR,2024-03-19,2024-03-21,Nomura India,PORT-048,APAC,Settled,False,True,True
TRD-2024-01364,CLT0006,LIC of India,INE075A01022,WIPRO,Wipro Ltd,BUY,8480.0,510.96,4332940.8,INR,2025-01-09,2025-01-11,Goldman Sachs India,PORT-038,APAC,Settled,False,True,False
TRD-2024-01365,CLT0003,SBI Life Insurance,INE585B01010,AXISBANK,Axis Bank Ltd,SELL,26084.0,1040.89,27150574.76,INR,2024-05-19,2024-05-21,Nomura India,PORT-020,APAC,Settled,False,True,True
TRD-2024-01366,CLT0002,Aditya Birla Capital,INE009A01021,INFY,Infosys Ltd,BUY,31995.0,1428.98,45720215.1,INR,2024-10-29,2024-10-31,Kotak Securities,PORT-040,APAC,Settled,False,True,False
TRD-2024-01367,CLT0012,Vanguard Emerging Markets,INE296A01024,BAJFINANCE,Bajaj Finance Ltd,BUY,,7176.22,,INR,2024-07-08,2024-07-10,,PORT-044,Americas,Settled,False,True,False
TRD-2024-01368,CLT0011,BlackRock India Fund,INE361B01024,HCLTECH,HCL Technologies Ltd,SELL,1776.0,1573.82,2795104.32,INR,2024-08-09,2024-08-11,Edelweiss,PORT-013,Americas,Settled,False,True,False
TRD-2024-01369,CLT0008,Nippon India MF,INE721A01013,SUNPHARMA,Sun Pharmaceutical Ltd,SELL,,,,INR,2024-11-15,2024-11-17,,PORT-033,APAC,Settled,False,True,False
TRD-2024-01370,CLT0014,Temasek Holdings,INE018A01030,LARSEN,Larsen & Toubro Ltd,SELL,45177.0,3672.63,165918405.51,INR,2024-08-08,2024-08-10,Kotak Securities,PORT-044,APAC,Failed,False,True,False
TRD-2024-01371,CLT0003,SBI Life Insurance,INE075A01022,WIPRO,Wipro Ltd,SELL,47861.0,494.85,23684015.85,INR,2024-06-16,2024-06-18,Edelweiss,PORT-041,APAC,Settled,False,True,False
TRD-2024-01372,CLT0008,Nippon India MF,INE031A01017,POWERGRID,Power Grid Corp of India,BUY,13909.0,324.68,4515974.12,INR,2025-02-02,2025-02-04,HDFC Securities,PORT-032,APAC,Settled,False,True,False
TRD-2024-01373,CLT0008,Nippon India MF,INE361B01024,HCLTECH,HCL Technologies Ltd,BUY,31136.0,1652.83,51462514.88,INR,2025-01-07,2025-01-09,HDFC Securities,PORT-013,APAC,Pending,False,True,False
TRD-2024-01374,CLT0005,Kotak Mahindra AMC,INE213A01029,MARUTI,Maruti Suzuki India Ltd,SELL,26167.0,12294.85,321719339.95,INR,2024-06-29,2024-07-01,Nomura India,PORT-006,APAC,Settled,False,True,False
TRD-2024-01375,CLT0008,Nippon India MF,INE038A01020,HINDALCO,Hindalco Industries Ltd,SELL,49759.0,675.76,33625141.84,INR,2024-09-23,2024-09-25,HDFC Securities,PORT-018,APAC,Cancelled,False,False,False
TRD-2024-01376,CLT0006,LIC of India,INE585B01010,AXISBANK,Axis Bank Ltd,SELL,5564.0,1052.11,5853940.04,INR,2024-08-06,2024-08-08,Nomura India,PORT-006,APAC,Settled,False,True,False
TRD-2024-01377,CLT0004,HDFC Pension Fund,INE361B01024,HCLTECH,HCL Technologies Ltd,BUY,45673.0,1604.61,73287352.53,INR,2025-03-20,2025-03-22,Kotak Securities,PORT-008,APAC,Settled,False,True,False
TRD-2024-01378,CLT0008,Nippon India MF,INE009A01021,INFY,Infosys Ltd,BUY,42397.0,1529.22,64834340.34,INR,2025-04-15,2025-04-17,Zerodha Institutional,PORT-041,APAC,Failed,False,True,False
TRD-2024-01379,CLT0013,GIC Private Ltd Singapore,INE075A01022,WIPRO,Wipro Ltd,BUY,1922.0,497.99,957136.78,INR,2024-04-20,2024-04-22,Edelweiss,PORT-012,APAC,Settled,False,True,True
TRD-2024-01380,CLT0007,ICICI Prudential AMC,INE154A01025,ITC,ITC Ltd,BUY,4896.0,484.91,2374119.36,INR,2024-05-04,2024-05-06,Zerodha Institutional,PORT-044,APAC,Settled,False,True,False
TRD-2024-01381,CLT0015,Norges Bank Investment Mgmt,INE075A01022,WIPRO,Wipro Ltd,SELL,3081.0,503.55,1551437.55,INR,2024-03-03,2024-03-05,Nomura India,PORT-031,EMEA,Settled,False,True,False
TRD-2024-01382,CLT0006,LIC of India,INE002A01018,RELIANCE,Reliance Industries Ltd,BUY,6501.0,2896.48,18830016.48,INR,2024-08-21,2024-08-23,Nomura India,PORT-037,APAC,Settled,True,True,False
TRD-2024-01383,CLT0015,Norges Bank Investment Mgmt,INE031A01017,POWERGRID,Power Grid Corp of India,BUY,30437.0,311.1,9468950.7,INR,2024-06-24,2024-06-26,Zerodha Institutional,PORT-049,EMEA,Settled,False,True,False
TRD-2024-01384,CLT0012,Vanguard Emerging Markets,INE296A01024,BAJFINANCE,Bajaj Finance Ltd,SELL,7553.0,7009.63,52943735.39,INR,2024-02-07,2024-02-09,Goldman Sachs India,PORT-020,Americas,Settled,False,True,False
TRD-2024-01385,CLT0003,SBI Life Insurance,INE361B01024,HCLTECH,HCL Technologies Ltd,SELL,807.0,1522.07,1228310.49,INR,2024-03-13,2024-03-15,Kotak Securities,PORT-017,APAC,Settled,False,True,False
TRD-2024-01386,CLT0012,Vanguard Emerging Markets,INE038A01020,HINDALCO,Hindalco Industries Ltd,BUY,35837.0,688.58,24676641.46,INR,2024-04-13,2024-04-15,ICICI Direct,PORT-012,Americas,Pending,False,True,False
TRD-2024-01387,CLT0012,Vanguard Emerging Markets,INE002A01018,RELIANCE,Reliance Industries Ltd,SELL,39441.0,2955.57,116570636.37,INR,2024-04-19,2024-04-21,ICICI Direct,PORT-035,Americas,Settled,False,True,False
TRD-2024-01388,CLT0015,Norges Bank Investment Mgmt,INE414G01012,ADANIENT,Adani Enterprises Ltd,SELL,10597.0,2415.93,25601610.21,INR,2024-12-01,2024-12-03,HDFC Securities,PORT-006,EMEA,Settled,False,True,False
TRD-2024-01389,CLT0015,Norges Bank Investment Mgmt,INE721A01013,SUNPHARMA,Sun Pharmaceutical Ltd,BUY,34777.0,1756.37,61081279.49,INR,2025-01-16,2025-01-18,Nomura India,PORT-032,EMEA,Settled,False,True,False
TRD-2024-01390,CLT0013,GIC Private Ltd Singapore,INE038A01020,HINDALCO,Hindalco Industries Ltd,BUY,7501.0,680.01,5100755.01,INR,2025-05-20,2025-05-22,Nomura India,PORT-048,APAC,Settled,False,True,True
TRD-2024-01391,CLT0013,GIC Private Ltd Singapore,INE296A01024,BAJFINANCE,Bajaj Finance Ltd,SELL,16915.0,7280.35,123147120.25,INR,2024-08-09,2024-08-11,Kotak Securities,PORT-011,APAC,Settled,False,True,False
TRD-2024-01392,CLT0001,Tata Investment Corp,INE001A01036,SBIN,State Bank of India,BUY,42089.0,807.86,34002019.54,INR,2024-05-24,2024-05-26,Edelweiss,PORT-013,APAC,Settled,False,True,True
TRD-2024-01393,CLT0005,Kotak Mahindra AMC,INE001A01036,SBIN,State Bank of India,BUY,,,,INR,2024-06-12,2024-06-14,,PORT-033,APAC,Settled,False,True,False
TRD-2024-01394,CLT0008,Nippon India MF,INE040A01034,HDFCBANK,HDFC Bank Ltd,BUY,32643.0,1620.68,52903857.24,INR,2024-08-11,2024-08-13,Kotak Securities,PORT-047,APAC,Settled,False,True,True
TRD-2024-01395,CLT0015,Norges Bank Investment Mgmt,INE414G01012,ADANIENT,Adani Enterprises Ltd,SELL,17965.0,2489.17,,INR,2025-03-01,2025-03-03,,PORT-033,EMEA,Settled,False,False,True
TRD-2024-01396,CLT0004,HDFC Pension Fund,INE075A01022,WIPRO,Wipro Ltd,SELL,11044.0,517.64,5716816.16,INR,2024-10-31,2024-11-02,HDFC Securities,PORT-036,APAC,Settled,True,True,False
TRD-2024-01397,CLT0002,Aditya Birla Capital,INE585B01010,AXISBANK,Axis Bank Ltd,BUY,813.0,1035.41,841788.33,INR,2024-02-16,2024-02-18,Zerodha Institutional,PORT-017,APAC,Settled,False,True,False
TRD-2024-01398,CLT0006,LIC of India,INE009A01021,INFY,Infosys Ltd,BUY,23947.0,1410.36,,INR,2024-06-04,2024-06-06,,PORT-005,APAC,Settled,False,True,False
TRD-2024-01399,CLT0005,Kotak Mahindra AMC,INE020B01018,NTPC,NTPC Ltd,BUY,47221.0,345.19,16300216.99,INR,2024-01-26,2024-01-28,Edelweiss,PORT-029,APAC,Settled,False,True,False
TRD-2024-01400,CLT0010,Abu Dhabi Investment Auth,INE009A01021,INFY,Infosys Ltd,BUY,16786.0,1528.76,25661765.36,INR,2024-08-17,2024-08-19,Kotak Securities,PORT-020,EMEA,Settled,False,True,False
TRD-2024-01401,CLT0013,GIC Private Ltd Singapore,INE038A01020,HINDALCO,Hindalco Industries Ltd,BUY,37950.0,631.12,23951004.0,INR,2024-03-04,2024-03-06,Motilal Oswal,PORT-022,APAC,Settled,False,True,False
TRD-2024-01402,CLT0007,ICICI Prudential AMC,INE213A01029,MARUTI,Maruti Suzuki India Ltd,BUY,38403.0,13261.45,509279464.35,INR,2024-03-07,2024-03-09,Kotak Securities,PORT-007,APAC,Settled,False,True,False
TRD-2024-01403,CLT0008,Nippon India MF,INE721A01013,SUNPHARMA,Sun Pharmaceutical Ltd,SELL,5021.0,1752.57,8799653.97,INR,2024-09-04,2024-09-06,Kotak Securities,PORT-009,APAC,Pending,False,True,False
TRD-2024-01404,CLT0008,Nippon India MF,INE066A01021,ONGC,Oil & Natural Gas Corp,BUY,20110.0,268.71,5403758.1,INR,2025-03-23,2025-03-25,HDFC Securities,PORT-021,APAC,Pending,False,True,False
TRD-2024-01405,CLT0013,GIC Private Ltd Singapore,INE031A01017,POWERGRID,Power Grid Corp of India,BUY,34972.0,307.68,10760184.96,INR,2024-10-15,2024-10-17,Zerodha Institutional,PORT-024,APAC,Settled,False,False,False
TRD-2024-01406,CLT0015,Norges Bank Investment Mgmt,INE018A01030,LARSEN,Larsen & Toubro Ltd,BUY,14187.0,3696.95,52448629.65,INR,2024-06-22,2024-06-24,Kotak Securities,PORT-011,EMEA,Settled,False,False,False
TRD-2024-01407,CLT0009,Emirates NBD Asset Mgmt,INE031A01017,POWERGRID,Power Grid Corp of India,SELL,43745.0,312.6,13674687.0,INR,2024-12-31,2025-01-02,Motilal Oswal,PORT-050,EMEA,Settled,False,True,False
TRD-2024-01408,CLT0006,LIC of India,INE585B01010,AXISBANK,Axis Bank Ltd,BUY,21012.0,1073.4,22554280.8,INR,2024-07-20,2024-07-22,HDFC Securities,PORT-046,APAC,Settled,False,True,False
TRD-2024-01409,CLT0006,LIC of India,INE414G01012,ADANIENT,Adani Enterprises Ltd,SELL,10980.0,2520.81,27678493.8,INR,2024-03-20,2024-03-22,Zerodha Institutional,PORT-016,APAC,Pending,False,False,False
TRD-2024-01410,CLT0001,Tata Investment Corp,INE040A01034,HDFCBANK,HDFC Bank Ltd,BUY,27036.0,1607.71,43466047.56,INR,2024-05-05,2024-05-07,ICICI Direct,PORT-017,APAC,Settled,False,True,False
TRD-2024-01411,CLT0003,SBI Life Insurance,INE090A01021,ICICIBANK,ICICI Bank Ltd,SELL,11703.0,1298.56,15197047.68,INR,2024-07-31,2024-08-02,Nomura India,PORT-012,APAC,Pending,False,True,False
TRD-2024-01412,CLT0015,Norges Bank Investment Mgmt,INE090A01021,ICICIBANK,ICICI Bank Ltd,SELL,23894.0,1277.1,30515027.4,INR,2024-03-01,2024-03-03,Motilal Oswal,PORT-014,EMEA,Settled,False,True,True
TRD-2024-01413,CLT0010,Abu Dhabi Investment Auth,INE414G01012,ADANIENT,Adani Enterprises Ltd,SELL,17476.0,2545.41,44483585.16,INR,2024-05-15,2024-05-17,Edelweiss,PORT-031,EMEA,Settled,False,True,False
TRD-2024-01414,CLT0004,HDFC Pension Fund,INE361B01024,HCLTECH,HCL Technologies Ltd,SELL,11872.0,1636.29,19426034.88,INR,2025-01-28,2025-01-30,ICICI Direct,PORT-024,APAC,Settled,False,True,False
TRD-2024-01415,CLT0007,ICICI Prudential AMC,INE090A01021,ICICIBANK,ICICI Bank Ltd,SELL,42153.0,1253.7,52847216.1,INR,2025-04-06,2025-04-08,Motilal Oswal,PORT-012,APAC,Settled,False,False,False
TRD-2024-01416,CLT0009,Emirates NBD Asset Mgmt,INE414G01012,ADANIENT,Adani Enterprises Ltd,BUY,21281.0,2380.03,50649418.43,INR,2025-04-09,2025-04-11,Goldman Sachs India,PORT-024,EMEA,Settled,False,True,False
TRD-2024-01417,CLT0011,BlackRock India Fund,INE002A01018,RELIANCE,Reliance Industries Ltd,BUY,30555.0,2797.58,85480056.9,INR,2024-03-02,2024-03-04,ICICI Direct,PORT-034,Americas,Settled,False,False,False
TRD-2024-01418,CLT0003,SBI Life Insurance,INE585B01010,AXISBANK,Axis Bank Ltd,BUY,22356.0,1098.08,24548676.48,INR,2025-02-20,2025-02-22,Motilal Oswal,PORT-021,APAC,Settled,False,True,False
TRD-2024-01419,CLT0012,Vanguard Emerging Markets,INE154A01025,ITC,ITC Ltd,SELL,26609.0,487.31,12966831.79,INR,2025-04-07,2025-04-09,Goldman Sachs India,PORT-035,Americas,Settled,False,True,False
TRD-2024-01420,CLT0001,Tata Investment Corp,INE296A01024,BAJFINANCE,Bajaj Finance Ltd,BUY,41760.0,6795.42,283776739.2,INR,2024-05-17,2024-05-19,Nomura India,PORT-027,APAC,Settled,False,True,True
TRD-2024-01421,CLT0002,Aditya Birla Capital,INE018A01030,LARSEN,Larsen & Toubro Ltd,SELL,15982.0,3741.23,59792337.86,INR,2025-04-12,2025-04-14,HDFC Securities,PORT-005,APAC,Settled,False,False,False
TRD-2024-01422,CLT0008,Nippon India MF,INE117A01022,BHARTIARTL,Bharti Airtel Ltd,SELL,686.0,1379.54,946364.44,INR,2025-03-10,2025-03-12,ICICI Direct,PORT-023,APAC,Settled,False,False,False
TRD-2024-01423,CLT0013,GIC Private Ltd Singapore,INE154A01025,ITC,ITC Ltd,BUY,5434.0,461.06,2505400.04,INR,2024-01-01,2024-01-03,Kotak Securities,PORT-012,APAC,Pending,False,True,False
TRD-2024-01424,CLT0015,Norges Bank Investment Mgmt,INE361B01024,HCLTECH,HCL Technologies Ltd,SELL,33617.0,1652.98,55568228.66,INR,2024-11-23,2024-11-25,HDFC Securities,PORT-004,EMEA,Settled,False,True,False
TRD-2024-01425,CLT0007,ICICI Prudential AMC,INE361B01024,HCLTECH,HCL Technologies Ltd,SELL,9341.0,1559.76,14569718.16,INR,2025-03-11,2025-03-13,Nomura India,PORT-040,APAC,Settled,False,False,False
TRD-2024-01426,CLT0002,Aditya Birla Capital,INE090A01021,ICICIBANK,ICICI Bank Ltd,BUY,2224.0,1293.5,2876744.0,INR,2024-11-27,2024-11-29,Motilal Oswal,PORT-018,APAC,Settled,False,True,False
TRD-2024-01427,CLT0002,Aditya Birla Capital,INE020B01018,NTPC,NTPC Ltd,BUY,16267.0,367.4,5976495.8,INR,2024-09-30,2024-10-02,Edelweiss,PORT-038,APAC,Settled,False,False,False
TRD-2024-01428,CLT0007,ICICI Prudential AMC,INE018A01030,LARSEN,Larsen & Toubro Ltd,SELL,30047.0,3823.48,114884103.56,INR,2024-12-03,2024-12-05,Zerodha Institutional,PORT-049,APAC,Pending,False,True,False
TRD-2024-01429,CLT0011,BlackRock India Fund,INE585B01010,AXISBANK,Axis Bank Ltd,BUY,22383.0,1030.51,23065905.33,INR,2024-09-01,2024-09-03,Zerodha Institutional,PORT-025,Americas,Settled,True,True,False
TRD-2024-01430,CLT0009,Emirates NBD Asset Mgmt,INE040A01034,HDFCBANK,HDFC Bank Ltd,SELL,38545.0,1574.38,60684477.1,INR,2024-05-19,2024-05-21,ICICI Direct,PORT-021,EMEA,Settled,False,True,False
TRD-2024-01431,CLT0006,LIC of India,INE585B01010,AXISBANK,Axis Bank Ltd,SELL,28519.0,1075.42,30669902.98,INR,2025-03-23,2025-03-25,Nomura India,PORT-040,APAC,Settled,False,True,False
TRD-2024-01432,CLT0007,ICICI Prudential AMC,INE213A01029,MARUTI,Maruti Suzuki India Ltd,BUY,23511.0,12553.29,295140401.19,INR,2024-08-27,2024-08-29,Kotak Securities,PORT-032,APAC,Settled,False,True,True
TRD-2024-01433,CLT0005,Kotak Mahindra AMC,INE038A01020,HINDALCO,Hindalco Industries Ltd,SELL,8588.0,652.7,5605387.6,INR,2024-12-05,2024-12-07,Motilal Oswal,PORT-007,APAC,Settled,False,True,False
TRD-2024-01434,CLT0011,BlackRock India Fund,INE031A01017,POWERGRID,Power Grid Corp of India,SELL,4090.0,315.05,1288554.5,INR,2025-05-18,2025-05-20,Zerodha Institutional,PORT-021,Americas,Settled,False,True,False
TRD-2024-01435,CLT0001,Tata Investment Corp,INE585B01010,AXISBANK,Axis Bank Ltd,SELL,29798.0,1077.7,32113304.6,INR,2025-04-28,2025-04-30,Goldman Sachs India,PORT-047,APAC,Pending,False,False,False
TRD-2024-01436,CLT0013,GIC Private Ltd Singapore,INE001A01036,SBIN,State Bank of India,SELL,14747.0,778.9,11486438.3,INR,2025-03-16,2025-03-18,Edelweiss,PORT-047,APAC,Failed,False,True,False
TRD-2024-01437,CLT0001,Tata Investment Corp,INE001A01036,SBIN,State Bank of India,SELL,27579.0,776.72,21421160.88,INR,2024-10-30,2024-11-01,ICICI Direct,PORT-043,APAC,Settled,False,True,False
TRD-2024-01438,CLT0007,ICICI Prudential AMC,INE020B01018,NTPC,NTPC Ltd,BUY,40808.0,351.86,14358702.88,INR,2024-12-17,2024-12-19,Edelweiss,PORT-011,APAC,Settled,False,True,False
TRD-2024-01439,CLT0006,LIC of India,INE031A01017,POWERGRID,Power Grid Corp of India,BUY,9419.0,301.15,2836531.85,INR,2024-04-24,2024-04-26,Motilal Oswal,PORT-003,APAC,Settled,False,True,True
TRD-2024-01440,CLT0006,LIC of India,INE031A01017,POWERGRID,Power Grid Corp of India,BUY,8547.0,308.16,2633843.52,INR,2024-07-31,2024-08-02,Goldman Sachs India,PORT-021,APAC,Settled,False,True,False
TRD-2024-01441,CLT0005,Kotak Mahindra AMC,INE296A01024,BAJFINANCE,Bajaj Finance Ltd,SELL,24683.0,7245.86,178849562.38,INR,2024-06-19,2024-06-21,Nomura India,PORT-005,APAC,Settled,False,True,True
TRD-2024-01442,CLT0005,Kotak Mahindra AMC,INE040A01034,HDFCBANK,HDFC Bank Ltd,SELL,9323.0,1542.63,14381939.49,INR,2025-02-08,2025-02-10,Nomura India,PORT-005,APAC,Settled,False,True,False
TRD-2024-01443,CLT0015,Norges Bank Investment Mgmt,INE154A01025,ITC,ITC Ltd,BUY,42744.0,459.53,19642150.32,INR,2024-06-27,2024-06-29,Zerodha Institutional,PORT-043,EMEA,Settled,False,True,False
TRD-2024-01444,CLT0001,Tata Investment Corp,INE018A01030,LARSEN,Larsen & Toubro Ltd,BUY,31620.0,3498.54,110623834.8,INR,2025-03-28,2025-03-30,Zerodha Institutional,PORT-013,APAC,Cancelled,False,True,True
TRD-2024-01445,CLT0007,ICICI Prudential AMC,INE066A01021,ONGC,Oil & Natural Gas Corp,SELL,18539.0,258.84,4798634.76,INR,2024-11-28,2024-11-30,Nomura India,PORT-004,APAC,Settled,False,True,False
TRD-2024-01446,CLT0003,SBI Life Insurance,INE009A01021,INFY,Infosys Ltd,BUY,30982.0,1540.77,,INR,2024-10-03,2024-10-05,,PORT-044,APAC,Pending,False,True,False
TRD-2024-01447,CLT0007,ICICI Prudential AMC,INE213A01029,MARUTI,Maruti Suzuki India Ltd,SELL,30094.0,13162.4,396109265.6,INR,2024-08-20,2024-08-22,Edelweiss,PORT-049,APAC,Failed,False,True,False
TRD-2024-01448,CLT0010,Abu Dhabi Investment Auth,INE018A01030,LARSEN,Larsen & Toubro Ltd,BUY,13733.0,3558.82,48873275.06,INR,2025-05-07,2025-05-09,Edelweiss,PORT-045,EMEA,Settled,False,True,False
TRD-2024-01449,CLT0004,HDFC Pension Fund,INE040A01034,HDFCBANK,HDFC Bank Ltd,BUY,25122.0,1640.13,41203345.86,INR,2024-10-20,2024-10-22,Zerodha Institutional,PORT-004,APAC,Settled,False,True,False
TRD-2024-01450,CLT0005,Kotak Mahindra AMC,INE296A01024,BAJFINANCE,Bajaj Finance Ltd,BUY,13585.0,7004.31,95153551.35,INR,2025-01-16,2025-01-18,Edelweiss,PORT-022,APAC,Settled,True,True,False
TRD-2024-01451,CLT0008,Nippon India MF,INE002A01018,RELIANCE,Reliance Industries Ltd,SELL,,,,INR,2024-08-04,2024-08-06,,PORT-019,APAC,Settled,False,False,False
TRD-2024-01452,CLT0015,Norges Bank Investment Mgmt,INE721A01013,SUNPHARMA,Sun Pharmaceutical Ltd,SELL,33329.0,1676.22,55866736.38,INR,2024-03-21,2024-03-23,Nomura India,PORT-019,EMEA,Settled,False,False,False
TRD-2024-01453,CLT0007,ICICI Prudential AMC,INE414G01012,ADANIENT,Adani Enterprises Ltd,SELL,16434.0,2340.86,38469693.24,INR,2024-10-25,2024-10-27,Edelweiss,PORT-031,APAC,Pending,False,True,False
TRD-2024-01454,CLT0009,Emirates NBD Asset Mgmt,INE066A01021,ONGC,Oil & Natural Gas Corp,BUY,29850.0,268.98,8029053.0,INR,2024-02-27,2024-02-29,HDFC Securities,PORT-035,EMEA,Settled,False,True,False
TRD-2024-01455,CLT0012,Vanguard Emerging Markets,INE031A01017,POWERGRID,Power Grid Corp of India,SELL,39641.0,310.53,12309719.73,INR,2024-02-12,2024-02-14,Edelweiss,PORT-040,Americas,Settled,False,True,False
TRD-2024-01456,CLT0004,HDFC Pension Fund,INE117A01022,BHARTIARTL,Bharti Airtel Ltd,SELL,19664.0,1380.63,27148708.32,INR,2025-01-27,2025-01-29,Kotak Securities,PORT-002,APAC,Settled,False,True,False
TRD-2024-01457,CLT0015,Norges Bank Investment Mgmt,INE038A01020,HINDALCO,Hindalco Industries Ltd,SELL,32574.0,662.53,21581252.22,INR,2024-06-18,2024-06-20,Kotak Securities,PORT-005,EMEA,Settled,False,True,False
TRD-2024-01458,CLT0012,Vanguard Emerging Markets,INE040A01034,HDFCBANK,HDFC Bank Ltd,BUY,44982.0,1587.8,71422419.6,INR,2024-08-19,2024-08-21,Zerodha Institutional,PORT-028,Americas,Settled,False,False,False
TRD-2024-01459,CLT0008,Nippon India MF,INE154A01025,ITC,ITC Ltd,BUY,3854.0,478.83,1845410.82,INR,2024-06-07,2024-06-09,Goldman Sachs India,PORT-046,APAC,Settled,False,True,False
TRD-2024-01460,CLT0011,BlackRock India Fund,INE213A01029,MARUTI,Maruti Suzuki India Ltd,BUY,44200.0,12477.68,551513456.0,INR,2024-07-30,2024-08-01,Motilal Oswal,PORT-001,Americas,Settled,False,True,False
TRD-2024-01461,CLT0008,Nippon India MF,INE009A01021,INFY,Infosys Ltd,SELL,17676.0,1457.81,25768249.56,INR,2024-06-14,2024-06-16,Edelweiss,PORT-019,APAC,Settled,False,True,False
TRD-2024-01462,CLT0015,Norges Bank Investment Mgmt,INE296A01024,BAJFINANCE,Bajaj Finance Ltd,BUY,49925.0,7143.7,356649222.5,INR,2024-07-23,2024-07-25,Edelweiss,PORT-006,EMEA,Failed,False,True,False
TRD-2024-01463,CLT0006,LIC of India,INE038A01020,HINDALCO,Hindalco Industries Ltd,BUY,22875.0,650.67,14884076.25,INR,2024-08-27,2024-08-29,Edelweiss,PORT-027,APAC,Settled,False,True,False
TRD-2024-01464,CLT0004,HDFC Pension Fund,INE031A01017,POWERGRID,Power Grid Corp of India,SELL,2927.0,317.07,928063.89,INR,2024-08-03,2024-08-05,Nomura India,PORT-017,APAC,Settled,True,True,False
TRD-2024-01465,CLT0010,Abu Dhabi Investment Auth,INE467B01029,TCS,Tata Consultancy Services,SELL,7739.0,4062.54,31439997.06,INR,2024-02-06,2024-02-08,Edelweiss,PORT-027,EMEA,Cancelled,False,True,False
TRD-2024-01466,CLT0003,SBI Life Insurance,INE009A01021,INFY,Infosys Ltd,BUY,24557.0,1464.45,35962498.65,INR,2024-07-25,2024-07-27,ICICI Direct,PORT-010,APAC,Settled,False,True,False
TRD-2024-01467,CLT0010,Abu Dhabi Investment Auth,INE721A01013,SUNPHARMA,Sun Pharmaceutical Ltd,SELL,38093.0,1677.66,63907102.38,INR,2024-06-04,2024-06-06,Nomura India,PORT-048,EMEA,Settled,False,False,True
TRD-2024-01468,CLT0010,Abu Dhabi Investment Auth,INE075A01022,WIPRO,Wipro Ltd,SELL,41189.0,496.65,20456516.85,INR,2024-12-28,2024-12-30,HDFC Securities,PORT-012,EMEA,Settled,False,True,False
TRD-2024-01469,CLT0007,ICICI Prudential AMC,INE154A01025,ITC,ITC Ltd,BUY,383.0,485.52,185954.16,INR,2024-03-09,2024-03-11,Kotak Securities,PORT-008,APAC,Settled,False,True,False
TRD-2024-01470,CLT0014,Temasek Holdings,INE031A01017,POWERGRID,Power Grid Corp of India,SELL,16072.0,313.95,5045804.4,INR,2024-12-15,2024-12-17,Edelweiss,PORT-043,APAC,Settled,False,True,False
TRD-2024-01471,CLT0004,HDFC Pension Fund,INE075A01022,WIPRO,Wipro Ltd,BUY,891.0,515.49,459301.59,INR,2024-06-27,2024-06-29,Edelweiss,PORT-032,APAC,Settled,False,True,False
TRD-2024-01472,CLT0014,Temasek Holdings,INE018A01030,LARSEN,Larsen & Toubro Ltd,SELL,4352.0,3468.18,15093519.36,INR,2024-06-01,2024-06-03,Kotak Securities,PORT-014,APAC,Pending,False,True,False
TRD-2024-01473,CLT0012,Vanguard Emerging Markets,INE154A01025,ITC,ITC Ltd,SELL,34425.0,449.85,15486086.25,INR,2024-08-15,2024-08-17,Nomura India,PORT-014,Americas,Settled,False,True,False
TRD-2024-01474,CLT0003,SBI Life Insurance,INE001A01036,SBIN,State Bank of India,SELL,5399.0,750.04,4049465.96,INR,2024-09-20,2024-09-22,Kotak Securities,PORT-016,APAC,Pending,False,True,False
TRD-2024-01475,CLT0011,BlackRock India Fund,INE031A01017,POWERGRID,Power Grid Corp of India,SELL,33233.0,320.24,10642535.92,INR,2024-07-30,2024-08-01,ICICI Direct,PORT-036,Americas,Settled,False,False,False
TRD-2024-01476,CLT0008,Nippon India MF,INE467B01029,TCS,Tata Consultancy Services,BUY,43082.0,4088.61,176145496.02,INR,2024-09-14,2024-09-16,Goldman Sachs India,PORT-039,APAC,Settled,False,True,False
TRD-2024-01477,CLT0008,Nippon India MF,INE117A01022,BHARTIARTL,Bharti Airtel Ltd,BUY,25808.0,1410.98,36414571.84,INR,2025-04-25,2025-04-27,HDFC Securities,PORT-033,APAC,Settled,False,True,False
TRD-2024-01478,CLT0008,Nippon India MF,INE031A01017,POWERGRID,Power Grid Corp of India,SELL,22138.0,299.57,6631880.66,INR,2024-04-12,2024-04-14,Kotak Securities,PORT-046,APAC,Settled,False,True,False
TRD-2024-01479,CLT0011,BlackRock India Fund,INE585B01010,AXISBANK,Axis Bank Ltd,SELL,23773.0,1020.46,24259395.58,INR,2024-11-20,2024-11-22,ICICI Direct,PORT-043,Americas,Settled,False,True,False
TRD-2024-01480,CLT0006,LIC of India,INE414G01012,ADANIENT,Adani Enterprises Ltd,SELL,27268.0,2438.15,66483474.2,INR,2024-02-20,2024-02-22,Kotak Securities,PORT-047,APAC,Settled,False,True,False
TRD-2024-01481,CLT0003,SBI Life Insurance,INE414G01012,ADANIENT,Adani Enterprises Ltd,BUY,8344.0,2499.25,20853742.0,INR,2025-01-30,2025-02-01,Motilal Oswal,PORT-040,APAC,Settled,False,True,False
TRD-2024-01482,CLT0015,Norges Bank Investment Mgmt,INE018A01030,LARSEN,Larsen & Toubro Ltd,BUY,33371.0,3651.02,121838188.42,INR,2024-03-27,2024-03-29,ICICI Direct,PORT-021,EMEA,Settled,False,True,False
TRD-2024-01483,CLT0006,LIC of India,INE031A01017,POWERGRID,Power Grid Corp of India,BUY,16227.0,311.85,5060389.95,INR,2024-02-13,2024-02-15,Goldman Sachs India,PORT-027,APAC,Pending,False,False,False
TRD-2024-01484,CLT0005,Kotak Mahindra AMC,INE154A01025,ITC,ITC Ltd,SELL,7212.0,480.8,3467529.6,INR,2024-12-01,2024-12-03,Kotak Securities,PORT-009,APAC,Settled,False,True,False
TRD-2024-01485,CLT0013,GIC Private Ltd Singapore,INE296A01024,BAJFINANCE,Bajaj Finance Ltd,SELL,48619.0,7354.45,357566004.55,INR,2024-08-22,2024-08-24,Nomura India,PORT-026,APAC,Settled,False,False,False
TRD-2024-01486,CLT0015,Norges Bank Investment Mgmt,INE213A01029,MARUTI,Maruti Suzuki India Ltd,SELL,41081.0,12595.12,517420124.72,INR,2025-02-01,2025-02-03,Kotak Securities,PORT-046,EMEA,Pending,False,True,False
TRD-2024-01487,CLT0012,Vanguard Emerging Markets,INE117A01022,BHARTIARTL,Bharti Airtel Ltd,SELL,33888.0,1346.56,45632225.28,INR,2025-04-29,2025-05-01,Edelweiss,PORT-049,Americas,Settled,False,True,False
TRD-2024-01488,CLT0007,ICICI Prudential AMC,INE031A01017,POWERGRID,Power Grid Corp of India,SELL,,304.11,,INR,2024-08-23,2024-08-25,,PORT-007,APAC,Settled,False,True,True
TRD-2024-01489,CLT0001,Tata Investment Corp,INE038A01020,HINDALCO,Hindalco Industries Ltd,SELL,35155.0,629.74,22138509.7,INR,2025-04-24,2025-04-26,HDFC Securities,PORT-002,APAC,Pending,False,False,False
TRD-2024-01490,CLT0010,Abu Dhabi Investment Auth,INE361B01024,HCLTECH,HCL Technologies Ltd,BUY,4470.0,1525.96,6821041.2,INR,2025-01-23,2025-01-25,Nomura India,PORT-026,EMEA,Pending,False,True,False
TRD-2024-01491,CLT0009,Emirates NBD Asset Mgmt,INE002A01018,RELIANCE,Reliance Industries Ltd,BUY,42493.0,2833.98,120424312.14,INR,2024-05-31,2024-06-02,Zerodha Institutional,PORT-025,EMEA,Settled,False,True,False
TRD-2024-01492,CLT0005,Kotak Mahindra AMC,INE002A01018,RELIANCE,Reliance Industries Ltd,SELL,26683.0,2895.42,77258491.86,INR,2024-06-15,2024-06-17,Zerodha Institutional,PORT-038,APAC,Settled,False,True,False
TRD-2024-01493,CLT0010,Abu Dhabi Investment Auth,INE414G01012,ADANIENT,Adani Enterprises Ltd,BUY,39489.0,2387.28,94271299.92,INR,2024-07-19,2024-07-21,Kotak Securities,PORT-038,EMEA,Failed,False,True,False
TRD-2024-01494,CLT0013,GIC Private Ltd Singapore,INE361B01024,HCLTECH,HCL Technologies Ltd,SELL,49007.0,1653.77,81046306.39,INR,2025-01-02,2025-01-04,Edelweiss,PORT-034,APAC,Failed,False,True,False
TRD-2024-01495,CLT0007,ICICI Prudential AMC,INE001A01036,SBIN,State Bank of India,BUY,6294.0,751.65,4730885.1,INR,2024-10-28,2024-10-30,Nomura India,PORT-009,APAC,Settled,False,True,False
TRD-2024-01496,CLT0013,GIC Private Ltd Singapore,INE040A01034,HDFCBANK,HDFC Bank Ltd,SELL,33895.0,1547.38,52448445.1,INR,2024-01-08,2024-01-10,Motilal Oswal,PORT-025,APAC,Settled,False,True,False
TRD-2024-01497,CLT0015,Norges Bank Investment Mgmt,INE002A01018,RELIANCE,Reliance Industries Ltd,BUY,1776.0,2727.55,4844128.8,INR,2024-10-23,2024-10-25,Kotak Securities,PORT-029,EMEA,Settled,False,True,False
TRD-2024-01498,CLT0013,GIC Private Ltd Singapore,INE585B01010,AXISBANK,Axis Bank Ltd,SELL,47840.0,1049.6,50212864.0,INR,2024-05-04,2024-05-06,Zerodha Institutional,PORT-037,APAC,Settled,False,True,False
TRD-2024-01499,CLT0003,SBI Life Insurance,INE467B01029,TCS,Tata Consultancy Services,SELL,37798.0,3872.16,146359903.68,INR,2024-02-04,2024-02-06,ICICI Direct,PORT-013,APAC,Failed,False,True,False
TRD-2024-01500,CLT0015,Norges Bank Investment Mgmt,INE090A01021,ICICIBANK,ICICI Bank Ltd,BUY,23592.0,1256.15,29635090.8,INR,2024-02-23,2024-02-25,Kotak Securities,PORT-013,EMEA,Settled,False,True,True
TRD-2024-01501,CLT0006,LIC of India,INE721A01013,SUNPHARMA,Sun Pharmaceutical Ltd,BUY,43473.0,1693.01,73600223.73,INR,2024-02-02,2024-02-04,Goldman Sachs India,PORT-040,APAC,Settled,False,True,False
TRD-2024-01502,CLT0008,Nippon India MF,INE154A01025,ITC,ITC Ltd,BUY,36657.0,466.96,17117352.72,INR,2024-08-17,2024-08-19,Nomura India,PORT-028,APAC,Settled,False,True,False
TRD-2024-01503,CLT0005,Kotak Mahindra AMC,INE038A01020,HINDALCO,Hindalco Industries Ltd,SELL,4755.0,686.02,3262025.1,INR,2025-02-03,2025-02-05,Kotak Securities,PORT-042,APAC,Settled,False,False,False
TRD-2024-01504,CLT0001,Tata Investment Corp,INE361B01024,HCLTECH,HCL Technologies Ltd,SELL,18893.0,1546.85,29224637.05,INR,2024-12-24,2024-12-26,ICICI Direct,PORT-033,APAC,Settled,False,True,False
TRD-2024-01505,CLT0004,HDFC Pension Fund,INE296A01024,BAJFINANCE,Bajaj Finance Ltd,SELL,46345.0,6751.05,312877412.25,INR,2024-07-16,2024-07-18,HDFC Securities,PORT-001,APAC,Settled,False,True,True
TRD-2024-01506,CLT0014,Temasek Holdings,INE001A01036,SBIN,State Bank of India,BUY,14679.0,758.41,11132700.39,INR,2025-03-19,2025-03-21,Goldman Sachs India,PORT-033,APAC,Settled,False,True,False
TRD-2024-01507,CLT0014,Temasek Holdings,INE414G01012,ADANIENT,Adani Enterprises Ltd,SELL,4784.0,2472.76,11829683.84,INR,2025-05-20,2025-05-22,HDFC Securities,PORT-049,APAC,Settled,False,False,False
TRD-2024-01508,CLT0013,GIC Private Ltd Singapore,INE414G01012,ADANIENT,Adani Enterprises Ltd,SELL,28795.0,2393.6,68923712.0,INR,2024-07-02,2024-07-04,HDFC Securities,PORT-016,APAC,Settled,True,True,False
TRD-2024-01509,CLT0013,GIC Private Ltd Singapore,INE020B01018,NTPC,NTPC Ltd,SELL,7359.0,363.41,2674334.19,INR,2024-11-25,2024-11-27,Goldman Sachs India,PORT-043,APAC,Failed,False,True,False
TRD-2024-01510,CLT0005,Kotak Mahindra AMC,INE009A01021,INFY,Infosys Ltd,BUY,26633.0,1447.71,38556860.43,INR,2025-03-06,2025-03-08,Edelweiss,PORT-007,APAC,Settled,False,True,False
TRD-2024-01511,CLT0011,BlackRock India Fund,INE075A01022,WIPRO,Wipro Ltd,SELL,29158.0,531.4,15494561.2,INR,2025-05-12,2025-05-14,HDFC Securities,PORT-021,Americas,Settled,False,True,False
TRD-2024-01512,CLT0002,Aditya Birla Capital,INE040A01034,HDFCBANK,HDFC Bank Ltd,BUY,34219.0,1598.18,54688121.42,INR,2024-02-23,2024-02-25,ICICI Direct,PORT-021,APAC,Settled,False,True,False
TRD-2024-01513,CLT0008,Nippon India MF,INE066A01021,ONGC,Oil & Natural Gas Corp,BUY,21056.0,268.92,5662379.52,INR,2024-05-26,2024-05-28,Kotak Securities,PORT-042,APAC,Settled,False,True,False
TRD-2024-01514,CLT0002,Aditya Birla Capital,INE361B01024,HCLTECH,HCL Technologies Ltd,BUY,39979.0,1587.05,63448671.95,INR,2024-09-15,2024-09-17,Zerodha Institutional,PORT-017,APAC,Settled,False,True,False
TRD-2024-01515,CLT0012,Vanguard Emerging Markets,INE038A01020,HINDALCO,Hindalco Industries Ltd,SELL,3483.0,643.41,2240997.03,INR,2024-11-16,2024-11-18,Edelweiss,PORT-025,Americas,Settled,False,True,False
TRD-2024-01516,CLT0005,Kotak Mahindra AMC,INE154A01025,ITC,ITC Ltd,BUY,19803.0,470.75,9322262.25,INR,2025-03-29,2025-03-31,Edelweiss,PORT-029,APAC,Settled,False,True,False
TRD-2024-01517,CLT0011,BlackRock India Fund,INE020B01018,NTPC,NTPC Ltd,BUY,,,,INR,2024-10-05,2024-10-07,,PORT-013,Americas,Pending,False,False,False
TRD-2024-01518,CLT0011,BlackRock India Fund,INE154A01025,ITC,ITC Ltd,SELL,5911.0,459.31,2714981.41,INR,2024-12-06,2024-12-08,Nomura India,PORT-050,Americas,Settled,False,True,False
TRD-2024-01519,CLT0003,SBI Life Insurance,INE031A01017,POWERGRID,Power Grid Corp of India,SELL,48323.0,307.15,14842409.45,INR,2024-08-01,2024-08-03,Zerodha Institutional,PORT-041,APAC,Settled,False,True,False
TRD-2024-01520,CLT0003,SBI Life Insurance,INE090A01021,ICICIBANK,ICICI Bank Ltd,SELL,36817.0,1271.92,46828278.64,INR,2025-01-20,2025-01-22,Nomura India,PORT-034,APAC,Settled,False,True,False
TRD-2024-01521,CLT0013,GIC Private Ltd Singapore,INE018A01030,LARSEN,Larsen & Toubro Ltd,BUY,11821.0,3731.72,44112662.12,INR,2025-05-02,2025-05-04,HDFC Securities,PORT-045,APAC,Settled,False,True,False
TRD-2024-01522,CLT0012,Vanguard Emerging Markets,INE117A01022,BHARTIARTL,Bharti Airtel Ltd,BUY,22940.0,1353.95,31059613.0,INR,2024-10-23,2024-10-25,ICICI Direct,PORT-033,Americas,Settled,False,True,False
TRD-2024-01523,CLT0015,Norges Bank Investment Mgmt,INE018A01030,LARSEN,Larsen & Toubro Ltd,BUY,20959.0,3664.15,76796919.85,INR,2024-09-28,2024-09-30,Zerodha Institutional,PORT-006,EMEA,Settled,True,False,False
TRD-2024-01524,CLT0007,ICICI Prudential AMC,INE585B01010,AXISBANK,Axis Bank Ltd,BUY,13405.0,1092.48,14644694.4,INR,2024-03-22,2024-03-24,Goldman Sachs India,PORT-013,APAC,Settled,False,True,False
TRD-2024-01525,CLT0009,Emirates NBD Asset Mgmt,INE414G01012,ADANIENT,Adani Enterprises Ltd,SELL,23711.0,2436.04,57760944.44,INR,2024-08-06,2024-08-08,Nomura India,PORT-042,EMEA,Settled,False,True,False
TRD-2024-01526,CLT0006,LIC of India,INE040A01034,HDFCBANK,HDFC Bank Ltd,SELL,11412.0,1676.77,19135299.24,INR,2024-07-27,2024-07-29,Nomura India,PORT-019,APAC,Failed,False,True,True
TRD-2024-01527,CLT0009,Emirates NBD Asset Mgmt,INE038A01020,HINDALCO,Hindalco Industries Ltd,BUY,13921.0,628.34,8747121.14,INR,2024-03-28,2024-03-30,Goldman Sachs India,PORT-012,EMEA,Settled,False,True,False
TRD-2024-01528,CLT0014,Temasek Holdings,INE296A01024,BAJFINANCE,Bajaj Finance Ltd,SELL,13819.0,6800.4,93974727.6,INR,2024-04-13,2024-04-15,Motilal Oswal,PORT-025,APAC,Settled,False,True,False
TRD-2024-01529,CLT0005,Kotak Mahindra AMC,INE154A01025,ITC,ITC Ltd,BUY,15541.0,485.68,7547952.88,INR,2024-12-24,2024-12-26,Kotak Securities,PORT-033,APAC,Pending,False,False,False
TRD-2024-01530,CLT0005,Kotak Mahindra AMC,INE031A01017,POWERGRID,Power Grid Corp of India,BUY,41498.0,302.09,12536130.82,INR,2025-02-17,2025-02-19,Zerodha Institutional,PORT-044,APAC,Settled,False,True,False
TRD-2024-01531,CLT0013,GIC Private Ltd Singapore,INE467B01029,TCS,Tata Consultancy Services,SELL,27104.0,3816.07,103430761.28,INR,2024-07-11,2024-07-13,HDFC Securities,PORT-034,APAC,Settled,False,True,False
TRD-2024-01532,CLT0007,ICICI Prudential AMC,INE002A01018,RELIANCE,Reliance Industries Ltd,SELL,29834.0,2882.87,86007543.58,INR,2025-04-19,2025-04-21,HDFC Securities,PORT-011,APAC,Pending,False,True,False
TRD-2024-01533,CLT0013,GIC Private Ltd Singapore,INE002A01018,RELIANCE,Reliance Industries Ltd,SELL,34640.0,2829.19,98003141.6,INR,2024-01-19,2024-01-21,Nomura India,PORT-048,APAC,Settled,False,True,False
TRD-2024-01534,CLT0005,Kotak Mahindra AMC,INE002A01018,RELIANCE,Reliance Industries Ltd,SELL,27549.0,2875.97,79230097.53,INR,2024-11-22,2024-11-24,Edelweiss,PORT-013,APAC,Settled,False,True,False
TRD-2024-01535,CLT0007,ICICI Prudential AMC,INE117A01022,BHARTIARTL,Bharti Airtel Ltd,BUY,,,,INR,2025-05-08,2025-05-10,,PORT-041,APAC,Settled,False,True,False
TRD-2024-01536,CLT0015,Norges Bank Investment Mgmt,INE585B01010,AXISBANK,Axis Bank Ltd,BUY,5090.0,1042.71,5307393.9,INR,2024-01-29,2024-01-31,Motilal Oswal,PORT-010,EMEA,Pending,False,True,False
TRD-2024-01537,CLT0001,Tata Investment Corp,INE090A01021,ICICIBANK,ICICI Bank Ltd,BUY,30306.0,1187.46,35987162.76,INR,2024-02-04,2024-02-06,Goldman Sachs India,PORT-049,APAC,Settled,False,True,False
TRD-2024-01538,CLT0007,ICICI Prudential AMC,INE002A01018,RELIANCE,Reliance Industries Ltd,SELL,41957.0,2972.59,124720958.63,INR,2024-01-16,2024-01-18,Goldman Sachs India,PORT-007,APAC,Settled,False,False,False
TRD-2024-01539,CLT0006,LIC of India,INE467B01029,TCS,Tata Consultancy Services,SELL,5380.0,3823.85,20572313.0,INR,2024-10-21,2024-10-23,Motilal Oswal,PORT-048,APAC,Pending,False,False,False
TRD-2024-01540,CLT0014,Temasek Holdings,INE075A01022,WIPRO,Wipro Ltd,SELL,49497.0,533.44,26403679.68,INR,2024-04-01,2024-04-03,HDFC Securities,PORT-033,APAC,Failed,False,True,False
TRD-2024-01541,CLT0002,Aditya Birla Capital,INE075A01022,WIPRO,Wipro Ltd,BUY,33458.0,524.5,17548721.0,INR,2024-12-14,2024-12-16,Goldman Sachs India,PORT-026,APAC,Settled,False,True,False
TRD-2024-01542,CLT0001,Tata Investment Corp,INE213A01029,MARUTI,Maruti Suzuki India Ltd,BUY,21999.0,13395.02,294677044.98,INR,2025-03-11,2025-03-13,Goldman Sachs India,PORT-048,APAC,Settled,False,True,False
TRD-2024-01543,CLT0012,Vanguard Emerging Markets,INE009A01021,INFY,Infosys Ltd,BUY,39473.0,1449.71,57224402.83,INR,2024-01-28,2024-01-30,HDFC Securities,PORT-024,Americas,Settled,False,True,False
TRD-2024-01544,CLT0001,Tata Investment Corp,INE154A01025,ITC,ITC Ltd,BUY,36875.0,452.46,16684462.5,INR,2025-05-06,2025-05-08,Zerodha Institutional,PORT-031,APAC,Settled,False,True,False
TRD-2024-01545,CLT0001,Tata Investment Corp,INE090A01021,ICICIBANK,ICICI Bank Ltd,BUY,48029.0,1247.71,59926263.59,INR,2024-07-01,2024-07-03,Zerodha Institutional,PORT-015,APAC,Cancelled,False,True,False
TRD-2024-01546,CLT0001,Tata Investment Corp,INE721A01013,SUNPHARMA,Sun Pharmaceutical Ltd,SELL,43049.0,1637.29,70483697.21,INR,2024-03-06,2024-03-08,Edelweiss,PORT-002,APAC,Settled,False,True,False
TRD-2024-01547,CLT0006,LIC of India,INE038A01020,HINDALCO,Hindalco Industries Ltd,SELL,,,,INR,2024-10-26,2024-10-28,,PORT-008,APAC,Settled,False,True,False
TRD-2024-01548,CLT0012,Vanguard Emerging Markets,INE040A01034,HDFCBANK,HDFC Bank Ltd,BUY,31773.0,1580.01,50201657.73,INR,2024-05-11,2024-05-13,Zerodha Institutional,PORT-037,Americas,Settled,False,True,False
TRD-2024-01549,CLT0011,BlackRock India Fund,INE002A01018,RELIANCE,Reliance Industries Ltd,BUY,13234.0,2909.86,38509087.24,INR,2024-07-01,2024-07-03,Motilal Oswal,PORT-034,Americas,Settled,False,True,False
TRD-2024-01550,CLT0008,Nippon India MF,INE721A01013,SUNPHARMA,Sun Pharmaceutical Ltd,SELL,39347.0,1659.56,65298707.32,INR,2024-07-12,2024-07-14,HDFC Securities,PORT-015,APAC,Settled,False,True,False
TRD-2024-01551,CLT0001,Tata Investment Corp,INE020B01018,NTPC,NTPC Ltd,SELL,6885.0,347.33,2391367.05,INR,2024-10-12,2024-10-14,Zerodha Institutional,PORT-028,APAC,Settled,False,True,False
TRD-2024-01552,CLT0006,LIC of India,INE154A01025,ITC,ITC Ltd,SELL,411.0,455.99,187411.89,INR,2024-10-24,2024-10-26,ICICI Direct,PORT-026,APAC,Settled,False,True,False
TRD-2024-01553,CLT0005,Kotak Mahindra AMC,INE414G01012,ADANIENT,Adani Enterprises Ltd,SELL,8776.0,2496.54,21909635.04,INR,2024-08-08,2024-08-10,Kotak Securities,PORT-014,APAC,Settled,False,True,False
TRD-2024-01554,CLT0002,Aditya Birla Capital,INE009A01021,INFY,Infosys Ltd,SELL,20750.0,1428.12,29633490.0,INR,2025-03-03,2025-03-05,Zerodha Institutional,PORT-022,APAC,Settled,False,True,False
TRD-2024-01555,CLT0010,Abu Dhabi Investment Auth,INE038A01020,HINDALCO,Hindalco Industries Ltd,BUY,49636.0,667.48,33131037.28,INR,2024-01-06,2024-01-08,Edelweiss,PORT-016,EMEA,Settled,False,True,False
TRD-2024-01556,CLT0008,Nippon India MF,INE040A01034,HDFCBANK,HDFC Bank Ltd,SELL,12434.0,1568.3,19500242.2,INR,2025-02-16,2025-02-18,Zerodha Institutional,PORT-019,APAC,Settled,False,True,False
TRD-2024-01557,CLT0012,Vanguard Emerging Markets,INE018A01030,LARSEN,Larsen & Toubro Ltd,SELL,47273.0,3578.67,169174466.91,INR,2025-05-15,2025-05-17,Goldman Sachs India,PORT-013,Americas,Settled,False,True,True
TRD-2024-01558,CLT0010,Abu Dhabi Investment Auth,INE031A01017,POWERGRID,Power Grid Corp of India,BUY,37843.0,330.21,12496137.03,INR,2024-08-22,2024-08-24,Motilal Oswal,PORT-024,EMEA,Pending,False,True,False
TRD-2024-01559,CLT0011,BlackRock India Fund,INE414G01012,ADANIENT,Adani Enterprises Ltd,BUY,40050.0,2421.81,96993490.5,INR,2025-02-03,2025-02-05,Zerodha Institutional,PORT-050,Americas,Settled,True,True,False
TRD-2024-01560,CLT0013,GIC Private Ltd Singapore,INE117A01022,BHARTIARTL,Bharti Airtel Ltd,BUY,,,,INR,2025-01-16,2025-01-18,,PORT-008,APAC,Settled,False,False,False
TRD-2024-01561,CLT0013,GIC Private Ltd Singapore,INE090A01021,ICICIBANK,ICICI Bank Ltd,BUY,2177.0,1236.75,2692404.75,INR,2024-12-31,2025-01-02,ICICI Direct,PORT-044,APAC,Settled,False,True,False
TRD-2024-01562,CLT0008,Nippon India MF,INE009A01021,INFY,Infosys Ltd,SELL,37860.0,1493.05,56526873.0,INR,2024-07-17,2024-07-19,HDFC Securities,PORT-015,APAC,Settled,False,True,True
TRD-2024-01563,CLT0008,Nippon India MF,INE361B01024,HCLTECH,HCL Technologies Ltd,SELL,28913.0,1658.48,47951632.24,INR,2025-04-14,2025-04-16,ICICI Direct,PORT-010,APAC,Settled,False,True,False
TRD-2024-01564,CLT0013,GIC Private Ltd Singapore,INE009A01021,INFY,Infosys Ltd,BUY,38559.0,1530.33,59007994.47,INR,2024-03-26,2024-03-28,Edelweiss,PORT-042,APAC,Settled,False,True,True
TRD-2024-01565,CLT0006,LIC of India,INE117A01022,BHARTIARTL,Bharti Airtel Ltd,BUY,41923.0,1394.15,58446950.45,INR,2024-02-21,2024-02-23,Edelweiss,PORT-024,APAC,Settled,False,True,False
TRD-2024-01566,CLT0010,Abu Dhabi Investment Auth,INE296A01024,BAJFINANCE,Bajaj Finance Ltd,SELL,27384.0,6889.27,188655769.68,INR,2024-09-28,2024-09-30,Nomura India,PORT-032,EMEA,Settled,False,True,False
TRD-2024-01567,CLT0012,Vanguard Emerging Markets,INE090A01021,ICICIBANK,ICICI Bank Ltd,SELL,35976.0,1266.04,45547055.04,INR,2025-03-09,2025-03-11,Motilal Oswal,PORT-001,Americas,Settled,False,True,False
TRD-2024-01568,CLT0002,Aditya Birla Capital,INE066A01021,ONGC,Oil & Natural Gas Corp,SELL,3058.0,260.52,796670.16,INR,2025-01-31,2025-02-02,Kotak Securities,PORT-047,APAC,Settled,False,True,False
TRD-2024-01569,CLT0003,SBI Life Insurance,INE018A01030,LARSEN,Larsen & Toubro Ltd,SELL,10514.0,3680.77,38699615.78,INR,2024-09-25,2024-09-27,Edelweiss,PORT-048,APAC,Pending,False,False,False
TRD-2024-01570,CLT0014,Temasek Holdings,INE090A01021,ICICIBANK,ICICI Bank Ltd,SELL,37830.0,1280.03,48423534.9,INR,2024-11-02,2024-11-04,Edelweiss,PORT-008,APAC,Pending,False,True,False
TRD-2024-01571,CLT0008,Nippon India MF,INE213A01029,MARUTI,Maruti Suzuki India Ltd,SELL,41457.0,13214.73,547843061.61,INR,2024-06-13,2024-06-15,Edelweiss,PORT-033,APAC,Pending,False,True,False
TRD-2024-01572,CLT0004,HDFC Pension Fund,INE585B01010,AXISBANK,Axis Bank Ltd,SELL,4486.0,1093.08,4903556.88,INR,2025-03-05,2025-03-07,HDFC Securities,PORT-023,APAC,Settled,False,True,False
TRD-2024-01573,CLT0001,Tata Investment Corp,INE020B01018,NTPC,NTPC Ltd,SELL,7988.0,362.1,2892454.8,INR,2024-04-09,2024-04-11,ICICI Direct,PORT-031,APAC,Settled,False,True,True
TRD-2024-01574,CLT0002,Aditya Birla Capital,INE075A01022,WIPRO,Wipro Ltd,SELL,24808.0,543.61,,INR,2024-01-31,2024-02-02,,PORT-013,APAC,Pending,False,True,False
TRD-2024-01575,CLT0003,SBI Life Insurance,INE066A01021,ONGC,Oil & Natural Gas Corp,BUY,31576.0,277.46,8761076.96,INR,2024-01-01,2024-01-03,Goldman Sachs India,PORT-037,APAC,Cancelled,False,True,False
TRD-2024-01576,CLT0003,SBI Life Insurance,INE296A01024,BAJFINANCE,Bajaj Finance Ltd,SELL,707.0,7036.41,4974741.87,INR,2025-02-11,2025-02-13,Goldman Sachs India,PORT-011,APAC,Settled,False,True,False
TRD-2024-01577,CLT0003,SBI Life Insurance,INE038A01020,HINDALCO,Hindalco Industries Ltd,BUY,32021.0,686.96,21997146.16,INR,2024-07-27,2024-07-29,HDFC Securities,PORT-029,APAC,Settled,False,True,False
TRD-2024-01578,CLT0007,ICICI Prudential AMC,INE117A01022,BHARTIARTL,Bharti Airtel Ltd,BUY,37753.0,1329.78,50203184.34,INR,2024-09-18,2024-09-20,Motilal Oswal,PORT-031,APAC,Settled,False,True,False
TRD-2024-01579,CLT0001,Tata Investment Corp,INE414G01012,ADANIENT,Adani Enterprises Ltd,BUY,42919.0,2338.48,100365223.12,INR,2024-04-14,2024-04-16,Nomura India,PORT-045,APAC,Pending,False,True,False
TRD-2024-01580,CLT0014,Temasek Holdings,INE075A01022,WIPRO,Wipro Ltd,SELL,4338.0,506.35,2196546.3,INR,2024-01-16,2024-01-18,Goldman Sachs India,PORT-015,APAC,Settled,False,True,False
TRD-2024-01581,CLT0011,BlackRock India Fund,INE213A01029,MARUTI,Maruti Suzuki India Ltd,SELL,28873.0,12717.35,367188046.55,INR,2025-05-11,2025-05-13,Kotak Securities,PORT-021,Americas,Settled,False,True,False
TRD-2024-01582,CLT0003,SBI Life Insurance,INE467B01029,TCS,Tata Consultancy Services,SELL,37140.0,3832.8,142350192.0,INR,2024-06-20,2024-06-22,Nomura India,PORT-005,APAC,Settled,False,True,False
TRD-2024-01583,CLT0007,ICICI Prudential AMC,INE585B01010,AXISBANK,Axis Bank Ltd,BUY,21918.0,1045.07,22905844.26,INR,2024-04-05,2024-04-07,Goldman Sachs India,PORT-036,APAC,Settled,False,True,False
TRD-2024-01584,CLT0008,Nippon India MF,INE001A01036,SBIN,State Bank of India,SELL,8841.0,772.88,6833032.08,INR,2024-06-10,2024-06-12,Kotak Securities,PORT-048,APAC,Settled,False,True,False
TRD-2024-01585,CLT0013,GIC Private Ltd Singapore,INE075A01022,WIPRO,Wipro Ltd,SELL,2467.0,523.23,1290808.41,INR,2024-09-29,2024-10-01,Motilal Oswal,PORT-019,APAC,Settled,False,True,False
TRD-2024-01586,CLT0007,ICICI Prudential AMC,INE031A01017,POWERGRID,Power Grid Corp of India,SELL,43078.0,304.71,13126297.38,INR,2025-04-23,2025-04-25,HDFC Securities,PORT-026,APAC,Settled,False,True,False
TRD-2024-01587,CLT0010,Abu Dhabi Investment Auth,INE001A01036,SBIN,State Bank of India,SELL,4222.0,769.56,3249082.32,INR,2024-09-04,2024-09-06,Goldman Sachs India,PORT-045,EMEA,Failed,False,True,False
TRD-2024-01588,CLT0003,SBI Life Insurance,INE038A01020,HINDALCO,Hindalco Industries Ltd,SELL,38632.0,649.08,25075258.56,INR,2024-02-04,2024-02-06,Goldman Sachs India,PORT-013,APAC,Settled,False,True,False
TRD-2024-01589,CLT0002,Aditya Birla Capital,INE002A01018,RELIANCE,Reliance Industries Ltd,BUY,41021.0,2990.67,122680274.07,INR,2024-08-04,2024-08-06,Zerodha Institutional,PORT-018,APAC,Settled,False,True,False
TRD-2024-01590,CLT0004,HDFC Pension Fund,INE001A01036,SBIN,State Bank of India,BUY,45969.0,803.75,36947583.75,INR,2024-08-08,2024-08-10,HDFC Securities,PORT-010,APAC,Settled,False,True,False
TRD-2024-01591,CLT0001,Tata Investment Corp,INE414G01012,ADANIENT,Adani Enterprises Ltd,BUY,48692.0,2493.24,121400842.08,INR,2024-02-18,2024-02-20,ICICI Direct,PORT-018,APAC,Settled,False,True,False
TRD-2024-01592,CLT0011,BlackRock India Fund,INE018A01030,LARSEN,Larsen & Toubro Ltd,SELL,2954.0,3750.15,11077943.1,INR,2024-10-11,2024-10-13,Motilal Oswal,PORT-016,Americas,Settled,False,True,False
TRD-2024-01593,CLT0010,Abu Dhabi Investment Auth,INE467B01029,TCS,Tata Consultancy Services,BUY,26435.0,3926.01,103784074.35,INR,2024-09-06,2024-09-08,Zerodha Institutional,PORT-001,EMEA,Settled,False,True,False
TRD-2024-01594,CLT0001,Tata Investment Corp,INE031A01017,POWERGRID,Power Grid Corp of India,BUY,21707.0,326.11,7078869.77,INR,2025-04-10,2025-04-12,ICICI Direct,PORT-018,APAC,Settled,False,True,True
TRD-2024-01595,CLT0012,Vanguard Emerging Markets,INE040A01034,HDFCBANK,HDFC Bank Ltd,BUY,45639.0,1655.92,75574532.88,INR,2024-01-25,2024-01-27,Zerodha Institutional,PORT-022,Americas,Failed,False,True,False
TRD-2024-01596,CLT0002,Aditya Birla Capital,INE031A01017,POWERGRID,Power Grid Corp of India,BUY,41699.0,305.06,12720696.94,INR,2024-02-24,2024-02-26,ICICI Direct,PORT-027,APAC,Settled,False,True,False
TRD-2024-01597,CLT0007,ICICI Prudential AMC,INE009A01021,INFY,Infosys Ltd,BUY,19145.0,1540.05,29484257.25,INR,2025-05-07,2025-05-09,Motilal Oswal,PORT-010,APAC,Settled,False,True,False
TRD-2024-01598,CLT0013,GIC Private Ltd Singapore,INE031A01017,POWERGRID,Power Grid Corp of India,BUY,26087.0,323.74,8445405.38,INR,2024-01-27,2024-01-29,Motilal Oswal,PORT-040,APAC,Settled,False,True,False
TRD-2024-01599,CLT0001,Tata Investment Corp,INE001A01036,SBIN,State Bank of India,BUY,11382.0,771.33,8779278.06,INR,2025-03-17,2025-03-19,Zerodha Institutional,PORT-015,APAC,Settled,False,True,False
TRD-2024-01600,CLT0007,ICICI Prudential AMC,INE066A01021,ONGC,Oil & Natural Gas Corp,SELL,46986.0,280.84,13195548.24,INR,2024-03-02,2024-03-04,Edelweiss,PORT-032,APAC,Pending,False,True,False
TRD-2024-01601,CLT0011,BlackRock India Fund,INE721A01013,SUNPHARMA,Sun Pharmaceutical Ltd,SELL,3857.0,1646.94,6352247.58,INR,2025-04-19,2025-04-21,Nomura India,PORT-019,Americas,Settled,False,True,False
TRD-2024-01602,CLT0014,Temasek Holdings,INE154A01025,ITC,ITC Ltd,SELL,12553.0,478.69,6008995.57,INR,2024-03-07,2024-03-09,Zerodha Institutional,PORT-002,APAC,Settled,False,True,False
TRD-2024-01603,CLT0002,Aditya Birla Capital,INE361B01024,HCLTECH,HCL Technologies Ltd,SELL,25367.0,1541.24,39096635.08,INR,2025-04-14,2025-04-16,Zerodha Institutional,PORT-043,APAC,Pending,False,True,False
TRD-2024-01604,CLT0001,Tata Investment Corp,INE020B01018,NTPC,NTPC Ltd,SELL,21110.0,361.59,7633164.9,INR,2024-03-01,2024-03-03,Edelweiss,PORT-033,APAC,Settled,False,False,True
TRD-2024-01605,CLT0003,SBI Life Insurance,INE585B01010,AXISBANK,Axis Bank Ltd,SELL,17879.0,1064.02,19023613.58,INR,2025-04-18,2025-04-20,Goldman Sachs India,PORT-033,APAC,Settled,False,False,False
TRD-2024-01606,CLT0004,HDFC Pension Fund,INE075A01022,WIPRO,Wipro Ltd,BUY,28501.0,525.82,14986395.82,INR,2024-07-09,2024-07-11,HDFC Securities,PORT-024,APAC,Settled,False,True,False
TRD-2024-01607,CLT0013,GIC Private Ltd Singapore,INE213A01029,MARUTI,Maruti Suzuki India Ltd,BUY,9200.0,12467.19,114698148.0,INR,2024-10-02,2024-10-04,HDFC Securities,PORT-031,APAC,Settled,False,True,False
TRD-2024-01608,CLT0014,Temasek Holdings,INE018A01030,LARSEN,Larsen & Toubro Ltd,SELL,22330.0,3699.19,82602912.7,INR,2024-08-28,2024-08-30,Kotak Securities,PORT-011,APAC,Pending,False,True,False
TRD-2024-01609,CLT0001,Tata Investment Corp,INE038A01020,HINDALCO,Hindalco Industries Ltd,BUY,5862.0,683.82,4008552.84,INR,2024-09-11,2024-09-13,Nomura India,PORT-009,APAC,Settled,False,False,False
TRD-2024-01610,CLT0004,HDFC Pension Fund,INE117A01022,BHARTIARTL,Bharti Airtel Ltd,SELL,17628.0,1383.72,24392216.16,INR,2025-02-01,2025-02-03,Motilal Oswal,PORT-007,APAC,Cancelled,False,True,False
TRD-2024-01611,CLT0012,Vanguard Emerging Markets,INE009A01021,INFY,Infosys Ltd,BUY,48792.0,1438.11,70168263.12,INR,2025-05-01,2025-05-03,ICICI Direct,PORT-034,Americas,Settled,False,True,False
TRD-2024-01612,CLT0005,Kotak Mahindra AMC,INE031A01017,POWERGRID,Power Grid Corp of India,BUY,27923.0,312.54,8727054.42,INR,2024-09-06,2024-09-08,Goldman Sachs India,PORT-031,APAC,Settled,False,True,False
TRD-2024-01613,CLT0004,HDFC Pension Fund,INE009A01021,INFY,Infosys Ltd,BUY,19451.0,1406.23,27352579.73,INR,2024-04-27,2024-04-29,Goldman Sachs India,PORT-036,APAC,Settled,True,True,False
TRD-2024-01614,CLT0014,Temasek Holdings,INE020B01018,NTPC,NTPC Ltd,SELL,40789.0,369.11,15055627.79,INR,2024-11-25,2024-11-27,Motilal Oswal,PORT-010,APAC,Settled,False,True,False
TRD-2024-01615,CLT0008,Nippon India MF,INE154A01025,ITC,ITC Ltd,SELL,8498.0,458.49,3896248.02,INR,2025-01-26,2025-01-28,HDFC Securities,PORT-030,APAC,Settled,False,True,True
TRD-2024-01616,CLT0009,Emirates NBD Asset Mgmt,INE467B01029,TCS,Tata Consultancy Services,SELL,12335.0,3760.55,46386384.25,INR,2025-04-24,2025-04-26,Motilal Oswal,PORT-028,EMEA,Cancelled,False,True,False
TRD-2024-01617,CLT0009,Emirates NBD Asset Mgmt,INE031A01017,POWERGRID,Power Grid Corp of India,SELL,46729.0,323.37,15110756.73,INR,2024-09-07,2024-09-09,Motilal Oswal,PORT-012,EMEA,Pending,True,True,False
TRD-2024-01618,CLT0009,Emirates NBD Asset Mgmt,INE414G01012,ADANIENT,Adani Enterprises Ltd,SELL,45192.0,2480.83,112113669.36,INR,2025-03-28,2025-03-30,Zerodha Institutional,PORT-024,EMEA,Settled,False,True,False
TRD-2024-01619,CLT0011,BlackRock India Fund,INE040A01034,HDFCBANK,HDFC Bank Ltd,SELL,37863.0,1652.65,62574286.95,INR,2025-01-04,2025-01-06,HDFC Securities,PORT-034,Americas,Settled,False,True,False
TRD-2024-01620,CLT0012,Vanguard Emerging Markets,INE001A01036,SBIN,State Bank of India,SELL,26792.0,747.33,20022465.36,INR,2024-08-02,2024-08-04,Goldman Sachs India,PORT-038,Americas,Failed,False,False,False
TRD-2024-01621,CLT0007,ICICI Prudential AMC,INE038A01020,HINDALCO,Hindalco Industries Ltd,BUY,34166.0,692.58,23662688.28,INR,2024-10-18,2024-10-20,Zerodha Institutional,PORT-046,APAC,Settled,False,True,False
TRD-2024-01622,CLT0012,Vanguard Emerging Markets,INE001A01036,SBIN,State Bank of India,SELL,41860.0,766.59,32089457.4,INR,2025-02-06,2025-02-08,ICICI Direct,PORT-008,Americas,Settled,False,True,False
TRD-2024-01623,CLT0008,Nippon India MF,INE001A01036,SBIN,State Bank of India,BUY,5826.0,789.26,4598228.76,INR,2024-08-23,2024-08-25,Nomura India,PORT-009,APAC,Settled,False,False,False
TRD-2024-01624,CLT0008,Nippon India MF,INE066A01021,ONGC,Oil & Natural Gas Corp,SELL,36978.0,281.98,10427056.44,INR,2025-03-25,2025-03-27,ICICI Direct,PORT-046,APAC,Settled,False,True,False
TRD-2024-01625,CLT0013,GIC Private Ltd Singapore,INE154A01025,ITC,ITC Ltd,BUY,2983.0,467.33,1394045.39,INR,2024-11-26,2024-11-28,Kotak Securities,PORT-007,APAC,Settled,False,True,False
TRD-2024-01626,CLT0006,LIC of India,INE018A01030,LARSEN,Larsen & Toubro Ltd,BUY,25994.0,3534.0,91862796.0,INR,2024-02-13,2024-02-15,Edelweiss,PORT-007,APAC,Settled,False,True,True
TRD-2024-01627,CLT0013,GIC Private Ltd Singapore,INE117A01022,BHARTIARTL,Bharti Airtel Ltd,SELL,6532.0,1408.41,9199734.12,INR,2025-02-05,2025-02-07,Kotak Securities,PORT-043,APAC,Settled,True,True,False
TRD-2024-01628,CLT0014,Temasek Holdings,INE038A01020,HINDALCO,Hindalco Industries Ltd,SELL,12118.0,645.01,7816231.18,INR,2024-12-03,2024-12-05,Motilal Oswal,PORT-047,APAC,Settled,False,True,False
TRD-2024-01629,CLT0006,LIC of India,INE154A01025,ITC,ITC Ltd,SELL,33934.0,450.97,15303215.98,INR,2024-01-23,2024-01-25,ICICI Direct,PORT-030,APAC,Settled,False,True,True
TRD-2024-01630,CLT0007,ICICI Prudential AMC,INE296A01024,BAJFINANCE,Bajaj Finance Ltd,SELL,13578.0,7283.8,98899436.4,INR,2024-04-30,2024-05-02,Goldman Sachs India,PORT-024,APAC,Settled,False,True,False
TRD-2024-01631,CLT0004,HDFC Pension Fund,INE154A01025,ITC,ITC Ltd,SELL,22041.0,466.49,10281906.09,INR,2024-09-03,2024-09-05,ICICI Direct,PORT-001,APAC,Settled,False,True,True
TRD-2024-01632,CLT0003,SBI Life Insurance,INE002A01018,RELIANCE,Reliance Industries Ltd,SELL,31385.0,2728.88,85645898.8,INR,2025-04-03,2025-04-05,Kotak Securities,PORT-027,APAC,Settled,False,True,True
TRD-2024-01633,CLT0013,GIC Private Ltd Singapore,INE090A01021,ICICIBANK,ICICI Bank Ltd,SELL,25858.0,1288.04,33306138.32,INR,2025-05-16,2025-05-18,Goldman Sachs India,PORT-043,APAC,Settled,False,True,False
TRD-2024-01634,CLT0004,HDFC Pension Fund,INE009A01021,INFY,Infosys Ltd,SELL,7945.0,1517.1,12053359.5,INR,2024-03-28,2024-03-30,Edelweiss,PORT-025,APAC,Settled,False,True,False
TRD-2024-01635,CLT0014,Temasek Holdings,INE040A01034,HDFCBANK,HDFC Bank Ltd,BUY,10168.0,1595.42,16222230.56,INR,2024-04-10,2024-04-12,Edelweiss,PORT-046,APAC,Settled,False,True,False
TRD-2024-01636,CLT0009,Emirates NBD Asset Mgmt,INE117A01022,BHARTIARTL,Bharti Airtel Ltd,SELL,13658.0,1365.0,18643170.0,INR,2024-01-06,2024-01-08,ICICI Direct,PORT-048,EMEA,Settled,False,True,False
TRD-2024-01637,CLT0007,ICICI Prudential AMC,INE018A01030,LARSEN,Larsen & Toubro Ltd,SELL,30328.0,3774.52,114473642.56,INR,2024-05-17,2024-05-19,ICICI Direct,PORT-012,APAC,Settled,False,True,False
TRD-2024-01638,CLT0013,GIC Private Ltd Singapore,INE018A01030,LARSEN,Larsen & Toubro Ltd,BUY,43108.0,3615.28,155847490.24,INR,2025-04-22,2025-04-24,Nomura India,PORT-012,APAC,Pending,False,True,False
TRD-2024-01639,CLT0002,Aditya Birla Capital,INE090A01021,ICICIBANK,ICICI Bank Ltd,BUY,38117.0,1285.57,49002071.69,INR,2024-01-20,2024-01-22,Edelweiss,PORT-026,APAC,Pending,False,False,True
TRD-2024-01640,CLT0001,Tata Investment Corp,INE117A01022,BHARTIARTL,Bharti Airtel Ltd,BUY,25663.0,1340.67,34405614.21,INR,2025-04-18,2025-04-20,Edelweiss,PORT-044,APAC,Settled,False,True,False
TRD-2024-01641,CLT0006,LIC of India,INE040A01034,HDFCBANK,HDFC Bank Ltd,SELL,32961.0,1556.51,51304126.11,INR,2024-04-14,2024-04-16,Zerodha Institutional,PORT-045,APAC,Settled,False,False,False
TRD-2024-01642,CLT0015,Norges Bank Investment Mgmt,INE018A01030,LARSEN,Larsen & Toubro Ltd,SELL,24013.0,3807.32,91425175.16,INR,2024-09-04,2024-09-06,HDFC Securities,PORT-049,EMEA,Pending,False,True,False
TRD-2024-01643,CLT0010,Abu Dhabi Investment Auth,INE414G01012,ADANIENT,Adani Enterprises Ltd,SELL,45776.0,2342.49,107229822.24,INR,2024-07-03,2024-07-05,Kotak Securities,PORT-031,EMEA,Settled,False,True,False
TRD-2024-01644,CLT0014,Temasek Holdings,INE018A01030,LARSEN,Larsen & Toubro Ltd,BUY,21442.0,3574.24,76638854.08,INR,2024-10-08,2024-10-10,Goldman Sachs India,PORT-001,APAC,Settled,False,True,False
TRD-2024-01645,CLT0014,Temasek Holdings,INE467B01029,TCS,Tata Consultancy Services,BUY,8533.0,3877.31,33085086.23,INR,2024-10-19,2024-10-21,Motilal Oswal,PORT-027,APAC,Settled,False,True,False
TRD-2024-01646,CLT0003,SBI Life Insurance,INE361B01024,HCLTECH,HCL Technologies Ltd,SELL,5063.0,1557.83,7887293.29,INR,2024-09-03,2024-09-05,ICICI Direct,PORT-034,APAC,Settled,False,True,True
TRD-2024-01647,CLT0015,Norges Bank Investment Mgmt,INE031A01017,POWERGRID,Power Grid Corp of India,SELL,27210.0,322.97,8788013.7,INR,2024-08-30,2024-09-01,Edelweiss,PORT-022,EMEA,Settled,False,True,False
TRD-2024-01648,CLT0015,Norges Bank Investment Mgmt,INE154A01025,ITC,ITC Ltd,SELL,36562.0,464.55,16984877.1,INR,2024-01-14,2024-01-16,Nomura India,PORT-013,EMEA,Settled,False,True,False
TRD-2024-01649,CLT0008,Nippon India MF,INE075A01022,WIPRO,Wipro Ltd,BUY,15536.0,512.55,7962976.8,INR,2024-03-14,2024-03-16,Goldman Sachs India,PORT-007,APAC,Settled,False,True,False
TRD-2024-01650,CLT0005,Kotak Mahindra AMC,INE213A01029,MARUTI,Maruti Suzuki India Ltd,SELL,31847.0,13367.32,425709040.04,INR,2024-07-29,2024-07-31,Goldman Sachs India,PORT-018,APAC,Settled,False,True,False
TRD-2024-01651,CLT0009,Emirates NBD Asset Mgmt,INE154A01025,ITC,ITC Ltd,BUY,6831.0,477.01,3258455.31,INR,2025-04-17,2025-04-19,Edelweiss,PORT-047,EMEA,Settled,False,True,False
TRD-2024-01652,CLT0013,GIC Private Ltd Singapore,INE001A01036,SBIN,State Bank of India,SELL,48598.0,765.22,37188161.56,INR,2025-04-24,2025-04-26,Kotak Securities,PORT-048,APAC,Settled,False,True,False
TRD-2024-01653,CLT0011,BlackRock India Fund,INE002A01018,RELIANCE,Reliance Industries Ltd,BUY,198.0,2867.67,567798.66,INR,2024-11-24,2024-11-26,Nomura India,PORT-032,Americas,Settled,False,True,False
TRD-2024-01654,CLT0007,ICICI Prudential AMC,INE009A01021,INFY,Infosys Ltd,BUY,29364.0,1484.65,43595262.6,INR,2025-01-30,2025-02-01,Nomura India,PORT-013,APAC,Pending,False,True,False
TRD-2024-01655,CLT0012,Vanguard Emerging Markets,INE585B01010,AXISBANK,Axis Bank Ltd,BUY,15433.0,1029.04,15881174.32,INR,2024-08-15,2024-08-17,Nomura India,PORT-015,Americas,Settled,False,False,False
TRD-2024-01656,CLT0001,Tata Investment Corp,INE213A01029,MARUTI,Maruti Suzuki India Ltd,BUY,32998.0,12306.49,406089557.02,INR,2025-04-18,2025-04-20,HDFC Securities,PORT-014,APAC,Settled,False,False,False
TRD-2024-01657,CLT0005,Kotak Mahindra AMC,INE721A01013,SUNPHARMA,Sun Pharmaceutical Ltd,SELL,3395.0,1650.29,5602734.55,INR,2024-03-25,2024-03-27,Kotak Securities,PORT-021,APAC,Pending,True,True,False
TRD-2024-01658,CLT0005,Kotak Mahindra AMC,INE002A01018,RELIANCE,Reliance Industries Ltd,SELL,42147.0,2868.15,120883918.05,INR,2024-03-24,2024-03-26,Edelweiss,PORT-038,APAC,Settled,False,False,False
TRD-2024-01659,CLT0013,GIC Private Ltd Singapore,INE031A01017,POWERGRID,Power Grid Corp of India,SELL,38150.0,302.87,11554490.5,INR,2024-10-12,2024-10-14,Motilal Oswal,PORT-032,APAC,Cancelled,False,True,False
TRD-2024-01660,CLT0010,Abu Dhabi Investment Auth,INE414G01012,ADANIENT,Adani Enterprises Ltd,SELL,34439.0,2437.85,83957116.15,INR,2024-06-02,2024-06-04,Edelweiss,PORT-042,EMEA,Pending,False,True,False
TRD-2024-01661,CLT0015,Norges Bank Investment Mgmt,INE018A01030,LARSEN,Larsen & Toubro Ltd,SELL,17299.0,3563.84,61650868.16,INR,2025-02-09,2025-02-11,Nomura India,PORT-005,EMEA,Pending,False,True,False
TRD-2024-01662,CLT0011,BlackRock India Fund,INE020B01018,NTPC,NTPC Ltd,SELL,31391.0,359.16,11274391.56,INR,2024-05-22,2024-05-24,HDFC Securities,PORT-006,Americas,Settled,False,True,False
TRD-2024-01663,CLT0014,Temasek Holdings,INE117A01022,BHARTIARTL,Bharti Airtel Ltd,BUY,40787.0,1331.81,54320534.47,INR,2024-10-07,2024-10-09,Goldman Sachs India,PORT-022,APAC,Settled,False,True,False
TRD-2024-01664,CLT0013,GIC Private Ltd Singapore,INE585B01010,AXISBANK,Axis Bank Ltd,BUY,47972.0,1017.18,,INR,2024-10-31,2024-11-02,,PORT-002,APAC,Pending,False,True,False
TRD-2024-01665,CLT0001,Tata Investment Corp,INE467B01029,TCS,Tata Consultancy Services,SELL,15180.0,3872.88,58790318.4,INR,2024-10-08,2024-10-10,Edelweiss,PORT-047,APAC,Settled,False,True,False
TRD-2024-01666,CLT0002,Aditya Birla Capital,INE721A01013,SUNPHARMA,Sun Pharmaceutical Ltd,SELL,8336.0,1740.43,14508224.48,INR,2025-01-13,2025-01-15,HDFC Securities,PORT-013,APAC,Settled,False,False,True
TRD-2024-01667,CLT0015,Norges Bank Investment Mgmt,INE213A01029,MARUTI,Maruti Suzuki India Ltd,SELL,15615.0,12418.79,193919405.85,INR,2025-03-25,2025-03-27,Edelweiss,PORT-040,EMEA,Failed,False,False,False
TRD-2024-01668,CLT0003,SBI Life Insurance,INE361B01024,HCLTECH,HCL Technologies Ltd,BUY,37476.0,1563.56,58595974.56,INR,2025-02-19,2025-02-21,ICICI Direct,PORT-039,APAC,Settled,True,True,False
TRD-2024-01669,CLT0012,Vanguard Emerging Markets,INE001A01036,SBIN,State Bank of India,SELL,33146.0,791.83,26245997.18,INR,2024-10-09,2024-10-11,Goldman Sachs India,PORT-013,Americas,Settled,False,True,False
TRD-2024-01670,CLT0004,HDFC Pension Fund,INE020B01018,NTPC,NTPC Ltd,SELL,14484.0,362.92,5256533.28,INR,2025-02-20,2025-02-22,Nomura India,PORT-025,APAC,Settled,False,True,False
TRD-2024-01671,CLT0001,Tata Investment Corp,INE038A01020,HINDALCO,Hindalco Industries Ltd,SELL,22053.0,691.42,15247885.26,INR,2025-02-08,2025-02-10,Motilal Oswal,PORT-018,APAC,Cancelled,False,True,False
TRD-2024-01672,CLT0013,GIC Private Ltd Singapore,INE117A01022,BHARTIARTL,Bharti Airtel Ltd,BUY,40063.0,1444.87,57885826.81,INR,2025-01-08,2025-01-10,Kotak Securities,PORT-044,APAC,Settled,False,True,False
TRD-2024-01673,CLT0005,Kotak Mahindra AMC,INE154A01025,ITC,ITC Ltd,SELL,23410.0,448.62,10502194.2,INR,2024-09-21,2024-09-23,Nomura India,PORT-016,APAC,Settled,False,True,False
TRD-2024-01674,CLT0010,Abu Dhabi Investment Auth,INE213A01029,MARUTI,Maruti Suzuki India Ltd,SELL,8034.0,12246.64,98389505.76,INR,2024-08-14,2024-08-16,Goldman Sachs India,PORT-011,EMEA,Settled,False,True,False
TRD-2024-01675,CLT0005,Kotak Mahindra AMC,INE031A01017,POWERGRID,Power Grid Corp of India,SELL,44048.0,300.33,13228935.84,INR,2024-09-16,2024-09-18,Kotak Securities,PORT-032,APAC,Settled,False,True,False
TRD-2024-01676,CLT0008,Nippon India MF,INE002A01018,RELIANCE,Reliance Industries Ltd,SELL,12931.0,2918.87,37743907.97,INR,2024-06-22,2024-06-24,HDFC Securities,PORT-028,APAC,Settled,False,False,True
TRD-2024-01677,CLT0007,ICICI Prudential AMC,INE414G01012,ADANIENT,Adani Enterprises Ltd,BUY,22985.0,2347.61,53959815.85,INR,2024-04-07,2024-04-09,Nomura India,PORT-029,APAC,Settled,False,True,False
TRD-2024-01678,CLT0003,SBI Life Insurance,INE361B01024,HCLTECH,HCL Technologies Ltd,BUY,36327.0,1572.08,57108950.16,INR,2024-01-15,2024-01-17,Goldman Sachs India,PORT-034,APAC,Failed,False,True,False
TRD-2024-01679,CLT0005,Kotak Mahindra AMC,INE154A01025,ITC,ITC Ltd,BUY,19025.0,487.25,9269931.25,INR,2025-01-06,2025-01-08,ICICI Direct,PORT-015,APAC,Settled,False,True,False
TRD-2024-01680,CLT0009,Emirates NBD Asset Mgmt,INE296A01024,BAJFINANCE,Bajaj Finance Ltd,BUY,,7009.11,,INR,2024-04-20,2024-04-22,,PORT-017,EMEA,Settled,False,False,False
TRD-2024-01681,CLT0007,ICICI Prudential AMC,INE038A01020,HINDALCO,Hindalco Industries Ltd,BUY,27846.0,656.24,18273659.04,INR,2024-04-11,2024-04-13,Edelweiss,PORT-043,APAC,Settled,False,True,False
TRD-2024-01682,CLT0013,GIC Private Ltd Singapore,INE066A01021,ONGC,Oil & Natural Gas Corp,SELL,29519.0,277.69,8197131.11,INR,2025-01-11,2025-01-13,Edelweiss,PORT-019,APAC,Settled,True,False,False
TRD-2024-01683,CLT0001,Tata Investment Corp,INE414G01012,ADANIENT,Adani Enterprises Ltd,SELL,,,,INR,2025-05-15,2025-05-17,,PORT-012,APAC,Settled,False,True,False
TRD-2024-01684,CLT0006,LIC of India,INE038A01020,HINDALCO,Hindalco Industries Ltd,BUY,1790.0,668.46,1196543.4,INR,2025-04-11,2025-04-13,Goldman Sachs India,PORT-010,APAC,Settled,False,True,False
TRD-2024-01685,CLT0002,Aditya Birla Capital,INE020B01018,NTPC,NTPC Ltd,BUY,3145.0,360.95,1135187.75,INR,2024-03-19,2024-03-21,Kotak Securities,PORT-019,APAC,Settled,False,True,False
TRD-2024-01686,CLT0002,Aditya Birla Capital,INE721A01013,SUNPHARMA,Sun Pharmaceutical Ltd,BUY,7763.0,1664.22,12919339.86,INR,2024-01-08,2024-01-10,Nomura India,PORT-050,APAC,Settled,False,True,False
TRD-2024-01687,CLT0005,Kotak Mahindra AMC,INE117A01022,BHARTIARTL,Bharti Airtel Ltd,SELL,,,,INR,2024-05-25,2024-05-27,,PORT-029,APAC,Settled,False,True,False
TRD-2024-01688,CLT0010,Abu Dhabi Investment Auth,INE721A01013,SUNPHARMA,Sun Pharmaceutical Ltd,SELL,36275.0,1646.55,59728601.25,INR,2025-04-30,2025-05-02,HDFC Securities,PORT-009,EMEA,Settled,True,True,False
TRD-2024-01689,CLT0006,LIC of India,INE040A01034,HDFCBANK,HDFC Bank Ltd,SELL,20427.0,1637.33,33445739.91,INR,2024-06-06,2024-06-08,Nomura India,PORT-042,APAC,Settled,False,False,False
TRD-2024-01690,CLT0005,Kotak Mahindra AMC,INE040A01034,HDFCBANK,HDFC Bank Ltd,BUY,43053.0,1602.79,69004917.87,INR,2024-10-14,2024-10-16,Goldman Sachs India,PORT-009,APAC,Pending,False,True,False
TRD-2024-01691,CLT0002,Aditya Birla Capital,INE467B01029,TCS,Tata Consultancy Services,SELL,2615.0,3929.4,10275381.0,INR,2024-04-23,2024-04-25,Motilal Oswal,PORT-042,APAC,Settled,False,True,False
TRD-2024-01692,CLT0013,GIC Private Ltd Singapore,INE018A01030,LARSEN,Larsen & Toubro Ltd,SELL,26404.0,3723.86,98324799.44,INR,2024-12-09,2024-12-11,Kotak Securities,PORT-047,APAC,Settled,False,True,False
TRD-2024-01693,CLT0009,Emirates NBD Asset Mgmt,INE361B01024,HCLTECH,HCL Technologies Ltd,BUY,18006.0,1611.83,29022610.98,INR,2025-03-22,2025-03-24,Nomura India,PORT-032,EMEA,Settled,False,True,True
TRD-2024-01694,CLT0009,Emirates NBD Asset Mgmt,INE031A01017,POWERGRID,Power Grid Corp of India,SELL,7275.0,322.52,2346333.0,INR,2024-01-27,2024-01-29,Goldman Sachs India,PORT-014,EMEA,Settled,False,False,False
TRD-2024-01695,CLT0004,HDFC Pension Fund,INE467B01029,TCS,Tata Consultancy Services,SELL,26726.0,4100.02,109577134.52,INR,2025-04-11,2025-04-13,Kotak Securities,PORT-015,APAC,Pending,False,True,False
TRD-2024-01696,CLT0005,Kotak Mahindra AMC,INE075A01022,WIPRO,Wipro Ltd,BUY,24009.0,496.84,11928631.56,INR,2024-07-14,2024-07-16,Nomura India,PORT-025,APAC,Cancelled,False,True,False
TRD-2024-01697,CLT0009,Emirates NBD Asset Mgmt,INE066A01021,ONGC,Oil & Natural Gas Corp,BUY,27736.0,259.42,7195273.12,INR,2024-08-13,2024-08-15,Goldman Sachs India,PORT-026,EMEA,Settled,False,True,False
TRD-2024-01698,CLT0005,Kotak Mahindra AMC,INE031A01017,POWERGRID,Power Grid Corp of India,SELL,32748.0,324.19,10616574.12,INR,2024-11-23,2024-11-25,Goldman Sachs India,PORT-018,APAC,Settled,False,True,False
TRD-2024-01699,CLT0002,Aditya Birla Capital,INE018A01030,LARSEN,Larsen & Toubro Ltd,SELL,7946.0,3637.68,28905005.28,INR,2024-04-28,2024-04-30,Edelweiss,PORT-050,APAC,Settled,False,True,False
TRD-2024-01700,CLT0002,Aditya Birla Capital,INE117A01022,BHARTIARTL,Bharti Airtel Ltd,BUY,17470.0,1436.46,25094956.2,INR,2025-01-29,2025-01-31,Nomura India,PORT-022,APAC,Settled,False,True,False
TRD-2024-01701,CLT0012,Vanguard Emerging Markets,INE213A01029,MARUTI,Maruti Suzuki India Ltd,SELL,18707.0,13399.74,250668936.18,INR,2024-12-15,2024-12-17,HDFC Securities,PORT-039,Americas,Pending,False,True,False
TRD-2024-01702,CLT0015,Norges Bank Investment Mgmt,INE066A01021,ONGC,Oil & Natural Gas Corp,SELL,5756.0,274.32,1578985.92,INR,2025-03-05,2025-03-07,ICICI Direct,PORT-015,EMEA,Failed,False,True,False
TRD-2024-01703,CLT0009,Emirates NBD Asset Mgmt,INE038A01020,HINDALCO,Hindalco Industries Ltd,SELL,28186.0,635.91,17923759.26,INR,2024-11-04,2024-11-06,Zerodha Institutional,PORT-029,EMEA,Settled,False,True,False
TRD-2024-01704,CLT0005,Kotak Mahindra AMC,INE075A01022,WIPRO,Wipro Ltd,SELL,44016.0,515.68,22698170.88,INR,2024-12-26,2024-12-28,ICICI Direct,PORT-020,APAC,Settled,False,False,True
TRD-2024-01705,CLT0003,SBI Life Insurance,INE075A01022,WIPRO,Wipro Ltd,SELL,45568.0,500.45,22804505.6,INR,2024-06-29,2024-07-01,Edelweiss,PORT-023,APAC,Settled,False,True,False
TRD-2024-01706,CLT0014,Temasek Holdings,INE213A01029,MARUTI,Maruti Suzuki India Ltd,BUY,5885.0,12426.01,73127068.85,INR,2024-05-10,2024-05-12,Edelweiss,PORT-023,APAC,Settled,True,True,False
TRD-2024-01707,CLT0007,ICICI Prudential AMC,INE154A01025,ITC,ITC Ltd,SELL,,,,INR,2024-06-22,2024-06-24,,PORT-035,APAC,Settled,False,False,False
TRD-2024-01708,CLT0003,SBI Life Insurance,INE038A01020,HINDALCO,Hindalco Industries Ltd,BUY,45786.0,627.87,28747655.82,INR,2024-03-21,2024-03-23,Nomura India,PORT-013,APAC,Settled,False,True,False
TRD-2024-01709,CLT0003,SBI Life Insurance,INE296A01024,BAJFINANCE,Bajaj Finance Ltd,SELL,34801.0,7409.77,257867405.77,INR,2025-01-10,2025-01-12,Nomura India,PORT-031,APAC,Settled,False,True,False
TRD-2024-01710,CLT0010,Abu Dhabi Investment Auth,INE414G01012,ADANIENT,Adani Enterprises Ltd,SELL,47351.0,2432.74,115192671.74,INR,2024-05-29,2024-05-31,Edelweiss,PORT-033,EMEA,Pending,False,True,False
TRD-2024-01711,CLT0011,BlackRock India Fund,INE117A01022,BHARTIARTL,Bharti Airtel Ltd,SELL,42053.0,1418.69,59660170.57,INR,2025-01-20,2025-01-22,HDFC Securities,PORT-037,Americas,Settled,False,True,True
TRD-2024-01712,CLT0014,Temasek Holdings,INE213A01029,MARUTI,Maruti Suzuki India Ltd,SELL,22813.0,12975.62,296012819.06,INR,2024-09-10,2024-09-12,Nomura India,PORT-027,APAC,Settled,False,True,False
TRD-2024-01713,CLT0009,Emirates NBD Asset Mgmt,INE001A01036,SBIN,State Bank of India,BUY,26598.0,791.63,21055774.74,INR,2025-04-04,2025-04-06,Zerodha Institutional,PORT-049,EMEA,Settled,False,True,False
TRD-2024-01714,CLT0005,Kotak Mahindra AMC,INE296A01024,BAJFINANCE,Bajaj Finance Ltd,BUY,31797.0,7064.63,224634040.11,INR,2024-01-08,2024-01-10,Kotak Securities,PORT-014,APAC,Settled,False,True,False
TRD-2024-01715,CLT0009,Emirates NBD Asset Mgmt,INE001A01036,SBIN,State Bank of India,BUY,33660.0,742.23,24983461.8,INR,2024-07-22,2024-07-24,Kotak Securities,PORT-011,EMEA,Settled,False,True,False
TRD-2024-01716,CLT0010,Abu Dhabi Investment Auth,INE018A01030,LARSEN,Larsen & Toubro Ltd,BUY,32916.0,3660.4,120485726.4,INR,2024-12-20,2024-12-22,Edelweiss,PORT-013,EMEA,Settled,False,True,False
TRD-2024-01717,CLT0005,Kotak Mahindra AMC,INE585B01010,AXISBANK,Axis Bank Ltd,SELL,35763.0,1092.95,39087170.85,INR,2024-07-03,2024-07-05,ICICI Direct,PORT-021,APAC,Settled,False,True,False
TRD-2024-01718,CLT0005,Kotak Mahindra AMC,INE002A01018,RELIANCE,Reliance Industries Ltd,SELL,12116.0,2774.67,33617901.72,INR,2024-07-13,2024-07-15,Nomura India,PORT-003,APAC,Failed,False,False,False
TRD-2024-01719,CLT0015,Norges Bank Investment Mgmt,INE154A01025,ITC,ITC Ltd,SELL,32504.0,467.43,15193344.72,INR,2024-11-05,2024-11-07,Edelweiss,PORT-007,EMEA,Settled,False,True,False
TRD-2024-01720,CLT0002,Aditya Birla Capital,INE213A01029,MARUTI,Maruti Suzuki India Ltd,BUY,16137.0,12591.81,203194037.97,INR,2025-05-04,2025-05-06,Kotak Securities,PORT-034,APAC,Settled,False,True,False
TRD-2024-01721,CLT0015,Norges Bank Investment Mgmt,INE031A01017,POWERGRID,Power Grid Corp of India,SELL,42803.0,299.81,12832767.43,INR,2024-03-10,2024-03-12,ICICI Direct,PORT-003,EMEA,Settled,False,True,False
TRD-2024-01722,CLT0004,HDFC Pension Fund,INE213A01029,MARUTI,Maruti Suzuki India Ltd,SELL,27520.0,13353.96,367500979.2,INR,2024-01-26,2024-01-28,Nomura India,PORT-036,APAC,Settled,False,False,False
TRD-2024-01723,CLT0004,HDFC Pension Fund,INE075A01022,WIPRO,Wipro Ltd,BUY,19165.0,496.18,9509289.7,INR,2025-05-03,2025-05-05,Kotak Securities,PORT-034,APAC,Settled,False,False,False
TRD-2024-01724,CLT0003,SBI Life Insurance,INE031A01017,POWERGRID,Power Grid Corp of India,BUY,12880.0,318.75,4105500.0,INR,2024-11-04,2024-11-06,Kotak Securities,PORT-004,APAC,Settled,False,True,False
TRD-2024-01725,CLT0005,Kotak Mahindra AMC,INE040A01034,HDFCBANK,HDFC Bank Ltd,SELL,576.0,1641.46,945480.96,INR,2025-05-19,2025-05-21,Goldman Sachs India,PORT-019,APAC,Settled,False,True,False
TRD-2024-01726,CLT0002,Aditya Birla Capital,INE361B01024,HCLTECH,HCL Technologies Ltd,BUY,4236.0,1537.5,6512850.0,INR,2024-08-24,2024-08-26,Edelweiss,PORT-012,APAC,Settled,False,True,False
TRD-2024-01727,CLT0011,BlackRock India Fund,INE414G01012,ADANIENT,Adani Enterprises Ltd,BUY,21594.0,2390.2,51613978.8,INR,2024-02-27,2024-02-29,Zerodha Institutional,PORT-036,Americas,Settled,False,True,False
TRD-2024-01728,CLT0013,GIC Private Ltd Singapore,INE066A01021,ONGC,Oil & Natural Gas Corp,SELL,15482.0,273.8,4238971.6,INR,2024-09-16,2024-09-18,Motilal Oswal,PORT-024,APAC,Settled,False,True,False
TRD-2024-01729,CLT0007,ICICI Prudential AMC,INE031A01017,POWERGRID,Power Grid Corp of India,BUY,48363.0,330.19,15968978.97,INR,2025-01-20,2025-01-22,Nomura India,PORT-039,APAC,Pending,False,True,False
TRD-2024-01730,CLT0009,Emirates NBD Asset Mgmt,INE066A01021,ONGC,Oil & Natural Gas Corp,BUY,18459.0,278.95,5149138.05,INR,2024-06-21,2024-06-23,Goldman Sachs India,PORT-024,EMEA,Settled,False,True,False
TRD-2024-01731,CLT0002,Aditya Birla Capital,INE040A01034,HDFCBANK,HDFC Bank Ltd,BUY,48055.0,1569.5,75422322.5,INR,2024-08-15,2024-08-17,ICICI Direct,PORT-015,APAC,Settled,False,True,True
TRD-2024-01732,CLT0007,ICICI Prudential AMC,INE296A01024,BAJFINANCE,Bajaj Finance Ltd,BUY,15597.0,6823.09,106419734.73,INR,2025-01-22,2025-01-24,Nomura India,PORT-017,APAC,Settled,False,True,True
TRD-2024-01733,CLT0007,ICICI Prudential AMC,INE018A01030,LARSEN,Larsen & Toubro Ltd,BUY,13783.0,3586.81,49437002.23,INR,2024-01-04,2024-01-06,HDFC Securities,PORT-012,APAC,Pending,False,True,False
TRD-2024-01734,CLT0004,HDFC Pension Fund,INE117A01022,BHARTIARTL,Bharti Airtel Ltd,SELL,8649.0,1426.21,12335290.29,INR,2024-07-23,2024-07-25,Zerodha Institutional,PORT-008,APAC,Settled,False,False,False
TRD-2024-01735,CLT0002,Aditya Birla Capital,INE296A01024,BAJFINANCE,Bajaj Finance Ltd,BUY,611.0,6790.3,4148873.3,INR,2024-02-13,2024-02-15,Motilal Oswal,PORT-021,APAC,Settled,False,True,False
TRD-2024-01736,CLT0001,Tata Investment Corp,INE018A01030,LARSEN,Larsen & Toubro Ltd,SELL,1990.0,3669.74,7302782.6,INR,2024-11-02,2024-11-04,Kotak Securities,PORT-049,APAC,Pending,False,True,False
TRD-2024-01737,CLT0002,Aditya Birla Capital,INE066A01021,ONGC,Oil & Natural Gas Corp,BUY,27441.0,283.44,7777877.04,INR,2024-07-05,2024-07-07,Goldman Sachs India,PORT-028,APAC,Settled,False,True,False
TRD-2024-01738,CLT0013,GIC Private Ltd Singapore,INE002A01018,RELIANCE,Reliance Industries Ltd,BUY,46271.0,2760.43,127727856.53,INR,2025-04-20,2025-04-22,Nomura India,PORT-031,APAC,Cancelled,False,True,False
TRD-2024-01739,CLT0015,Norges Bank Investment Mgmt,INE002A01018,RELIANCE,Reliance Industries Ltd,BUY,19423.0,2873.12,55804609.76,INR,2025-05-10,2025-05-12,Goldman Sachs India,PORT-029,EMEA,Settled,False,True,True
TRD-2024-01740,CLT0008,Nippon India MF,INE020B01018,NTPC,NTPC Ltd,BUY,32761.0,354.14,11601980.54,INR,2024-03-18,2024-03-20,Goldman Sachs India,PORT-045,APAC,Pending,False,True,False
TRD-2024-01741,CLT0009,Emirates NBD Asset Mgmt,INE001A01036,SBIN,State Bank of India,SELL,34351.0,789.71,27127328.21,INR,2025-04-10,2025-04-12,ICICI Direct,PORT-026,EMEA,Pending,False,True,False
TRD-2024-01742,CLT0005,Kotak Mahindra AMC,INE467B01029,TCS,Tata Consultancy Services,SELL,7526.0,3760.7,28303028.2,INR,2024-05-12,2024-05-14,ICICI Direct,PORT-011,APAC,Settled,False,True,False
TRD-2024-01743,CLT0004,HDFC Pension Fund,INE721A01013,SUNPHARMA,Sun Pharmaceutical Ltd,SELL,28909.0,1632.43,47191918.87,INR,2025-04-13,2025-04-15,Goldman Sachs India,PORT-005,APAC,Failed,False,True,False
TRD-2024-01744,CLT0015,Norges Bank Investment Mgmt,INE009A01021,INFY,Infosys Ltd,BUY,44821.0,1466.66,65737167.86,INR,2024-11-01,2024-11-03,Edelweiss,PORT-042,EMEA,Settled,False,True,True
TRD-2024-01745,CLT0008,Nippon India MF,INE090A01021,ICICIBANK,ICICI Bank Ltd,BUY,8111.0,1258.54,10208017.94,INR,2025-02-11,2025-02-13,Nomura India,PORT-006,APAC,Settled,False,True,False
TRD-2024-01746,CLT0014,Temasek Holdings,INE467B01029,TCS,Tata Consultancy Services,BUY,44146.0,3773.28,166575218.88,INR,2024-04-19,2024-04-21,ICICI Direct,PORT-043,APAC,Failed,False,True,False
TRD-2024-01747,CLT0014,Temasek Holdings,INE002A01018,RELIANCE,Reliance Industries Ltd,BUY,20933.0,2841.49,59480910.17,INR,2024-07-13,2024-07-15,Nomura India,PORT-017,APAC,Settled,False,True,False
TRD-2024-01748,CLT0015,Norges Bank Investment Mgmt,INE001A01036,SBIN,State Bank of India,SELL,8611.0,801.93,6905419.23,INR,2025-01-05,2025-01-07,,PORT-029,EMEA,Settled,False,True,True
TRD-2024-01749,CLT0011,BlackRock India Fund,INE213A01029,MARUTI,Maruti Suzuki India Ltd,SELL,13585.0,12507.18,169910040.3,INR,2024-12-18,2024-12-20,ICICI Direct,PORT-008,Americas,Settled,False,True,False
TRD-2024-01750,CLT0003,SBI Life Insurance,INE117A01022,BHARTIARTL,Bharti Airtel Ltd,SELL,9569.0,1358.69,13001304.61,INR,2025-01-20,2025-01-22,Zerodha Institutional,PORT-004,APAC,Settled,False,False,False
TRD-2024-01751,CLT0004,HDFC Pension Fund,INE009A01021,INFY,Infosys Ltd,BUY,27803.0,1542.24,42878898.72,INR,2024-05-13,2024-05-15,Edelweiss,PORT-007,APAC,Settled,False,True,False
TRD-2024-01752,CLT0005,Kotak Mahindra AMC,INE213A01029,MARUTI,Maruti Suzuki India Ltd,SELL,20979.0,12347.98,259048272.42,INR,2025-03-08,2025-03-10,Nomura India,PORT-017,APAC,Settled,False,True,False
TRD-2024-01753,CLT0014,Temasek Holdings,INE090A01021,ICICIBANK,ICICI Bank Ltd,SELL,725.0,1231.34,892721.5,INR,2025-02-02,2025-02-04,Motilal Oswal,PORT-007,APAC,Settled,False,True,False
TRD-2024-01754,CLT0015,Norges Bank Investment Mgmt,INE467B01029,TCS,Tata Consultancy Services,BUY,42164.0,3988.32,168163524.48,INR,2024-11-24,2024-11-26,Zerodha Institutional,PORT-041,EMEA,Settled,False,False,False
TRD-2024-01755,CLT0006,LIC of India,INE040A01034,HDFCBANK,HDFC Bank Ltd,SELL,35196.0,1608.37,56608190.52,INR,2025-03-03,2025-03-05,Goldman Sachs India,PORT-048,APAC,Settled,False,True,False
TRD-2024-01756,CLT0005,Kotak Mahindra AMC,INE002A01018,RELIANCE,Reliance Industries Ltd,SELL,7078.0,2905.72,20566686.16,INR,2024-06-14,2024-06-16,Motilal Oswal,PORT-032,APAC,Settled,False,True,False
TRD-2024-01757,CLT0002,Aditya Birla Capital,INE066A01021,ONGC,Oil & Natural Gas Corp,SELL,16392.0,268.16,4395678.72,INR,2024-11-04,2024-11-06,Nomura India,PORT-033,APAC,Settled,False,False,False
TRD-2024-01758,CLT0010,Abu Dhabi Investment Auth,INE009A01021,INFY,Infosys Ltd,SELL,,,,INR,2025-05-18,2025-05-20,,PORT-014,EMEA,Settled,False,True,False
TRD-2024-01759,CLT0001,Tata Investment Corp,INE018A01030,LARSEN,Larsen & Toubro Ltd,SELL,36604.0,3676.39,134570579.56,INR,2024-08-17,2024-08-19,Edelweiss,PORT-011,APAC,Settled,False,True,False
TRD-2024-01760,CLT0009,Emirates NBD Asset Mgmt,INE040A01034,HDFCBANK,HDFC Bank Ltd,SELL,31759.0,1688.32,53619354.88,INR,2024-03-19,2024-03-21,Motilal Oswal,PORT-029,EMEA,Settled,False,True,False
TRD-2024-01761,CLT0002,Aditya Birla Capital,INE296A01024,BAJFINANCE,Bajaj Finance Ltd,BUY,18975.0,6799.64,129023169.0,INR,2025-04-26,2025-04-28,Edelweiss,PORT-018,APAC,Settled,False,True,False
TRD-2024-01762,CLT0010,Abu Dhabi Investment Auth,INE117A01022,BHARTIARTL,Bharti Airtel Ltd,BUY,48575.0,1388.33,67438129.75,INR,2024-11-26,2024-11-28,Kotak Securities,PORT-033,EMEA,Cancelled,False,True,True
TRD-2024-01763,CLT0014,Temasek Holdings,INE038A01020,HINDALCO,Hindalco Industries Ltd,BUY,5934.0,677.3,4019098.2,INR,2024-03-17,2024-03-19,ICICI Direct,PORT-030,APAC,Failed,False,True,False
TRD-2024-01764,CLT0008,Nippon India MF,INE075A01022,WIPRO,Wipro Ltd,BUY,15921.0,543.69,8656088.49,INR,2024-04-04,2024-04-06,Goldman Sachs India,PORT-009,APAC,Settled,False,True,False
TRD-2024-01765,CLT0002,Aditya Birla Capital,INE066A01021,ONGC,Oil & Natural Gas Corp,SELL,8179.0,267.96,2191644.84,INR,2024-12-18,2024-12-20,Motilal Oswal,PORT-006,APAC,Settled,False,True,False
TRD-2024-01766,CLT0008,Nippon India MF,INE296A01024,BAJFINANCE,Bajaj Finance Ltd,BUY,13308.0,6969.04,92743984.32,INR,2024-09-08,2024-09-10,Motilal Oswal,PORT-012,APAC,Pending,False,False,False
TRD-2024-01767,CLT0008,Nippon India MF,INE002A01018,RELIANCE,Reliance Industries Ltd,SELL,12233.0,2717.39,33241831.87,INR,2024-10-31,2024-11-02,Motilal Oswal,PORT-008,APAC,Settled,False,True,False
TRD-2024-01768,CLT0010,Abu Dhabi Investment Auth,INE721A01013,SUNPHARMA,Sun Pharmaceutical Ltd,BUY,22538.0,1604.47,36161544.86,INR,2025-03-16,2025-03-18,HDFC Securities,PORT-043,EMEA,Failed,False,True,False
TRD-2024-01769,CLT0008,Nippon India MF,INE002A01018,RELIANCE,Reliance Industries Ltd,SELL,23620.0,2903.89,68589881.8,INR,2025-01-13,2025-01-15,Goldman Sachs India,PORT-039,APAC,Pending,False,True,False
TRD-2024-01770,CLT0004,HDFC Pension Fund,INE075A01022,WIPRO,Wipro Ltd,SELL,13918.0,517.94,7208688.92,INR,2024-06-27,2024-06-29,ICICI Direct,PORT-028,APAC,Failed,False,True,False
TRD-2024-01771,CLT0002,Aditya Birla Capital,INE009A01021,INFY,Infosys Ltd,BUY,21112.0,1421.34,30007330.08,INR,2024-12-03,2024-12-05,Zerodha Institutional,PORT-042,APAC,Settled,False,True,False
TRD-2024-01772,CLT0009,Emirates NBD Asset Mgmt,INE040A01034,HDFCBANK,HDFC Bank Ltd,BUY,17148.0,1604.61,27515852.28,INR,2024-10-22,2024-10-24,Motilal Oswal,PORT-046,EMEA,Settled,False,True,False
TRD-2024-01773,CLT0008,Nippon India MF,INE154A01025,ITC,ITC Ltd,BUY,,481.56,,INR,2025-04-09,2025-04-11,,PORT-016,APAC,Settled,False,True,False
TRD-2024-01774,CLT0008,Nippon India MF,INE040A01034,HDFCBANK,HDFC Bank Ltd,SELL,13679.0,1633.73,22347792.67,INR,2025-03-02,2025-03-04,Kotak Securities,PORT-034,APAC,Cancelled,False,True,False
TRD-2024-01775,CLT0014,Temasek Holdings,INE020B01018,NTPC,NTPC Ltd,BUY,8219.0,350.11,2877554.09,INR,2025-05-20,2025-05-22,HDFC Securities,PORT-009,APAC,Settled,False,True,False
TRD-2024-01776,CLT0002,Aditya Birla Capital,INE018A01030,LARSEN,Larsen & Toubro Ltd,BUY,29353.0,3492.18,102505959.54,INR,2024-02-24,2024-02-26,Goldman Sachs India,PORT-035,APAC,Settled,False,True,False
TRD-2024-01777,CLT0008,Nippon India MF,INE585B01010,AXISBANK,Axis Bank Ltd,BUY,13033.0,1044.15,13608406.95,INR,2024-05-22,2024-05-24,Zerodha Institutional,PORT-035,APAC,Settled,False,True,True
TRD-2024-01778,CLT0005,Kotak Mahindra AMC,INE090A01021,ICICIBANK,ICICI Bank Ltd,SELL,26031.0,1198.96,31210127.76,INR,2025-03-07,2025-03-09,Kotak Securities,PORT-029,APAC,Pending,False,True,False
TRD-2024-01779,CLT0014,Temasek Holdings,INE585B01010,AXISBANK,Axis Bank Ltd,SELL,21196.0,1065.75,22589637.0,INR,2024-09-16,2024-09-18,Zerodha Institutional,PORT-017,APAC,Settled,False,True,False
TRD-2024-01780,CLT0006,LIC of India,INE361B01024,HCLTECH,HCL Technologies Ltd,BUY,37104.0,1604.0,59514816.0,INR,2024-04-28,2024-04-30,Kotak Securities,PORT-009,APAC,Settled,False,True,False
TRD-2024-01781,CLT0008,Nippon India MF,INE361B01024,HCLTECH,HCL Technologies Ltd,BUY,22422.0,1582.44,35481469.68,INR,2025-01-11,2025-01-13,ICICI Direct,PORT-024,APAC,Settled,False,True,False
TRD-2024-01782,CLT0007,ICICI Prudential AMC,INE585B01010,AXISBANK,Axis Bank Ltd,BUY,,,,INR,2025-01-30,2025-02-01,,PORT-027,APAC,Settled,False,True,False
TRD-2024-01783,CLT0002,Aditya Birla Capital,INE117A01022,BHARTIARTL,Bharti Airtel Ltd,BUY,15365.0,1333.09,20482927.85,INR,2024-10-20,2024-10-22,Nomura India,PORT-045,APAC,Settled,False,False,False
TRD-2024-01784,CLT0014,Temasek Holdings,INE585B01010,AXISBANK,Axis Bank Ltd,BUY,39091.0,1023.21,39998302.11,INR,2024-04-15,2024-04-17,Zerodha Institutional,PORT-017,APAC,Settled,False,True,True
TRD-2024-01785,CLT0001,Tata Investment Corp,INE414G01012,ADANIENT,Adani Enterprises Ltd,BUY,14184.0,2446.48,34700872.32,INR,2024-11-19,2024-11-21,Nomura India,PORT-007,APAC,Pending,False,True,False
TRD-2024-01786,CLT0002,Aditya Birla Capital,INE721A01013,SUNPHARMA,Sun Pharmaceutical Ltd,SELL,34005.0,1617.77,55012268.85,INR,2024-09-01,2024-09-03,Nomura India,PORT-012,APAC,Pending,False,True,False
TRD-2024-01787,CLT0015,Norges Bank Investment Mgmt,INE213A01029,MARUTI,Maruti Suzuki India Ltd,SELL,31438.0,12472.11,392098194.18,INR,2024-07-03,2024-07-05,Edelweiss,PORT-004,EMEA,Settled,False,True,False
TRD-2024-01788,CLT0015,Norges Bank Investment Mgmt,INE018A01030,LARSEN,Larsen & Toubro Ltd,BUY,22073.0,3729.02,82310658.46,INR,2024-04-22,2024-04-24,Goldman Sachs India,PORT-040,EMEA,Settled,False,True,False
TRD-2024-01789,CLT0001,Tata Investment Corp,INE040A01034,HDFCBANK,HDFC Bank Ltd,SELL,31340.0,1627.89,51018072.6,INR,2024-12-04,2024-12-06,Zerodha Institutional,PORT-021,APAC,Settled,False,True,False
TRD-2024-01790,CLT0005,Kotak Mahindra AMC,INE467B01029,TCS,Tata Consultancy Services,SELL,35463.0,4061.0,144015243.0,INR,2025-04-25,2025-04-27,Motilal Oswal,PORT-021,APAC,Settled,False,True,False
TRD-2024-01791,CLT0001,Tata Investment Corp,INE361B01024,HCLTECH,HCL Technologies Ltd,BUY,47885.0,1571.67,75259417.95,INR,2024-05-30,2024-06-01,Edelweiss,PORT-017,APAC,Settled,False,True,True
TRD-2024-01792,CLT0010,Abu Dhabi Investment Auth,INE066A01021,ONGC,Oil & Natural Gas Corp,SELL,27613.0,269.58,7443912.54,INR,2025-05-20,2025-05-22,HDFC Securities,PORT-004,EMEA,Settled,False,True,False
TRD-2024-01793,CLT0015,Norges Bank Investment Mgmt,INE018A01030,LARSEN,Larsen & Toubro Ltd,BUY,2422.0,3805.04,9215806.88,INR,2024-01-13,2024-01-15,Motilal Oswal,PORT-041,EMEA,Settled,False,True,False
TRD-2024-01794,CLT0005,Kotak Mahindra AMC,INE040A01034,HDFCBANK,HDFC Bank Ltd,SELL,41392.0,1616.56,66912651.52,INR,2024-10-19,2024-10-21,Motilal Oswal,PORT-028,APAC,Settled,False,True,True
TRD-2024-01795,CLT0014,Temasek Holdings,INE040A01034,HDFCBANK,HDFC Bank Ltd,SELL,2551.0,1542.64,3935274.64,INR,2024-12-31,2025-01-02,Edelweiss,PORT-017,APAC,Settled,False,True,False
TRD-2024-01796,CLT0015,Norges Bank Investment Mgmt,INE361B01024,HCLTECH,HCL Technologies Ltd,SELL,,,,INR,2024-07-27,2024-07-29,,PORT-036,EMEA,Settled,False,True,False
TRD-2024-01797,CLT0001,Tata Investment Corp,INE001A01036,SBIN,State Bank of India,SELL,27759.0,745.72,20700441.48,INR,2025-05-09,2025-05-11,Goldman Sachs India,PORT-039,APAC,Settled,False,False,False
TRD-2024-01798,CLT0009,Emirates NBD Asset Mgmt,INE467B01029,TCS,Tata Consultancy Services,SELL,23227.0,3793.34,88107908.18,INR,2024-12-02,2024-12-04,ICICI Direct,PORT-024,EMEA,Settled,False,True,False
TRD-2024-01799,CLT0007,ICICI Prudential AMC,INE002A01018,RELIANCE,Reliance Industries Ltd,SELL,4729.0,2928.63,13849491.27,INR,2024-05-11,2024-05-13,Motilal Oswal,PORT-031,APAC,Failed,False,True,False
TRD-2024-01800,CLT0004,HDFC Pension Fund,INE117A01022,BHARTIARTL,Bharti Airtel Ltd,BUY,6753.0,1407.49,9504779.97,INR,2024-12-19,2024-12-21,HDFC Securities,PORT-045,APAC,Settled,False,True,True
TRD-2024-01801,CLT0005,Kotak Mahindra AMC,INE066A01021,ONGC,Oil & Natural Gas Corp,SELL,24725.0,259.19,6408472.75,INR,2024-09-18,2024-09-20,Motilal Oswal,PORT-025,APAC,Settled,False,True,False
TRD-2024-01802,CLT0009,Emirates NBD Asset Mgmt,INE018A01030,LARSEN,Larsen & Toubro Ltd,BUY,16568.0,3716.86,61580936.48,INR,2024-02-13,2024-02-15,Zerodha Institutional,PORT-012,EMEA,Settled,False,True,False
TRD-2024-01803,CLT0011,BlackRock India Fund,INE585B01010,AXISBANK,Axis Bank Ltd,SELL,41565.0,1010.83,42015148.95,INR,2025-04-27,2025-04-29,Motilal Oswal,PORT-050,Americas,Settled,False,True,False
TRD-2024-01804,CLT0012,Vanguard Emerging Markets,INE031A01017,POWERGRID,Power Grid Corp of India,SELL,49131.0,321.84,15812321.04,INR,2025-05-16,2025-05-18,Motilal Oswal,PORT-020,Americas,Cancelled,False,True,False
TRD-2024-01805,CLT0005,Kotak Mahindra AMC,INE002A01018,RELIANCE,Reliance Industries Ltd,SELL,25297.0,2804.33,70941136.01,INR,2025-01-24,2025-01-26,Nomura India,PORT-016,APAC,Pending,False,True,False
TRD-2024-01806,CLT0004,HDFC Pension Fund,INE361B01024,HCLTECH,HCL Technologies Ltd,SELL,36809.0,1503.89,55356687.01,INR,2025-05-05,2025-05-07,Goldman Sachs India,PORT-026,APAC,Settled,False,True,False
TRD-2024-01807,CLT0005,Kotak Mahindra AMC,INE031A01017,POWERGRID,Power Grid Corp of India,SELL,13585.0,313.51,4259033.35,INR,2024-01-24,2024-01-26,HDFC Securities,PORT-023,APAC,Settled,False,True,False
TRD-2024-01808,CLT0007,ICICI Prudential AMC,INE154A01025,ITC,ITC Ltd,SELL,20194.0,462.28,9335282.32,INR,2025-02-17,2025-02-19,Nomura India,PORT-049,APAC,Settled,False,True,False
TRD-2024-01809,CLT0011,BlackRock India Fund,INE066A01021,ONGC,Oil & Natural Gas Corp,BUY,25039.0,279.14,6989386.46,INR,2024-03-05,2024-03-07,Zerodha Institutional,PORT-008,Americas,Settled,False,True,False
TRD-2024-01810,CLT0002,Aditya Birla Capital,INE002A01018,RELIANCE,Reliance Industries Ltd,SELL,27655.0,2921.83,80803208.65,INR,2024-08-17,2024-08-19,Kotak Securities,PORT-041,APAC,Settled,False,True,False
TRD-2024-01811,CLT0013,GIC Private Ltd Singapore,INE031A01017,POWERGRID,Power Grid Corp of India,SELL,31880.0,300.71,9586634.8,INR,2024-06-04,2024-06-06,Goldman Sachs India,PORT-031,APAC,Failed,False,False,False
TRD-2024-01812,CLT0006,LIC of India,INE066A01021,ONGC,Oil & Natural Gas Corp,SELL,30775.0,282.01,8678857.75,INR,2024-01-29,2024-01-31,Kotak Securities,PORT-045,APAC,Settled,False,True,False
TRD-2024-01813,CLT0011,BlackRock India Fund,INE040A01034,HDFCBANK,HDFC Bank Ltd,SELL,30134.0,1670.58,50341257.72,INR,2024-03-08,2024-03-10,Zerodha Institutional,PORT-032,Americas,Settled,False,False,False
TRD-2024-01814,CLT0007,ICICI Prudential AMC,INE066A01021,ONGC,Oil & Natural Gas Corp,SELL,48109.0,265.59,12777269.31,INR,2024-12-08,2024-12-10,Nomura India,PORT-014,APAC,Settled,False,True,False
TRD-2024-01815,CLT0001,Tata Investment Corp,INE001A01036,SBIN,State Bank of India,BUY,37147.0,811.08,30129188.76,INR,2025-05-02,2025-05-04,Goldman Sachs India,PORT-011,APAC,Settled,False,True,False
TRD-2024-01816,CLT0009,Emirates NBD Asset Mgmt,INE154A01025,ITC,ITC Ltd,SELL,25598.0,468.34,11988567.32,INR,2024-12-10,2024-12-12,Goldman Sachs India,PORT-004,EMEA,Failed,False,False,False
TRD-2024-01817,CLT0013,GIC Private Ltd Singapore,INE075A01022,WIPRO,Wipro Ltd,SELL,26516.0,495.19,13130458.04,INR,2024-07-28,2024-07-30,Kotak Securities,PORT-041,APAC,Settled,False,True,False
TRD-2024-01818,CLT0013,GIC Private Ltd Singapore,INE361B01024,HCLTECH,HCL Technologies Ltd,BUY,42136.0,1643.91,69267791.76,INR,2024-11-03,2024-11-05,Motilal Oswal,PORT-013,APAC,Settled,False,False,False
TRD-2024-01819,CLT0013,GIC Private Ltd Singapore,INE117A01022,BHARTIARTL,Bharti Airtel Ltd,BUY,28434.0,1369.83,38949746.22,INR,2024-09-01,2024-09-03,Goldman Sachs India,PORT-044,APAC,Settled,False,True,False
TRD-2024-01820,CLT0007,ICICI Prudential AMC,INE721A01013,SUNPHARMA,Sun Pharmaceutical Ltd,BUY,38531.0,1614.76,62218317.56,INR,2024-04-08,2024-04-10,Edelweiss,PORT-002,APAC,Pending,False,True,False
TRD-2024-01821,CLT0007,ICICI Prudential AMC,INE075A01022,WIPRO,Wipro Ltd,SELL,2464.0,499.15,1229905.6,INR,2024-11-06,2024-11-08,Goldman Sachs India,PORT-034,APAC,Settled,False,True,True
TRD-2024-01822,CLT0012,Vanguard Emerging Markets,INE040A01034,HDFCBANK,HDFC Bank Ltd,BUY,34433.0,1549.26,53345669.58,INR,2024-04-20,2024-04-22,Motilal Oswal,PORT-048,Americas,Settled,False,False,False
TRD-2024-01823,CLT0013,GIC Private Ltd Singapore,INE585B01010,AXISBANK,Axis Bank Ltd,BUY,28424.0,1057.79,30066622.96,INR,2025-01-01,2025-01-03,Motilal Oswal,PORT-040,APAC,Settled,False,True,False
TRD-2024-01824,CLT0003,SBI Life Insurance,INE031A01017,POWERGRID,Power Grid Corp of India,SELL,40129.0,318.56,12783494.24,INR,2024-03-01,2024-03-03,Motilal Oswal,PORT-027,APAC,Pending,False,True,False
TRD-2024-01825,CLT0006,LIC of India,INE154A01025,ITC,ITC Ltd,SELL,39392.0,483.86,19060213.12,INR,2024-05-14,2024-05-16,Edelweiss,PORT-007,APAC,Cancelled,False,True,False
TRD-2024-01826,CLT0011,BlackRock India Fund,INE585B01010,AXISBANK,Axis Bank Ltd,BUY,24180.0,1060.79,25649902.2,INR,2024-07-16,2024-07-18,Nomura India,PORT-042,Americas,Settled,False,True,False
TRD-2024-01827,CLT0012,Vanguard Emerging Markets,INE296A01024,BAJFINANCE,Bajaj Finance Ltd,BUY,47352.0,7086.99,335583150.48,INR,2025-03-26,2025-03-28,Motilal Oswal,PORT-011,Americas,Settled,False,True,False
TRD-2024-01828,CLT0012,Vanguard Emerging Markets,INE585B01010,AXISBANK,Axis Bank Ltd,SELL,41244.0,1055.24,43522318.56,INR,2025-02-02,2025-02-04,Zerodha Institutional,PORT-001,Americas,Pending,False,True,False
TRD-2024-01829,CLT0003,SBI Life Insurance,INE154A01025,ITC,ITC Ltd,BUY,29849.0,468.51,13984554.99,INR,2025-02-20,2025-02-22,Edelweiss,PORT-003,APAC,Failed,False,True,False
TRD-2024-01830,CLT0011,BlackRock India Fund,INE018A01030,LARSEN,Larsen & Toubro Ltd,BUY,18313.0,3782.1,69261597.3,INR,2024-12-01,2024-12-03,Zerodha Institutional,PORT-045,Americas,Settled,False,True,False
TRD-2024-01831,CLT0014,Temasek Holdings,INE020B01018,NTPC,NTPC Ltd,BUY,48190.0,360.37,17366230.3,INR,2024-12-06,2024-12-08,Motilal Oswal,PORT-039,APAC,Settled,False,True,False
TRD-2024-01832,CLT0015,Norges Bank Investment Mgmt,INE075A01022,WIPRO,Wipro Ltd,SELL,31565.0,507.37,16015134.05,INR,2025-02-07,2025-02-09,ICICI Direct,PORT-004,EMEA,Settled,False,True,False
TRD-2024-01833,CLT0014,Temasek Holdings,INE075A01022,WIPRO,Wipro Ltd,SELL,40760.0,543.77,22164065.2,INR,2024-07-14,2024-07-16,Motilal Oswal,PORT-007,APAC,Settled,False,True,False
TRD-2024-01834,CLT0001,Tata Investment Corp,INE154A01025,ITC,ITC Ltd,BUY,18821.0,442.69,8331868.49,INR,2024-02-09,2024-02-11,Goldman Sachs India,PORT-007,APAC,Settled,False,True,False
TRD-2024-01835,CLT0008,Nippon India MF,INE585B01010,AXISBANK,Axis Bank Ltd,SELL,3785.0,1101.28,4168344.8,INR,2024-04-02,2024-04-04,ICICI Direct,PORT-019,APAC,Settled,False,True,True
TRD-2024-01836,CLT0001,Tata Investment Corp,INE031A01017,POWERGRID,Power Grid Corp of India,BUY,24350.0,305.83,7446960.5,INR,2024-02-02,2024-02-04,ICICI Direct,PORT-047,APAC,Settled,False,True,False
TRD-2024-01837,CLT0012,Vanguard Emerging Markets,INE009A01021,INFY,Infosys Ltd,BUY,31370.0,1414.52,44373492.4,INR,2024-01-24,2024-01-26,ICICI Direct,PORT-043,Americas,Settled,False,True,False
TRD-2024-01838,CLT0004,HDFC Pension Fund,INE414G01012,ADANIENT,Adani Enterprises Ltd,SELL,27287.0,2560.64,69872183.68,INR,2025-02-14,2025-02-16,Kotak Securities,PORT-012,APAC,Failed,False,True,False
TRD-2024-01839,CLT0013,GIC Private Ltd Singapore,INE414G01012,ADANIENT,Adani Enterprises Ltd,BUY,29797.0,2379.7,70907920.9,INR,2025-03-02,2025-03-04,Kotak Securities,PORT-006,APAC,Pending,False,True,False
TRD-2024-01840,CLT0009,Emirates NBD Asset Mgmt,INE721A01013,SUNPHARMA,Sun Pharmaceutical Ltd,BUY,27214.0,1622.29,44149000.06,INR,2025-02-27,2025-03-01,HDFC Securities,PORT-011,EMEA,Failed,False,True,False
TRD-2024-01841,CLT0012,Vanguard Emerging Markets,INE213A01029,MARUTI,Maruti Suzuki India Ltd,BUY,13778.0,12831.0,176785518.0,INR,2024-06-20,2024-06-22,Nomura India,PORT-026,Americas,Settled,False,True,True
TRD-2024-01842,CLT0014,Temasek Holdings,INE090A01021,ICICIBANK,ICICI Bank Ltd,BUY,22473.0,1245.27,27984952.71,INR,2024-01-22,2024-01-24,Goldman Sachs India,PORT-006,APAC,Settled,False,True,False
TRD-2024-01843,CLT0004,HDFC Pension Fund,INE040A01034,HDFCBANK,HDFC Bank Ltd,SELL,22314.0,1547.52,34531361.28,INR,2025-04-02,2025-04-04,ICICI Direct,PORT-046,APAC,Settled,False,True,False
TRD-2024-01844,CLT0013,GIC Private Ltd Singapore,INE213A01029,MARUTI,Maruti Suzuki India Ltd,BUY,10002.0,12776.86,127794153.72,INR,2024-11-03,2024-11-05,Motilal Oswal,PORT-049,APAC,Settled,False,True,True
TRD-2024-01845,CLT0006,LIC of India,INE001A01036,SBIN,State Bank of India,SELL,33026.0,806.73,26643064.98,INR,2024-06-19,2024-06-21,Goldman Sachs India,PORT-023,APAC,Settled,False,True,False
TRD-2024-01846,CLT0012,Vanguard Emerging Markets,INE090A01021,ICICIBANK,ICICI Bank Ltd,BUY,25448.0,1251.24,31841555.52,INR,2024-05-14,2024-05-16,Nomura India,PORT-049,Americas,Settled,False,True,False
TRD-2024-01847,CLT0005,Kotak Mahindra AMC,INE467B01029,TCS,Tata Consultancy Services,BUY,32779.0,4028.65,132055118.35,INR,2024-02-25,2024-02-27,ICICI Direct,PORT-025,APAC,Settled,False,True,True
TRD-2024-01848,CLT0007,ICICI Prudential AMC,INE020B01018,NTPC,NTPC Ltd,SELL,23307.0,374.78,8734997.46,INR,2024-01-22,2024-01-24,Goldman Sachs India,PORT-048,APAC,Settled,False,True,True
TRD-2024-01849,CLT0012,Vanguard Emerging Markets,INE090A01021,ICICIBANK,ICICI Bank Ltd,SELL,6090.0,1289.89,7855430.1,INR,2025-04-08,2025-04-10,HDFC Securities,PORT-040,Americas,Cancelled,False,True,False
TRD-2024-01850,CLT0014,Temasek Holdings,INE002A01018,RELIANCE,Reliance Industries Ltd,BUY,45973.0,2806.27,129012650.71,INR,2024-01-23,2024-01-25,ICICI Direct,PORT-015,APAC,Settled,False,True,False
TRD-2024-01851,CLT0008,Nippon India MF,INE075A01022,WIPRO,Wipro Ltd,SELL,33513.0,507.11,16994777.43,INR,2024-11-12,2024-11-14,Kotak Securities,PORT-019,APAC,Settled,False,True,False
TRD-2024-01852,CLT0007,ICICI Prudential AMC,INE467B01029,TCS,Tata Consultancy Services,SELL,,,,INR,2025-04-19,2025-04-21,,PORT-043,APAC,Settled,False,True,False
TRD-2024-01853,CLT0011,BlackRock India Fund,INE009A01021,INFY,Infosys Ltd,SELL,14515.0,1469.04,21323115.6,INR,2024-10-22,2024-10-24,Zerodha Institutional,PORT-039,Americas,Settled,False,True,False
TRD-2024-01854,CLT0006,LIC of India,INE040A01034,HDFCBANK,HDFC Bank Ltd,SELL,16587.0,1558.68,25853825.16,INR,2024-08-23,2024-08-25,Kotak Securities,PORT-002,APAC,Pending,False,True,False
TRD-2024-01855,CLT0015,Norges Bank Investment Mgmt,INE414G01012,ADANIENT,Adani Enterprises Ltd,SELL,49761.0,2563.08,127541423.88,INR,2024-12-29,2024-12-31,Kotak Securities,PORT-001,EMEA,Pending,False,True,False
TRD-2024-01856,CLT0007,ICICI Prudential AMC,INE721A01013,SUNPHARMA,Sun Pharmaceutical Ltd,SELL,23862.0,1672.7,39913967.4,INR,2024-02-22,2024-02-24,Goldman Sachs India,PORT-031,APAC,Pending,False,True,False
TRD-2024-01857,CLT0014,Temasek Holdings,INE018A01030,LARSEN,Larsen & Toubro Ltd,BUY,11691.0,3669.43,42899306.13,INR,2024-04-29,2024-05-01,ICICI Direct,PORT-017,APAC,Settled,False,True,False
TRD-2024-01858,CLT0008,Nippon India MF,INE066A01021,ONGC,Oil & Natural Gas Corp,BUY,29753.0,282.21,8396594.13,INR,2025-01-16,2025-01-18,Zerodha Institutional,PORT-013,APAC,Settled,False,False,False
TRD-2024-01859,CLT0010,Abu Dhabi Investment Auth,INE040A01034,HDFCBANK,HDFC Bank Ltd,BUY,11278.0,1650.29,18611970.62,INR,2024-01-24,2024-01-26,Motilal Oswal,PORT-019,EMEA,Settled,False,True,False
TRD-2024-01860,CLT0013,GIC Private Ltd Singapore,INE361B01024,HCLTECH,HCL Technologies Ltd,BUY,6037.0,1528.87,9229788.19,INR,2025-01-31,2025-02-02,Nomura India,PORT-009,APAC,Settled,False,True,True
TRD-2024-01861,CLT0013,GIC Private Ltd Singapore,INE361B01024,HCLTECH,HCL Technologies Ltd,BUY,9846.0,1557.51,15335243.46,INR,2025-02-25,2025-02-27,ICICI Direct,PORT-026,APAC,Pending,False,True,False
TRD-2024-01862,CLT0010,Abu Dhabi Investment Auth,INE585B01010,AXISBANK,Axis Bank Ltd,SELL,4180.0,1021.28,4268950.4,INR,2024-07-09,2024-07-11,Edelweiss,PORT-040,EMEA,Settled,False,True,False
TRD-2024-01863,CLT0015,Norges Bank Investment Mgmt,INE009A01021,INFY,Infosys Ltd,SELL,46321.0,1467.18,67961244.78,INR,2025-05-18,2025-05-20,Edelweiss,PORT-035,EMEA,Pending,False,True,False
TRD-2024-01864,CLT0008,Nippon India MF,INE040A01034,HDFCBANK,HDFC Bank Ltd,BUY,23676.0,1578.44,37371145.44,INR,2025-03-17,2025-03-19,Zerodha Institutional,PORT-010,APAC,Pending,False,True,False
TRD-2024-01865,CLT0010,Abu Dhabi Investment Auth,INE066A01021,ONGC,Oil & Natural Gas Corp,BUY,,,,INR,2025-04-12,2025-04-14,,PORT-018,EMEA,Settled,False,True,False
TRD-2024-01866,CLT0011,BlackRock India Fund,INE296A01024,BAJFINANCE,Bajaj Finance Ltd,SELL,6450.0,7325.23,47247733.5,INR,2024-10-01,2024-10-03,Motilal Oswal,PORT-008,Americas,Settled,False,True,False
TRD-2024-01867,CLT0004,HDFC Pension Fund,INE001A01036,SBIN,State Bank of India,SELL,33869.0,763.4,25855594.6,INR,2025-05-06,2025-05-08,Zerodha Institutional,PORT-002,APAC,Settled,False,True,False
TRD-2024-01868,CLT0011,BlackRock India Fund,INE001A01036,SBIN,State Bank of India,SELL,185.0,796.3,147315.5,INR,2024-11-07,2024-11-09,Goldman Sachs India,PORT-003,Americas,Settled,False,True,False
TRD-2024-01869,CLT0001,Tata Investment Corp,INE066A01021,ONGC,Oil & Natural Gas Corp,BUY,18753.0,264.13,4953229.89,INR,2025-03-28,2025-03-30,Edelweiss,PORT-048,APAC,Settled,False,True,True
TRD-2024-01870,CLT0002,Aditya Birla Capital,INE020B01018,NTPC,NTPC Ltd,BUY,10573.0,372.56,3939076.88,INR,2024-08-05,2024-08-07,Zerodha Institutional,PORT-001,APAC,Settled,False,True,False
TRD-2024-01871,CLT0008,Nippon India MF,INE040A01034,HDFCBANK,HDFC Bank Ltd,BUY,40940.0,1627.36,66624118.4,INR,2025-05-01,2025-05-03,Edelweiss,PORT-020,APAC,Settled,False,True,True
TRD-2024-01872,CLT0003,SBI Life Insurance,INE721A01013,SUNPHARMA,Sun Pharmaceutical Ltd,BUY,31866.0,1647.65,52504014.9,INR,2024-07-14,2024-07-16,Edelweiss,PORT-001,APAC,Settled,False,True,True
TRD-2024-01873,CLT0002,Aditya Birla Capital,INE154A01025,ITC,ITC Ltd,SELL,4881.0,456.61,2228713.41,INR,2024-07-08,2024-07-10,Zerodha Institutional,PORT-022,APAC,Settled,False,True,False
TRD-2024-01874,CLT0012,Vanguard Emerging Markets,INE038A01020,HINDALCO,Hindalco Industries Ltd,SELL,44172.0,677.21,29913720.12,INR,2025-01-31,2025-02-02,Edelweiss,PORT-008,Americas,Settled,False,True,False
TRD-2024-01875,CLT0014,Temasek Holdings,INE038A01020,HINDALCO,Hindalco Industries Ltd,SELL,5853.0,660.85,3867955.05,INR,2024-07-02,2024-07-04,Motilal Oswal,PORT-007,APAC,Settled,False,False,True
TRD-2024-01876,CLT0007,ICICI Prudential AMC,INE090A01021,ICICIBANK,ICICI Bank Ltd,BUY,18112.0,1269.14,22986663.68,INR,2024-07-10,2024-07-12,Zerodha Institutional,PORT-014,APAC,Pending,False,True,False
TRD-2024-01877,CLT0004,HDFC Pension Fund,INE117A01022,BHARTIARTL,Bharti Airtel Ltd,SELL,29464.0,1351.93,39833265.52,INR,2024-08-26,2024-08-28,Kotak Securities,PORT-037,APAC,Failed,False,True,False
TRD-2024-01878,CLT0001,Tata Investment Corp,INE040A01034,HDFCBANK,HDFC Bank Ltd,SELL,3457.0,1598.45,5525841.65,INR,2024-04-11,2024-04-13,Goldman Sachs India,PORT-006,APAC,Settled,False,True,False
TRD-2024-01879,CLT0014,Temasek Holdings,INE296A01024,BAJFINANCE,Bajaj Finance Ltd,SELL,40447.0,6806.45,275300483.15,INR,2024-11-26,2024-11-28,ICICI Direct,PORT-037,APAC,Settled,False,True,False
TRD-2024-01880,CLT0004,HDFC Pension Fund,INE213A01029,MARUTI,Maruti Suzuki India Ltd,SELL,13702.0,13398.94,183592275.88,INR,2024-06-28,2024-06-30,ICICI Direct,PORT-043,APAC,Settled,False,True,False
TRD-2024-01881,CLT0013,GIC Private Ltd Singapore,INE090A01021,ICICIBANK,ICICI Bank Ltd,SELL,27671.0,1246.44,34490241.24,INR,2024-03-01,2024-03-03,Edelweiss,PORT-007,APAC,Pending,False,True,False
TRD-2024-01882,CLT0013,GIC Private Ltd Singapore,INE467B01029,TCS,Tata Consultancy Services,SELL,40559.0,3939.83,159795564.97,INR,2024-09-02,2024-09-04,Zerodha Institutional,PORT-016,APAC,Cancelled,False,True,True
TRD-2024-01883,CLT0011,BlackRock India Fund,INE154A01025,ITC,ITC Ltd,BUY,15872.0,479.55,7611417.6,INR,2024-12-20,2024-12-22,Zerodha Institutional,PORT-007,Americas,Settled,False,True,False
TRD-2024-01884,CLT0005,Kotak Mahindra AMC,INE018A01030,LARSEN,Larsen & Toubro Ltd,BUY,,,,INR,2024-01-03,2024-01-05,,PORT-016,APAC,Settled,False,True,False
TRD-2024-01885,CLT0007,ICICI Prudential AMC,INE038A01020,HINDALCO,Hindalco Industries Ltd,SELL,30725.0,629.65,19345996.25,INR,2024-09-12,2024-09-14,Kotak Securities,PORT-048,APAC,Settled,False,True,False
TRD-2024-01886,CLT0008,Nippon India MF,INE213A01029,MARUTI,Maruti Suzuki India Ltd,BUY,27187.0,12804.44,348114310.28,INR,2024-07-01,2024-07-03,Zerodha Institutional,PORT-034,APAC,Settled,False,True,False
TRD-2024-01887,CLT0013,GIC Private Ltd Singapore,INE296A01024,BAJFINANCE,Bajaj Finance Ltd,BUY,2928.0,7145.61,20922346.08,INR,2024-01-16,2024-01-18,HDFC Securities,PORT-019,APAC,Settled,False,True,False
TRD-2024-01888,CLT0011,BlackRock India Fund,INE038A01020,HINDALCO,Hindalco Industries Ltd,SELL,9183.0,633.88,5820920.04,INR,2024-10-15,2024-10-17,Nomura India,PORT-013,Americas,Settled,False,False,False
TRD-2024-01889,CLT0007,ICICI Prudential AMC,INE009A01021,INFY,Infosys Ltd,SELL,,,,INR,2024-07-17,2024-07-19,,PORT-050,APAC,Pending,False,True,False
TRD-2024-01890,CLT0014,Temasek Holdings,INE038A01020,HINDALCO,Hindalco Industries Ltd,BUY,10561.0,659.1,6960755.1,INR,2024-01-25,2024-01-27,HDFC Securities,PORT-024,APAC,Settled,False,True,False
TRD-2024-01891,CLT0003,SBI Life Insurance,INE002A01018,RELIANCE,Reliance Industries Ltd,SELL,35878.0,2928.73,105076974.94,INR,2024-12-12,2024-12-14,HDFC Securities,PORT-041,APAC,Settled,False,True,False
TRD-2024-01892,CLT0009,Emirates NBD Asset Mgmt,INE018A01030,LARSEN,Larsen & Toubro Ltd,SELL,649.0,3546.68,2301795.32,INR,2024-01-22,2024-01-24,Zerodha Institutional,PORT-017,EMEA,Settled,True,True,False
TRD-2024-01893,CLT0014,Temasek Holdings,INE090A01021,ICICIBANK,ICICI Bank Ltd,SELL,34880.0,1300.27,45353417.6,INR,2024-10-09,2024-10-11,Motilal Oswal,PORT-035,APAC,Settled,False,False,False
TRD-2024-01894,CLT0002,Aditya Birla Capital,INE117A01022,BHARTIARTL,Bharti Airtel Ltd,SELL,48349.0,1408.68,68108269.32,INR,2024-07-17,2024-07-19,,PORT-014,APAC,Settled,False,True,False
TRD-2024-01895,CLT0015,Norges Bank Investment Mgmt,INE213A01029,MARUTI,Maruti Suzuki India Ltd,SELL,19606.0,12231.82,239817062.92,INR,2025-04-17,2025-04-19,Goldman Sachs India,PORT-041,EMEA,Settled,False,True,False
TRD-2024-01896,CLT0011,BlackRock India Fund,INE361B01024,HCLTECH,HCL Technologies Ltd,BUY,46152.0,1534.44,70817474.88,INR,2024-09-25,2024-09-27,Edelweiss,PORT-046,Americas,Failed,False,True,False
TRD-2024-01897,CLT0013,GIC Private Ltd Singapore,INE038A01020,HINDALCO,Hindalco Industries Ltd,SELL,1615.0,645.96,1043225.4,INR,2025-04-03,2025-04-05,Edelweiss,PORT-032,APAC,Settled,False,True,False
TRD-2024-01898,CLT0014,Temasek Holdings,INE296A01024,BAJFINANCE,Bajaj Finance Ltd,BUY,18692.0,7326.17,136940769.64,INR,2025-05-13,2025-05-15,Goldman Sachs India,PORT-043,APAC,Settled,False,True,False
TRD-2024-01899,CLT0009,Emirates NBD Asset Mgmt,INE090A01021,ICICIBANK,ICICI Bank Ltd,SELL,16238.0,1202.35,19523759.3,INR,2024-02-26,2024-02-28,HDFC Securities,PORT-029,EMEA,Settled,False,True,False
TRD-2024-01900,CLT0001,Tata Investment Corp,INE020B01018,NTPC,NTPC Ltd,SELL,28588.0,346.86,9916033.68,INR,2024-09-27,2024-09-29,Goldman Sachs India,PORT-034,APAC,Settled,False,True,True
TRD-2024-01901,CLT0003,SBI Life Insurance,INE467B01029,TCS,Tata Consultancy Services,SELL,29081.0,3900.02,113416481.62,INR,2024-07-27,2024-07-29,ICICI Direct,PORT-039,APAC,Settled,False,True,False
TRD-2024-01902,CLT0003,SBI Life Insurance,INE001A01036,SBIN,State Bank of India,BUY,20815.0,811.43,16889915.45,INR,2024-12-05,2024-12-07,Motilal Oswal,PORT-022,APAC,Settled,False,True,False
TRD-2024-01903,CLT0008,Nippon India MF,INE031A01017,POWERGRID,Power Grid Corp of India,BUY,30457.0,304.35,9269587.95,INR,2025-05-18,2025-05-20,Motilal Oswal,PORT-003,APAC,Settled,True,True,False
TRD-2024-01904,CLT0004,HDFC Pension Fund,INE467B01029,TCS,Tata Consultancy Services,BUY,33966.0,3788.15,128668302.9,INR,2025-01-02,2025-01-04,Nomura India,PORT-043,APAC,Settled,False,True,False
TRD-2024-01905,CLT0007,ICICI Prudential AMC,INE296A01024,BAJFINANCE,Bajaj Finance Ltd,SELL,9132.0,6855.15,62601229.8,INR,2024-11-27,2024-11-29,Nomura India,PORT-012,APAC,Settled,False,False,True
TRD-2024-01906,CLT0009,Emirates NBD Asset Mgmt,INE066A01021,ONGC,Oil & Natural Gas Corp,SELL,24540.0,269.93,6624082.2,INR,2024-11-24,2024-11-26,Motilal Oswal,PORT-013,EMEA,Settled,False,True,False
TRD-2024-01907,CLT0001,Tata Investment Corp,INE031A01017,POWERGRID,Power Grid Corp of India,BUY,26997.0,303.84,8202768.48,INR,2024-04-28,2024-04-30,Nomura India,PORT-003,APAC,Settled,False,True,False
TRD-2024-01908,CLT0002,Aditya Birla Capital,INE721A01013,SUNPHARMA,Sun Pharmaceutical Ltd,SELL,41826.0,1735.1,72572292.6,INR,2024-10-26,2024-10-28,Motilal Oswal,PORT-039,APAC,Pending,False,True,True
TRD-2024-01909,CLT0014,Temasek Holdings,INE018A01030,LARSEN,Larsen & Toubro Ltd,BUY,28260.0,3610.66,102037251.6,INR,2025-03-03,2025-03-05,Edelweiss,PORT-020,APAC,Settled,False,True,True
TRD-2024-01910,CLT0011,BlackRock India Fund,INE467B01029,TCS,Tata Consultancy Services,SELL,34108.0,4064.76,138640834.08,INR,2025-03-13,2025-03-15,Goldman Sachs India,PORT-047,Americas,Settled,False,True,False
TRD-2024-01911,CLT0011,BlackRock India Fund,INE002A01018,RELIANCE,Reliance Industries Ltd,SELL,11955.0,2941.58,35166588.9,INR,2024-03-07,2024-03-09,Goldman Sachs India,PORT-044,Americas,Failed,False,True,False
TRD-2024-01912,CLT0015,Norges Bank Investment Mgmt,INE075A01022,WIPRO,Wipro Ltd,BUY,27078.0,545.58,14773215.24,INR,2024-07-10,2024-07-12,Nomura India,PORT-037,EMEA,Pending,False,True,False
TRD-2024-01913,CLT0015,Norges Bank Investment Mgmt,INE117A01022,BHARTIARTL,Bharti Airtel Ltd,BUY,7829.0,1433.61,11223732.69,INR,2024-02-17,2024-02-19,Motilal Oswal,PORT-001,EMEA,Settled,False,False,False
TRD-2024-01914,CLT0004,HDFC Pension Fund,INE075A01022,WIPRO,Wipro Ltd,BUY,30140.0,545.69,16447096.6,INR,2025-04-09,2025-04-11,Motilal Oswal,PORT-037,APAC,Settled,False,True,False
TRD-2024-01915,CLT0008,Nippon India MF,INE213A01029,MARUTI,Maruti Suzuki India Ltd,SELL,4089.0,13244.63,54157292.07,INR,2025-05-13,2025-05-15,Goldman Sachs India,PORT-044,APAC,Pending,False,False,True
TRD-2024-01916,CLT0014,Temasek Holdings,INE038A01020,HINDALCO,Hindalco Industries Ltd,SELL,46048.0,664.82,30613631.36,INR,2024-06-29,2024-07-01,Goldman Sachs India,PORT-022,APAC,Settled,False,True,False
TRD-2024-01917,CLT0015,Norges Bank Investment Mgmt,INE031A01017,POWERGRID,Power Grid Corp of India,BUY,3988.0,307.45,1226110.6,INR,2024-02-05,2024-02-07,Edelweiss,PORT-011,EMEA,Failed,False,True,False
TRD-2024-01918,CLT0005,Kotak Mahindra AMC,INE075A01022,WIPRO,Wipro Ltd,BUY,3359.0,535.9,1800088.1,INR,2024-02-20,2024-02-22,Zerodha Institutional,PORT-002,APAC,Pending,False,False,False
TRD-2024-01919,CLT0004,HDFC Pension Fund,INE020B01018,NTPC,NTPC Ltd,SELL,46296.0,352.05,16298506.8,INR,2024-11-25,2024-11-27,Zerodha Institutional,PORT-050,APAC,Settled,False,True,False
TRD-2024-01920,CLT0012,Vanguard Emerging Markets,INE414G01012,ADANIENT,Adani Enterprises Ltd,SELL,32795.0,2497.34,81900265.3,INR,2025-01-09,2025-01-11,Kotak Securities,PORT-019,Americas,Cancelled,False,False,False
TRD-2024-01921,CLT0012,Vanguard Emerging Markets,INE117A01022,BHARTIARTL,Bharti Airtel Ltd,SELL,40755.0,1387.33,56540634.15,INR,2025-02-06,2025-02-08,Zerodha Institutional,PORT-043,Americas,Settled,False,True,False
TRD-2024-01922,CLT0005,Kotak Mahindra AMC,INE009A01021,INFY,Infosys Ltd,BUY,2209.0,1494.27,3300842.43,INR,2024-08-14,2024-08-16,HDFC Securities,PORT-040,APAC,Settled,False,True,False
TRD-2024-01923,CLT0009,Emirates NBD Asset Mgmt,INE090A01021,ICICIBANK,ICICI Bank Ltd,BUY,8036.0,1193.96,9594662.56,INR,2024-03-05,2024-03-07,Edelweiss,PORT-039,EMEA,Settled,False,False,False
TRD-2024-01924,CLT0006,LIC of India,INE075A01022,WIPRO,Wipro Ltd,SELL,33898.0,524.79,17789331.42,INR,2024-01-01,2024-01-03,Goldman Sachs India,PORT-037,APAC,Settled,False,True,False
TRD-2024-01925,CLT0006,LIC of India,INE090A01021,ICICIBANK,ICICI Bank Ltd,BUY,17434.0,1262.14,22004148.76,INR,2024-06-28,2024-06-30,ICICI Direct,PORT-042,APAC,Settled,False,True,False
TRD-2024-01926,CLT0013,GIC Private Ltd Singapore,INE090A01021,ICICIBANK,ICICI Bank Ltd,BUY,,,,INR,2024-12-20,2024-12-22,,PORT-002,APAC,Settled,False,True,False
TRD-2024-01927,CLT0008,Nippon India MF,INE031A01017,POWERGRID,Power Grid Corp of India,SELL,40099.0,319.68,12818848.32,INR,2024-05-02,2024-05-04,Motilal Oswal,PORT-021,APAC,Settled,False,True,False
TRD-2024-01928,CLT0002,Aditya Birla Capital,INE467B01029,TCS,Tata Consultancy Services,BUY,34378.0,3788.11,130227645.58,INR,2024-11-22,2024-11-24,HDFC Securities,PORT-026,APAC,Settled,False,False,False
TRD-2024-01929,CLT0010,Abu Dhabi Investment Auth,INE001A01036,SBIN,State Bank of India,SELL,17308.0,800.92,13862323.36,INR,2025-05-14,2025-05-16,Zerodha Institutional,PORT-050,EMEA,Settled,False,True,True
TRD-2024-01930,CLT0001,Tata Investment Corp,INE002A01018,RELIANCE,Reliance Industries Ltd,SELL,1747.0,2884.69,5039553.43,INR,2025-04-29,2025-05-01,Nomura India,PORT-009,APAC,Settled,False,True,False
TRD-2024-01931,CLT0013,GIC Private Ltd Singapore,INE090A01021,ICICIBANK,ICICI Bank Ltd,BUY,8619.0,1231.0,10609989.0,INR,2024-08-19,2024-08-21,Goldman Sachs India,PORT-039,APAC,Settled,False,True,False
TRD-2024-01932,CLT0011,BlackRock India Fund,INE018A01030,LARSEN,Larsen & Toubro Ltd,BUY,28996.0,3688.06,106938987.76,INR,2024-09-21,2024-09-23,Edelweiss,PORT-011,Americas,Settled,False,True,False
TRD-2024-01933,CLT0006,LIC of India,INE296A01024,BAJFINANCE,Bajaj Finance Ltd,SELL,37174.0,7316.93,271999555.82,INR,2025-02-19,2025-02-21,Motilal Oswal,PORT-018,APAC,Settled,False,True,False
TRD-2024-01934,CLT0009,Emirates NBD Asset Mgmt,INE038A01020,HINDALCO,Hindalco Industries Ltd,SELL,29746.0,691.22,20561030.12,INR,2025-03-31,2025-04-02,HDFC Securities,PORT-026,EMEA,Pending,False,True,False
TRD-2024-01935,CLT0008,Nippon India MF,INE066A01021,ONGC,Oil & Natural Gas Corp,BUY,20788.0,272.79,5670758.52,INR,2024-10-22,2024-10-24,Motilal Oswal,PORT-029,APAC,Pending,False,True,False
TRD-2024-01936,CLT0004,HDFC Pension Fund,INE467B01029,TCS,Tata Consultancy Services,SELL,42225.0,3853.95,162733038.75,INR,2024-04-24,2024-04-26,ICICI Direct,PORT-042,APAC,Settled,False,True,False
TRD-2024-01937,CLT0010,Abu Dhabi Investment Auth,INE296A01024,BAJFINANCE,Bajaj Finance Ltd,SELL,32547.0,6978.92,227142909.24,INR,2024-07-15,2024-07-17,Nomura India,PORT-048,EMEA,Settled,False,True,True
TRD-2024-01938,CLT0007,ICICI Prudential AMC,INE467B01029,TCS,Tata Consultancy Services,BUY,1436.0,4032.07,5790052.52,INR,2024-03-28,2024-03-30,Motilal Oswal,PORT-043,APAC,Settled,False,False,False
TRD-2024-01939,CLT0006,LIC of India,INE414G01012,ADANIENT,Adani Enterprises Ltd,BUY,427.0,2413.5,1030564.5,INR,2024-11-21,2024-11-23,Zerodha Institutional,PORT-033,APAC,Pending,False,True,False
TRD-2024-01940,CLT0015,Norges Bank Investment Mgmt,INE467B01029,TCS,Tata Consultancy Services,BUY,21786.0,4076.93,88819996.98,INR,2025-03-30,2025-04-01,Nomura India,PORT-039,EMEA,Settled,False,True,False
TRD-2024-01941,CLT0003,SBI Life Insurance,INE075A01022,WIPRO,Wipro Ltd,SELL,18907.0,529.13,10004260.91,INR,2025-02-10,2025-02-12,HDFC Securities,PORT-026,APAC,Pending,False,True,False
TRD-2024-01942,CLT0009,Emirates NBD Asset Mgmt,INE009A01021,INFY,Infosys Ltd,SELL,10816.0,1504.91,16277106.56,INR,2025-01-23,2025-01-25,Goldman Sachs India,PORT-009,EMEA,Pending,True,True,False
TRD-2024-01943,CLT0013,GIC Private Ltd Singapore,INE467B01029,TCS,Tata Consultancy Services,SELL,42764.0,3841.52,164278761.28,INR,2024-11-30,2024-12-02,ICICI Direct,PORT-038,APAC,Settled,False,True,False
TRD-2024-01944,CLT0005,Kotak Mahindra AMC,INE031A01017,POWERGRID,Power Grid Corp of India,SELL,11621.0,319.19,3709306.99,INR,2024-12-08,2024-12-10,Kotak Securities,PORT-037,APAC,Failed,False,True,False
TRD-2024-01945,CLT0007,ICICI Prudential AMC,INE009A01021,INFY,Infosys Ltd,SELL,29621.0,1532.35,45389739.35,INR,2024-04-27,2024-04-29,Edelweiss,PORT-001,APAC,Settled,False,True,False
TRD-2024-01946,CLT0004,HDFC Pension Fund,INE154A01025,ITC,ITC Ltd,SELL,5911.0,471.8,2788809.8,INR,2024-03-01,2024-03-03,ICICI Direct,PORT-042,APAC,Settled,False,False,False
TRD-2024-01947,CLT0007,ICICI Prudential AMC,INE031A01017,POWERGRID,Power Grid Corp of India,BUY,18049.0,308.0,5559092.0,INR,2025-01-14,2025-01-16,ICICI Direct,PORT-040,APAC,Settled,False,True,False
TRD-2024-01948,CLT0005,Kotak Mahindra AMC,INE002A01018,RELIANCE,Reliance Industries Ltd,BUY,47280.0,2802.37,132496053.6,INR,2025-01-01,2025-01-03,Kotak Securities,PORT-050,APAC,Settled,False,True,False
TRD-2024-01949,CLT0011,BlackRock India Fund,INE414G01012,ADANIENT,Adani Enterprises Ltd,SELL,45607.0,2402.0,109548014.0,INR,2024-07-08,2024-07-10,Nomura India,PORT-024,Americas,Settled,False,True,False
TRD-2024-01950,CLT0007,ICICI Prudential AMC,INE020B01018,NTPC,NTPC Ltd,SELL,19817.0,345.01,6837063.17,INR,2024-01-31,2024-02-02,Edelweiss,PORT-040,APAC,Settled,False,True,False
TRD-2024-01951,CLT0012,Vanguard Emerging Markets,INE040A01034,HDFCBANK,HDFC Bank Ltd,SELL,28033.0,1662.24,46597573.92,INR,2024-04-05,2024-04-07,Goldman Sachs India,PORT-041,Americas,Settled,False,True,False
TRD-2024-01952,CLT0006,LIC of India,INE001A01036,SBIN,State Bank of India,BUY,30433.0,758.14,23072474.62,INR,2025-03-03,2025-03-05,Zerodha Institutional,PORT-050,APAC,Pending,False,True,True
TRD-2024-01953,CLT0004,HDFC Pension Fund,INE020B01018,NTPC,NTPC Ltd,BUY,41711.0,374.07,15602833.77,INR,2024-08-01,2024-08-03,Kotak Securities,PORT-037,APAC,Pending,False,True,True
TRD-2024-01954,CLT0004,HDFC Pension Fund,INE467B01029,TCS,Tata Consultancy Services,BUY,28400.0,3880.05,110193420.0,INR,2024-07-22,2024-07-24,Nomura India,PORT-030,APAC,Settled,False,True,False
TRD-2024-01955,CLT0010,Abu Dhabi Investment Auth,INE031A01017,POWERGRID,Power Grid Corp of India,SELL,29136.0,318.43,9277776.48,INR,2024-12-11,2024-12-13,Motilal Oswal,PORT-027,EMEA,Settled,False,True,False
TRD-2024-01956,CLT0003,SBI Life Insurance,INE361B01024,HCLTECH,HCL Technologies Ltd,SELL,17869.0,1598.31,28560201.39,INR,2025-02-27,2025-03-01,HDFC Securities,PORT-039,APAC,Pending,False,True,False
TRD-2024-01957,CLT0009,Emirates NBD Asset Mgmt,INE020B01018,NTPC,NTPC Ltd,SELL,46771.0,358.89,16785644.19,INR,2025-03-10,2025-03-12,HDFC Securities,PORT-017,EMEA,Settled,False,True,False
TRD-2024-01958,CLT0003,SBI Life Insurance,INE117A01022,BHARTIARTL,Bharti Airtel Ltd,SELL,11697.0,1382.63,16172623.11,INR,2024-05-09,2024-05-11,Zerodha Institutional,PORT-001,APAC,Pending,False,True,False
TRD-2024-01959,CLT0001,Tata Investment Corp,INE001A01036,SBIN,State Bank of India,SELL,32089.0,804.52,25816242.28,INR,2024-10-29,2024-10-31,ICICI Direct,PORT-013,APAC,Pending,False,True,False
TRD-2024-01960,CLT0012,Vanguard Emerging Markets,INE154A01025,ITC,ITC Ltd,BUY,4401.0,480.59,2115076.59,INR,2024-07-14,2024-07-16,ICICI Direct,PORT-018,Americas,Settled,False,True,False
TRD-2024-01961,CLT0014,Temasek Holdings,INE117A01022,BHARTIARTL,Bharti Airtel Ltd,SELL,40019.0,1409.82,56419586.58,INR,2025-03-02,2025-03-04,ICICI Direct,PORT-042,APAC,Settled,False,True,True
TRD-2024-01962,CLT0006,LIC of India,INE090A01021,ICICIBANK,ICICI Bank Ltd,BUY,43610.0,1278.47,55754076.7,INR,2024-04-20,2024-04-22,Nomura India,PORT-041,APAC,Settled,False,True,False
TRD-2024-01963,CLT0004,HDFC Pension Fund,INE018A01030,LARSEN,Larsen & Toubro Ltd,BUY,23992.0,3506.27,84122429.84,INR,2025-01-07,2025-01-09,Nomura India,PORT-038,APAC,Pending,True,False,False
TRD-2024-01964,CLT0013,GIC Private Ltd Singapore,INE721A01013,SUNPHARMA,Sun Pharmaceutical Ltd,SELL,48181.0,1647.29,79368079.49,INR,2024-11-02,2024-11-04,Edelweiss,PORT-044,APAC,Pending,False,True,False
TRD-2024-01965,CLT0014,Temasek Holdings,INE018A01030,LARSEN,Larsen & Toubro Ltd,SELL,10304.0,3648.0,37588992.0,INR,2024-10-16,2024-10-18,ICICI Direct,PORT-040,APAC,Cancelled,False,True,False
TRD-2024-01966,CLT0001,Tata Investment Corp,INE040A01034,HDFCBANK,HDFC Bank Ltd,BUY,40970.0,1620.09,66375087.3,INR,2024-08-06,2024-08-08,Nomura India,PORT-034,APAC,Settled,False,True,False
TRD-2024-01967,CLT0008,Nippon India MF,INE213A01029,MARUTI,Maruti Suzuki India Ltd,SELL,47450.0,12657.59,600602645.5,INR,2024-02-22,2024-02-24,HDFC Securities,PORT-039,APAC,Settled,False,True,False
TRD-2024-01968,CLT0009,Emirates NBD Asset Mgmt,INE040A01034,HDFCBANK,HDFC Bank Ltd,BUY,22532.0,1658.94,37379236.08,INR,2025-01-15,2025-01-17,HDFC Securities,PORT-018,EMEA,Cancelled,True,True,False
TRD-2024-01969,CLT0001,Tata Investment Corp,INE031A01017,POWERGRID,Power Grid Corp of India,SELL,46084.0,314.5,14493418.0,INR,2024-05-25,2024-05-27,Zerodha Institutional,PORT-004,APAC,Settled,False,True,False
TRD-2024-01970,CLT0003,SBI Life Insurance,INE213A01029,MARUTI,Maruti Suzuki India Ltd,BUY,29415.0,12604.86,370771956.9,INR,2024-10-12,2024-10-14,HDFC Securities,PORT-044,APAC,Settled,False,False,False
TRD-2024-01971,CLT0015,Norges Bank Investment Mgmt,INE467B01029,TCS,Tata Consultancy Services,SELL,38752.0,4102.38,158975429.76,INR,2024-06-26,2024-06-28,Zerodha Institutional,PORT-012,EMEA,Cancelled,False,True,True
TRD-2024-01972,CLT0003,SBI Life Insurance,INE154A01025,ITC,ITC Ltd,SELL,15330.0,451.62,6923334.6,INR,2025-04-22,2025-04-24,HDFC Securities,PORT-029,APAC,Pending,False,True,True
TRD-2024-01973,CLT0010,Abu Dhabi Investment Auth,INE001A01036,SBIN,State Bank of India,SELL,44598.0,753.9,33622432.2,INR,2024-09-16,2024-09-18,Edelweiss,PORT-048,EMEA,Settled,False,True,False
TRD-2024-01974,CLT0006,LIC of India,INE075A01022,WIPRO,Wipro Ltd,BUY,15896.0,521.17,8284518.32,INR,2024-01-03,2024-01-05,Edelweiss,PORT-031,APAC,Settled,False,True,False
TRD-2024-01975,CLT0006,LIC of India,INE467B01029,TCS,Tata Consultancy Services,BUY,40900.0,3937.9,161060110.0,INR,2025-04-02,2025-04-04,Zerodha Institutional,PORT-011,APAC,Pending,False,True,False
TRD-2024-01976,CLT0014,Temasek Holdings,INE296A01024,BAJFINANCE,Bajaj Finance Ltd,SELL,15973.0,6828.36,109069394.28,INR,2024-06-12,2024-06-14,Edelweiss,PORT-010,APAC,Settled,False,True,False
TRD-2024-01977,CLT0008,Nippon India MF,INE154A01025,ITC,ITC Ltd,BUY,48515.0,451.26,21892878.9,INR,2024-06-27,2024-06-29,Nomura India,PORT-021,APAC,Failed,False,True,False
TRD-2024-01978,CLT0012,Vanguard Emerging Markets,INE585B01010,AXISBANK,Axis Bank Ltd,SELL,1345.0,998.79,1343372.55,INR,2024-12-29,2024-12-31,Edelweiss,PORT-050,Americas,Settled,False,False,False
TRD-2024-01979,CLT0011,BlackRock India Fund,INE038A01020,HINDALCO,Hindalco Industries Ltd,BUY,40280.0,685.89,27627649.2,INR,2024-01-22,2024-01-24,HDFC Securities,PORT-034,Americas,Settled,False,True,False
TRD-2024-01980,CLT0015,Norges Bank Investment Mgmt,INE075A01022,WIPRO,Wipro Ltd,BUY,48107.0,532.96,25639106.72,INR,2024-01-12,2024-01-14,HDFC Securities,PORT-041,EMEA,Settled,False,False,False
TRD-2024-01981,CLT0014,Temasek Holdings,INE117A01022,BHARTIARTL,Bharti Airtel Ltd,BUY,34413.0,1328.91,45731779.83,INR,2024-06-29,2024-07-01,HDFC Securities,PORT-027,APAC,Settled,False,True,True
TRD-2024-01982,CLT0004,HDFC Pension Fund,INE213A01029,MARUTI,Maruti Suzuki India Ltd,SELL,24562.0,13246.96,325371831.52,INR,2024-02-02,2024-02-04,HDFC Securities,PORT-041,APAC,Failed,False,False,False
TRD-2024-01983,CLT0006,LIC of India,INE721A01013,SUNPHARMA,Sun Pharmaceutical Ltd,BUY,18816.0,1753.45,32992915.2,INR,2024-08-15,2024-08-17,Nomura India,PORT-045,APAC,Settled,False,True,False
TRD-2024-01984,CLT0001,Tata Investment Corp,INE009A01021,INFY,Infosys Ltd,BUY,28908.0,1552.16,44869841.28,INR,2024-10-27,2024-10-29,Kotak Securities,PORT-045,APAC,Cancelled,False,True,False
TRD-2024-01985,CLT0004,HDFC Pension Fund,INE031A01017,POWERGRID,Power Grid Corp of India,BUY,11623.0,321.44,3736097.12,INR,2024-12-01,2024-12-03,Nomura India,PORT-022,APAC,Settled,False,True,False
TRD-2024-01986,CLT0011,BlackRock India Fund,INE020B01018,NTPC,NTPC Ltd,SELL,17783.0,371.03,6598026.49,INR,2024-06-19,2024-06-21,Edelweiss,PORT-025,Americas,Settled,False,True,False
TRD-2024-01987,CLT0003,SBI Life Insurance,INE296A01024,BAJFINANCE,Bajaj Finance Ltd,SELL,26828.0,7335.1,196786062.8,INR,2024-12-12,2024-12-14,Nomura India,PORT-008,APAC,Settled,False,True,False
TRD-2024-01988,CLT0004,HDFC Pension Fund,INE117A01022,BHARTIARTL,Bharti Airtel Ltd,BUY,47868.0,1380.62,66087518.16,INR,2024-10-30,2024-11-01,Motilal Oswal,PORT-022,APAC,Settled,False,True,False
TRD-2024-01989,CLT0010,Abu Dhabi Investment Auth,INE038A01020,HINDALCO,Hindalco Industries Ltd,BUY,40493.0,636.3,25765695.9,INR,2024-07-14,2024-07-16,Nomura India,PORT-001,EMEA,Settled,False,True,False
TRD-2024-01990,CLT0006,LIC of India,INE467B01029,TCS,Tata Consultancy Services,BUY,16186.0,3889.23,62951076.78,INR,2024-04-07,2024-04-09,Nomura India,PORT-039,APAC,Settled,False,True,False
TRD-2024-01991,CLT0003,SBI Life Insurance,INE001A01036,SBIN,State Bank of India,BUY,45095.0,786.34,35460002.3,INR,2024-11-10,2024-11-12,Zerodha Institutional,PORT-021,APAC,Settled,False,True,False
TRD-2024-01992,CLT0001,Tata Investment Corp,INE002A01018,RELIANCE,Reliance Industries Ltd,SELL,2135.0,2857.21,6100143.35,INR,2024-02-16,2024-02-18,Goldman Sachs India,PORT-007,APAC,Settled,False,False,False
TRD-2024-01993,CLT0009,Emirates NBD Asset Mgmt,INE117A01022,BHARTIARTL,Bharti Airtel Ltd,BUY,16122.0,1428.91,23036887.02,INR,2024-07-30,2024-08-01,Edelweiss,PORT-036,EMEA,Settled,False,True,False
TRD-2024-01994,CLT0013,GIC Private Ltd Singapore,INE020B01018,NTPC,NTPC Ltd,BUY,7500.0,372.25,2791875.0,INR,2024-03-29,2024-03-31,Goldman Sachs India,PORT-032,APAC,Pending,False,True,False
TRD-2024-01995,CLT0004,HDFC Pension Fund,INE009A01021,INFY,Infosys Ltd,BUY,44923.0,1542.49,69293278.27,INR,2024-01-29,2024-01-31,Motilal Oswal,PORT-045,APAC,Settled,False,False,False
TRD-2024-01996,CLT0002,Aditya Birla Capital,INE020B01018,NTPC,NTPC Ltd,SELL,24728.0,360.45,8913207.6,INR,2025-02-06,2025-02-08,ICICI Direct,PORT-036,APAC,Settled,False,True,False
TRD-2024-01997,CLT0012,Vanguard Emerging Markets,INE020B01018,NTPC,NTPC Ltd,SELL,30420.0,347.98,10585551.6,INR,2024-02-16,2024-02-18,Zerodha Institutional,PORT-007,Americas,Settled,False,True,False
TRD-2024-01998,CLT0002,Aditya Birla Capital,INE721A01013,SUNPHARMA,Sun Pharmaceutical Ltd,SELL,583.0,1632.49,951741.67,INR,2024-03-08,2024-03-10,HDFC Securities,PORT-005,APAC,Settled,False,True,True
TRD-2024-01999,CLT0009,Emirates NBD Asset Mgmt,INE075A01022,WIPRO,Wipro Ltd,BUY,9311.0,519.68,4838740.48,INR,2024-06-10,2024-06-12,ICICI Direct,PORT-006,EMEA,Settled,False,True,False
TRD-2024-02000,CLT0003,SBI Life Insurance,INE002A01018,RELIANCE,Reliance Industries Ltd,SELL,7725.0,2816.1,21754372.5,INR,2024-03-07,2024-03-09,Nomura India,PORT-006,APAC,Settled,False,True,False
