price_id,security_id,ticker,security_name,price_date,open_price,high_price,low_price,close_price,volume,source,is_stale,days_stale,currency,region,validated,rag_status
PRC-RELIANCE-20240103,INE002A01018,RELIANCE,Reliance Industries Ltd,2024-01-03,2871.48,2894.74,2854.77,2871.23,2873979.0,NSE Feed,False,0,INR,NSE,True,Green
PRC-RELIANCE-20240105,INE002A01018,RELIANCE,Reliance Industries Ltd,2024-01-05,2837.43,2894.26,2804.68,2865.28,1720354.0,NSE Feed,False,0,INR,NSE,True,Green
PRC-RELIANCE-20240125,INE002A01018,RELIANCE,Reliance Industries Ltd,2024-01-25,2888.93,2921.58,2841.11,2893.12,900148.0,NSE Feed,False,0,INR,NSE,False,Green
PRC-RELIANCE-20240126,INE002A01018,RELIANCE,Reliance Industries Ltd,2024-01-26,2930.02,2993.26,2910.09,2959.21,2339710.0,Bloomberg,False,0,INR,NSE,True,Green
PRC-RELIANCE-20240130,INE002A01018,RELIANCE,Reliance Industries Ltd,2024-01-30,2960.19,2954.31,2870.81,2948.82,2673678.0,NSE Feed,True,7,INR,NSE,True,Red
PRC-RELIANCE-20240205,INE002A01018,RELIANCE,Reliance Industries Ltd,2024-02-05,2950.42,2965.88,2860.66,2938.46,2574954.0,Bloomberg,False,0,INR,NSE,True,Green
PRC-RELIANCE-20240206,INE002A01018,RELIANCE,Reliance Industries Ltd,2024-02-06,2987.2,3075.55,2972.49,3008.07,3588365.0,Refinitiv,False,0,INR,NSE,True,Green
PRC-RELIANCE-20240212,INE002A01018,RELIANCE,Reliance Industries Ltd,2024-02-12,3052.68,3062.63,2974.0,3042.7,786777.0,Refinitiv,False,0,INR,NSE,True,Green
PRC-RELIANCE-20240226,INE002A01018,RELIANCE,Reliance Industries Ltd,2024-02-26,2994.79,3070.91,2976.45,3021.27,4904169.0,Refinitiv,True,3,INR,NSE,True,Amber
PRC-RELIANCE-20240304,INE002A01018,RELIANCE,Reliance Industries Ltd,2024-03-04,3022.48,3064.63,3007.77,3045.86,862873.0,Refinitiv,False,0,INR,NSE,True,Green
PRC-RELIANCE-20240312,INE002A01018,RELIANCE,Reliance Industries Ltd,2024-03-12,3019.57,3075.85,2984.65,3024.68,2685113.0,Refinitiv,False,0,INR,NSE,True,Green
PRC-RELIANCE-20240315,INE002A01018,RELIANCE,Reliance Industries Ltd,2024-03-15,3008.26,3007.63,2944.49,3003.55,634856.0,Refinitiv,True,5,INR,NSE,False,Amber
PRC-RELIANCE-20240318,INE002A01018,RELIANCE,Reliance Industries Ltd,2024-03-18,2986.22,3051.43,2993.56,3014.46,3626251.0,Bloomberg,True,9,INR,NSE,False,Red
PRC-RELIANCE-20240327,INE002A01018,RELIANCE,Reliance Industries Ltd,2024-03-27,2951.76,2960.94,2900.07,2927.94,4623978.0,NSE Feed,False,0,INR,NSE,True,Green
PRC-RELIANCE-20240408,INE002A01018,RELIANCE,Reliance Industries Ltd,2024-04-08,2854.31,2897.44,2828.9,2852.19,1968060.0,NSE Feed,False,0,INR,NSE,True,Green
PRC-RELIANCE-20240412,INE002A01018,RELIANCE,Reliance Industries Ltd,2024-04-12,2840.52,2864.11,2775.47,2828.13,2026561.0,NSE Feed,False,0,INR,NSE,True,Green
PRC-RELIANCE-20240422,INE002A01018,RELIANCE,Reliance Industries Ltd,2024-04-22,2806.06,2849.12,2704.3,2785.16,3616845.0,Refinitiv,False,0,INR,NSE,True,Green
PRC-RELIANCE-20240502,INE002A01018,RELIANCE,Reliance Industries Ltd,2024-05-02,2774.07,2848.15,2751.82,2798.29,508326.0,NSE Feed,True,5,INR,NSE,True,Amber
PRC-RELIANCE-20240503,INE002A01018,RELIANCE,Reliance Industries Ltd,2024-05-03,2744.57,2831.7,2682.05,2760.18,4326984.0,Bloomberg,False,0,INR,NSE,True,Green
PRC-RELIANCE-20240506,INE002A01018,RELIANCE,Reliance Industries Ltd,2024-05-06,2705.89,2764.32,2686.98,2701.7,2087295.0,Bloomberg,False,0,INR,NSE,True,Green
PRC-RELIANCE-20240513,INE002A01018,RELIANCE,Reliance Industries Ltd,2024-05-13,2756.33,2783.89,2724.38,2761.1,1569123.0,Refinitiv,False,0,INR,NSE,True,Green
PRC-RELIANCE-20240516,INE002A01018,RELIANCE,Reliance Industries Ltd,2024-05-16,2776.05,2807.17,2734.07,2751.75,2773738.0,Refinitiv,True,7,INR,NSE,True,Red
PRC-RELIANCE-20240522,INE002A01018,RELIANCE,Reliance Industries Ltd,2024-05-22,2768.55,2793.67,2742.09,2754.54,2622759.0,Refinitiv,False,0,INR,NSE,True,Green
PRC-RELIANCE-20240523,INE002A01018,RELIANCE,Reliance Industries Ltd,2024-05-23,2720.89,2740.74,2625.64,2695.67,2137244.0,Bloomberg,True,8,INR,NSE,True,Red
PRC-RELIANCE-20240528,INE002A01018,RELIANCE,Reliance Industries Ltd,2024-05-28,2692.22,2681.07,2651.57,2673.66,1697875.0,NSE Feed,False,0,INR,NSE,True,Green
PRC-RELIANCE-20240531,INE002A01018,RELIANCE,Reliance Industries Ltd,2024-05-31,2698.12,2693.22,2658.96,2678.11,4787977.0,NSE Feed,False,0,INR,NSE,True,Green
PRC-RELIANCE-20240610,INE002A01018,RELIANCE,Reliance Industries Ltd,2024-06-10,2655.93,2633.08,2626.91,2631.87,1084119.0,Refinitiv,False,0,INR,NSE,False,Green
PRC-RELIANCE-20240613,INE002A01018,RELIANCE,Reliance Industries Ltd,2024-06-13,2652.23,2662.94,2639.96,2646.7,4731176.0,Bloomberg,False,0,INR,NSE,True,Green
PRC-RELIANCE-20240614,INE002A01018,RELIANCE,Reliance Industries Ltd,2024-06-14,2615.47,2643.44,2584.52,2622.86,4271464.0,Bloomberg,False,0,INR,NSE,True,Green
PRC-RELIANCE-20240619,INE002A01018,RELIANCE,Reliance Industries Ltd,2024-06-19,2629.12,2683.01,2562.08,2611.38,3572297.0,NSE Feed,False,0,INR,NSE,True,Green
PRC-RELIANCE-20240621,INE002A01018,RELIANCE,Reliance Industries Ltd,2024-06-21,2575.43,2660.38,2555.14,2587.81,3602898.0,Bloomberg,False,0,INR,NSE,True,Green
PRC-RELIANCE-20240625,INE002A01018,RELIANCE,Reliance Industries Ltd,2024-06-25,2677.44,2699.55,2632.15,2659.71,2931694.0,Bloomberg,False,0,INR,NSE,True,Green
PRC-RELIANCE-20240702,INE002A01018,RELIANCE,Reliance Industries Ltd,2024-07-02,2671.91,2695.93,2637.85,2659.17,3054267.0,NSE Feed,False,0,INR,NSE,True,Green
PRC-RELIANCE-20240708,INE002A01018,RELIANCE,Reliance Industries Ltd,2024-07-08,2637.36,2694.73,2613.62,2616.98,4495164.0,NSE Feed,False,0,INR,NSE,True,Green
PRC-RELIANCE-20240711,INE002A01018,RELIANCE,Reliance Industries Ltd,2024-07-11,2625.35,2649.78,2580.72,2649.27,2041404.0,NSE Feed,False,0,INR,NSE,True,Green
PRC-RELIANCE-20240712,INE002A01018,RELIANCE,Reliance Industries Ltd,2024-07-12,2594.16,2648.96,2574.75,,,Refinitiv,False,0,INR,NSE,False,Green
PRC-RELIANCE-20240715,INE002A01018,RELIANCE,Reliance Industries Ltd,2024-07-15,2611.6,2609.83,2572.07,2608.9,2404692.0,Refinitiv,True,10,INR,NSE,False,Red
PRC-RELIANCE-20240717,INE002A01018,RELIANCE,Reliance Industries Ltd,2024-07-17,2541.03,2593.46,2525.36,,,NSE Feed,False,0,INR,NSE,False,Green
PRC-RELIANCE-20240722,INE002A01018,RELIANCE,Reliance Industries Ltd,2024-07-22,2487.71,2500.56,2433.7,2481.77,3429408.0,NSE Feed,False,0,INR,NSE,True,Green
PRC-RELIANCE-20240723,INE002A01018,RELIANCE,Reliance Industries Ltd,2024-07-23,2513.5,2505.96,2465.5,2489.09,776263.0,Refinitiv,False,0,INR,NSE,False,Green
PRC-RELIANCE-20240724,INE002A01018,RELIANCE,Reliance Industries Ltd,2024-07-24,2510.59,2558.4,2445.4,2516.67,179273.0,Refinitiv,True,8,INR,NSE,True,Red
PRC-RELIANCE-20240725,INE002A01018,RELIANCE,Reliance Industries Ltd,2024-07-25,2537.49,2565.97,2512.38,2523.14,899953.0,Refinitiv,False,0,INR,NSE,False,Green
PRC-RELIANCE-20240731,INE002A01018,RELIANCE,Reliance Industries Ltd,2024-07-31,2528.44,2561.59,2463.68,2518.76,723676.0,Refinitiv,False,0,INR,NSE,False,Green
PRC-RELIANCE-20240812,INE002A01018,RELIANCE,Reliance Industries Ltd,2024-08-12,2483.96,2577.25,2455.82,2507.38,1837768.0,Refinitiv,False,0,INR,NSE,True,Green
PRC-RELIANCE-20240814,INE002A01018,RELIANCE,Reliance Industries Ltd,2024-08-14,2472.8,2473.79,2419.7,2451.77,4853789.0,Bloomberg,False,0,INR,NSE,True,Green
PRC-RELIANCE-20240816,INE002A01018,RELIANCE,Reliance Industries Ltd,2024-08-16,2436.93,2482.82,2402.7,2425.3,757899.0,Refinitiv,False,0,INR,NSE,True,Green
PRC-RELIANCE-20240823,INE002A01018,RELIANCE,Reliance Industries Ltd,2024-08-23,2395.64,2414.04,2380.01,2408.54,3427786.0,Bloomberg,False,0,INR,NSE,True,Green
PRC-RELIANCE-20240827,INE002A01018,RELIANCE,Reliance Industries Ltd,2024-08-27,2446.27,2472.85,2442.41,2446.73,3722603.0,NSE Feed,False,0,INR,NSE,True,Green
PRC-RELIANCE-20240902,INE002A01018,RELIANCE,Reliance Industries Ltd,2024-09-02,2465.18,2518.23,2438.18,2459.35,788184.0,Bloomberg,False,0,INR,NSE,True,Green
PRC-RELIANCE-20240903,INE002A01018,RELIANCE,Reliance Industries Ltd,2024-09-03,2405.78,2417.05,2330.13,2394.31,143580.0,Bloomberg,False,0,INR,NSE,True,Green
PRC-RELIANCE-20240904,INE002A01018,RELIANCE,Reliance Industries Ltd,2024-09-04,2386.09,2437.05,2373.97,2405.95,4398665.0,Bloomberg,False,0,INR,NSE,True,Green
PRC-RELIANCE-20240905,INE002A01018,RELIANCE,Reliance Industries Ltd,2024-09-05,2396.69,2448.34,2382.27,2392.05,203520.0,Bloomberg,False,0,INR,NSE,True,Green
PRC-RELIANCE-20240910,INE002A01018,RELIANCE,Reliance Industries Ltd,2024-09-10,2370.58,2438.28,2313.97,2367.76,4471341.0,NSE Feed,False,0,INR,NSE,True,Green
PRC-RELIANCE-20240925,INE002A01018,RELIANCE,Reliance Industries Ltd,2024-09-25,2378.42,2399.95,2329.79,2389.48,2414935.0,Bloomberg,False,0,INR,NSE,True,Green
PRC-RELIANCE-20240927,INE002A01018,RELIANCE,Reliance Industries Ltd,2024-09-27,2448.0,2478.91,2389.74,2426.44,1740377.0,Bloomberg,False,0,INR,NSE,True,Green
PRC-RELIANCE-20241009,INE002A01018,RELIANCE,Reliance Industries Ltd,2024-10-09,2452.08,2506.11,2445.87,2460.33,2864396.0,Bloomberg,False,0,INR,NSE,True,Green
PRC-RELIANCE-20241010,INE002A01018,RELIANCE,Reliance Industries Ltd,2024-10-10,2452.4,2439.28,2379.85,2429.36,1784864.0,Bloomberg,False,0,INR,NSE,True,Green
PRC-RELIANCE-20241017,INE002A01018,RELIANCE,Reliance Industries Ltd,2024-10-17,2408.01,2468.51,2381.17,2418.09,4930825.0,NSE Feed,False,0,INR,NSE,True,Green
PRC-RELIANCE-20241022,INE002A01018,RELIANCE,Reliance Industries Ltd,2024-10-22,2423.55,2498.06,2371.77,2430.11,4677068.0,NSE Feed,False,0,INR,NSE,True,Green
PRC-RELIANCE-20241024,INE002A01018,RELIANCE,Reliance Industries Ltd,2024-10-24,2463.78,2518.07,2424.13,2465.67,2543863.0,Refinitiv,False,0,INR,NSE,True,Green
PRC-RELIANCE-20241112,INE002A01018,RELIANCE,Reliance Industries Ltd,2024-11-12,2456.42,2458.17,2396.75,2447.95,2219647.0,Refinitiv,False,0,INR,NSE,True,Green
PRC-RELIANCE-20241120,INE002A01018,RELIANCE,Reliance Industries Ltd,2024-11-20,2438.64,2484.92,2410.54,2441.13,4582598.0,Refinitiv,False,0,INR,NSE,False,Green
PRC-RELIANCE-20241125,INE002A01018,RELIANCE,Reliance Industries Ltd,2024-11-25,2378.38,2470.36,2379.13,2400.62,4603893.0,Refinitiv,False,0,INR,NSE,True,Green
PRC-RELIANCE-20241203,INE002A01018,RELIANCE,Reliance Industries Ltd,2024-12-03,2364.98,2382.65,2332.58,2357.55,471587.0,Refinitiv,False,0,INR,NSE,False,Green
PRC-RELIANCE-20241205,INE002A01018,RELIANCE,Reliance Industries Ltd,2024-12-05,2398.34,2455.41,2345.51,2386.28,188481.0,NSE Feed,False,0,INR,NSE,True,Green
PRC-RELIANCE-20241206,INE002A01018,RELIANCE,Reliance Industries Ltd,2024-12-06,2438.75,2476.84,2394.34,2434.82,3381071.0,Bloomberg,False,0,INR,NSE,True,Green
PRC-RELIANCE-20241209,INE002A01018,RELIANCE,Reliance Industries Ltd,2024-12-09,2424.65,2433.99,2366.86,2432.19,3589454.0,NSE Feed,False,0,INR,NSE,True,Green
PRC-RELIANCE-20241211,INE002A01018,RELIANCE,Reliance Industries Ltd,2024-12-11,2459.52,2502.53,2410.06,2468.81,4151076.0,Bloomberg,False,0,INR,NSE,True,Green
PRC-RELIANCE-20241216,INE002A01018,RELIANCE,Reliance Industries Ltd,2024-12-16,2473.21,2504.56,2468.06,2482.2,1065405.0,NSE Feed,False,0,INR,NSE,True,Green
PRC-RELIANCE-20241218,INE002A01018,RELIANCE,Reliance Industries Ltd,2024-12-18,2441.68,2530.74,2402.42,2458.18,1563419.0,Refinitiv,False,0,INR,NSE,True,Green
PRC-RELIANCE-20241219,INE002A01018,RELIANCE,Reliance Industries Ltd,2024-12-19,2458.25,2501.54,2411.04,2471.5,3725006.0,Bloomberg,False,0,INR,NSE,True,Green
PRC-RELIANCE-20250110,INE002A01018,RELIANCE,Reliance Industries Ltd,2025-01-10,2533.19,2558.02,2506.13,2528.52,1826245.0,Bloomberg,False,0,INR,NSE,True,Green
PRC-RELIANCE-20250114,INE002A01018,RELIANCE,Reliance Industries Ltd,2025-01-14,2542.3,2567.87,2479.08,2527.16,1753178.0,Bloomberg,True,3,INR,NSE,True,Amber
PRC-RELIANCE-20250115,INE002A01018,RELIANCE,Reliance Industries Ltd,2025-01-15,2610.58,2610.79,2539.04,2586.48,3392897.0,Refinitiv,False,0,INR,NSE,True,Green
PRC-RELIANCE-20250116,INE002A01018,RELIANCE,Reliance Industries Ltd,2025-01-16,2468.56,2535.05,2469.97,2484.84,810951.0,Refinitiv,False,0,INR,NSE,True,Green
PRC-RELIANCE-20250120,INE002A01018,RELIANCE,Reliance Industries Ltd,2025-01-20,2499.53,2567.8,2478.56,2515.47,3608443.0,Refinitiv,False,0,INR,NSE,True,Green
PRC-RELIANCE-20250123,INE002A01018,RELIANCE,Reliance Industries Ltd,2025-01-23,2525.58,2571.15,2491.95,2518.76,1553198.0,Refinitiv,False,0,INR,NSE,True,Green
PRC-RELIANCE-20250124,INE002A01018,RELIANCE,Reliance Industries Ltd,2025-01-24,2524.61,2554.05,2497.34,2507.46,180391.0,Bloomberg,False,0,INR,NSE,True,Green
PRC-RELIANCE-20250128,INE002A01018,RELIANCE,Reliance Industries Ltd,2025-01-28,2511.18,2548.2,2487.16,2510.91,3586560.0,Refinitiv,False,0,INR,NSE,True,Green
PRC-RELIANCE-20250203,INE002A01018,RELIANCE,Reliance Industries Ltd,2025-02-03,2413.19,2491.67,2384.32,2436.05,2405633.0,NSE Feed,False,0,INR,NSE,True,Green
PRC-RELIANCE-20250204,INE002A01018,RELIANCE,Reliance Industries Ltd,2025-02-04,2439.8,2483.81,2395.23,2428.02,1049682.0,Refinitiv,False,0,INR,NSE,True,Green
PRC-RELIANCE-20250205,INE002A01018,RELIANCE,Reliance Industries Ltd,2025-02-05,2434.53,2501.27,2370.85,2441.03,3802451.0,Refinitiv,False,0,INR,NSE,True,Green
PRC-RELIANCE-20250213,INE002A01018,RELIANCE,Reliance Industries Ltd,2025-02-13,2502.81,2513.67,2485.77,2495.14,370368.0,Bloomberg,False,0,INR,NSE,True,Green
PRC-RELIANCE-20250220,INE002A01018,RELIANCE,Reliance Industries Ltd,2025-02-20,2493.83,2484.47,2461.78,2475.75,1860585.0,Refinitiv,False,0,INR,NSE,True,Green
PRC-RELIANCE-20250224,INE002A01018,RELIANCE,Reliance Industries Ltd,2025-02-24,2452.22,2457.9,2382.57,2445.72,1833251.0,NSE Feed,False,0,INR,NSE,True,Green
PRC-RELIANCE-20250306,INE002A01018,RELIANCE,Reliance Industries Ltd,2025-03-06,2432.02,2439.58,2425.79,2427.32,2554797.0,Bloomberg,False,0,INR,NSE,True,Green
PRC-RELIANCE-20250312,INE002A01018,RELIANCE,Reliance Industries Ltd,2025-03-12,2480.34,2520.82,2396.83,2460.64,3552719.0,NSE Feed,False,0,INR,NSE,False,Green
PRC-RELIANCE-20250324,INE002A01018,RELIANCE,Reliance Industries Ltd,2025-03-24,2490.88,2491.3,2451.37,2472.78,2176639.0,Refinitiv,False,0,INR,NSE,True,Green
PRC-RELIANCE-20250326,INE002A01018,RELIANCE,Reliance Industries Ltd,2025-03-26,2459.4,2480.74,2385.09,2453.13,880935.0,Bloomberg,False,0,INR,NSE,True,Green
PRC-RELIANCE-20250402,INE002A01018,RELIANCE,Reliance Industries Ltd,2025-04-02,2465.54,2542.49,2422.13,2472.02,120745.0,Refinitiv,False,0,INR,NSE,True,Green
PRC-RELIANCE-20250404,INE002A01018,RELIANCE,Reliance Industries Ltd,2025-04-04,2485.38,2538.75,2460.44,2475.62,3436282.0,NSE Feed,False,0,INR,NSE,False,Green
PRC-RELIANCE-20250407,INE002A01018,RELIANCE,Reliance Industries Ltd,2025-04-07,2502.69,2532.95,2477.48,2511.59,1195503.0,Refinitiv,False,0,INR,NSE,True,Green
PRC-RELIANCE-20250411,INE002A01018,RELIANCE,Reliance Industries Ltd,2025-04-11,2498.17,2488.56,2457.27,2485.14,3955251.0,NSE Feed,False,0,INR,NSE,True,Green
PRC-RELIANCE-20250417,INE002A01018,RELIANCE,Reliance Industries Ltd,2025-04-17,2448.23,2544.0,2413.74,2472.92,1206567.0,Refinitiv,False,0,INR,NSE,True,Green
PRC-RELIANCE-20250418,INE002A01018,RELIANCE,Reliance Industries Ltd,2025-04-18,2438.38,2484.96,2390.7,2458.38,1488525.0,NSE Feed,False,0,INR,NSE,True,Green
PRC-RELIANCE-20250421,INE002A01018,RELIANCE,Reliance Industries Ltd,2025-04-21,2391.62,2451.69,2383.04,2404.41,109112.0,NSE Feed,False,0,INR,NSE,True,Green
PRC-RELIANCE-20250422,INE002A01018,RELIANCE,Reliance Industries Ltd,2025-04-22,2423.78,2415.76,2393.03,2415.09,1111613.0,Bloomberg,False,0,INR,NSE,True,Green
PRC-RELIANCE-20250429,INE002A01018,RELIANCE,Reliance Industries Ltd,2025-04-29,2404.63,2483.17,2359.32,2424.55,3183330.0,Bloomberg,False,0,INR,NSE,True,Green
PRC-RELIANCE-20250501,INE002A01018,RELIANCE,Reliance Industries Ltd,2025-05-01,2406.94,2496.96,2362.38,2424.73,4550225.0,Refinitiv,False,0,INR,NSE,True,Green
PRC-RELIANCE-20250520,INE002A01018,RELIANCE,Reliance Industries Ltd,2025-05-20,2426.95,2461.73,2354.69,2416.2,3553672.0,Refinitiv,False,0,INR,NSE,True,Green
PRC-HDFCBANK-20240108,INE040A01034,HDFCBANK,HDFC Bank Ltd,2024-01-08,1586.34,1622.85,1572.32,1585.61,1500586.0,Bloomberg,False,0,INR,NSE,True,Green
PRC-HDFCBANK-20240109,INE040A01034,HDFCBANK,HDFC Bank Ltd,2024-01-09,1587.78,1612.07,1529.72,1575.6,3701435.0,Bloomberg,False,0,INR,NSE,True,Green
PRC-HDFCBANK-20240110,INE040A01034,HDFCBANK,HDFC Bank Ltd,2024-01-10,1571.5,1590.83,1544.5,1567.5,565056.0,Bloomberg,False,0,INR,NSE,True,Green
PRC-HDFCBANK-20240111,INE040A01034,HDFCBANK,HDFC Bank Ltd,2024-01-11,1557.1,1590.19,1533.5,1548.64,1067488.0,NSE Feed,False,0,INR,NSE,True,Green
PRC-HDFCBANK-20240118,INE040A01034,HDFCBANK,HDFC Bank Ltd,2024-01-18,1529.82,1547.02,1515.41,,,NSE Feed,False,0,INR,NSE,True,Green
PRC-HDFCBANK-20240129,INE040A01034,HDFCBANK,HDFC Bank Ltd,2024-01-29,1545.69,1565.83,1550.33,1554.26,2783810.0,Bloomberg,True,8,INR,NSE,True,Red
PRC-HDFCBANK-20240207,INE040A01034,HDFCBANK,HDFC Bank Ltd,2024-02-07,1603.77,1600.75,1560.98,1598.23,4426626.0,NSE Feed,False,0,INR,NSE,False,Green
PRC-HDFCBANK-20240208,INE040A01034,HDFCBANK,HDFC Bank Ltd,2024-02-08,1595.44,1643.03,1570.08,1602.41,4739666.0,Bloomberg,False,0,INR,NSE,True,Green
PRC-HDFCBANK-20240209,INE040A01034,HDFCBANK,HDFC Bank Ltd,2024-02-09,1602.3,1638.66,1582.74,1608.61,4238609.0,NSE Feed,False,0,INR,NSE,True,Green
PRC-HDFCBANK-20240212,INE040A01034,HDFCBANK,HDFC Bank Ltd,2024-02-12,1595.58,1651.75,1559.76,1606.81,4642810.0,Bloomberg,False,0,INR,NSE,True,Green
PRC-HDFCBANK-20240215,INE040A01034,HDFCBANK,HDFC Bank Ltd,2024-02-15,1545.0,1591.34,1553.49,1560.56,2679586.0,NSE Feed,True,7,INR,NSE,True,Red
PRC-HDFCBANK-20240216,INE040A01034,HDFCBANK,HDFC Bank Ltd,2024-02-16,1574.33,1605.46,1519.81,1559.94,2447344.0,NSE Feed,False,0,INR,NSE,True,Green
PRC-HDFCBANK-20240220,INE040A01034,HDFCBANK,HDFC Bank Ltd,2024-02-20,1558.64,1603.3,1535.98,1561.35,812213.0,Refinitiv,False,0,INR,NSE,True,Green
PRC-HDFCBANK-20240221,INE040A01034,HDFCBANK,HDFC Bank Ltd,2024-02-21,1605.27,1646.62,1591.6,1619.04,1196460.0,NSE Feed,False,0,INR,NSE,True,Green
PRC-HDFCBANK-20240226,INE040A01034,HDFCBANK,HDFC Bank Ltd,2024-02-26,1610.91,1654.66,1581.74,1614.37,3898008.0,Bloomberg,False,0,INR,NSE,True,Green
PRC-HDFCBANK-20240228,INE040A01034,HDFCBANK,HDFC Bank Ltd,2024-02-28,1630.43,1626.97,1578.16,1621.67,3871239.0,Bloomberg,False,0,INR,NSE,True,Green
PRC-HDFCBANK-20240229,INE040A01034,HDFCBANK,HDFC Bank Ltd,2024-02-29,1629.59,1642.8,1594.73,1620.83,1105907.0,NSE Feed,False,0,INR,NSE,True,Green
PRC-HDFCBANK-20240301,INE040A01034,HDFCBANK,HDFC Bank Ltd,2024-03-01,1598.68,1594.34,1584.58,1592.41,2849732.0,NSE Feed,False,0,INR,NSE,True,Green
PRC-HDFCBANK-20240312,INE040A01034,HDFCBANK,HDFC Bank Ltd,2024-03-12,1620.15,1652.62,1583.76,1619.71,1558508.0,NSE Feed,False,0,INR,NSE,False,Green
PRC-HDFCBANK-20240320,INE040A01034,HDFCBANK,HDFC Bank Ltd,2024-03-20,1639.62,1642.63,1593.85,1637.98,1272669.0,NSE Feed,False,0,INR,NSE,True,Green
PRC-HDFCBANK-20240322,INE040A01034,HDFCBANK,HDFC Bank Ltd,2024-03-22,1645.17,1698.37,1626.2,1657.42,804973.0,Refinitiv,False,0,INR,NSE,True,Green
PRC-HDFCBANK-20240326,INE040A01034,HDFCBANK,HDFC Bank Ltd,2024-03-26,1624.92,1666.49,1625.45,1634.81,871572.0,Bloomberg,True,3,INR,NSE,True,Amber
PRC-HDFCBANK-20240328,INE040A01034,HDFCBANK,HDFC Bank Ltd,2024-03-28,1679.95,1688.99,1620.61,1669.21,3679117.0,NSE Feed,True,8,INR,NSE,True,Red
PRC-HDFCBANK-20240403,INE040A01034,HDFCBANK,HDFC Bank Ltd,2024-04-03,1632.34,1641.39,1615.19,1634.11,2161792.0,Refinitiv,False,0,INR,NSE,True,Green
PRC-HDFCBANK-20240408,INE040A01034,HDFCBANK,HDFC Bank Ltd,2024-04-08,1634.02,1662.33,1605.82,1648.49,1773173.0,Refinitiv,False,0,INR,NSE,True,Green
PRC-HDFCBANK-20240409,INE040A01034,HDFCBANK,HDFC Bank Ltd,2024-04-09,1712.95,1743.26,1702.11,1702.66,3112450.0,Bloomberg,False,0,INR,NSE,True,Green
PRC-HDFCBANK-20240418,INE040A01034,HDFCBANK,HDFC Bank Ltd,2024-04-18,1677.44,1696.9,1636.09,1677.36,2774938.0,Refinitiv,False,0,INR,NSE,True,Green
PRC-HDFCBANK-20240419,INE040A01034,HDFCBANK,HDFC Bank Ltd,2024-04-19,1648.43,1712.58,1639.63,1663.11,4998854.0,NSE Feed,False,0,INR,NSE,False,Green
PRC-HDFCBANK-20240502,INE040A01034,HDFCBANK,HDFC Bank Ltd,2024-05-02,1657.82,1706.38,1661.46,1665.6,568995.0,NSE Feed,False,0,INR,NSE,True,Green
PRC-HDFCBANK-20240503,INE040A01034,HDFCBANK,HDFC Bank Ltd,2024-05-03,1667.4,1702.19,1612.04,1653.02,2084334.0,Refinitiv,False,0,INR,NSE,True,Green
PRC-HDFCBANK-20240514,INE040A01034,HDFCBANK,HDFC Bank Ltd,2024-05-14,1617.52,1648.64,1583.16,1614.57,4861804.0,Refinitiv,False,0,INR,NSE,True,Green
PRC-HDFCBANK-20240524,INE040A01034,HDFCBANK,HDFC Bank Ltd,2024-05-24,1626.26,1663.28,1594.03,1616.23,1572676.0,Bloomberg,False,0,INR,NSE,True,Green
PRC-HDFCBANK-20240527,INE040A01034,HDFCBANK,HDFC Bank Ltd,2024-05-27,1575.2,1613.28,1558.59,1590.47,1790005.0,NSE Feed,False,0,INR,NSE,True,Green
PRC-HDFCBANK-20240603,INE040A01034,HDFCBANK,HDFC Bank Ltd,2024-06-03,1613.57,1604.63,1560.82,1601.77,1288268.0,NSE Feed,False,0,INR,NSE,True,Green
PRC-HDFCBANK-20240604,INE040A01034,HDFCBANK,HDFC Bank Ltd,2024-06-04,1575.69,1624.32,1551.04,1579.68,947519.0,Bloomberg,False,0,INR,NSE,True,Green
PRC-HDFCBANK-20240619,INE040A01034,HDFCBANK,HDFC Bank Ltd,2024-06-19,1630.91,1654.81,1614.5,1616.41,2761566.0,NSE Feed,False,0,INR,NSE,True,Green
PRC-HDFCBANK-20240620,INE040A01034,HDFCBANK,HDFC Bank Ltd,2024-06-20,1601.05,1614.52,1581.39,1597.42,1570956.0,Bloomberg,False,0,INR,NSE,True,Green
PRC-HDFCBANK-20240624,INE040A01034,HDFCBANK,HDFC Bank Ltd,2024-06-24,1596.98,1634.95,1587.25,1589.7,3384990.0,Refinitiv,False,0,INR,NSE,True,Green
PRC-HDFCBANK-20240625,INE040A01034,HDFCBANK,HDFC Bank Ltd,2024-06-25,1624.14,1619.76,1588.13,1609.1,4262301.0,NSE Feed,False,0,INR,NSE,True,Green
PRC-HDFCBANK-20240626,INE040A01034,HDFCBANK,HDFC Bank Ltd,2024-06-26,1573.69,1609.53,1577.64,1579.39,2916470.0,Bloomberg,False,0,INR,NSE,True,Green
PRC-HDFCBANK-20240705,INE040A01034,HDFCBANK,HDFC Bank Ltd,2024-07-05,1580.04,1622.2,1571.49,1584.78,503890.0,Bloomberg,False,0,INR,NSE,True,Green
PRC-HDFCBANK-20240716,INE040A01034,HDFCBANK,HDFC Bank Ltd,2024-07-16,1613.07,1658.6,1584.4,1615.85,3248643.0,NSE Feed,False,0,INR,NSE,True,Green
PRC-HDFCBANK-20240717,INE040A01034,HDFCBANK,HDFC Bank Ltd,2024-07-17,1585.03,1587.56,1550.93,1576.89,380286.0,Bloomberg,False,0,INR,NSE,True,Green
PRC-HDFCBANK-20240722,INE040A01034,HDFCBANK,HDFC Bank Ltd,2024-07-22,1576.25,1623.38,1541.45,1581.26,729165.0,Refinitiv,False,0,INR,NSE,False,Green
PRC-HDFCBANK-20240723,INE040A01034,HDFCBANK,HDFC Bank Ltd,2024-07-23,1602.83,1629.96,1573.35,1587.42,3718202.0,Refinitiv,False,0,INR,NSE,True,Green
PRC-HDFCBANK-20240730,INE040A01034,HDFCBANK,HDFC Bank Ltd,2024-07-30,1593.23,1615.94,1567.01,1606.04,4748231.0,Refinitiv,False,0,INR,NSE,False,Green
PRC-HDFCBANK-20240802,INE040A01034,HDFCBANK,HDFC Bank Ltd,2024-08-02,1569.85,1580.77,1547.53,1576.24,4710904.0,Bloomberg,False,0,INR,NSE,True,Green
PRC-HDFCBANK-20240808,INE040A01034,HDFCBANK,HDFC Bank Ltd,2024-08-08,1538.67,1575.7,1526.49,1545.02,1774993.0,NSE Feed,False,0,INR,NSE,True,Green
PRC-HDFCBANK-20240813,INE040A01034,HDFCBANK,HDFC Bank Ltd,2024-08-13,1544.1,1596.53,1524.81,1557.11,3434197.0,Bloomberg,False,0,INR,NSE,True,Green
PRC-HDFCBANK-20240814,INE040A01034,HDFCBANK,HDFC Bank Ltd,2024-08-14,1565.43,1572.73,1558.68,1564.05,3198765.0,NSE Feed,False,0,INR,NSE,True,Green
PRC-HDFCBANK-20240821,INE040A01034,HDFCBANK,HDFC Bank Ltd,2024-08-21,1561.33,1582.58,1525.73,1569.93,911200.0,NSE Feed,False,0,INR,NSE,True,Green
PRC-HDFCBANK-20240906,INE040A01034,HDFCBANK,HDFC Bank Ltd,2024-09-06,1586.18,1588.86,1533.63,1578.09,3347281.0,Refinitiv,False,0,INR,NSE,True,Green
PRC-HDFCBANK-20240913,INE040A01034,HDFCBANK,HDFC Bank Ltd,2024-09-13,1561.2,1603.3,1537.45,1561.99,762322.0,Bloomberg,False,0,INR,NSE,False,Green
PRC-HDFCBANK-20240918,INE040A01034,HDFCBANK,HDFC Bank Ltd,2024-09-18,1579.98,1605.07,1552.27,1567.43,1336880.0,NSE Feed,False,0,INR,NSE,False,Green
PRC-HDFCBANK-20241001,INE040A01034,HDFCBANK,HDFC Bank Ltd,2024-10-01,1563.84,1584.33,1536.19,1574.32,457991.0,Bloomberg,False,0,INR,NSE,True,Green
PRC-HDFCBANK-20241002,INE040A01034,HDFCBANK,HDFC Bank Ltd,2024-10-02,1567.5,1564.36,1538.53,1557.45,2782253.0,Refinitiv,False,0,INR,NSE,False,Green
PRC-HDFCBANK-20241003,INE040A01034,HDFCBANK,HDFC Bank Ltd,2024-10-03,1597.75,1616.7,1566.28,1601.04,3943300.0,NSE Feed,False,0,INR,NSE,True,Green
PRC-HDFCBANK-20241007,INE040A01034,HDFCBANK,HDFC Bank Ltd,2024-10-07,1609.83,1632.47,1571.22,1612.42,4987849.0,NSE Feed,False,0,INR,NSE,False,Green
PRC-HDFCBANK-20241010,INE040A01034,HDFCBANK,HDFC Bank Ltd,2024-10-10,1576.83,1609.05,1552.43,1583.61,3546795.0,Bloomberg,False,0,INR,NSE,True,Green
PRC-HDFCBANK-20241014,INE040A01034,HDFCBANK,HDFC Bank Ltd,2024-10-14,1584.41,1612.42,1558.13,1599.2,3469870.0,NSE Feed,False,0,INR,NSE,True,Green
PRC-HDFCBANK-20241023,INE040A01034,HDFCBANK,HDFC Bank Ltd,2024-10-23,1561.62,1598.29,1541.24,1575.82,3224259.0,NSE Feed,False,0,INR,NSE,True,Green
PRC-HDFCBANK-20241028,INE040A01034,HDFCBANK,HDFC Bank Ltd,2024-10-28,1605.36,1635.48,1579.35,1594.43,2012245.0,NSE Feed,False,0,INR,NSE,True,Green
PRC-HDFCBANK-20241029,INE040A01034,HDFCBANK,HDFC Bank Ltd,2024-10-29,1616.32,1657.6,1602.91,1622.14,848992.0,NSE Feed,False,0,INR,NSE,True,Green
PRC-HDFCBANK-20241101,INE040A01034,HDFCBANK,HDFC Bank Ltd,2024-11-01,1601.67,1626.99,1572.07,1602.17,571488.0,Refinitiv,False,0,INR,NSE,True,Green
PRC-HDFCBANK-20241106,INE040A01034,HDFCBANK,HDFC Bank Ltd,2024-11-06,1622.18,1663.38,1602.12,1625.32,4870369.0,NSE Feed,False,0,INR,NSE,True,Green
PRC-HDFCBANK-20241107,INE040A01034,HDFCBANK,HDFC Bank Ltd,2024-11-07,1620.91,1637.0,1588.8,1635.38,3123045.0,Refinitiv,False,0,INR,NSE,True,Green
PRC-HDFCBANK-20241120,INE040A01034,HDFCBANK,HDFC Bank Ltd,2024-11-20,1652.14,1701.39,1639.71,1655.55,2129523.0,Bloomberg,False,0,INR,NSE,True,Green
PRC-HDFCBANK-20241203,INE040A01034,HDFCBANK,HDFC Bank Ltd,2024-12-03,1701.79,1730.81,1669.16,1702.65,2269796.0,Refinitiv,False,0,INR,NSE,True,Green
PRC-HDFCBANK-20241219,INE040A01034,HDFCBANK,HDFC Bank Ltd,2024-12-19,1684.95,1725.51,1694.6,1696.38,1956827.0,Refinitiv,True,2,INR,NSE,True,Amber
PRC-HDFCBANK-20241223,INE040A01034,HDFCBANK,HDFC Bank Ltd,2024-12-23,1677.65,1720.71,1675.55,1677.21,174641.0,Bloomberg,False,0,INR,NSE,False,Green
PRC-HDFCBANK-20241224,INE040A01034,HDFCBANK,HDFC Bank Ltd,2024-12-24,1638.56,1667.36,1645.15,1654.83,2662381.0,Refinitiv,False,0,INR,NSE,False,Green
PRC-HDFCBANK-20241227,INE040A01034,HDFCBANK,HDFC Bank Ltd,2024-12-27,1630.54,1651.68,1597.9,1634.58,4014946.0,Bloomberg,False,0,INR,NSE,True,Green
PRC-HDFCBANK-20241230,INE040A01034,HDFCBANK,HDFC Bank Ltd,2024-12-30,1619.7,1657.74,1616.15,1632.69,3239266.0,Refinitiv,False,0,INR,NSE,True,Green
PRC-HDFCBANK-20241231,INE040A01034,HDFCBANK,HDFC Bank Ltd,2024-12-31,1628.18,1644.18,1640.47,1641.04,2827447.0,Bloomberg,False,0,INR,NSE,True,Green
PRC-HDFCBANK-20250106,INE040A01034,HDFCBANK,HDFC Bank Ltd,2025-01-06,1641.22,1655.26,1636.26,1647.85,576260.0,Refinitiv,False,0,INR,NSE,True,Green
PRC-HDFCBANK-20250113,INE040A01034,HDFCBANK,HDFC Bank Ltd,2025-01-13,1652.46,1693.19,1633.04,1668.3,3611183.0,Bloomberg,False,0,INR,NSE,True,Green
PRC-HDFCBANK-20250117,INE040A01034,HDFCBANK,HDFC Bank Ltd,2025-01-17,1671.03,1678.13,1654.93,1668.62,,NSE Feed,False,0,INR,NSE,True,Green
PRC-HDFCBANK-20250120,INE040A01034,HDFCBANK,HDFC Bank Ltd,2025-01-20,1720.03,1723.34,1669.21,1705.0,1525951.0,Refinitiv,False,0,INR,NSE,True,Green
PRC-HDFCBANK-20250122,INE040A01034,HDFCBANK,HDFC Bank Ltd,2025-01-22,1685.6,1711.41,1688.47,1698.24,1635688.0,Refinitiv,False,0,INR,NSE,True,Green
PRC-HDFCBANK-20250124,INE040A01034,HDFCBANK,HDFC Bank Ltd,2025-01-24,1757.75,1813.74,1736.8,1767.53,2879289.0,Bloomberg,False,0,INR,NSE,True,Green
PRC-HDFCBANK-20250130,INE040A01034,HDFCBANK,HDFC Bank Ltd,2025-01-30,1783.06,1830.49,1761.83,1784.12,697400.0,Bloomberg,False,0,INR,NSE,True,Green
PRC-HDFCBANK-20250204,INE040A01034,HDFCBANK,HDFC Bank Ltd,2025-02-04,1757.01,1776.94,1711.2,1761.18,1364821.0,NSE Feed,False,0,INR,NSE,False,Green
PRC-HDFCBANK-20250211,INE040A01034,HDFCBANK,HDFC Bank Ltd,2025-02-11,1746.5,1784.18,1688.35,1732.89,1612942.0,NSE Feed,False,0,INR,NSE,True,Green
PRC-HDFCBANK-20250212,INE040A01034,HDFCBANK,HDFC Bank Ltd,2025-02-12,1750.12,1745.67,1707.39,1745.43,1514367.0,Refinitiv,False,0,INR,NSE,True,Green
PRC-HDFCBANK-20250224,INE040A01034,HDFCBANK,HDFC Bank Ltd,2025-02-24,1725.24,1771.65,1720.45,1739.58,3483909.0,Bloomberg,False,0,INR,NSE,False,Green
PRC-HDFCBANK-20250225,INE040A01034,HDFCBANK,HDFC Bank Ltd,2025-02-25,1766.32,1808.32,1752.51,1758.21,4554634.0,NSE Feed,True,5,INR,NSE,True,Amber
PRC-HDFCBANK-20250228,INE040A01034,HDFCBANK,HDFC Bank Ltd,2025-02-28,1760.99,1817.27,1734.15,,,NSE Feed,False,0,INR,NSE,True,Green
PRC-HDFCBANK-20250305,INE040A01034,HDFCBANK,HDFC Bank Ltd,2025-03-05,1780.21,1784.58,1731.12,1768.75,4464495.0,Refinitiv,False,0,INR,NSE,True,Green
PRC-HDFCBANK-20250310,INE040A01034,HDFCBANK,HDFC Bank Ltd,2025-03-10,1733.5,1798.47,1719.58,1746.29,1680632.0,NSE Feed,False,0,INR,NSE,False,Green
PRC-HDFCBANK-20250311,INE040A01034,HDFCBANK,HDFC Bank Ltd,2025-03-11,1697.34,1743.84,1662.13,1706.61,283821.0,Refinitiv,False,0,INR,NSE,True,Green
PRC-HDFCBANK-20250314,INE040A01034,HDFCBANK,HDFC Bank Ltd,2025-03-14,1705.08,1714.26,1676.89,1695.18,4585669.0,Refinitiv,False,0,INR,NSE,True,Green
PRC-HDFCBANK-20250321,INE040A01034,HDFCBANK,HDFC Bank Ltd,2025-03-21,1722.23,1717.97,1700.97,1716.95,3596166.0,Bloomberg,False,0,INR,NSE,True,Green
PRC-HDFCBANK-20250403,INE040A01034,HDFCBANK,HDFC Bank Ltd,2025-04-03,1710.52,1758.39,1703.36,1722.47,2625947.0,Bloomberg,False,0,INR,NSE,True,Green
PRC-HDFCBANK-20250407,INE040A01034,HDFCBANK,HDFC Bank Ltd,2025-04-07,1693.85,1697.24,1681.69,1690.28,980084.0,Refinitiv,False,0,INR,NSE,True,Green
PRC-HDFCBANK-20250409,INE040A01034,HDFCBANK,HDFC Bank Ltd,2025-04-09,1681.33,1704.77,1653.99,1694.67,2306152.0,Refinitiv,False,0,INR,NSE,False,Green
PRC-HDFCBANK-20250416,INE040A01034,HDFCBANK,HDFC Bank Ltd,2025-04-16,1692.89,1732.5,1699.88,1704.47,4132101.0,Bloomberg,False,0,INR,NSE,True,Green
PRC-HDFCBANK-20250425,INE040A01034,HDFCBANK,HDFC Bank Ltd,2025-04-25,1668.76,1710.84,1656.34,,,NSE Feed,False,0,INR,NSE,True,Green
PRC-HDFCBANK-20250501,INE040A01034,HDFCBANK,HDFC Bank Ltd,2025-05-01,1699.39,1718.33,1658.27,1685.75,2583214.0,Bloomberg,False,0,INR,NSE,True,Green
PRC-HDFCBANK-20250515,INE040A01034,HDFCBANK,HDFC Bank Ltd,2025-05-15,1671.68,1701.93,1677.18,1687.22,2723177.0,Bloomberg,False,0,INR,NSE,True,Green
PRC-HDFCBANK-20250519,INE040A01034,HDFCBANK,HDFC Bank Ltd,2025-05-19,1643.23,1700.68,1641.54,1658.29,1530360.0,Bloomberg,False,0,INR,NSE,True,Green
PRC-INFY-20240101,INE009A01021,INFY,Infosys Ltd,2024-01-01,1474.68,1497.89,1463.59,1487.94,4798885.0,Refinitiv,False,0,INR,NSE,True,Green
PRC-INFY-20240108,INE009A01021,INFY,Infosys Ltd,2024-01-08,1499.03,1504.85,1485.11,1500.46,118429.0,Bloomberg,False,0,INR,NSE,True,Green
PRC-INFY-20240109,INE009A01021,INFY,Infosys Ltd,2024-01-09,1526.29,1541.94,1483.95,1524.84,1477035.0,Bloomberg,False,0,INR,NSE,True,Green
PRC-INFY-20240112,INE009A01021,INFY,Infosys Ltd,2024-01-12,1536.76,1577.32,1511.18,1548.94,3395854.0,NSE Feed,False,0,INR,NSE,True,Green
PRC-INFY-20240119,INE009A01021,INFY,Infosys Ltd,2024-01-19,1505.03,1535.79,1513.59,1516.93,1133637.0,Bloomberg,False,0,INR,NSE,True,Green
PRC-INFY-20240125,INE009A01021,INFY,Infosys Ltd,2024-01-25,1509.46,1495.78,1483.75,1495.59,4740798.0,Bloomberg,False,0,INR,NSE,True,Green
PRC-INFY-20240201,INE009A01021,INFY,Infosys Ltd,2024-02-01,1519.84,1515.16,1488.09,1507.14,1176944.0,NSE Feed,False,0,INR,NSE,True,Green
PRC-INFY-20240205,INE009A01021,INFY,Infosys Ltd,2024-02-05,1518.88,1536.29,1517.83,1518.76,2182377.0,Bloomberg,False,0,INR,NSE,True,Green
PRC-INFY-20240207,INE009A01021,INFY,Infosys Ltd,2024-02-07,1539.82,1536.84,1512.24,1530.49,4397438.0,Bloomberg,False,0,INR,NSE,True,Green
PRC-INFY-20240212,INE009A01021,INFY,Infosys Ltd,2024-02-12,1626.61,1645.83,1580.93,1618.94,1859197.0,Refinitiv,False,0,INR,NSE,True,Green
PRC-INFY-20240214,INE009A01021,INFY,Infosys Ltd,2024-02-14,1620.81,1667.6,1631.59,1632.81,1591601.0,Refinitiv,False,0,INR,NSE,True,Green
PRC-INFY-20240222,INE009A01021,INFY,Infosys Ltd,2024-02-22,1669.28,1688.63,1639.83,1660.62,3602058.0,Refinitiv,False,0,INR,NSE,True,Green
PRC-INFY-20240226,INE009A01021,INFY,Infosys Ltd,2024-02-26,1696.08,1725.23,1660.26,1684.38,311998.0,Bloomberg,False,0,INR,NSE,True,Green
PRC-INFY-20240304,INE009A01021,INFY,Infosys Ltd,2024-03-04,1709.35,1709.05,1664.44,1700.84,2201858.0,NSE Feed,False,0,INR,NSE,True,Green
PRC-INFY-20240305,INE009A01021,INFY,Infosys Ltd,2024-03-05,1701.38,1694.44,1683.35,1692.8,959664.0,Refinitiv,False,0,INR,NSE,True,Green
PRC-INFY-20240306,INE009A01021,INFY,Infosys Ltd,2024-03-06,1720.37,1740.9,1672.91,1712.07,2512887.0,Refinitiv,False,0,INR,NSE,True,Green
PRC-INFY-20240307,INE009A01021,INFY,Infosys Ltd,2024-03-07,1707.68,1741.76,1657.33,1692.22,4731556.0,NSE Feed,False,0,INR,NSE,True,Green
PRC-INFY-20240313,INE009A01021,INFY,Infosys Ltd,2024-03-13,1695.68,1730.23,1677.61,1686.21,3184836.0,Refinitiv,False,0,INR,NSE,True,Green
PRC-INFY-20240314,INE009A01021,INFY,Infosys Ltd,2024-03-14,1689.48,1688.71,1632.63,1673.93,724691.0,NSE Feed,False,0,INR,NSE,False,Green
PRC-INFY-20240320,INE009A01021,INFY,Infosys Ltd,2024-03-20,1660.59,1690.02,1639.0,1675.99,1449969.0,Refinitiv,False,0,INR,NSE,True,Green
PRC-INFY-20240321,INE009A01021,INFY,Infosys Ltd,2024-03-21,1749.35,1736.26,1730.47,,,Refinitiv,False,0,INR,NSE,True,Green
PRC-INFY-20240325,INE009A01021,INFY,Infosys Ltd,2024-03-25,1691.06,1710.41,1664.0,1685.61,3103839.0,NSE Feed,False,0,INR,NSE,True,Green
PRC-INFY-20240402,INE009A01021,INFY,Infosys Ltd,2024-04-02,1692.19,1706.44,1677.68,1702.96,3589084.0,Refinitiv,False,0,INR,NSE,True,Green
PRC-INFY-20240403,INE009A01021,INFY,Infosys Ltd,2024-04-03,1652.24,1678.31,1629.9,1661.76,1932451.0,Refinitiv,False,0,INR,NSE,True,Green
PRC-INFY-20240416,INE009A01021,INFY,Infosys Ltd,2024-04-16,1665.88,1650.43,1633.61,1650.0,3838527.0,NSE Feed,False,0,INR,NSE,False,Green
PRC-INFY-20240422,INE009A01021,INFY,Infosys Ltd,2024-04-22,1692.34,1711.29,1642.79,1676.95,1051050.0,Bloomberg,False,0,INR,NSE,True,Green
PRC-INFY-20240423,INE009A01021,INFY,Infosys Ltd,2024-04-23,1689.38,1697.45,1668.64,1678.57,3837602.0,Bloomberg,True,10,INR,NSE,True,Red
PRC-INFY-20240426,INE009A01021,INFY,Infosys Ltd,2024-04-26,1651.89,1698.41,1610.18,1651.43,4612859.0,Refinitiv,False,0,INR,NSE,True,Green
PRC-INFY-20240429,INE009A01021,INFY,Infosys Ltd,2024-04-29,1642.65,1676.1,1605.49,1633.71,971801.0,NSE Feed,False,0,INR,NSE,True,Green
PRC-INFY-20240508,INE009A01021,INFY,Infosys Ltd,2024-05-08,1659.45,1682.38,1647.38,1650.37,1389786.0,NSE Feed,False,0,INR,NSE,True,Green
PRC-INFY-20240509,INE009A01021,INFY,Infosys Ltd,2024-05-09,1617.73,1671.18,1610.65,1632.29,4923133.0,NSE Feed,False,0,INR,NSE,False,Green
PRC-INFY-20240527,INE009A01021,INFY,Infosys Ltd,2024-05-27,1634.46,1653.13,1607.59,1637.58,1092420.0,Refinitiv,False,0,INR,NSE,True,Green
PRC-INFY-20240607,INE009A01021,INFY,Infosys Ltd,2024-06-07,1645.29,1642.27,1635.17,1638.7,990329.0,Bloomberg,True,2,INR,NSE,True,Amber
PRC-INFY-20240617,INE009A01021,INFY,Infosys Ltd,2024-06-17,1631.3,1643.99,1593.24,1622.69,358529.0,Bloomberg,False,0,INR,NSE,True,Green
PRC-INFY-20240620,INE009A01021,INFY,Infosys Ltd,2024-06-20,1684.81,1717.55,1639.45,1674.87,1308593.0,Bloomberg,False,0,INR,NSE,True,Green
PRC-INFY-20240626,INE009A01021,INFY,Infosys Ltd,2024-06-26,1698.55,1709.72,1688.23,1690.8,4743297.0,Refinitiv,False,0,INR,NSE,True,Green
PRC-INFY-20240704,INE009A01021,INFY,Infosys Ltd,2024-07-04,1635.96,1666.37,1594.44,1639.44,,NSE Feed,False,0,INR,NSE,True,Green
PRC-INFY-20240710,INE009A01021,INFY,Infosys Ltd,2024-07-10,1641.15,1675.88,1619.98,1644.02,1450183.0,NSE Feed,False,0,INR,NSE,True,Green
PRC-INFY-20240712,INE009A01021,INFY,Infosys Ltd,2024-07-12,1617.33,1666.75,1620.49,1627.7,4704096.0,Bloomberg,False,0,INR,NSE,True,Green
PRC-INFY-20240717,INE009A01021,INFY,Infosys Ltd,2024-07-17,1640.29,1658.28,1627.77,1648.51,2875378.0,Bloomberg,False,0,INR,NSE,True,Green
PRC-INFY-20240805,INE009A01021,INFY,Infosys Ltd,2024-08-05,1632.81,1672.9,1595.58,1628.92,3880292.0,Bloomberg,False,0,INR,NSE,True,Green
PRC-INFY-20240812,INE009A01021,INFY,Infosys Ltd,2024-08-12,1628.25,1643.89,1592.76,1626.11,3692902.0,NSE Feed,False,0,INR,NSE,True,Green
PRC-INFY-20240813,INE009A01021,INFY,Infosys Ltd,2024-08-13,1646.29,1659.87,1630.57,1638.43,1226638.0,Refinitiv,False,0,INR,NSE,True,Green
PRC-INFY-20240816,INE009A01021,INFY,Infosys Ltd,2024-08-16,1655.02,1674.92,1637.39,1659.71,1574466.0,Refinitiv,False,0,INR,NSE,True,Green
PRC-INFY-20240823,INE009A01021,INFY,Infosys Ltd,2024-08-23,1618.09,1656.16,1593.8,1629.83,741412.0,Refinitiv,False,0,INR,NSE,True,Green
PRC-INFY-20240829,INE009A01021,INFY,Infosys Ltd,2024-08-29,1606.44,1649.96,1592.71,,,Refinitiv,False,0,INR,NSE,True,Green
PRC-INFY-20240902,INE009A01021,INFY,Infosys Ltd,2024-09-02,1622.78,1636.16,1593.38,1610.1,,NSE Feed,False,0,INR,NSE,True,Green
PRC-INFY-20240904,INE009A01021,INFY,Infosys Ltd,2024-09-04,1601.75,1608.24,1568.71,1594.32,4381646.0,NSE Feed,False,0,INR,NSE,True,Green
PRC-INFY-20240912,INE009A01021,INFY,Infosys Ltd,2024-09-12,1647.93,1676.14,1617.59,1636.54,1491196.0,Refinitiv,False,0,INR,NSE,True,Green
PRC-INFY-20240923,INE009A01021,INFY,Infosys Ltd,2024-09-23,1648.65,1689.56,1604.31,1646.48,4155920.0,Bloomberg,False,0,INR,NSE,True,Green
PRC-INFY-20240926,INE009A01021,INFY,Infosys Ltd,2024-09-26,1607.73,1626.68,1599.28,1615.34,4444336.0,Bloomberg,False,0,INR,NSE,True,Green
PRC-INFY-20240927,INE009A01021,INFY,Infosys Ltd,2024-09-27,1622.51,1669.44,1593.52,1637.58,4473592.0,Refinitiv,False,0,INR,NSE,True,Green
PRC-INFY-20241002,INE009A01021,INFY,Infosys Ltd,2024-10-02,1691.21,1698.52,1672.15,1689.71,3164331.0,Refinitiv,False,0,INR,NSE,True,Green
PRC-INFY-20241011,INE009A01021,INFY,Infosys Ltd,2024-10-11,1711.63,1762.58,1690.98,1715.87,3060323.0,Bloomberg,False,0,INR,NSE,True,Green
PRC-INFY-20241014,INE009A01021,INFY,Infosys Ltd,2024-10-14,1676.83,1683.76,1634.8,1676.77,746662.0,Refinitiv,False,0,INR,NSE,True,Green
PRC-INFY-20241015,INE009A01021,INFY,Infosys Ltd,2024-10-15,1660.0,1700.41,1620.56,1664.59,2032285.0,Bloomberg,False,0,INR,NSE,True,Green
PRC-INFY-20241021,INE009A01021,INFY,Infosys Ltd,2024-10-21,1695.5,1706.95,1653.54,1696.22,3546872.0,NSE Feed,False,0,INR,NSE,True,Green
PRC-INFY-20241022,INE009A01021,INFY,Infosys Ltd,2024-10-22,1665.96,1704.03,1672.72,1678.22,1331993.0,NSE Feed,False,0,INR,NSE,True,Green
PRC-INFY-20241024,INE009A01021,INFY,Infosys Ltd,2024-10-24,1686.2,1738.51,1671.02,1689.39,2477789.0,NSE Feed,False,0,INR,NSE,True,Green
PRC-INFY-20241028,INE009A01021,INFY,Infosys Ltd,2024-10-28,1708.39,1720.27,1678.81,1709.02,1297156.0,Refinitiv,False,0,INR,NSE,True,Green
PRC-INFY-20241105,INE009A01021,INFY,Infosys Ltd,2024-11-05,1677.32,1721.87,1652.02,1685.26,3903983.0,Refinitiv,False,0,INR,NSE,True,Green
PRC-INFY-20241108,INE009A01021,INFY,Infosys Ltd,2024-11-08,1670.57,1693.97,1676.66,1683.75,4330874.0,Refinitiv,False,0,INR,NSE,True,Green
PRC-INFY-20241111,INE009A01021,INFY,Infosys Ltd,2024-11-11,1601.12,1631.43,1555.71,1601.89,4557957.0,Refinitiv,False,0,INR,NSE,True,Green
PRC-INFY-20241113,INE009A01021,INFY,Infosys Ltd,2024-11-13,1589.96,1602.79,1530.01,1577.28,3719657.0,Refinitiv,False,0,INR,NSE,True,Green
PRC-INFY-20241114,INE009A01021,INFY,Infosys Ltd,2024-11-14,1569.07,1615.54,1546.89,1571.3,3298043.0,Bloomberg,False,0,INR,NSE,True,Green
PRC-INFY-20241115,INE009A01021,INFY,Infosys Ltd,2024-11-15,1547.96,1546.41,1501.83,1541.89,4102550.0,NSE Feed,False,0,INR,NSE,False,Green
PRC-INFY-20241121,INE009A01021,INFY,Infosys Ltd,2024-11-21,1581.03,1591.86,1532.52,1579.65,159677.0,Refinitiv,False,0,INR,NSE,True,Green
PRC-INFY-20241125,INE009A01021,INFY,Infosys Ltd,2024-11-25,1536.65,1583.06,1518.35,1545.76,994084.0,NSE Feed,False,0,INR,NSE,True,Green
PRC-INFY-20241202,INE009A01021,INFY,Infosys Ltd,2024-12-02,1536.67,1561.57,1517.68,1535.56,3434087.0,NSE Feed,False,0,INR,NSE,True,Green
PRC-INFY-20241206,INE009A01021,INFY,Infosys Ltd,2024-12-06,1534.57,1564.18,1504.12,1538.57,2672392.0,Refinitiv,False,0,INR,NSE,True,Green
PRC-INFY-20241210,INE009A01021,INFY,Infosys Ltd,2024-12-10,1582.99,1602.92,1559.94,1571.83,3846309.0,Refinitiv,False,0,INR,NSE,False,Green
PRC-INFY-20241211,INE009A01021,INFY,Infosys Ltd,2024-12-11,1546.78,1574.93,1520.17,1537.98,536650.0,NSE Feed,False,0,INR,NSE,True,Green
PRC-INFY-20241213,INE009A01021,INFY,Infosys Ltd,2024-12-13,1574.93,1586.95,1546.04,1564.81,839377.0,NSE Feed,False,0,INR,NSE,True,Green
PRC-INFY-20241217,INE009A01021,INFY,Infosys Ltd,2024-12-17,1572.08,1608.75,1536.91,1565.05,4470511.0,Bloomberg,False,0,INR,NSE,True,Green
PRC-INFY-20241219,INE009A01021,INFY,Infosys Ltd,2024-12-19,1551.88,1571.63,1516.06,1542.01,1792042.0,Refinitiv,False,0,INR,NSE,False,Green
PRC-INFY-20241220,INE009A01021,INFY,Infosys Ltd,2024-12-20,1561.51,1576.48,1538.65,1552.7,1521725.0,Refinitiv,False,0,INR,NSE,True,Green
PRC-INFY-20241223,INE009A01021,INFY,Infosys Ltd,2024-12-23,1544.46,1570.22,1529.27,1557.33,3414700.0,Bloomberg,True,4,INR,NSE,True,Amber
PRC-INFY-20241226,INE009A01021,INFY,Infosys Ltd,2024-12-26,1530.0,1547.49,1510.18,1543.31,4790187.0,Refinitiv,False,0,INR,NSE,True,Green
PRC-INFY-20241227,INE009A01021,INFY,Infosys Ltd,2024-12-27,1548.21,1553.94,1541.67,1544.93,4922667.0,NSE Feed,False,0,INR,NSE,True,Green
PRC-INFY-20241230,INE009A01021,INFY,Infosys Ltd,2024-12-30,1522.86,1549.56,1533.56,1536.0,4405760.0,Bloomberg,False,0,INR,NSE,True,Green
PRC-INFY-20250106,INE009A01021,INFY,Infosys Ltd,2025-01-06,1544.59,1583.21,1518.45,1538.61,2140723.0,Bloomberg,False,0,INR,NSE,False,Green
PRC-INFY-20250108,INE009A01021,INFY,Infosys Ltd,2025-01-08,1556.59,1555.17,1512.7,1553.9,666686.0,Bloomberg,False,0,INR,NSE,True,Green
PRC-INFY-20250109,INE009A01021,INFY,Infosys Ltd,2025-01-09,1582.27,1605.93,1588.74,1590.86,4432751.0,Refinitiv,False,0,INR,NSE,True,Green
PRC-INFY-20250128,INE009A01021,INFY,Infosys Ltd,2025-01-28,1548.62,1592.88,1552.94,1561.33,737775.0,Refinitiv,False,0,INR,NSE,False,Green
PRC-INFY-20250131,INE009A01021,INFY,Infosys Ltd,2025-01-31,1623.99,1624.29,1608.72,1611.28,1695240.0,Bloomberg,False,0,INR,NSE,True,Green
PRC-INFY-20250203,INE009A01021,INFY,Infosys Ltd,2025-02-03,1556.76,1574.86,1556.36,1564.1,3086574.0,NSE Feed,False,0,INR,NSE,True,Green
PRC-INFY-20250207,INE009A01021,INFY,Infosys Ltd,2025-02-07,1564.09,1596.32,1539.07,1560.54,454528.0,Bloomberg,True,9,INR,NSE,True,Red
PRC-INFY-20250211,INE009A01021,INFY,Infosys Ltd,2025-02-11,1586.31,1601.44,1540.06,1574.31,1634040.0,Refinitiv,False,0,INR,NSE,True,Green
PRC-INFY-20250217,INE009A01021,INFY,Infosys Ltd,2025-02-17,1566.85,1618.85,1556.2,1580.95,4636290.0,NSE Feed,False,0,INR,NSE,True,Green
PRC-INFY-20250226,INE009A01021,INFY,Infosys Ltd,2025-02-26,1555.99,1612.06,1552.0,1566.18,3959351.0,Bloomberg,False,0,INR,NSE,True,Green
PRC-INFY-20250312,INE009A01021,INFY,Infosys Ltd,2025-03-12,1563.82,1576.53,1543.15,,,Bloomberg,False,0,INR,NSE,True,Green
PRC-INFY-20250313,INE009A01021,INFY,Infosys Ltd,2025-03-13,1563.96,1565.7,1511.8,1549.74,3656290.0,NSE Feed,False,0,INR,NSE,True,Green
PRC-INFY-20250314,INE009A01021,INFY,Infosys Ltd,2025-03-14,1532.99,1556.81,1516.29,1536.04,4930938.0,Refinitiv,False,0,INR,NSE,True,Green
PRC-INFY-20250320,INE009A01021,INFY,Infosys Ltd,2025-03-20,1547.4,1575.79,1526.73,1555.62,1323425.0,Refinitiv,False,0,INR,NSE,True,Green
PRC-INFY-20250409,INE009A01021,INFY,Infosys Ltd,2025-04-09,1563.94,1610.66,1556.88,1563.95,4436968.0,Refinitiv,False,0,INR,NSE,True,Green
PRC-INFY-20250416,INE009A01021,INFY,Infosys Ltd,2025-04-16,1549.62,1574.06,1519.76,1547.69,1470211.0,NSE Feed,False,0,INR,NSE,True,Green
PRC-INFY-20250425,INE009A01021,INFY,Infosys Ltd,2025-04-25,1555.91,1603.62,1533.75,1568.58,3122470.0,Refinitiv,False,0,INR,NSE,True,Green
PRC-INFY-20250502,INE009A01021,INFY,Infosys Ltd,2025-05-02,1573.03,1592.41,1560.66,1575.81,1768981.0,Refinitiv,False,0,INR,NSE,True,Green
PRC-INFY-20250506,INE009A01021,INFY,Infosys Ltd,2025-05-06,1603.97,1612.02,1579.39,1595.02,4189393.0,Refinitiv,False,0,INR,NSE,True,Green
PRC-INFY-20250520,INE009A01021,INFY,Infosys Ltd,2025-05-20,1608.92,1656.29,1603.72,1610.09,2930218.0,Bloomberg,False,0,INR,NSE,True,Green
PRC-TCS-20240101,INE467B01029,TCS,Tata Consultancy Services,2024-01-01,3878.77,3963.79,3818.79,3871.26,1681848.0,Bloomberg,False,0,INR,NSE,True,Green
PRC-TCS-20240105,INE467B01029,TCS,Tata Consultancy Services,2024-01-05,3855.23,3913.12,3818.97,3838.73,1950463.0,Bloomberg,False,0,INR,NSE,True,Green
PRC-TCS-20240108,INE467B01029,TCS,Tata Consultancy Services,2024-01-08,3905.04,3953.17,3846.11,3881.76,2380569.0,Bloomberg,False,0,INR,NSE,True,Green
PRC-TCS-20240116,INE467B01029,TCS,Tata Consultancy Services,2024-01-16,3892.85,3925.34,3815.83,3917.3,1025736.0,Refinitiv,False,0,INR,NSE,True,Green
PRC-TCS-20240118,INE467B01029,TCS,Tata Consultancy Services,2024-01-18,3915.44,3953.74,3816.46,3916.07,4587659.0,NSE Feed,False,0,INR,NSE,True,Green
PRC-TCS-20240119,INE467B01029,TCS,Tata Consultancy Services,2024-01-19,3939.84,4008.53,3832.67,3922.96,1364026.0,NSE Feed,False,0,INR,NSE,True,Green
PRC-TCS-20240124,INE467B01029,TCS,Tata Consultancy Services,2024-01-24,4022.09,4117.84,3933.81,3998.14,366230.0,Bloomberg,False,0,INR,NSE,True,Green
PRC-TCS-20240207,INE467B01029,TCS,Tata Consultancy Services,2024-02-07,3944.16,4009.32,3908.36,3962.66,1623402.0,NSE Feed,False,0,INR,NSE,True,Green
PRC-TCS-20240214,INE467B01029,TCS,Tata Consultancy Services,2024-02-14,3956.24,4112.0,3960.99,3995.18,3327918.0,Bloomberg,False,0,INR,NSE,True,Green
PRC-TCS-20240220,INE467B01029,TCS,Tata Consultancy Services,2024-02-20,4001.81,3994.29,3943.16,3983.07,1848581.0,Bloomberg,False,0,INR,NSE,True,Green
PRC-TCS-20240226,INE467B01029,TCS,Tata Consultancy Services,2024-02-26,3942.96,4056.8,3939.66,3970.06,4710210.0,Refinitiv,False,0,INR,NSE,True,Green
PRC-TCS-20240228,INE467B01029,TCS,Tata Consultancy Services,2024-02-28,4024.23,4041.8,3995.14,4035.49,1047312.0,NSE Feed,False,0,INR,NSE,True,Green
PRC-TCS-20240229,INE467B01029,TCS,Tata Consultancy Services,2024-02-29,4067.16,4100.12,4059.62,4085.46,174909.0,NSE Feed,False,0,INR,NSE,True,Green
PRC-TCS-20240304,INE467B01029,TCS,Tata Consultancy Services,2024-03-04,4106.78,4230.94,4042.11,4135.31,4293626.0,NSE Feed,False,0,INR,NSE,True,Green
PRC-TCS-20240307,INE467B01029,TCS,Tata Consultancy Services,2024-03-07,4238.18,4223.89,4134.77,4216.29,1391161.0,Refinitiv,False,0,INR,NSE,True,Green
PRC-TCS-20240313,INE467B01029,TCS,Tata Consultancy Services,2024-03-13,4202.16,4288.27,4172.66,4217.62,3013512.0,Bloomberg,False,0,INR,NSE,True,Green
PRC-TCS-20240314,INE467B01029,TCS,Tata Consultancy Services,2024-03-14,4279.89,4292.81,4137.99,,,Refinitiv,False,0,INR,NSE,True,Green
PRC-TCS-20240329,INE467B01029,TCS,Tata Consultancy Services,2024-03-29,4214.62,4264.68,4157.94,4240.93,4029179.0,Bloomberg,False,0,INR,NSE,True,Green
PRC-TCS-20240403,INE467B01029,TCS,Tata Consultancy Services,2024-04-03,4232.61,4329.46,4191.16,4261.55,2309133.0,Refinitiv,False,0,INR,NSE,True,Green
PRC-TCS-20240405,INE467B01029,TCS,Tata Consultancy Services,2024-04-05,4242.95,4276.91,4128.03,,,Bloomberg,False,0,INR,NSE,True,Green
PRC-TCS-20240419,INE467B01029,TCS,Tata Consultancy Services,2024-04-19,4272.91,4328.29,4181.16,4259.42,4496215.0,Refinitiv,False,0,INR,NSE,True,Green
PRC-TCS-20240424,INE467B01029,TCS,Tata Consultancy Services,2024-04-24,4282.2,4380.08,4182.77,4297.45,4488924.0,Refinitiv,False,0,INR,NSE,True,Green
PRC-TCS-20240429,INE467B01029,TCS,Tata Consultancy Services,2024-04-29,4276.41,4270.44,4179.17,4244.71,928405.0,NSE Feed,False,0,INR,NSE,True,Green
PRC-TCS-20240501,INE467B01029,TCS,Tata Consultancy Services,2024-05-01,4380.19,4470.04,4280.21,4377.93,3173200.0,NSE Feed,False,0,INR,NSE,True,Green
PRC-TCS-20240506,INE467B01029,TCS,Tata Consultancy Services,2024-05-06,4286.75,4375.43,4297.61,4311.86,770726.0,Bloomberg,False,0,INR,NSE,True,Green
PRC-TCS-20240510,INE467B01029,TCS,Tata Consultancy Services,2024-05-10,4270.44,4286.16,4153.21,4233.33,589056.0,Refinitiv,False,0,INR,NSE,True,Green
PRC-TCS-20240529,INE467B01029,TCS,Tata Consultancy Services,2024-05-29,4270.52,4334.77,4244.79,4306.87,,NSE Feed,True,6,INR,NSE,True,Red
PRC-TCS-20240611,INE467B01029,TCS,Tata Consultancy Services,2024-06-11,4360.3,4390.54,4309.03,4358.02,1600704.0,Refinitiv,False,0,INR,NSE,True,Green
PRC-TCS-20240612,INE467B01029,TCS,Tata Consultancy Services,2024-06-12,4411.01,4446.05,4327.39,4398.82,3682564.0,NSE Feed,False,0,INR,NSE,True,Green
PRC-TCS-20240617,INE467B01029,TCS,Tata Consultancy Services,2024-06-17,4425.85,4461.35,4440.07,4440.28,3816255.0,Bloomberg,False,0,INR,NSE,False,Green
PRC-TCS-20240625,INE467B01029,TCS,Tata Consultancy Services,2024-06-25,4470.08,4494.38,4390.61,4439.46,2813302.0,Refinitiv,False,0,INR,NSE,True,Green
PRC-TCS-20240627,INE467B01029,TCS,Tata Consultancy Services,2024-06-27,4384.11,4477.54,4295.62,4379.71,3895035.0,Bloomberg,False,0,INR,NSE,False,Green
PRC-TCS-20240704,INE467B01029,TCS,Tata Consultancy Services,2024-07-04,4393.09,4452.78,4383.82,,,Bloomberg,True,6,INR,NSE,True,Red
PRC-TCS-20240705,INE467B01029,TCS,Tata Consultancy Services,2024-07-05,4324.09,4440.61,4332.78,4340.15,2414896.0,Refinitiv,False,0,INR,NSE,True,Green
PRC-TCS-20240709,INE467B01029,TCS,Tata Consultancy Services,2024-07-09,4367.9,4464.45,4292.15,4403.64,2322881.0,Bloomberg,False,0,INR,NSE,True,Green
PRC-TCS-20240711,INE467B01029,TCS,Tata Consultancy Services,2024-07-11,4376.37,4469.12,4337.12,4393.92,1923996.0,Refinitiv,False,0,INR,NSE,True,Green
PRC-TCS-20240712,INE467B01029,TCS,Tata Consultancy Services,2024-07-12,4338.5,4456.55,4300.83,4339.51,899971.0,Refinitiv,False,0,INR,NSE,True,Green
PRC-TCS-20240722,INE467B01029,TCS,Tata Consultancy Services,2024-07-22,4308.36,4419.67,4308.47,4318.59,,Bloomberg,False,0,INR,NSE,True,Green
PRC-TCS-20240723,INE467B01029,TCS,Tata Consultancy Services,2024-07-23,4377.31,4458.73,4244.54,4345.34,195918.0,Refinitiv,False,0,INR,NSE,True,Green
PRC-TCS-20240726,INE467B01029,TCS,Tata Consultancy Services,2024-07-26,4269.06,4378.39,4198.68,4308.6,4314450.0,Refinitiv,False,0,INR,NSE,True,Green
PRC-TCS-20240801,INE467B01029,TCS,Tata Consultancy Services,2024-08-01,4246.34,4312.35,4203.77,4255.46,4333976.0,NSE Feed,False,0,INR,NSE,True,Green
PRC-TCS-20240805,INE467B01029,TCS,Tata Consultancy Services,2024-08-05,4239.6,4281.59,4216.1,4271.02,513651.0,Refinitiv,False,0,INR,NSE,True,Green
PRC-TCS-20240807,INE467B01029,TCS,Tata Consultancy Services,2024-08-07,4310.19,4303.48,4175.45,4286.71,4791716.0,NSE Feed,False,0,INR,NSE,True,Green
PRC-TCS-20240808,INE467B01029,TCS,Tata Consultancy Services,2024-08-08,4263.98,4348.0,4157.92,4254.11,700993.0,Bloomberg,False,0,INR,NSE,True,Green
PRC-TCS-20240812,INE467B01029,TCS,Tata Consultancy Services,2024-08-12,4189.38,4309.18,4151.01,4224.06,3021818.0,NSE Feed,False,0,INR,NSE,True,Green
PRC-TCS-20240814,INE467B01029,TCS,Tata Consultancy Services,2024-08-14,4210.72,4283.23,4216.07,4238.76,3809527.0,Refinitiv,True,6,INR,NSE,True,Red
PRC-TCS-20240820,INE467B01029,TCS,Tata Consultancy Services,2024-08-20,4121.78,4193.19,4116.55,4146.69,,NSE Feed,False,0,INR,NSE,True,Green
PRC-TCS-20240902,INE467B01029,TCS,Tata Consultancy Services,2024-09-02,4093.79,4164.93,4037.24,4059.14,215203.0,Bloomberg,False,0,INR,NSE,True,Green
PRC-TCS-20240903,INE467B01029,TCS,Tata Consultancy Services,2024-09-03,3977.07,4040.58,3959.75,4015.4,1809609.0,Refinitiv,False,0,INR,NSE,True,Green
PRC-TCS-20240904,INE467B01029,TCS,Tata Consultancy Services,2024-09-04,4020.95,4019.51,3966.37,4002.54,254254.0,Bloomberg,False,0,INR,NSE,True,Green
PRC-TCS-20240911,INE467B01029,TCS,Tata Consultancy Services,2024-09-11,3985.83,4045.42,3984.6,4021.21,2375673.0,NSE Feed,True,4,INR,NSE,True,Amber
PRC-TCS-20240916,INE467B01029,TCS,Tata Consultancy Services,2024-09-16,4123.6,4222.76,4031.31,4110.2,1005058.0,NSE Feed,True,6,INR,NSE,True,Red
PRC-TCS-20240918,INE467B01029,TCS,Tata Consultancy Services,2024-09-18,4203.02,4226.59,4126.82,4163.08,2746236.0,Bloomberg,False,0,INR,NSE,True,Green
PRC-TCS-20241004,INE467B01029,TCS,Tata Consultancy Services,2024-10-04,4153.14,4210.15,4143.91,4153.09,280258.0,NSE Feed,False,0,INR,NSE,True,Green
PRC-TCS-20241009,INE467B01029,TCS,Tata Consultancy Services,2024-10-09,4143.05,4171.46,4070.54,4151.9,3052060.0,Bloomberg,False,0,INR,NSE,True,Green
PRC-TCS-20241010,INE467B01029,TCS,Tata Consultancy Services,2024-10-10,4089.57,4189.07,4043.56,4089.47,3347822.0,NSE Feed,False,0,INR,NSE,False,Green
PRC-TCS-20241016,INE467B01029,TCS,Tata Consultancy Services,2024-10-16,4075.4,4136.52,3982.52,4088.33,3306185.0,Refinitiv,False,0,INR,NSE,False,Green
PRC-TCS-20241022,INE467B01029,TCS,Tata Consultancy Services,2024-10-22,4048.44,4099.98,3967.17,4070.63,2720456.0,Refinitiv,False,0,INR,NSE,True,Green
PRC-TCS-20241106,INE467B01029,TCS,Tata Consultancy Services,2024-11-06,4060.77,4156.77,4065.81,4090.34,1258547.0,Bloomberg,False,0,INR,NSE,True,Green
PRC-TCS-20241112,INE467B01029,TCS,Tata Consultancy Services,2024-11-12,4033.93,4149.74,4011.71,4039.58,4838257.0,NSE Feed,False,0,INR,NSE,True,Green
PRC-TCS-20241113,INE467B01029,TCS,Tata Consultancy Services,2024-11-13,4039.98,4109.84,4056.35,4071.05,347324.0,Bloomberg,False,0,INR,NSE,True,Green
PRC-TCS-20241118,INE467B01029,TCS,Tata Consultancy Services,2024-11-18,4159.9,4281.31,4151.42,4164.65,2396768.0,NSE Feed,False,0,INR,NSE,True,Green
PRC-TCS-20241121,INE467B01029,TCS,Tata Consultancy Services,2024-11-21,4179.68,4234.19,4066.41,4157.85,4856702.0,Refinitiv,False,0,INR,NSE,True,Green
PRC-TCS-20241129,INE467B01029,TCS,Tata Consultancy Services,2024-11-29,4171.13,4269.26,4117.23,4182.91,4313804.0,Refinitiv,False,0,INR,NSE,True,Green
PRC-TCS-20241202,INE467B01029,TCS,Tata Consultancy Services,2024-12-02,4216.7,4286.29,4120.19,4226.21,1998116.0,NSE Feed,False,0,INR,NSE,True,Green
PRC-TCS-20241204,INE467B01029,TCS,Tata Consultancy Services,2024-12-04,4238.6,4228.82,4159.36,4200.77,1801491.0,NSE Feed,False,0,INR,NSE,True,Green
PRC-TCS-20241205,INE467B01029,TCS,Tata Consultancy Services,2024-12-05,4245.84,4276.85,4129.53,4214.9,3938165.0,NSE Feed,False,0,INR,NSE,True,Green
PRC-TCS-20241206,INE467B01029,TCS,Tata Consultancy Services,2024-12-06,4243.04,4306.78,4139.07,4215.69,4897733.0,Refinitiv,False,0,INR,NSE,True,Green
PRC-TCS-20241210,INE467B01029,TCS,Tata Consultancy Services,2024-12-10,4182.9,4235.71,4153.08,4221.87,455810.0,NSE Feed,False,0,INR,NSE,True,Green
PRC-TCS-20241217,INE467B01029,TCS,Tata Consultancy Services,2024-12-17,4177.73,4237.53,4126.68,4172.91,513520.0,NSE Feed,False,0,INR,NSE,True,Green
PRC-TCS-20250107,INE467B01029,TCS,Tata Consultancy Services,2025-01-07,4201.8,4232.23,4102.12,4174.45,557570.0,Refinitiv,False,0,INR,NSE,True,Green
PRC-TCS-20250108,INE467B01029,TCS,Tata Consultancy Services,2025-01-08,4201.57,4296.81,4093.74,4205.63,4683595.0,NSE Feed,False,0,INR,NSE,True,Green
PRC-TCS-20250109,INE467B01029,TCS,Tata Consultancy Services,2025-01-09,4304.94,4389.05,4194.29,4297.18,3914159.0,NSE Feed,True,9,INR,NSE,True,Red
PRC-TCS-20250110,INE467B01029,TCS,Tata Consultancy Services,2025-01-10,4384.86,4452.95,4244.39,4359.01,1057684.0,Refinitiv,False,0,INR,NSE,True,Green
PRC-TCS-20250116,INE467B01029,TCS,Tata Consultancy Services,2025-01-16,4489.36,4606.58,4433.87,4499.8,1441335.0,Bloomberg,False,0,INR,NSE,True,Green
PRC-TCS-20250121,INE467B01029,TCS,Tata Consultancy Services,2025-01-21,4433.34,4564.27,4429.68,4448.0,,NSE Feed,False,0,INR,NSE,True,Green
PRC-TCS-20250127,INE467B01029,TCS,Tata Consultancy Services,2025-01-27,4498.96,4548.05,4474.92,4506.2,3843485.0,Bloomberg,False,0,INR,NSE,True,Green
PRC-TCS-20250206,INE467B01029,TCS,Tata Consultancy Services,2025-02-06,4491.74,4602.99,4417.35,4518.6,3947373.0,Bloomberg,False,0,INR,NSE,True,Green
PRC-TCS-20250212,INE467B01029,TCS,Tata Consultancy Services,2025-02-12,4642.55,4749.46,4593.61,4667.02,3540599.0,Bloomberg,True,9,INR,NSE,True,Red
PRC-TCS-20250213,INE467B01029,TCS,Tata Consultancy Services,2025-02-13,4614.8,4696.15,4549.24,4610.43,1841790.0,NSE Feed,False,0,INR,NSE,True,Green
PRC-TCS-20250214,INE467B01029,TCS,Tata Consultancy Services,2025-02-14,4520.07,4556.79,4494.74,4552.36,2603509.0,Bloomberg,False,0,INR,NSE,False,Green
PRC-TCS-20250220,INE467B01029,TCS,Tata Consultancy Services,2025-02-20,4482.4,4602.39,4458.79,4511.43,,Refinitiv,False,0,INR,NSE,True,Green
PRC-TCS-20250224,INE467B01029,TCS,Tata Consultancy Services,2025-02-24,4408.44,4465.89,4283.87,4367.7,400648.0,NSE Feed,False,0,INR,NSE,True,Green
PRC-TCS-20250307,INE467B01029,TCS,Tata Consultancy Services,2025-03-07,4361.01,4431.85,4312.89,4333.26,644637.0,Bloomberg,False,0,INR,NSE,True,Green
PRC-TCS-20250313,INE467B01029,TCS,Tata Consultancy Services,2025-03-13,4269.28,4337.09,4182.37,4283.92,1853646.0,Refinitiv,False,0,INR,NSE,True,Green
PRC-TCS-20250318,INE467B01029,TCS,Tata Consultancy Services,2025-03-18,4296.07,4304.87,4258.04,4293.58,2509101.0,Bloomberg,False,0,INR,NSE,True,Green
PRC-TCS-20250319,INE467B01029,TCS,Tata Consultancy Services,2025-03-19,4358.32,4361.4,4202.92,4315.59,4819718.0,Bloomberg,False,0,INR,NSE,True,Green
PRC-TCS-20250325,INE467B01029,TCS,Tata Consultancy Services,2025-03-25,4408.64,4518.16,4398.25,4437.04,1723660.0,NSE Feed,False,0,INR,NSE,True,Green
PRC-TCS-20250331,INE467B01029,TCS,Tata Consultancy Services,2025-03-31,4521.67,4528.29,4448.36,4500.3,3578186.0,Bloomberg,False,0,INR,NSE,True,Green
PRC-TCS-20250407,INE467B01029,TCS,Tata Consultancy Services,2025-04-07,4435.69,4547.1,4419.87,4461.35,2234208.0,NSE Feed,False,0,INR,NSE,True,Green
PRC-TCS-20250411,INE467B01029,TCS,Tata Consultancy Services,2025-04-11,4357.76,4491.79,4314.27,4401.23,4872459.0,Refinitiv,False,0,INR,NSE,False,Green
PRC-TCS-20250415,INE467B01029,TCS,Tata Consultancy Services,2025-04-15,4463.31,4556.38,4364.42,4433.71,4080398.0,NSE Feed,False,0,INR,NSE,True,Green
PRC-TCS-20250418,INE467B01029,TCS,Tata Consultancy Services,2025-04-18,4379.98,4415.91,4259.22,4345.91,3572489.0,Refinitiv,False,0,INR,NSE,True,Green
PRC-TCS-20250421,INE467B01029,TCS,Tata Consultancy Services,2025-04-21,4481.21,4539.67,4333.84,4465.3,4943562.0,Refinitiv,False,0,INR,NSE,True,Green
PRC-TCS-20250423,INE467B01029,TCS,Tata Consultancy Services,2025-04-23,4504.87,4564.65,4522.58,4544.29,2945016.0,Bloomberg,False,0,INR,NSE,True,Green
PRC-TCS-20250428,INE467B01029,TCS,Tata Consultancy Services,2025-04-28,4502.35,4592.88,4493.98,4512.31,2686051.0,Refinitiv,False,0,INR,NSE,True,Green
PRC-TCS-20250501,INE467B01029,TCS,Tata Consultancy Services,2025-05-01,4360.03,4512.03,4313.48,4396.36,2638633.0,NSE Feed,False,0,INR,NSE,True,Green
PRC-TCS-20250502,INE467B01029,TCS,Tata Consultancy Services,2025-05-02,4444.14,4512.84,4363.53,4485.64,4344591.0,NSE Feed,False,0,INR,NSE,True,Green
PRC-TCS-20250512,INE467B01029,TCS,Tata Consultancy Services,2025-05-12,4463.62,4542.88,4460.99,4477.93,2703477.0,Bloomberg,False,0,INR,NSE,True,Green
PRC-TCS-20250515,INE467B01029,TCS,Tata Consultancy Services,2025-05-15,4601.03,4653.67,4442.4,4561.08,406624.0,Bloomberg,False,0,INR,NSE,True,Green
PRC-ITC-20240103,INE154A01025,ITC,ITC Ltd,2024-01-03,456.31,462.11,442.0,453.88,963457.0,Bloomberg,False,0,INR,NSE,True,Green
PRC-ITC-20240110,INE154A01025,ITC,ITC Ltd,2024-01-10,451.14,460.49,443.49,449.8,3462292.0,Refinitiv,False,0,INR,NSE,True,Green
PRC-ITC-20240116,INE154A01025,ITC,ITC Ltd,2024-01-16,454.1,455.01,440.94,449.83,3716735.0,Bloomberg,False,0,INR,NSE,True,Green
PRC-ITC-20240119,INE154A01025,ITC,ITC Ltd,2024-01-19,447.21,459.19,446.63,450.15,4916640.0,Bloomberg,False,0,INR,NSE,True,Green
PRC-ITC-20240122,INE154A01025,ITC,ITC Ltd,2024-01-22,443.51,453.08,437.83,447.11,3504044.0,NSE Feed,False,0,INR,NSE,True,Green
PRC-ITC-20240131,INE154A01025,ITC,ITC Ltd,2024-01-31,454.18,455.72,446.48,451.29,615750.0,NSE Feed,False,0,INR,NSE,True,Green
PRC-ITC-20240201,INE154A01025,ITC,ITC Ltd,2024-02-01,446.33,454.85,440.83,444.06,1351718.0,Bloomberg,False,0,INR,NSE,True,Green
PRC-ITC-20240205,INE154A01025,ITC,ITC Ltd,2024-02-05,440.42,452.17,434.03,443.11,4883825.0,Refinitiv,False,0,INR,NSE,True,Green
PRC-ITC-20240207,INE154A01025,ITC,ITC Ltd,2024-02-07,448.2,448.5,431.78,443.91,168109.0,Refinitiv,False,0,INR,NSE,False,Green
PRC-ITC-20240215,INE154A01025,ITC,ITC Ltd,2024-02-15,445.5,452.29,441.28,447.34,545664.0,NSE Feed,False,0,INR,NSE,True,Green
PRC-ITC-20240220,INE154A01025,ITC,ITC Ltd,2024-02-20,455.38,463.86,441.74,452.11,3407362.0,Refinitiv,False,0,INR,NSE,True,Green
PRC-ITC-20240226,INE154A01025,ITC,ITC Ltd,2024-02-26,444.89,453.32,437.48,444.49,1678961.0,Refinitiv,False,0,INR,NSE,True,Green
PRC-ITC-20240301,INE154A01025,ITC,ITC Ltd,2024-03-01,431.26,447.25,429.96,434.26,1226400.0,NSE Feed,False,0,INR,NSE,True,Green
PRC-ITC-20240306,INE154A01025,ITC,ITC Ltd,2024-03-06,442.46,448.38,442.45,,,NSE Feed,False,0,INR,NSE,True,Green
PRC-ITC-20240308,INE154A01025,ITC,ITC Ltd,2024-03-08,448.29,454.07,443.86,444.79,1608249.0,Bloomberg,False,0,INR,NSE,True,Green
PRC-ITC-20240313,INE154A01025,ITC,ITC Ltd,2024-03-13,438.52,442.24,434.58,439.79,4948099.0,Bloomberg,False,0,INR,NSE,True,Green
PRC-ITC-20240315,INE154A01025,ITC,ITC Ltd,2024-03-15,449.22,457.4,441.48,450.03,417634.0,Refinitiv,False,0,INR,NSE,True,Green
PRC-ITC-20240320,INE154A01025,ITC,ITC Ltd,2024-03-20,454.97,451.89,447.16,450.81,4515830.0,Bloomberg,False,0,INR,NSE,True,Green
PRC-ITC-20240321,INE154A01025,ITC,ITC Ltd,2024-03-21,455.01,465.28,455.23,458.78,754998.0,Refinitiv,False,0,INR,NSE,True,Green
PRC-ITC-20240322,INE154A01025,ITC,ITC Ltd,2024-03-22,455.14,463.98,456.19,459.25,4033156.0,Bloomberg,False,0,INR,NSE,True,Green
PRC-ITC-20240325,INE154A01025,ITC,ITC Ltd,2024-03-25,472.69,487.09,470.58,473.44,2526056.0,NSE Feed,False,0,INR,NSE,True,Green
PRC-ITC-20240402,INE154A01025,ITC,ITC Ltd,2024-04-02,488.11,494.12,472.23,485.91,4069158.0,Refinitiv,False,0,INR,NSE,True,Green
PRC-ITC-20240403,INE154A01025,ITC,ITC Ltd,2024-04-03,487.08,493.16,473.74,484.09,792145.0,NSE Feed,False,0,INR,NSE,True,Green
PRC-ITC-20240410,INE154A01025,ITC,ITC Ltd,2024-04-10,487.54,495.29,489.05,491.15,219143.0,Refinitiv,False,0,INR,NSE,True,Green
PRC-ITC-20240411,INE154A01025,ITC,ITC Ltd,2024-04-11,492.44,502.55,493.04,495.9,2291545.0,Refinitiv,False,0,INR,NSE,True,Green
PRC-ITC-20240416,INE154A01025,ITC,ITC Ltd,2024-04-16,501.36,521.02,505.59,506.08,1393106.0,Bloomberg,False,0,INR,NSE,True,Green
PRC-ITC-20240422,INE154A01025,ITC,ITC Ltd,2024-04-22,500.36,509.62,486.3,498.76,4946580.0,Refinitiv,False,0,INR,NSE,True,Green
PRC-ITC-20240501,INE154A01025,ITC,ITC Ltd,2024-05-01,507.11,504.68,495.79,503.89,4094923.0,Bloomberg,False,0,INR,NSE,True,Green
PRC-ITC-20240507,INE154A01025,ITC,ITC Ltd,2024-05-07,509.16,522.39,502.52,511.89,2303059.0,NSE Feed,False,0,INR,NSE,True,Green
PRC-ITC-20240509,INE154A01025,ITC,ITC Ltd,2024-05-09,501.35,504.1,488.15,498.39,4548088.0,Refinitiv,False,0,INR,NSE,False,Green
PRC-ITC-20240516,INE154A01025,ITC,ITC Ltd,2024-05-16,488.11,501.94,483.82,489.54,2386655.0,Bloomberg,False,0,INR,NSE,True,Green
PRC-ITC-20240521,INE154A01025,ITC,ITC Ltd,2024-05-21,475.37,481.13,469.94,474.57,2128339.0,Refinitiv,False,0,INR,NSE,True,Green
PRC-ITC-20240522,INE154A01025,ITC,ITC Ltd,2024-05-22,474.33,486.73,462.91,472.65,188734.0,Refinitiv,False,0,INR,NSE,True,Green
PRC-ITC-20240527,INE154A01025,ITC,ITC Ltd,2024-05-27,477.98,487.56,468.44,477.74,2476467.0,Bloomberg,False,0,INR,NSE,True,Green
PRC-ITC-20240529,INE154A01025,ITC,ITC Ltd,2024-05-29,492.79,498.12,486.09,,,Refinitiv,False,0,INR,NSE,True,Green
PRC-ITC-20240607,INE154A01025,ITC,ITC Ltd,2024-06-07,492.53,490.95,484.0,489.04,4848529.0,NSE Feed,False,0,INR,NSE,True,Green
PRC-ITC-20240613,INE154A01025,ITC,ITC Ltd,2024-06-13,500.66,515.06,495.56,500.99,2418473.0,Bloomberg,False,0,INR,NSE,True,Green
PRC-ITC-20240624,INE154A01025,ITC,ITC Ltd,2024-06-24,488.24,502.11,479.98,490.62,623343.0,Bloomberg,False,0,INR,NSE,True,Green
PRC-ITC-20240703,INE154A01025,ITC,ITC Ltd,2024-07-03,481.08,480.64,464.74,478.08,1783334.0,Refinitiv,False,0,INR,NSE,True,Green
PRC-ITC-20240711,INE154A01025,ITC,ITC Ltd,2024-07-11,478.07,483.87,472.15,477.69,991287.0,Bloomberg,False,0,INR,NSE,True,Green
PRC-ITC-20240712,INE154A01025,ITC,ITC Ltd,2024-07-12,483.1,480.71,473.2,480.44,107278.0,NSE Feed,True,6,INR,NSE,True,Red
PRC-ITC-20240715,INE154A01025,ITC,ITC Ltd,2024-07-15,484.09,488.48,473.22,480.2,4216117.0,Bloomberg,False,0,INR,NSE,True,Green
PRC-ITC-20240716,INE154A01025,ITC,ITC Ltd,2024-07-16,467.97,472.85,451.4,465.31,4143865.0,NSE Feed,False,0,INR,NSE,True,Green
PRC-ITC-20240722,INE154A01025,ITC,ITC Ltd,2024-07-22,466.38,470.27,459.56,464.69,860569.0,Bloomberg,False,0,INR,NSE,True,Green
PRC-ITC-20240723,INE154A01025,ITC,ITC Ltd,2024-07-23,455.23,466.07,450.78,455.6,1581581.0,Refinitiv,False,0,INR,NSE,True,Green
PRC-ITC-20240808,INE154A01025,ITC,ITC Ltd,2024-08-08,461.98,472.55,455.07,460.17,3113700.0,Bloomberg,False,0,INR,NSE,True,Green
PRC-ITC-20240809,INE154A01025,ITC,ITC Ltd,2024-08-09,459.37,465.38,458.81,462.7,2100558.0,Bloomberg,False,0,INR,NSE,True,Green
PRC-ITC-20240815,INE154A01025,ITC,ITC Ltd,2024-08-15,456.18,469.39,453.6,456.18,237726.0,NSE Feed,False,0,INR,NSE,True,Green
PRC-ITC-20240816,INE154A01025,ITC,ITC Ltd,2024-08-16,451.81,455.54,447.96,452.66,4488245.0,Bloomberg,False,0,INR,NSE,False,Green
PRC-ITC-20240820,INE154A01025,ITC,ITC Ltd,2024-08-20,447.62,448.59,433.07,445.47,1287746.0,Bloomberg,False,0,INR,NSE,True,Green
PRC-ITC-20240823,INE154A01025,ITC,ITC Ltd,2024-08-23,441.01,454.42,433.44,445.05,1544929.0,Refinitiv,False,0,INR,NSE,True,Green
PRC-ITC-20240826,INE154A01025,ITC,ITC Ltd,2024-08-26,451.03,453.74,445.89,451.43,991970.0,NSE Feed,False,0,INR,NSE,True,Green
PRC-ITC-20240829,INE154A01025,ITC,ITC Ltd,2024-08-29,447.46,450.44,442.24,444.75,3472292.0,Bloomberg,False,0,INR,NSE,True,Green
PRC-ITC-20240906,INE154A01025,ITC,ITC Ltd,2024-09-06,446.52,461.09,437.54,448.12,482407.0,Refinitiv,False,0,INR,NSE,True,Green
PRC-ITC-20240911,INE154A01025,ITC,ITC Ltd,2024-09-11,446.84,446.79,436.15,444.55,1484171.0,Bloomberg,False,0,INR,NSE,True,Green
PRC-ITC-20240917,INE154A01025,ITC,ITC Ltd,2024-09-17,441.82,447.6,431.04,439.27,1423333.0,NSE Feed,False,0,INR,NSE,True,Green
PRC-ITC-20241001,INE154A01025,ITC,ITC Ltd,2024-10-01,440.37,446.37,429.14,438.56,4093082.0,Refinitiv,True,3,INR,NSE,True,Amber
PRC-ITC-20241007,INE154A01025,ITC,ITC Ltd,2024-10-07,431.32,434.85,421.06,431.75,415589.0,Refinitiv,False,0,INR,NSE,True,Green
PRC-ITC-20241031,INE154A01025,ITC,ITC Ltd,2024-10-31,429.25,438.22,419.79,428.16,138336.0,Refinitiv,False,0,INR,NSE,True,Green
PRC-ITC-20241111,INE154A01025,ITC,ITC Ltd,2024-11-11,417.07,425.04,417.46,420.47,4627523.0,Refinitiv,False,0,INR,NSE,True,Green
PRC-ITC-20241113,INE154A01025,ITC,ITC Ltd,2024-11-13,430.93,435.38,430.22,432.86,4079663.0,Bloomberg,False,0,INR,NSE,True,Green
PRC-ITC-20241114,INE154A01025,ITC,ITC Ltd,2024-11-14,431.23,438.74,424.44,433.09,3901277.0,NSE Feed,True,7,INR,NSE,True,Red
PRC-ITC-20241120,INE154A01025,ITC,ITC Ltd,2024-11-20,425.62,428.92,422.31,428.55,694412.0,NSE Feed,False,0,INR,NSE,True,Green
PRC-ITC-20241121,INE154A01025,ITC,ITC Ltd,2024-11-21,427.33,438.65,421.22,429.92,1023861.0,Bloomberg,False,0,INR,NSE,True,Green
PRC-ITC-20241128,INE154A01025,ITC,ITC Ltd,2024-11-28,426.62,440.67,417.27,429.2,4163506.0,NSE Feed,False,0,INR,NSE,True,Green
PRC-ITC-20241129,INE154A01025,ITC,ITC Ltd,2024-11-29,427.39,432.75,416.69,427.77,1728689.0,Refinitiv,False,0,INR,NSE,True,Green
PRC-ITC-20241202,INE154A01025,ITC,ITC Ltd,2024-12-02,427.68,439.08,422.4,431.72,1032052.0,Bloomberg,False,0,INR,NSE,True,Green
PRC-ITC-20241203,INE154A01025,ITC,ITC Ltd,2024-12-03,440.0,444.53,433.86,436.62,1525522.0,Refinitiv,False,0,INR,NSE,False,Green
PRC-ITC-20241205,INE154A01025,ITC,ITC Ltd,2024-12-05,436.24,439.5,433.09,433.15,4071913.0,Bloomberg,False,0,INR,NSE,True,Green
PRC-ITC-20241209,INE154A01025,ITC,ITC Ltd,2024-12-09,427.23,433.62,423.99,429.41,1349648.0,Refinitiv,False,0,INR,NSE,True,Green
PRC-ITC-20241213,INE154A01025,ITC,ITC Ltd,2024-12-13,429.63,434.1,420.27,427.63,3407797.0,Bloomberg,True,9,INR,NSE,True,Red
PRC-ITC-20250102,INE154A01025,ITC,ITC Ltd,2025-01-02,412.83,413.9,409.81,412.87,3510959.0,NSE Feed,False,0,INR,NSE,True,Green
PRC-ITC-20250107,INE154A01025,ITC,ITC Ltd,2025-01-07,400.18,409.29,395.07,403.48,3952743.0,Refinitiv,False,0,INR,NSE,True,Green
PRC-ITC-20250108,INE154A01025,ITC,ITC Ltd,2025-01-08,414.0,422.56,404.41,,,Bloomberg,False,0,INR,NSE,True,Green
PRC-ITC-20250115,INE154A01025,ITC,ITC Ltd,2025-01-15,420.95,430.66,415.98,421.92,2587977.0,Bloomberg,True,3,INR,NSE,True,Amber
PRC-ITC-20250116,INE154A01025,ITC,ITC Ltd,2025-01-16,420.97,422.95,416.36,420.34,2916011.0,Refinitiv,False,0,INR,NSE,False,Green
PRC-ITC-20250121,INE154A01025,ITC,ITC Ltd,2025-01-21,422.82,424.63,416.13,423.98,4003662.0,Refinitiv,False,0,INR,NSE,True,Green
PRC-ITC-20250122,INE154A01025,ITC,ITC Ltd,2025-01-22,427.7,433.12,423.06,425.96,1261032.0,Bloomberg,False,0,INR,NSE,True,Green
PRC-ITC-20250128,INE154A01025,ITC,ITC Ltd,2025-01-28,449.54,453.38,445.08,445.63,1859879.0,Refinitiv,False,0,INR,NSE,True,Green
PRC-ITC-20250204,INE154A01025,ITC,ITC Ltd,2025-02-04,453.14,458.86,440.26,453.11,3227388.0,Bloomberg,False,0,INR,NSE,True,Green
PRC-ITC-20250205,INE154A01025,ITC,ITC Ltd,2025-02-05,451.97,459.46,449.87,452.24,2551691.0,Bloomberg,False,0,INR,NSE,True,Green
PRC-ITC-20250213,INE154A01025,ITC,ITC Ltd,2025-02-13,448.51,458.34,433.26,445.76,3940926.0,NSE Feed,False,0,INR,NSE,True,Green
PRC-ITC-20250217,INE154A01025,ITC,ITC Ltd,2025-02-17,438.99,436.45,425.57,435.02,1341128.0,Bloomberg,False,0,INR,NSE,True,Green
PRC-ITC-20250218,INE154A01025,ITC,ITC Ltd,2025-02-18,432.18,441.8,432.19,436.35,1207525.0,Bloomberg,False,0,INR,NSE,True,Green
PRC-ITC-20250228,INE154A01025,ITC,ITC Ltd,2025-02-28,429.6,432.21,429.74,431.4,2048909.0,Refinitiv,False,0,INR,NSE,True,Green
PRC-ITC-20250304,INE154A01025,ITC,ITC Ltd,2025-03-04,423.43,426.33,417.04,422.19,4547356.0,Refinitiv,False,0,INR,NSE,True,Green
PRC-ITC-20250310,INE154A01025,ITC,ITC Ltd,2025-03-10,420.52,420.25,408.82,418.1,4162125.0,Bloomberg,False,0,INR,NSE,False,Green
PRC-ITC-20250320,INE154A01025,ITC,ITC Ltd,2025-03-20,409.54,423.11,406.61,411.31,1448803.0,Refinitiv,True,7,INR,NSE,True,Red
PRC-ITC-20250324,INE154A01025,ITC,ITC Ltd,2025-03-24,423.48,433.17,419.12,421.72,1452702.0,NSE Feed,False,0,INR,NSE,True,Green
PRC-ITC-20250402,INE154A01025,ITC,ITC Ltd,2025-04-02,426.8,432.04,417.11,427.3,390993.0,Refinitiv,False,0,INR,NSE,True,Green
PRC-ITC-20250414,INE154A01025,ITC,ITC Ltd,2025-04-14,427.59,429.33,418.3,427.25,309087.0,Bloomberg,False,0,INR,NSE,False,Green
PRC-ITC-20250416,INE154A01025,ITC,ITC Ltd,2025-04-16,440.47,438.78,436.34,436.73,4681401.0,Refinitiv,False,0,INR,NSE,True,Green
PRC-ITC-20250425,INE154A01025,ITC,ITC Ltd,2025-04-25,435.4,449.62,436.99,437.24,4912775.0,Refinitiv,False,0,INR,NSE,True,Green
PRC-ITC-20250430,INE154A01025,ITC,ITC Ltd,2025-04-30,431.09,440.52,428.12,431.59,436223.0,NSE Feed,False,0,INR,NSE,True,Green
PRC-ITC-20250505,INE154A01025,ITC,ITC Ltd,2025-05-05,440.98,442.68,428.94,441.45,1737034.0,Refinitiv,True,5,INR,NSE,True,Amber
PRC-ITC-20250506,INE154A01025,ITC,ITC Ltd,2025-05-06,442.31,446.14,443.01,445.02,832970.0,Refinitiv,False,0,INR,NSE,True,Green
PRC-ITC-20250507,INE154A01025,ITC,ITC Ltd,2025-05-07,438.2,438.83,433.72,438.1,3434958.0,NSE Feed,False,0,INR,NSE,True,Green
PRC-ITC-20250508,INE154A01025,ITC,ITC Ltd,2025-05-08,432.59,441.37,427.78,436.85,3837762.0,Refinitiv,False,0,INR,NSE,True,Green
PRC-ITC-20250509,INE154A01025,ITC,ITC Ltd,2025-05-09,435.36,441.5,421.91,431.11,3655362.0,Refinitiv,False,0,INR,NSE,True,Green
PRC-ITC-20250515,INE154A01025,ITC,ITC Ltd,2025-05-15,418.67,424.8,415.51,422.17,4506544.0,Bloomberg,False,0,INR,NSE,True,Green
PRC-WIPRO-20240102,INE075A01022,WIPRO,Wipro Ltd,2024-01-02,524.25,535.19,524.56,527.22,4786339.0,Refinitiv,False,0,INR,NSE,True,Green
PRC-WIPRO-20240104,INE075A01022,WIPRO,Wipro Ltd,2024-01-04,544.63,553.75,539.11,542.32,3600954.0,Bloomberg,False,0,INR,NSE,False,Green
PRC-WIPRO-20240109,INE075A01022,WIPRO,Wipro Ltd,2024-01-09,525.82,536.49,526.03,530.95,1266133.0,Bloomberg,False,0,INR,NSE,True,Green
PRC-WIPRO-20240111,INE075A01022,WIPRO,Wipro Ltd,2024-01-11,533.74,546.83,519.83,535.43,1094862.0,NSE Feed,False,0,INR,NSE,True,Green
PRC-WIPRO-20240118,INE075A01022,WIPRO,Wipro Ltd,2024-01-18,528.16,533.54,529.9,530.21,3663523.0,Refinitiv,False,0,INR,NSE,True,Green
PRC-WIPRO-20240119,INE075A01022,WIPRO,Wipro Ltd,2024-01-19,529.04,527.0,512.24,526.33,4407375.0,Refinitiv,True,9,INR,NSE,True,Red
PRC-WIPRO-20240130,INE075A01022,WIPRO,Wipro Ltd,2024-01-30,517.13,532.1,517.81,521.65,1138455.0,Refinitiv,False,0,INR,NSE,True,Green
PRC-WIPRO-20240202,INE075A01022,WIPRO,Wipro Ltd,2024-02-02,513.36,516.3,512.51,514.89,2426795.0,Refinitiv,False,0,INR,NSE,True,Green
PRC-WIPRO-20240207,INE075A01022,WIPRO,Wipro Ltd,2024-02-07,517.62,519.01,508.63,515.27,931358.0,Refinitiv,False,0,INR,NSE,True,Green
PRC-WIPRO-20240209,INE075A01022,WIPRO,Wipro Ltd,2024-02-09,513.57,511.47,505.09,508.85,136313.0,Refinitiv,False,0,INR,NSE,True,Green
PRC-WIPRO-20240216,INE075A01022,WIPRO,Wipro Ltd,2024-02-16,513.03,516.53,504.62,510.91,3788184.0,Refinitiv,False,0,INR,NSE,False,Green
PRC-WIPRO-20240223,INE075A01022,WIPRO,Wipro Ltd,2024-02-23,509.3,513.81,498.69,510.53,1046616.0,Bloomberg,False,0,INR,NSE,True,Green
PRC-WIPRO-20240304,INE075A01022,WIPRO,Wipro Ltd,2024-03-04,511.36,519.45,501.94,508.7,440649.0,NSE Feed,False,0,INR,NSE,True,Green
PRC-WIPRO-20240307,INE075A01022,WIPRO,Wipro Ltd,2024-03-07,502.78,506.47,501.41,501.77,3824171.0,NSE Feed,False,0,INR,NSE,True,Green
PRC-WIPRO-20240308,INE075A01022,WIPRO,Wipro Ltd,2024-03-08,494.33,498.47,495.06,497.43,4090266.0,Refinitiv,False,0,INR,NSE,True,Green
PRC-WIPRO-20240326,INE075A01022,WIPRO,Wipro Ltd,2024-03-26,504.8,509.05,495.86,,,Refinitiv,False,0,INR,NSE,True,Green
PRC-WIPRO-20240328,INE075A01022,WIPRO,Wipro Ltd,2024-03-28,507.76,508.39,505.71,506.85,1515352.0,NSE Feed,False,0,INR,NSE,True,Green
PRC-WIPRO-20240405,INE075A01022,WIPRO,Wipro Ltd,2024-04-05,502.85,505.47,487.92,499.41,3662677.0,Refinitiv,False,0,INR,NSE,True,Green
PRC-WIPRO-20240408,INE075A01022,WIPRO,Wipro Ltd,2024-04-08,501.09,511.51,497.17,500.16,3457418.0,Bloomberg,False,0,INR,NSE,True,Green
PRC-WIPRO-20240411,INE075A01022,WIPRO,Wipro Ltd,2024-04-11,505.64,510.03,502.27,505.79,1006277.0,NSE Feed,False,0,INR,NSE,True,Green
PRC-WIPRO-20240412,INE075A01022,WIPRO,Wipro Ltd,2024-04-12,489.53,494.6,479.12,493.13,672343.0,Bloomberg,False,0,INR,NSE,True,Green
PRC-WIPRO-20240418,INE075A01022,WIPRO,Wipro Ltd,2024-04-18,498.93,499.43,491.51,497.15,908105.0,NSE Feed,False,0,INR,NSE,True,Green
PRC-WIPRO-20240425,INE075A01022,WIPRO,Wipro Ltd,2024-04-25,491.87,496.54,484.79,492.21,4334525.0,Bloomberg,False,0,INR,NSE,True,Green
PRC-WIPRO-20240429,INE075A01022,WIPRO,Wipro Ltd,2024-04-29,491.63,507.8,496.28,496.42,1099369.0,Bloomberg,False,0,INR,NSE,True,Green
PRC-WIPRO-20240503,INE075A01022,WIPRO,Wipro Ltd,2024-05-03,486.18,493.34,485.72,490.74,2642122.0,Refinitiv,False,0,INR,NSE,True,Green
PRC-WIPRO-20240507,INE075A01022,WIPRO,Wipro Ltd,2024-05-07,476.39,488.39,471.28,477.45,4215062.0,Refinitiv,False,0,INR,NSE,True,Green
PRC-WIPRO-20240509,INE075A01022,WIPRO,Wipro Ltd,2024-05-09,466.37,467.98,452.6,465.79,2309483.0,Bloomberg,False,0,INR,NSE,True,Green
PRC-WIPRO-20240513,INE075A01022,WIPRO,Wipro Ltd,2024-05-13,468.61,470.11,453.01,466.13,478481.0,NSE Feed,False,0,INR,NSE,True,Green
PRC-WIPRO-20240517,INE075A01022,WIPRO,Wipro Ltd,2024-05-17,463.52,480.46,458.7,467.95,916631.0,Bloomberg,False,0,INR,NSE,True,Green
PRC-WIPRO-20240522,INE075A01022,WIPRO,Wipro Ltd,2024-05-22,463.09,465.03,456.73,461.6,812542.0,Refinitiv,False,0,INR,NSE,True,Green
PRC-WIPRO-20240607,INE075A01022,WIPRO,Wipro Ltd,2024-06-07,461.54,470.58,458.48,466.02,3643960.0,Refinitiv,False,0,INR,NSE,True,Green
PRC-WIPRO-20240624,INE075A01022,WIPRO,Wipro Ltd,2024-06-24,455.21,467.84,445.92,454.41,3374080.0,Bloomberg,True,9,INR,NSE,True,Red
PRC-WIPRO-20240703,INE075A01022,WIPRO,Wipro Ltd,2024-07-03,455.55,458.53,447.18,453.96,2948263.0,NSE Feed,False,0,INR,NSE,True,Green
PRC-WIPRO-20240705,INE075A01022,WIPRO,Wipro Ltd,2024-07-05,445.68,457.04,442.86,445.71,4594901.0,NSE Feed,False,0,INR,NSE,True,Green
PRC-WIPRO-20240711,INE075A01022,WIPRO,Wipro Ltd,2024-07-11,440.49,444.34,437.95,441.35,,NSE Feed,False,0,INR,NSE,True,Green
PRC-WIPRO-20240712,INE075A01022,WIPRO,Wipro Ltd,2024-07-12,439.66,449.17,435.45,441.67,3682823.0,NSE Feed,False,0,INR,NSE,True,Green
PRC-WIPRO-20240716,INE075A01022,WIPRO,Wipro Ltd,2024-07-16,436.01,439.89,431.56,435.96,2728595.0,NSE Feed,False,0,INR,NSE,True,Green
PRC-WIPRO-20240719,INE075A01022,WIPRO,Wipro Ltd,2024-07-19,434.94,440.57,431.9,433.45,4430401.0,NSE Feed,False,0,INR,NSE,True,Green
PRC-WIPRO-20240724,INE075A01022,WIPRO,Wipro Ltd,2024-07-24,442.12,446.16,439.16,439.99,4568773.0,Refinitiv,False,0,INR,NSE,True,Green
PRC-WIPRO-20240725,INE075A01022,WIPRO,Wipro Ltd,2024-07-25,438.16,436.97,425.73,436.19,3979619.0,NSE Feed,False,0,INR,NSE,True,Green
PRC-WIPRO-20240726,INE075A01022,WIPRO,Wipro Ltd,2024-07-26,444.69,447.09,439.8,441.65,640457.0,Refinitiv,False,0,INR,NSE,True,Green
PRC-WIPRO-20240801,INE075A01022,WIPRO,Wipro Ltd,2024-08-01,435.44,437.51,428.98,434.17,3504650.0,NSE Feed,False,0,INR,NSE,True,Green
PRC-WIPRO-20240802,INE075A01022,WIPRO,Wipro Ltd,2024-08-02,440.48,443.71,431.84,437.62,3758548.0,Bloomberg,False,0,INR,NSE,True,Green
PRC-WIPRO-20240805,INE075A01022,WIPRO,Wipro Ltd,2024-08-05,443.83,450.55,444.45,447.08,,Refinitiv,False,0,INR,NSE,True,Green
PRC-WIPRO-20240813,INE075A01022,WIPRO,Wipro Ltd,2024-08-13,432.94,431.22,429.17,430.51,2733224.0,Refinitiv,True,9,INR,NSE,True,Red
PRC-WIPRO-20240815,INE075A01022,WIPRO,Wipro Ltd,2024-08-15,428.74,433.93,423.9,425.36,3429396.0,Refinitiv,False,0,INR,NSE,True,Green
PRC-WIPRO-20240819,INE075A01022,WIPRO,Wipro Ltd,2024-08-19,429.04,430.6,424.72,429.04,4968913.0,Refinitiv,False,0,INR,NSE,True,Green
PRC-WIPRO-20240830,INE075A01022,WIPRO,Wipro Ltd,2024-08-30,424.5,438.09,419.13,427.74,3371143.0,Refinitiv,False,0,INR,NSE,True,Green
PRC-WIPRO-20240909,INE075A01022,WIPRO,Wipro Ltd,2024-09-09,426.74,432.88,420.76,430.12,3525702.0,Bloomberg,False,0,INR,NSE,True,Green
PRC-WIPRO-20240911,INE075A01022,WIPRO,Wipro Ltd,2024-09-11,427.92,427.66,420.41,426.22,4083365.0,Refinitiv,False,0,INR,NSE,True,Green
PRC-WIPRO-20240913,INE075A01022,WIPRO,Wipro Ltd,2024-09-13,423.74,432.86,418.68,426.77,2685129.0,NSE Feed,False,0,INR,NSE,True,Green
PRC-WIPRO-20240916,INE075A01022,WIPRO,Wipro Ltd,2024-09-16,427.4,435.85,416.07,425.78,4736617.0,Bloomberg,True,2,INR,NSE,True,Amber
PRC-WIPRO-20240923,INE075A01022,WIPRO,Wipro Ltd,2024-09-23,435.94,434.82,431.51,433.24,3811143.0,Bloomberg,False,0,INR,NSE,True,Green
PRC-WIPRO-20240924,INE075A01022,WIPRO,Wipro Ltd,2024-09-24,438.52,438.81,434.06,434.89,2075185.0,Bloomberg,False,0,INR,NSE,True,Green
PRC-WIPRO-20240925,INE075A01022,WIPRO,Wipro Ltd,2024-09-25,438.24,448.62,434.03,437.09,3508197.0,NSE Feed,False,0,INR,NSE,True,Green
PRC-WIPRO-20240930,INE075A01022,WIPRO,Wipro Ltd,2024-09-30,434.32,443.99,433.43,434.39,2891076.0,Refinitiv,False,0,INR,NSE,True,Green
PRC-WIPRO-20241018,INE075A01022,WIPRO,Wipro Ltd,2024-10-18,428.28,434.59,419.14,431.21,3630517.0,Refinitiv,False,0,INR,NSE,True,Green
PRC-WIPRO-20241021,INE075A01022,WIPRO,Wipro Ltd,2024-10-21,430.09,438.21,423.81,428.42,1641319.0,Refinitiv,False,0,INR,NSE,True,Green
PRC-WIPRO-20241023,INE075A01022,WIPRO,Wipro Ltd,2024-10-23,432.06,435.01,419.09,430.95,1423910.0,NSE Feed,True,5,INR,NSE,True,Amber
PRC-WIPRO-20241024,INE075A01022,WIPRO,Wipro Ltd,2024-10-24,430.48,439.11,424.19,428.23,2779314.0,Bloomberg,False,0,INR,NSE,True,Green
PRC-WIPRO-20241025,INE075A01022,WIPRO,Wipro Ltd,2024-10-25,431.7,440.76,427.5,430.09,1766512.0,NSE Feed,False,0,INR,NSE,True,Green
PRC-WIPRO-20241107,INE075A01022,WIPRO,Wipro Ltd,2024-11-07,447.42,455.25,433.16,443.48,292687.0,Refinitiv,False,0,INR,NSE,True,Green
PRC-WIPRO-20241126,INE075A01022,WIPRO,Wipro Ltd,2024-11-26,453.54,451.95,445.25,449.27,1515627.0,NSE Feed,False,0,INR,NSE,True,Green
PRC-WIPRO-20241127,INE075A01022,WIPRO,Wipro Ltd,2024-11-27,443.4,452.01,446.37,447.08,1084407.0,NSE Feed,False,0,INR,NSE,True,Green
PRC-WIPRO-20241203,INE075A01022,WIPRO,Wipro Ltd,2024-12-03,454.71,464.33,443.1,455.13,1804106.0,NSE Feed,False,0,INR,NSE,False,Green
PRC-WIPRO-20241205,INE075A01022,WIPRO,Wipro Ltd,2024-12-05,454.58,457.53,444.63,452.35,1833136.0,Refinitiv,False,0,INR,NSE,True,Green
PRC-WIPRO-20241210,INE075A01022,WIPRO,Wipro Ltd,2024-12-10,435.79,440.89,435.79,438.52,341366.0,Bloomberg,False,0,INR,NSE,False,Green
PRC-WIPRO-20241212,INE075A01022,WIPRO,Wipro Ltd,2024-12-12,429.71,439.44,427.32,431.89,819228.0,NSE Feed,False,0,INR,NSE,True,Green
PRC-WIPRO-20241217,INE075A01022,WIPRO,Wipro Ltd,2024-12-17,418.91,422.44,412.0,419.77,3650821.0,Refinitiv,False,0,INR,NSE,True,Green
PRC-WIPRO-20241218,INE075A01022,WIPRO,Wipro Ltd,2024-12-18,413.81,429.22,410.93,417.55,3072097.0,Refinitiv,False,0,INR,NSE,False,Green
PRC-WIPRO-20250101,INE075A01022,WIPRO,Wipro Ltd,2025-01-01,419.74,418.24,408.32,417.67,3295536.0,Bloomberg,False,0,INR,NSE,False,Green
PRC-WIPRO-20250102,INE075A01022,WIPRO,Wipro Ltd,2025-01-02,431.53,428.7,417.63,428.17,1524943.0,Refinitiv,False,0,INR,NSE,True,Green
PRC-WIPRO-20250106,INE075A01022,WIPRO,Wipro Ltd,2025-01-06,426.74,439.44,422.95,430.27,2284443.0,NSE Feed,False,0,INR,NSE,True,Green
PRC-WIPRO-20250114,INE075A01022,WIPRO,Wipro Ltd,2025-01-14,432.92,432.47,420.63,428.86,3707823.0,Bloomberg,False,0,INR,NSE,False,Green
PRC-WIPRO-20250130,INE075A01022,WIPRO,Wipro Ltd,2025-01-30,437.9,440.93,426.84,434.19,1483984.0,Bloomberg,False,0,INR,NSE,True,Green
PRC-WIPRO-20250131,INE075A01022,WIPRO,Wipro Ltd,2025-01-31,420.26,431.42,415.22,419.79,3790900.0,NSE Feed,False,0,INR,NSE,True,Green
PRC-WIPRO-20250204,INE075A01022,WIPRO,Wipro Ltd,2025-02-04,421.03,423.34,414.54,421.28,1073280.0,Bloomberg,False,0,INR,NSE,True,Green
PRC-WIPRO-20250207,INE075A01022,WIPRO,Wipro Ltd,2025-02-07,426.02,432.45,424.18,426.15,1341964.0,NSE Feed,False,0,INR,NSE,True,Green
PRC-WIPRO-20250210,INE075A01022,WIPRO,Wipro Ltd,2025-02-10,419.49,426.07,414.48,416.7,4824861.0,Refinitiv,False,0,INR,NSE,True,Green
PRC-WIPRO-20250214,INE075A01022,WIPRO,Wipro Ltd,2025-02-14,424.07,431.1,416.42,423.85,744542.0,NSE Feed,False,0,INR,NSE,True,Green
PRC-WIPRO-20250219,INE075A01022,WIPRO,Wipro Ltd,2025-02-19,421.96,434.7,421.92,426.0,3406535.0,Bloomberg,False,0,INR,NSE,True,Green
PRC-WIPRO-20250221,INE075A01022,WIPRO,Wipro Ltd,2025-02-21,420.41,424.37,421.19,423.34,4125316.0,Bloomberg,False,0,INR,NSE,True,Green
PRC-WIPRO-20250225,INE075A01022,WIPRO,Wipro Ltd,2025-02-25,425.9,427.92,422.52,427.36,3900895.0,Bloomberg,False,0,INR,NSE,False,Green
PRC-WIPRO-20250226,INE075A01022,WIPRO,Wipro Ltd,2025-02-26,444.54,443.63,440.11,441.92,2473590.0,Bloomberg,False,0,INR,NSE,True,Green
PRC-WIPRO-20250228,INE075A01022,WIPRO,Wipro Ltd,2025-02-28,444.03,444.35,433.22,443.12,2113938.0,Bloomberg,False,0,INR,NSE,True,Green
PRC-WIPRO-20250304,INE075A01022,WIPRO,Wipro Ltd,2025-03-04,447.26,448.58,441.47,444.77,1392975.0,NSE Feed,False,0,INR,NSE,True,Green
PRC-WIPRO-20250307,INE075A01022,WIPRO,Wipro Ltd,2025-03-07,445.43,453.68,436.45,441.71,3111881.0,Refinitiv,False,0,INR,NSE,True,Green
PRC-WIPRO-20250313,INE075A01022,WIPRO,Wipro Ltd,2025-03-13,435.6,441.16,426.51,436.08,3648973.0,NSE Feed,False,0,INR,NSE,True,Green
PRC-WIPRO-20250314,INE075A01022,WIPRO,Wipro Ltd,2025-03-14,440.93,447.15,428.8,441.51,2966763.0,Bloomberg,False,0,INR,NSE,True,Green
PRC-WIPRO-20250321,INE075A01022,WIPRO,Wipro Ltd,2025-03-21,439.59,442.73,431.23,435.84,804392.0,Bloomberg,False,0,INR,NSE,True,Green
PRC-WIPRO-20250331,INE075A01022,WIPRO,Wipro Ltd,2025-03-31,434.57,449.19,432.18,436.31,2620010.0,NSE Feed,False,0,INR,NSE,True,Green
PRC-WIPRO-20250402,INE075A01022,WIPRO,Wipro Ltd,2025-04-02,436.8,439.85,426.82,433.18,3564657.0,NSE Feed,True,3,INR,NSE,True,Amber
PRC-WIPRO-20250417,INE075A01022,WIPRO,Wipro Ltd,2025-04-17,435.03,443.96,433.27,436.29,236471.0,NSE Feed,False,0,INR,NSE,True,Green
PRC-WIPRO-20250422,INE075A01022,WIPRO,Wipro Ltd,2025-04-22,441.48,439.07,430.8,438.48,2596848.0,Bloomberg,False,0,INR,NSE,True,Green
PRC-WIPRO-20250424,INE075A01022,WIPRO,Wipro Ltd,2025-04-24,446.4,448.84,444.86,445.3,1670278.0,NSE Feed,False,0,INR,NSE,True,Green
PRC-WIPRO-20250428,INE075A01022,WIPRO,Wipro Ltd,2025-04-28,445.18,443.3,435.72,441.89,149048.0,Bloomberg,False,0,INR,NSE,True,Green
PRC-WIPRO-20250502,INE075A01022,WIPRO,Wipro Ltd,2025-05-02,441.79,451.58,439.65,440.11,4182924.0,Bloomberg,False,0,INR,NSE,True,Green
PRC-WIPRO-20250506,INE075A01022,WIPRO,Wipro Ltd,2025-05-06,435.15,442.63,425.77,433.64,2638868.0,NSE Feed,False,0,INR,NSE,True,Green
PRC-WIPRO-20250512,INE075A01022,WIPRO,Wipro Ltd,2025-05-12,426.58,443.3,428.93,,,NSE Feed,False,0,INR,NSE,True,Green
PRC-WIPRO-20250513,INE075A01022,WIPRO,Wipro Ltd,2025-05-13,436.16,444.35,427.2,433.19,822205.0,Bloomberg,False,0,INR,NSE,True,Green
PRC-BAJFINANCE-20240105,INE296A01024,BAJFINANCE,Bajaj Finance Ltd,2024-01-05,7126.15,7228.89,7020.74,7180.62,2954846.0,Bloomberg,False,0,INR,NSE,True,Green
PRC-BAJFINANCE-20240112,INE296A01024,BAJFINANCE,Bajaj Finance Ltd,2024-01-12,7137.42,7262.59,7054.46,7081.29,973606.0,Refinitiv,False,0,INR,NSE,True,Green
PRC-BAJFINANCE-20240115,INE296A01024,BAJFINANCE,Bajaj Finance Ltd,2024-01-15,7240.04,7336.31,7168.21,7173.66,954531.0,Refinitiv,False,0,INR,NSE,True,Green
PRC-BAJFINANCE-20240116,INE296A01024,BAJFINANCE,Bajaj Finance Ltd,2024-01-16,7373.83,7519.58,7134.43,7319.54,2550505.0,Refinitiv,False,0,INR,NSE,True,Green
PRC-BAJFINANCE-20240123,INE296A01024,BAJFINANCE,Bajaj Finance Ltd,2024-01-23,7305.9,7507.9,7217.91,7364.93,1255719.0,NSE Feed,False,0,INR,NSE,True,Green
PRC-BAJFINANCE-20240125,INE296A01024,BAJFINANCE,Bajaj Finance Ltd,2024-01-25,7613.01,7627.99,7528.91,7572.27,2963200.0,Bloomberg,False,0,INR,NSE,True,Green
PRC-BAJFINANCE-20240202,INE296A01024,BAJFINANCE,Bajaj Finance Ltd,2024-02-02,7522.52,7565.35,7409.16,7484.38,1371807.0,Refinitiv,False,0,INR,NSE,True,Green
PRC-BAJFINANCE-20240206,INE296A01024,BAJFINANCE,Bajaj Finance Ltd,2024-02-06,7331.92,7434.83,7225.39,7344.64,4429824.0,Refinitiv,False,0,INR,NSE,True,Green
PRC-BAJFINANCE-20240213,INE296A01024,BAJFINANCE,Bajaj Finance Ltd,2024-02-13,7078.62,7321.59,7136.6,,,NSE Feed,False,0,INR,NSE,True,Green
PRC-BAJFINANCE-20240214,INE296A01024,BAJFINANCE,Bajaj Finance Ltd,2024-02-14,7299.47,7395.34,7097.96,7309.1,1366277.0,Refinitiv,False,0,INR,NSE,True,Green
PRC-BAJFINANCE-20240301,INE296A01024,BAJFINANCE,Bajaj Finance Ltd,2024-03-01,7404.52,7495.94,7224.9,7380.85,3472244.0,Refinitiv,False,0,INR,NSE,True,Green
PRC-BAJFINANCE-20240312,INE296A01024,BAJFINANCE,Bajaj Finance Ltd,2024-03-12,7347.21,7450.83,7336.42,7374.69,4527437.0,Refinitiv,False,0,INR,NSE,False,Green
PRC-BAJFINANCE-20240313,INE296A01024,BAJFINANCE,Bajaj Finance Ltd,2024-03-13,7361.99,7526.62,7358.64,7405.66,3808971.0,Refinitiv,False,0,INR,NSE,True,Green
PRC-BAJFINANCE-20240322,INE296A01024,BAJFINANCE,Bajaj Finance Ltd,2024-03-22,7320.74,7473.06,7080.63,7280.64,4608318.0,Bloomberg,False,0,INR,NSE,True,Green
PRC-BAJFINANCE-20240402,INE296A01024,BAJFINANCE,Bajaj Finance Ltd,2024-04-02,7550.83,7670.19,7369.7,7547.74,4392212.0,Refinitiv,False,0,INR,NSE,True,Green
PRC-BAJFINANCE-20240403,INE296A01024,BAJFINANCE,Bajaj Finance Ltd,2024-04-03,7490.29,7764.35,7457.99,7562.37,2270050.0,NSE Feed,False,0,INR,NSE,True,Green
PRC-BAJFINANCE-20240415,INE296A01024,BAJFINANCE,Bajaj Finance Ltd,2024-04-15,7575.57,7741.11,7538.78,7574.78,2278995.0,Refinitiv,False,0,INR,NSE,True,Green
PRC-BAJFINANCE-20240418,INE296A01024,BAJFINANCE,Bajaj Finance Ltd,2024-04-18,7724.83,7760.32,7559.02,7657.24,143733.0,Bloomberg,False,0,INR,NSE,True,Green
PRC-BAJFINANCE-20240422,INE296A01024,BAJFINANCE,Bajaj Finance Ltd,2024-04-22,7725.07,7877.84,7698.03,7712.49,4573549.0,Refinitiv,False,0,INR,NSE,True,Green
PRC-BAJFINANCE-20240423,INE296A01024,BAJFINANCE,Bajaj Finance Ltd,2024-04-23,7787.15,7871.36,7538.73,7738.39,3268089.0,Refinitiv,False,0,INR,NSE,True,Green
PRC-BAJFINANCE-20240424,INE296A01024,BAJFINANCE,Bajaj Finance Ltd,2024-04-24,7599.61,7825.23,7521.45,7646.63,1329377.0,Refinitiv,False,0,INR,NSE,True,Green
PRC-BAJFINANCE-20240429,INE296A01024,BAJFINANCE,Bajaj Finance Ltd,2024-04-29,7689.14,7730.76,7519.31,7700.71,754921.0,Bloomberg,False,0,INR,NSE,True,Green
PRC-BAJFINANCE-20240502,INE296A01024,BAJFINANCE,Bajaj Finance Ltd,2024-05-02,7962.26,8125.24,7819.36,7918.1,3651922.0,Bloomberg,False,0,INR,NSE,True,Green
PRC-BAJFINANCE-20240503,INE296A01024,BAJFINANCE,Bajaj Finance Ltd,2024-05-03,8064.48,8117.36,7958.13,8077.9,4166498.0,Refinitiv,False,0,INR,NSE,True,Green
PRC-BAJFINANCE-20240516,INE296A01024,BAJFINANCE,Bajaj Finance Ltd,2024-05-16,8275.77,8443.26,8135.82,8270.94,373530.0,Refinitiv,False,0,INR,NSE,True,Green
PRC-BAJFINANCE-20240522,INE296A01024,BAJFINANCE,Bajaj Finance Ltd,2024-05-22,8144.94,8417.38,7988.46,8207.52,3200311.0,Refinitiv,False,0,INR,NSE,True,Green
PRC-BAJFINANCE-20240523,INE296A01024,BAJFINANCE,Bajaj Finance Ltd,2024-05-23,8054.14,8176.52,7914.43,8085.69,334694.0,NSE Feed,False,0,INR,NSE,True,Green
PRC-BAJFINANCE-20240528,INE296A01024,BAJFINANCE,Bajaj Finance Ltd,2024-05-28,8133.23,8122.63,8026.64,8070.43,4200298.0,NSE Feed,True,6,INR,NSE,True,Red
PRC-BAJFINANCE-20240529,INE296A01024,BAJFINANCE,Bajaj Finance Ltd,2024-05-29,8063.86,8216.04,7971.96,8077.18,2933866.0,Bloomberg,False,0,INR,NSE,True,Green
PRC-BAJFINANCE-20240605,INE296A01024,BAJFINANCE,Bajaj Finance Ltd,2024-06-05,8252.76,8334.07,8076.98,8209.75,3874281.0,Refinitiv,False,0,INR,NSE,True,Green
PRC-BAJFINANCE-20240613,INE296A01024,BAJFINANCE,Bajaj Finance Ltd,2024-06-13,8049.3,8160.83,7859.61,8001.33,2053054.0,Bloomberg,False,0,INR,NSE,True,Green
PRC-BAJFINANCE-20240617,INE296A01024,BAJFINANCE,Bajaj Finance Ltd,2024-06-17,8175.59,8253.01,7961.09,8184.9,,NSE Feed,False,0,INR,NSE,True,Green
PRC-BAJFINANCE-20240621,INE296A01024,BAJFINANCE,Bajaj Finance Ltd,2024-06-21,8199.37,8302.94,7950.86,8165.5,4792191.0,NSE Feed,False,0,INR,NSE,True,Green
PRC-BAJFINANCE-20240704,INE296A01024,BAJFINANCE,Bajaj Finance Ltd,2024-07-04,8040.67,8252.01,7915.92,8113.22,4091599.0,Refinitiv,False,0,INR,NSE,True,Green
PRC-BAJFINANCE-20240710,INE296A01024,BAJFINANCE,Bajaj Finance Ltd,2024-07-10,7938.87,7994.6,7938.93,7990.05,2157613.0,Refinitiv,False,0,INR,NSE,True,Green
PRC-BAJFINANCE-20240719,INE296A01024,BAJFINANCE,Bajaj Finance Ltd,2024-07-19,7796.94,7866.61,7695.62,7791.71,4222774.0,NSE Feed,False,0,INR,NSE,True,Green
PRC-BAJFINANCE-20240724,INE296A01024,BAJFINANCE,Bajaj Finance Ltd,2024-07-24,7859.11,7948.78,7678.41,7887.92,933270.0,Refinitiv,True,10,INR,NSE,True,Red
PRC-BAJFINANCE-20240725,INE296A01024,BAJFINANCE,Bajaj Finance Ltd,2024-07-25,7831.78,7969.27,7756.18,7896.6,1519277.0,NSE Feed,False,0,INR,NSE,True,Green
PRC-BAJFINANCE-20240729,INE296A01024,BAJFINANCE,Bajaj Finance Ltd,2024-07-29,7712.52,7766.74,7544.58,7743.8,2819735.0,Bloomberg,True,2,INR,NSE,True,Amber
PRC-BAJFINANCE-20240805,INE296A01024,BAJFINANCE,Bajaj Finance Ltd,2024-08-05,7548.2,7764.71,7499.07,7593.37,4235411.0,Refinitiv,False,0,INR,NSE,True,Green
PRC-BAJFINANCE-20240813,INE296A01024,BAJFINANCE,Bajaj Finance Ltd,2024-08-13,7488.73,7660.48,7420.73,7555.12,4161525.0,NSE Feed,False,0,INR,NSE,True,Green
PRC-BAJFINANCE-20240826,INE296A01024,BAJFINANCE,Bajaj Finance Ltd,2024-08-26,7708.51,7968.11,7668.78,7744.27,2166249.0,Refinitiv,False,0,INR,NSE,True,Green
PRC-BAJFINANCE-20240828,INE296A01024,BAJFINANCE,Bajaj Finance Ltd,2024-08-28,7705.78,7909.96,7598.5,7714.11,1294261.0,Bloomberg,False,0,INR,NSE,True,Green
PRC-BAJFINANCE-20240829,INE296A01024,BAJFINANCE,Bajaj Finance Ltd,2024-08-29,7608.44,7757.64,7439.55,7540.18,450577.0,NSE Feed,False,0,INR,NSE,True,Green
PRC-BAJFINANCE-20240903,INE296A01024,BAJFINANCE,Bajaj Finance Ltd,2024-09-03,7535.38,7550.11,7300.58,7512.39,4144871.0,Bloomberg,False,0,INR,NSE,True,Green
PRC-BAJFINANCE-20240904,INE296A01024,BAJFINANCE,Bajaj Finance Ltd,2024-09-04,7459.42,7623.55,7388.54,7481.65,4380945.0,Bloomberg,False,0,INR,NSE,True,Green
PRC-BAJFINANCE-20240911,INE296A01024,BAJFINANCE,Bajaj Finance Ltd,2024-09-11,7150.37,7264.13,6990.11,7179.0,1271471.0,Refinitiv,False,0,INR,NSE,True,Green
PRC-BAJFINANCE-20240912,INE296A01024,BAJFINANCE,Bajaj Finance Ltd,2024-09-12,7189.0,7379.18,7026.45,7173.15,2974232.0,Refinitiv,False,0,INR,NSE,True,Green
PRC-BAJFINANCE-20240913,INE296A01024,BAJFINANCE,Bajaj Finance Ltd,2024-09-13,7111.98,7359.11,7007.12,7148.3,3957076.0,Refinitiv,False,0,INR,NSE,True,Green
PRC-BAJFINANCE-20241004,INE296A01024,BAJFINANCE,Bajaj Finance Ltd,2024-10-04,7283.95,7354.87,7007.19,7222.95,180351.0,Refinitiv,False,0,INR,NSE,True,Green
PRC-BAJFINANCE-20241007,INE296A01024,BAJFINANCE,Bajaj Finance Ltd,2024-10-07,7421.64,7510.75,7218.65,7423.28,750311.0,Refinitiv,False,0,INR,NSE,True,Green
PRC-BAJFINANCE-20241011,INE296A01024,BAJFINANCE,Bajaj Finance Ltd,2024-10-11,7574.72,7628.66,7506.32,7548.72,3102834.0,Bloomberg,False,0,INR,NSE,True,Green
PRC-BAJFINANCE-20241023,INE296A01024,BAJFINANCE,Bajaj Finance Ltd,2024-10-23,7444.36,7622.63,7503.89,7518.27,3829387.0,NSE Feed,False,0,INR,NSE,True,Green
PRC-BAJFINANCE-20241024,INE296A01024,BAJFINANCE,Bajaj Finance Ltd,2024-10-24,7455.8,7472.85,7191.64,,,Refinitiv,False,0,INR,NSE,True,Green
PRC-BAJFINANCE-20241029,INE296A01024,BAJFINANCE,Bajaj Finance Ltd,2024-10-29,7752.61,7901.71,7456.99,7678.88,4234223.0,Refinitiv,False,0,INR,NSE,True,Green
PRC-BAJFINANCE-20241105,INE296A01024,BAJFINANCE,Bajaj Finance Ltd,2024-11-05,7735.06,7777.02,7655.7,7685.7,4873975.0,Refinitiv,False,0,INR,NSE,True,Green
PRC-BAJFINANCE-20241107,INE296A01024,BAJFINANCE,Bajaj Finance Ltd,2024-11-07,7697.41,7844.67,7587.02,7687.3,648284.0,Refinitiv,False,0,INR,NSE,True,Green
PRC-BAJFINANCE-20241108,INE296A01024,BAJFINANCE,Bajaj Finance Ltd,2024-11-08,7695.26,7737.08,7574.57,7684.52,2401229.0,NSE Feed,False,0,INR,NSE,True,Green
PRC-BAJFINANCE-20241113,INE296A01024,BAJFINANCE,Bajaj Finance Ltd,2024-11-13,7734.75,7849.43,7633.52,,,Bloomberg,False,0,INR,NSE,True,Green
PRC-BAJFINANCE-20241115,INE296A01024,BAJFINANCE,Bajaj Finance Ltd,2024-11-15,7713.74,7887.67,7534.47,7690.66,3513122.0,Bloomberg,False,0,INR,NSE,True,Green
PRC-BAJFINANCE-20241118,INE296A01024,BAJFINANCE,Bajaj Finance Ltd,2024-11-18,7627.12,7634.43,7560.72,7624.49,493968.0,Bloomberg,False,0,INR,NSE,False,Green
PRC-BAJFINANCE-20241129,INE296A01024,BAJFINANCE,Bajaj Finance Ltd,2024-11-29,7545.59,7637.87,7534.74,7561.94,312835.0,Refinitiv,False,0,INR,NSE,True,Green
PRC-BAJFINANCE-20241202,INE296A01024,BAJFINANCE,Bajaj Finance Ltd,2024-12-02,7621.26,7602.87,7406.13,7558.23,627174.0,Refinitiv,False,0,INR,NSE,True,Green
PRC-BAJFINANCE-20241203,INE296A01024,BAJFINANCE,Bajaj Finance Ltd,2024-12-03,7425.25,7675.91,7482.01,,,Bloomberg,False,0,INR,NSE,True,Green
PRC-BAJFINANCE-20241204,INE296A01024,BAJFINANCE,Bajaj Finance Ltd,2024-12-04,7465.78,7599.27,7309.59,7416.46,2085949.0,NSE Feed,False,0,INR,NSE,True,Green
PRC-BAJFINANCE-20241211,INE296A01024,BAJFINANCE,Bajaj Finance Ltd,2024-12-11,7446.92,7557.31,7224.51,7428.3,609078.0,NSE Feed,False,0,INR,NSE,True,Green
PRC-BAJFINANCE-20241212,INE296A01024,BAJFINANCE,Bajaj Finance Ltd,2024-12-12,7441.72,7413.65,7356.02,7399.89,559602.0,Bloomberg,False,0,INR,NSE,True,Green
PRC-BAJFINANCE-20241213,INE296A01024,BAJFINANCE,Bajaj Finance Ltd,2024-12-13,7499.6,7578.68,7532.76,7566.83,3469561.0,NSE Feed,False,0,INR,NSE,True,Green
PRC-BAJFINANCE-20241217,INE296A01024,BAJFINANCE,Bajaj Finance Ltd,2024-12-17,7307.71,7401.96,7146.79,7265.94,3994068.0,Bloomberg,False,0,INR,NSE,True,Green
PRC-BAJFINANCE-20241218,INE296A01024,BAJFINANCE,Bajaj Finance Ltd,2024-12-18,7449.53,7558.36,7263.95,7384.9,2853088.0,Refinitiv,False,0,INR,NSE,True,Green
PRC-BAJFINANCE-20241219,INE296A01024,BAJFINANCE,Bajaj Finance Ltd,2024-12-19,7457.87,7701.1,7340.94,7522.93,4908451.0,NSE Feed,False,0,INR,NSE,True,Green
PRC-BAJFINANCE-20241225,INE296A01024,BAJFINANCE,Bajaj Finance Ltd,2024-12-25,7321.71,7386.19,7123.47,7288.96,469692.0,NSE Feed,False,0,INR,NSE,True,Green
PRC-BAJFINANCE-20241227,INE296A01024,BAJFINANCE,Bajaj Finance Ltd,2024-12-27,7273.5,7329.32,7160.93,7251.5,4639442.0,NSE Feed,False,0,INR,NSE,True,Green
PRC-BAJFINANCE-20250101,INE296A01024,BAJFINANCE,Bajaj Finance Ltd,2025-01-01,7192.18,7212.84,7121.63,7211.09,1312995.0,NSE Feed,False,0,INR,NSE,True,Green
PRC-BAJFINANCE-20250113,INE296A01024,BAJFINANCE,Bajaj Finance Ltd,2025-01-13,6995.97,7131.66,7053.87,7058.85,1788301.0,NSE Feed,False,0,INR,NSE,True,Green
PRC-BAJFINANCE-20250130,INE296A01024,BAJFINANCE,Bajaj Finance Ltd,2025-01-30,7043.73,7102.02,6836.5,6976.49,4952061.0,Refinitiv,False,0,INR,NSE,False,Green
PRC-BAJFINANCE-20250211,INE296A01024,BAJFINANCE,Bajaj Finance Ltd,2025-02-11,6813.94,6953.77,6816.89,6860.27,453933.0,Bloomberg,False,0,INR,NSE,True,Green
PRC-BAJFINANCE-20250217,INE296A01024,BAJFINANCE,Bajaj Finance Ltd,2025-02-17,7002.61,7172.37,6879.86,,,Refinitiv,False,0,INR,NSE,True,Green
PRC-BAJFINANCE-20250218,INE296A01024,BAJFINANCE,Bajaj Finance Ltd,2025-02-18,7121.69,7225.14,7102.15,7139.4,156416.0,Bloomberg,False,0,INR,NSE,True,Green
PRC-BAJFINANCE-20250221,INE296A01024,BAJFINANCE,Bajaj Finance Ltd,2025-02-21,7223.54,7371.7,7195.11,7275.58,3119137.0,NSE Feed,False,0,INR,NSE,False,Green
PRC-BAJFINANCE-20250226,INE296A01024,BAJFINANCE,Bajaj Finance Ltd,2025-02-26,7313.0,7412.14,7172.16,7354.34,4751524.0,NSE Feed,False,0,INR,NSE,True,Green
PRC-BAJFINANCE-20250303,INE296A01024,BAJFINANCE,Bajaj Finance Ltd,2025-03-03,7289.16,7234.34,7159.83,,,Bloomberg,False,0,INR,NSE,True,Green
PRC-BAJFINANCE-20250313,INE296A01024,BAJFINANCE,Bajaj Finance Ltd,2025-03-13,7131.33,7271.07,7037.26,7172.9,3223500.0,Refinitiv,False,0,INR,NSE,True,Green
PRC-BAJFINANCE-20250317,INE296A01024,BAJFINANCE,Bajaj Finance Ltd,2025-03-17,7243.36,7319.57,7162.9,7225.55,1093994.0,NSE Feed,False,0,INR,NSE,True,Green
PRC-BAJFINANCE-20250324,INE296A01024,BAJFINANCE,Bajaj Finance Ltd,2025-03-24,7097.71,7240.85,6947.96,7093.1,3703244.0,Refinitiv,False,0,INR,NSE,True,Green
PRC-BAJFINANCE-20250326,INE296A01024,BAJFINANCE,Bajaj Finance Ltd,2025-03-26,7124.38,7284.12,7123.7,7168.96,,Bloomberg,False,0,INR,NSE,True,Green
PRC-BAJFINANCE-20250327,INE296A01024,BAJFINANCE,Bajaj Finance Ltd,2025-03-27,7089.75,7252.03,7053.99,7143.11,4201950.0,NSE Feed,False,0,INR,NSE,True,Green
PRC-BAJFINANCE-20250331,INE296A01024,BAJFINANCE,Bajaj Finance Ltd,2025-03-31,7119.27,7138.63,6972.57,7102.95,4371131.0,Bloomberg,False,0,INR,NSE,True,Green
PRC-BAJFINANCE-20250407,INE296A01024,BAJFINANCE,Bajaj Finance Ltd,2025-04-07,7160.59,7328.27,7117.46,7178.7,4250616.0,Bloomberg,False,0,INR,NSE,True,Green
PRC-BAJFINANCE-20250410,INE296A01024,BAJFINANCE,Bajaj Finance Ltd,2025-04-10,7238.68,7234.48,7057.34,7226.54,1802891.0,Bloomberg,False,0,INR,NSE,True,Green
PRC-BAJFINANCE-20250411,INE296A01024,BAJFINANCE,Bajaj Finance Ltd,2025-04-11,7243.29,7310.61,7173.5,7187.41,3238239.0,Bloomberg,False,0,INR,NSE,True,Green
PRC-BAJFINANCE-20250415,INE296A01024,BAJFINANCE,Bajaj Finance Ltd,2025-04-15,7304.28,7389.53,7221.13,7312.4,4002825.0,Refinitiv,False,0,INR,NSE,True,Green
PRC-BAJFINANCE-20250416,INE296A01024,BAJFINANCE,Bajaj Finance Ltd,2025-04-16,7180.72,7367.45,7046.43,7193.82,3307559.0,NSE Feed,False,0,INR,NSE,True,Green
PRC-BAJFINANCE-20250429,INE296A01024,BAJFINANCE,Bajaj Finance Ltd,2025-04-29,7239.83,7278.24,7226.0,7260.29,4401602.0,Refinitiv,False,0,INR,NSE,True,Green
PRC-BAJFINANCE-20250506,INE296A01024,BAJFINANCE,Bajaj Finance Ltd,2025-05-06,7266.05,7340.56,7113.54,7324.88,1780293.0,Bloomberg,False,0,INR,NSE,True,Green
PRC-BAJFINANCE-20250507,INE296A01024,BAJFINANCE,Bajaj Finance Ltd,2025-05-07,7336.88,7440.38,7132.17,7290.87,1256496.0,Refinitiv,False,0,INR,NSE,True,Green
PRC-BAJFINANCE-20250508,INE296A01024,BAJFINANCE,Bajaj Finance Ltd,2025-05-08,7294.57,7402.72,7325.84,7326.53,3503748.0,Refinitiv,True,6,INR,NSE,True,Red
PRC-BAJFINANCE-20250514,INE296A01024,BAJFINANCE,Bajaj Finance Ltd,2025-05-14,7259.39,7394.25,7160.02,,,NSE Feed,False,0,INR,NSE,True,Green
PRC-BAJFINANCE-20250516,INE296A01024,BAJFINANCE,Bajaj Finance Ltd,2025-05-16,7290.99,7460.54,7235.68,7288.68,3970513.0,Bloomberg,False,0,INR,NSE,True,Green
PRC-BAJFINANCE-20250519,INE296A01024,BAJFINANCE,Bajaj Finance Ltd,2025-05-19,7307.74,7420.66,7096.11,7268.47,3874638.0,Refinitiv,False,0,INR,NSE,True,Green
PRC-AXISBANK-20240104,INE585B01010,AXISBANK,Axis Bank Ltd,2024-01-04,1037.35,1069.3,1024.78,1041.77,2595180.0,Bloomberg,True,3,INR,NSE,True,Amber
PRC-AXISBANK-20240105,INE585B01010,AXISBANK,Axis Bank Ltd,2024-01-05,1052.85,1086.73,1049.69,1058.16,3940540.0,Bloomberg,False,0,INR,NSE,False,Green
PRC-AXISBANK-20240108,INE585B01010,AXISBANK,Axis Bank Ltd,2024-01-08,1044.75,1076.68,1023.1,1046.98,1424831.0,Bloomberg,False,0,INR,NSE,True,Green
PRC-AXISBANK-20240116,INE585B01010,AXISBANK,Axis Bank Ltd,2024-01-16,1015.98,1047.2,1021.85,1024.86,4239673.0,Bloomberg,False,0,INR,NSE,False,Green
PRC-AXISBANK-20240118,INE585B01010,AXISBANK,Axis Bank Ltd,2024-01-18,992.45,1004.09,993.92,1000.93,2834796.0,Bloomberg,False,0,INR,NSE,True,Green
PRC-AXISBANK-20240123,INE585B01010,AXISBANK,Axis Bank Ltd,2024-01-23,1009.26,1012.25,1000.77,1010.03,3974731.0,Bloomberg,False,0,INR,NSE,True,Green
PRC-AXISBANK-20240209,INE585B01010,AXISBANK,Axis Bank Ltd,2024-02-09,981.47,998.08,981.98,990.63,1244882.0,Bloomberg,False,0,INR,NSE,True,Green
PRC-AXISBANK-20240214,INE585B01010,AXISBANK,Axis Bank Ltd,2024-02-14,1008.22,1036.75,1007.97,1016.71,3771892.0,NSE Feed,False,0,INR,NSE,True,Green
PRC-AXISBANK-20240219,INE585B01010,AXISBANK,Axis Bank Ltd,2024-02-19,991.62,1002.89,960.64,984.95,1141457.0,Refinitiv,False,0,INR,NSE,True,Green
PRC-AXISBANK-20240306,INE585B01010,AXISBANK,Axis Bank Ltd,2024-03-06,1000.14,1018.3,993.07,1010.02,1592670.0,NSE Feed,False,0,INR,NSE,True,Green
PRC-AXISBANK-20240314,INE585B01010,AXISBANK,Axis Bank Ltd,2024-03-14,1012.04,1014.67,1002.11,1013.22,4486188.0,Refinitiv,False,0,INR,NSE,True,Green
PRC-AXISBANK-20240318,INE585B01010,AXISBANK,Axis Bank Ltd,2024-03-18,1015.6,1025.22,999.55,1011.75,508229.0,Bloomberg,False,0,INR,NSE,True,Green
PRC-AXISBANK-20240319,INE585B01010,AXISBANK,Axis Bank Ltd,2024-03-19,998.23,1006.23,986.07,1003.48,222137.0,Bloomberg,False,0,INR,NSE,True,Green
PRC-AXISBANK-20240401,INE585B01010,AXISBANK,Axis Bank Ltd,2024-04-01,1015.48,1034.63,984.28,1009.48,1501293.0,NSE Feed,True,3,INR,NSE,True,Amber
PRC-AXISBANK-20240402,INE585B01010,AXISBANK,Axis Bank Ltd,2024-04-02,1010.17,1014.65,984.92,1008.91,4644131.0,Bloomberg,False,0,INR,NSE,False,Green
PRC-AXISBANK-20240409,INE585B01010,AXISBANK,Axis Bank Ltd,2024-04-09,1022.67,1030.95,1007.22,1025.61,2752815.0,NSE Feed,False,0,INR,NSE,True,Green
PRC-AXISBANK-20240411,INE585B01010,AXISBANK,Axis Bank Ltd,2024-04-11,1030.45,1038.74,998.62,1027.37,1933421.0,Bloomberg,True,6,INR,NSE,True,Red
PRC-AXISBANK-20240418,INE585B01010,AXISBANK,Axis Bank Ltd,2024-04-18,1021.48,1046.25,1029.39,1029.68,4874838.0,NSE Feed,False,0,INR,NSE,True,Green
PRC-AXISBANK-20240422,INE585B01010,AXISBANK,Axis Bank Ltd,2024-04-22,1026.75,1036.01,1021.75,1024.07,1215109.0,Bloomberg,False,0,INR,NSE,True,Green
PRC-AXISBANK-20240423,INE585B01010,AXISBANK,Axis Bank Ltd,2024-04-23,1032.98,1043.65,994.57,1023.19,248048.0,Refinitiv,False,0,INR,NSE,False,Green
PRC-AXISBANK-20240501,INE585B01010,AXISBANK,Axis Bank Ltd,2024-05-01,1032.89,1043.44,1018.81,1027.92,211498.0,NSE Feed,False,0,INR,NSE,True,Green
PRC-AXISBANK-20240506,INE585B01010,AXISBANK,Axis Bank Ltd,2024-05-06,996.27,1014.42,978.82,1001.55,765968.0,NSE Feed,False,0,INR,NSE,True,Green
PRC-AXISBANK-20240513,INE585B01010,AXISBANK,Axis Bank Ltd,2024-05-13,978.86,1000.2,958.86,981.3,3822245.0,Refinitiv,False,0,INR,NSE,True,Green
PRC-AXISBANK-20240514,INE585B01010,AXISBANK,Axis Bank Ltd,2024-05-14,997.93,993.41,986.04,992.24,3580378.0,Refinitiv,False,0,INR,NSE,True,Green
PRC-AXISBANK-20240521,INE585B01010,AXISBANK,Axis Bank Ltd,2024-05-21,999.41,1005.01,971.08,994.78,553605.0,Refinitiv,False,0,INR,NSE,False,Green
PRC-AXISBANK-20240523,INE585B01010,AXISBANK,Axis Bank Ltd,2024-05-23,986.53,1018.01,977.79,992.03,1639691.0,Bloomberg,False,0,INR,NSE,True,Green
PRC-AXISBANK-20240524,INE585B01010,AXISBANK,Axis Bank Ltd,2024-05-24,1001.31,993.86,992.07,992.31,1813121.0,NSE Feed,False,0,INR,NSE,True,Green
PRC-AXISBANK-20240527,INE585B01010,AXISBANK,Axis Bank Ltd,2024-05-27,1006.1,1004.55,969.9,997.48,4018102.0,Bloomberg,False,0,INR,NSE,True,Green
PRC-AXISBANK-20240610,INE585B01010,AXISBANK,Axis Bank Ltd,2024-06-10,991.5,998.4,976.83,989.41,1789474.0,Bloomberg,False,0,INR,NSE,True,Green
PRC-AXISBANK-20240614,INE585B01010,AXISBANK,Axis Bank Ltd,2024-06-14,975.11,988.93,962.33,977.85,3645841.0,Refinitiv,False,0,INR,NSE,True,Green
PRC-AXISBANK-20240625,INE585B01010,AXISBANK,Axis Bank Ltd,2024-06-25,989.63,994.91,973.72,980.73,3685268.0,NSE Feed,False,0,INR,NSE,True,Green
PRC-AXISBANK-20240716,INE585B01010,AXISBANK,Axis Bank Ltd,2024-07-16,959.62,987.4,944.8,966.33,3989388.0,Bloomberg,False,0,INR,NSE,True,Green
PRC-AXISBANK-20240722,INE585B01010,AXISBANK,Axis Bank Ltd,2024-07-22,963.93,976.24,956.77,972.25,1397922.0,NSE Feed,False,0,INR,NSE,True,Green
PRC-AXISBANK-20240726,INE585B01010,AXISBANK,Axis Bank Ltd,2024-07-26,945.04,958.92,930.82,947.42,3410561.0,Refinitiv,False,0,INR,NSE,True,Green
PRC-AXISBANK-20240801,INE585B01010,AXISBANK,Axis Bank Ltd,2024-08-01,963.75,973.85,934.31,962.05,1144193.0,Bloomberg,False,0,INR,NSE,False,Green
PRC-AXISBANK-20240805,INE585B01010,AXISBANK,Axis Bank Ltd,2024-08-05,977.72,991.28,961.65,968.87,3024089.0,Refinitiv,False,0,INR,NSE,True,Green
PRC-AXISBANK-20240806,INE585B01010,AXISBANK,Axis Bank Ltd,2024-08-06,963.98,983.83,955.78,972.59,2170239.0,NSE Feed,False,0,INR,NSE,True,Green
PRC-AXISBANK-20240808,INE585B01010,AXISBANK,Axis Bank Ltd,2024-08-08,991.0,987.76,977.03,986.92,1340543.0,Bloomberg,False,0,INR,NSE,True,Green
PRC-AXISBANK-20240820,INE585B01010,AXISBANK,Axis Bank Ltd,2024-08-20,1006.47,1029.13,1001.34,1011.58,1454151.0,NSE Feed,False,0,INR,NSE,True,Green
PRC-AXISBANK-20240821,INE585B01010,AXISBANK,Axis Bank Ltd,2024-08-21,1024.6,1048.72,1026.18,1026.97,774010.0,Refinitiv,False,0,INR,NSE,False,Green
PRC-AXISBANK-20240822,INE585B01010,AXISBANK,Axis Bank Ltd,2024-08-22,997.15,1019.34,983.65,998.61,4572816.0,Refinitiv,False,0,INR,NSE,True,Green
PRC-AXISBANK-20240823,INE585B01010,AXISBANK,Axis Bank Ltd,2024-08-23,984.39,1006.61,975.61,979.45,1016657.0,Refinitiv,False,0,INR,NSE,True,Green
PRC-AXISBANK-20240829,INE585B01010,AXISBANK,Axis Bank Ltd,2024-08-29,965.78,976.37,962.94,970.27,2684533.0,NSE Feed,False,0,INR,NSE,False,Green
PRC-AXISBANK-20240910,INE585B01010,AXISBANK,Axis Bank Ltd,2024-09-10,975.96,982.81,953.67,970.65,2518773.0,Refinitiv,True,3,INR,NSE,True,Amber
PRC-AXISBANK-20240919,INE585B01010,AXISBANK,Axis Bank Ltd,2024-09-19,971.03,992.46,963.59,978.18,1024745.0,Bloomberg,False,0,INR,NSE,True,Green
PRC-AXISBANK-20240930,INE585B01010,AXISBANK,Axis Bank Ltd,2024-09-30,972.37,991.02,944.08,967.54,3529199.0,Bloomberg,False,0,INR,NSE,True,Green
PRC-AXISBANK-20241002,INE585B01010,AXISBANK,Axis Bank Ltd,2024-10-02,963.77,978.78,952.13,970.25,2421649.0,NSE Feed,False,0,INR,NSE,True,Green
PRC-AXISBANK-20241004,INE585B01010,AXISBANK,Axis Bank Ltd,2024-10-04,962.57,962.15,932.23,959.25,160621.0,Refinitiv,False,0,INR,NSE,True,Green
PRC-AXISBANK-20241007,INE585B01010,AXISBANK,Axis Bank Ltd,2024-10-07,950.88,950.66,939.13,950.45,2329992.0,Bloomberg,False,0,INR,NSE,True,Green
PRC-AXISBANK-20241011,INE585B01010,AXISBANK,Axis Bank Ltd,2024-10-11,927.99,955.24,930.38,930.4,2109885.0,Bloomberg,False,0,INR,NSE,True,Green
PRC-AXISBANK-20241015,INE585B01010,AXISBANK,Axis Bank Ltd,2024-10-15,924.36,939.71,890.07,917.51,3470612.0,Refinitiv,True,7,INR,NSE,True,Red
PRC-AXISBANK-20241021,INE585B01010,AXISBANK,Axis Bank Ltd,2024-10-21,905.55,906.45,890.8,898.91,2184884.0,Bloomberg,True,3,INR,NSE,True,Amber
PRC-AXISBANK-20241025,INE585B01010,AXISBANK,Axis Bank Ltd,2024-10-25,886.02,903.3,859.26,885.75,2802671.0,NSE Feed,False,0,INR,NSE,True,Green
PRC-AXISBANK-20241030,INE585B01010,AXISBANK,Axis Bank Ltd,2024-10-30,904.0,918.05,879.06,899.75,4164583.0,Bloomberg,False,0,INR,NSE,True,Green
PRC-AXISBANK-20241105,INE585B01010,AXISBANK,Axis Bank Ltd,2024-11-05,894.73,911.99,873.0,886.94,942683.0,Refinitiv,False,0,INR,NSE,True,Green
PRC-AXISBANK-20241114,INE585B01010,AXISBANK,Axis Bank Ltd,2024-11-14,928.78,946.2,916.01,921.96,4333198.0,NSE Feed,False,0,INR,NSE,True,Green
PRC-AXISBANK-20241119,INE585B01010,AXISBANK,Axis Bank Ltd,2024-11-19,932.0,944.07,925.29,928.78,1509729.0,Bloomberg,False,0,INR,NSE,False,Green
PRC-AXISBANK-20241120,INE585B01010,AXISBANK,Axis Bank Ltd,2024-11-20,926.58,936.12,929.8,931.36,850208.0,NSE Feed,False,0,INR,NSE,True,Green
PRC-AXISBANK-20241122,INE585B01010,AXISBANK,Axis Bank Ltd,2024-11-22,927.25,944.26,912.92,919.37,1948648.0,Refinitiv,False,0,INR,NSE,True,Green
PRC-AXISBANK-20241125,INE585B01010,AXISBANK,Axis Bank Ltd,2024-11-25,922.02,932.81,916.05,929.02,4226849.0,NSE Feed,False,0,INR,NSE,True,Green
PRC-AXISBANK-20241205,INE585B01010,AXISBANK,Axis Bank Ltd,2024-12-05,922.4,946.53,895.16,921.0,2979186.0,Bloomberg,False,0,INR,NSE,False,Green
PRC-AXISBANK-20241206,INE585B01010,AXISBANK,Axis Bank Ltd,2024-12-06,925.53,944.42,921.75,922.69,3765505.0,NSE Feed,False,0,INR,NSE,True,Green
PRC-AXISBANK-20241216,INE585B01010,AXISBANK,Axis Bank Ltd,2024-12-16,950.25,979.41,956.31,958.12,1073969.0,Refinitiv,False,0,INR,NSE,True,Green
PRC-AXISBANK-20241217,INE585B01010,AXISBANK,Axis Bank Ltd,2024-12-17,958.21,956.79,929.81,956.74,4592963.0,NSE Feed,False,0,INR,NSE,True,Green
PRC-AXISBANK-20241223,INE585B01010,AXISBANK,Axis Bank Ltd,2024-12-23,970.6,993.07,967.29,973.23,4459990.0,Refinitiv,False,0,INR,NSE,True,Green
PRC-AXISBANK-20241225,INE585B01010,AXISBANK,Axis Bank Ltd,2024-12-25,963.7,976.27,938.26,962.97,2589936.0,NSE Feed,False,0,INR,NSE,True,Green
PRC-AXISBANK-20250106,INE585B01010,AXISBANK,Axis Bank Ltd,2025-01-06,955.64,981.67,956.72,962.46,388097.0,Refinitiv,False,0,INR,NSE,True,Green
PRC-AXISBANK-20250109,INE585B01010,AXISBANK,Axis Bank Ltd,2025-01-09,983.55,1013.15,975.4,988.03,1909465.0,Bloomberg,False,0,INR,NSE,True,Green
PRC-AXISBANK-20250116,INE585B01010,AXISBANK,Axis Bank Ltd,2025-01-16,971.94,999.78,974.27,978.73,1988038.0,Refinitiv,True,7,INR,NSE,True,Red
PRC-AXISBANK-20250117,INE585B01010,AXISBANK,Axis Bank Ltd,2025-01-17,1012.52,1027.28,984.2,1005.34,1435409.0,NSE Feed,False,0,INR,NSE,True,Green
PRC-AXISBANK-20250120,INE585B01010,AXISBANK,Axis Bank Ltd,2025-01-20,1025.98,1039.11,997.46,1016.02,4527880.0,Refinitiv,False,0,INR,NSE,True,Green
PRC-AXISBANK-20250127,INE585B01010,AXISBANK,Axis Bank Ltd,2025-01-27,1014.62,1019.35,981.18,1007.44,4968611.0,NSE Feed,False,0,INR,NSE,True,Green
PRC-AXISBANK-20250130,INE585B01010,AXISBANK,Axis Bank Ltd,2025-01-30,1010.16,1021.2,1007.72,1017.0,2541769.0,NSE Feed,False,0,INR,NSE,True,Green
PRC-AXISBANK-20250207,INE585B01010,AXISBANK,Axis Bank Ltd,2025-02-07,1034.96,1043.05,1027.38,1031.84,955200.0,Refinitiv,False,0,INR,NSE,True,Green
PRC-AXISBANK-20250210,INE585B01010,AXISBANK,Axis Bank Ltd,2025-02-10,1051.52,1062.69,1015.47,1041.46,572542.0,NSE Feed,False,0,INR,NSE,True,Green
PRC-AXISBANK-20250211,INE585B01010,AXISBANK,Axis Bank Ltd,2025-02-11,1009.15,1032.66,996.75,1016.93,3739157.0,NSE Feed,False,0,INR,NSE,True,Green
PRC-AXISBANK-20250213,INE585B01010,AXISBANK,Axis Bank Ltd,2025-02-13,1003.76,1014.97,993.65,1005.84,1546925.0,Refinitiv,True,5,INR,NSE,True,Amber
PRC-AXISBANK-20250217,INE585B01010,AXISBANK,Axis Bank Ltd,2025-02-17,1005.53,1004.8,985.98,1002.1,3305294.0,Bloomberg,False,0,INR,NSE,True,Green
PRC-AXISBANK-20250224,INE585B01010,AXISBANK,Axis Bank Ltd,2025-02-24,992.63,1015.68,991.04,1000.99,4376080.0,NSE Feed,True,3,INR,NSE,True,Amber
PRC-AXISBANK-20250225,INE585B01010,AXISBANK,Axis Bank Ltd,2025-02-25,1005.73,1032.9,1004.07,1010.31,1619148.0,Bloomberg,False,0,INR,NSE,True,Green
PRC-AXISBANK-20250303,INE585B01010,AXISBANK,Axis Bank Ltd,2025-03-03,1014.45,1016.02,984.54,1013.0,4608969.0,NSE Feed,False,0,INR,NSE,True,Green
PRC-AXISBANK-20250306,INE585B01010,AXISBANK,Axis Bank Ltd,2025-03-06,999.01,1016.04,978.71,992.71,636297.0,Refinitiv,False,0,INR,NSE,True,Green
PRC-AXISBANK-20250311,INE585B01010,AXISBANK,Axis Bank Ltd,2025-03-11,1001.4,1020.94,974.63,998.37,1084202.0,NSE Feed,False,0,INR,NSE,True,Green
PRC-AXISBANK-20250313,INE585B01010,AXISBANK,Axis Bank Ltd,2025-03-13,1013.57,1011.23,981.18,1007.51,1829981.0,Refinitiv,True,9,INR,NSE,True,Red
PRC-AXISBANK-20250318,INE585B01010,AXISBANK,Axis Bank Ltd,2025-03-18,1006.52,1045.84,1000.92,1015.97,3149759.0,Refinitiv,False,0,INR,NSE,True,Green
PRC-AXISBANK-20250320,INE585B01010,AXISBANK,Axis Bank Ltd,2025-03-20,1027.25,1033.87,1030.76,1032.44,2561190.0,Refinitiv,False,0,INR,NSE,True,Green
PRC-AXISBANK-20250326,INE585B01010,AXISBANK,Axis Bank Ltd,2025-03-26,1041.45,1073.92,1045.26,1045.36,4614828.0,Refinitiv,False,0,INR,NSE,True,Green
PRC-AXISBANK-20250327,INE585B01010,AXISBANK,Axis Bank Ltd,2025-03-27,1047.02,1058.5,1030.45,1052.56,1905336.0,NSE Feed,False,0,INR,NSE,True,Green
PRC-AXISBANK-20250331,INE585B01010,AXISBANK,Axis Bank Ltd,2025-03-31,1043.64,1071.08,1022.25,1051.45,2238821.0,Bloomberg,False,0,INR,NSE,True,Green
PRC-AXISBANK-20250402,INE585B01010,AXISBANK,Axis Bank Ltd,2025-04-02,1016.71,1033.07,1007.58,1025.25,1301617.0,Refinitiv,False,0,INR,NSE,True,Green
PRC-AXISBANK-20250404,INE585B01010,AXISBANK,Axis Bank Ltd,2025-04-04,1034.61,1051.85,1023.02,1031.86,4828173.0,Refinitiv,False,0,INR,NSE,True,Green
PRC-AXISBANK-20250407,INE585B01010,AXISBANK,Axis Bank Ltd,2025-04-07,1041.73,1044.9,1028.49,1035.08,3278795.0,NSE Feed,False,0,INR,NSE,False,Green
PRC-AXISBANK-20250410,INE585B01010,AXISBANK,Axis Bank Ltd,2025-04-10,1039.95,1060.62,1020.8,1039.29,2862851.0,Refinitiv,False,0,INR,NSE,True,Green
PRC-AXISBANK-20250415,INE585B01010,AXISBANK,Axis Bank Ltd,2025-04-15,1012.18,1043.8,997.18,1019.39,921637.0,Bloomberg,False,0,INR,NSE,False,Green
PRC-AXISBANK-20250416,INE585B01010,AXISBANK,Axis Bank Ltd,2025-04-16,1008.53,1006.57,988.61,1002.86,2671524.0,Refinitiv,False,0,INR,NSE,True,Green
PRC-AXISBANK-20250423,INE585B01010,AXISBANK,Axis Bank Ltd,2025-04-23,1022.79,1045.15,1005.0,1018.7,931027.0,NSE Feed,False,0,INR,NSE,True,Green
PRC-AXISBANK-20250424,INE585B01010,AXISBANK,Axis Bank Ltd,2025-04-24,1014.94,1040.74,1017.12,1018.1,4560073.0,Refinitiv,False,0,INR,NSE,True,Green
PRC-AXISBANK-20250501,INE585B01010,AXISBANK,Axis Bank Ltd,2025-05-01,1020.84,1028.8,1013.5,1028.5,1404355.0,Refinitiv,False,0,INR,NSE,True,Green
PRC-AXISBANK-20250506,INE585B01010,AXISBANK,Axis Bank Ltd,2025-05-06,1019.74,1051.33,1028.15,1028.94,2189699.0,Refinitiv,False,0,INR,NSE,True,Green
PRC-AXISBANK-20250520,INE585B01010,AXISBANK,Axis Bank Ltd,2025-05-20,1039.41,1054.06,1014.03,1029.4,2413770.0,Bloomberg,False,0,INR,NSE,True,Green
PRC-ICICIBANK-20240102,INE090A01021,ICICIBANK,ICICI Bank Ltd,2024-01-02,1248.79,1282.22,1228.26,1257.45,3416510.0,Bloomberg,False,0,INR,NSE,True,Green
PRC-ICICIBANK-20240103,INE090A01021,ICICIBANK,ICICI Bank Ltd,2024-01-03,1255.49,1251.79,1226.7,1247.72,3785591.0,NSE Feed,False,0,INR,NSE,True,Green
PRC-ICICIBANK-20240104,INE090A01021,ICICIBANK,ICICI Bank Ltd,2024-01-04,1239.79,1260.2,1217.04,1249.52,3632071.0,Refinitiv,True,5,INR,NSE,True,Amber
PRC-ICICIBANK-20240105,INE090A01021,ICICIBANK,ICICI Bank Ltd,2024-01-05,1251.98,1276.58,1240.22,1240.85,,NSE Feed,False,0,INR,NSE,True,Green
PRC-ICICIBANK-20240108,INE090A01021,ICICIBANK,ICICI Bank Ltd,2024-01-08,1238.05,1244.78,1224.05,1232.77,3454403.0,Refinitiv,False,0,INR,NSE,True,Green
PRC-ICICIBANK-20240110,INE090A01021,ICICIBANK,ICICI Bank Ltd,2024-01-10,1218.0,1262.3,1219.42,1227.05,1158001.0,NSE Feed,False,0,INR,NSE,True,Green
PRC-ICICIBANK-20240125,INE090A01021,ICICIBANK,ICICI Bank Ltd,2024-01-25,1220.11,1261.79,1210.07,,,Refinitiv,False,0,INR,NSE,True,Green
PRC-ICICIBANK-20240130,INE090A01021,ICICIBANK,ICICI Bank Ltd,2024-01-30,1221.95,1250.2,1194.71,1222.3,1379226.0,Refinitiv,False,0,INR,NSE,True,Green
PRC-ICICIBANK-20240206,INE090A01021,ICICIBANK,ICICI Bank Ltd,2024-02-06,1254.39,1282.47,1217.2,1245.32,3700046.0,NSE Feed,False,0,INR,NSE,True,Green
PRC-ICICIBANK-20240209,INE090A01021,ICICIBANK,ICICI Bank Ltd,2024-02-09,1234.27,1251.13,1198.7,1228.61,1347604.0,NSE Feed,False,0,INR,NSE,True,Green
PRC-ICICIBANK-20240222,INE090A01021,ICICIBANK,ICICI Bank Ltd,2024-02-22,1217.62,1230.54,1189.06,1225.17,1774731.0,NSE Feed,False,0,INR,NSE,True,Green
PRC-ICICIBANK-20240223,INE090A01021,ICICIBANK,ICICI Bank Ltd,2024-02-23,1221.96,1252.87,1188.67,1217.08,3674183.0,Bloomberg,False,0,INR,NSE,True,Green
PRC-ICICIBANK-20240226,INE090A01021,ICICIBANK,ICICI Bank Ltd,2024-02-26,1237.76,1253.97,1219.29,1243.5,3607060.0,NSE Feed,True,3,INR,NSE,True,Amber
PRC-ICICIBANK-20240229,INE090A01021,ICICIBANK,ICICI Bank Ltd,2024-02-29,1251.17,1259.2,1220.43,1247.17,,Bloomberg,True,2,INR,NSE,False,Amber
PRC-ICICIBANK-20240301,INE090A01021,ICICIBANK,ICICI Bank Ltd,2024-03-01,1277.83,1280.28,1240.04,1266.47,912748.0,Refinitiv,False,0,INR,NSE,True,Green
PRC-ICICIBANK-20240305,INE090A01021,ICICIBANK,ICICI Bank Ltd,2024-03-05,1234.07,1265.79,1214.53,1238.25,4536416.0,Refinitiv,False,0,INR,NSE,True,Green
PRC-ICICIBANK-20240306,INE090A01021,ICICIBANK,ICICI Bank Ltd,2024-03-06,1240.33,1276.3,1210.78,1243.21,1109605.0,NSE Feed,False,0,INR,NSE,True,Green
PRC-ICICIBANK-20240312,INE090A01021,ICICIBANK,ICICI Bank Ltd,2024-03-12,1252.0,1286.43,1256.98,1259.8,728135.0,Refinitiv,False,0,INR,NSE,True,Green
PRC-ICICIBANK-20240315,INE090A01021,ICICIBANK,ICICI Bank Ltd,2024-03-15,1267.94,1281.54,1229.33,1261.35,1172332.0,NSE Feed,False,0,INR,NSE,True,Green
PRC-ICICIBANK-20240320,INE090A01021,ICICIBANK,ICICI Bank Ltd,2024-03-20,1288.16,1314.04,1264.61,1281.51,3013695.0,Bloomberg,False,0,INR,NSE,True,Green
PRC-ICICIBANK-20240325,INE090A01021,ICICIBANK,ICICI Bank Ltd,2024-03-25,1260.58,1287.55,1268.95,1271.57,4326763.0,NSE Feed,False,0,INR,NSE,True,Green
PRC-ICICIBANK-20240328,INE090A01021,ICICIBANK,ICICI Bank Ltd,2024-03-28,1292.99,1335.68,1261.86,1298.45,1695437.0,Refinitiv,False,0,INR,NSE,True,Green
PRC-ICICIBANK-20240404,INE090A01021,ICICIBANK,ICICI Bank Ltd,2024-04-04,1343.59,1346.25,1320.57,1343.23,4372136.0,Bloomberg,False,0,INR,NSE,True,Green
PRC-ICICIBANK-20240405,INE090A01021,ICICIBANK,ICICI Bank Ltd,2024-04-05,1328.08,1336.06,1318.76,1335.91,174334.0,Refinitiv,False,0,INR,NSE,True,Green
PRC-ICICIBANK-20240418,INE090A01021,ICICIBANK,ICICI Bank Ltd,2024-04-18,1321.77,1335.76,1315.37,1326.99,4731777.0,NSE Feed,False,0,INR,NSE,True,Green
PRC-ICICIBANK-20240426,INE090A01021,ICICIBANK,ICICI Bank Ltd,2024-04-26,1343.42,1361.94,1351.18,1355.92,,NSE Feed,False,0,INR,NSE,True,Green
PRC-ICICIBANK-20240430,INE090A01021,ICICIBANK,ICICI Bank Ltd,2024-04-30,1381.08,1422.33,1368.66,1388.04,111743.0,Refinitiv,False,0,INR,NSE,True,Green
PRC-ICICIBANK-20240501,INE090A01021,ICICIBANK,ICICI Bank Ltd,2024-05-01,1365.68,1406.3,1358.54,1377.16,1220815.0,Bloomberg,False,0,INR,NSE,True,Green
PRC-ICICIBANK-20240503,INE090A01021,ICICIBANK,ICICI Bank Ltd,2024-05-03,1371.92,1368.9,1342.02,1368.48,2446208.0,NSE Feed,False,0,INR,NSE,True,Green
PRC-ICICIBANK-20240513,INE090A01021,ICICIBANK,ICICI Bank Ltd,2024-05-13,1372.72,1401.08,1345.66,,,Refinitiv,False,0,INR,NSE,True,Green
PRC-ICICIBANK-20240515,INE090A01021,ICICIBANK,ICICI Bank Ltd,2024-05-15,1345.09,1360.62,1317.22,1335.21,3809315.0,NSE Feed,False,0,INR,NSE,True,Green
PRC-ICICIBANK-20240521,INE090A01021,ICICIBANK,ICICI Bank Ltd,2024-05-21,1326.25,1332.44,1294.93,1316.81,3739846.0,Bloomberg,False,0,INR,NSE,True,Green
PRC-ICICIBANK-20240531,INE090A01021,ICICIBANK,ICICI Bank Ltd,2024-05-31,1295.93,1328.71,1264.92,1296.98,4878637.0,Bloomberg,False,0,INR,NSE,False,Green
PRC-ICICIBANK-20240604,INE090A01021,ICICIBANK,ICICI Bank Ltd,2024-06-04,1277.17,1316.09,1275.02,1282.04,1675783.0,NSE Feed,False,0,INR,NSE,True,Green
PRC-ICICIBANK-20240610,INE090A01021,ICICIBANK,ICICI Bank Ltd,2024-06-10,1285.09,1296.85,1270.78,1281.37,1251682.0,Refinitiv,False,0,INR,NSE,True,Green
PRC-ICICIBANK-20240612,INE090A01021,ICICIBANK,ICICI Bank Ltd,2024-06-12,1282.89,1290.12,1247.82,,,Refinitiv,False,0,INR,NSE,False,Green
PRC-ICICIBANK-20240619,INE090A01021,ICICIBANK,ICICI Bank Ltd,2024-06-19,1309.67,1352.83,1299.98,1315.78,178820.0,NSE Feed,False,0,INR,NSE,True,Green
PRC-ICICIBANK-20240624,INE090A01021,ICICIBANK,ICICI Bank Ltd,2024-06-24,1285.32,1301.49,1286.73,1296.08,3827278.0,NSE Feed,False,0,INR,NSE,True,Green
PRC-ICICIBANK-20240626,INE090A01021,ICICIBANK,ICICI Bank Ltd,2024-06-26,1316.36,1325.77,1297.21,1315.21,277904.0,NSE Feed,False,0,INR,NSE,True,Green
PRC-ICICIBANK-20240708,INE090A01021,ICICIBANK,ICICI Bank Ltd,2024-07-08,1319.82,1316.57,1307.54,1310.99,301333.0,NSE Feed,False,0,INR,NSE,True,Green
PRC-ICICIBANK-20240723,INE090A01021,ICICIBANK,ICICI Bank Ltd,2024-07-23,1302.84,1344.57,1285.84,1310.02,1042952.0,Bloomberg,False,0,INR,NSE,True,Green
PRC-ICICIBANK-20240725,INE090A01021,ICICIBANK,ICICI Bank Ltd,2024-07-25,1335.35,1337.47,1308.02,1323.28,1092799.0,Bloomberg,False,0,INR,NSE,False,Green
PRC-ICICIBANK-20240729,INE090A01021,ICICIBANK,ICICI Bank Ltd,2024-07-29,1303.71,1307.95,1282.67,1301.0,1621403.0,Refinitiv,False,0,INR,NSE,True,Green
PRC-ICICIBANK-20240731,INE090A01021,ICICIBANK,ICICI Bank Ltd,2024-07-31,1311.72,1319.72,1303.57,1308.46,2374095.0,Bloomberg,False,0,INR,NSE,True,Green
PRC-ICICIBANK-20240801,INE090A01021,ICICIBANK,ICICI Bank Ltd,2024-08-01,1317.27,1314.73,1272.46,1311.73,1346907.0,Refinitiv,False,0,INR,NSE,True,Green
PRC-ICICIBANK-20240806,INE090A01021,ICICIBANK,ICICI Bank Ltd,2024-08-06,1329.26,1360.12,1314.07,1321.41,1049288.0,Refinitiv,False,0,INR,NSE,True,Green
PRC-ICICIBANK-20240812,INE090A01021,ICICIBANK,ICICI Bank Ltd,2024-08-12,1322.45,1332.22,1317.89,1327.15,3057896.0,Bloomberg,False,0,INR,NSE,True,Green
PRC-ICICIBANK-20240822,INE090A01021,ICICIBANK,ICICI Bank Ltd,2024-08-22,1378.82,1402.3,1340.45,1376.02,2162826.0,Bloomberg,False,0,INR,NSE,True,Green
PRC-ICICIBANK-20240829,INE090A01021,ICICIBANK,ICICI Bank Ltd,2024-08-29,1363.75,1396.45,1337.7,1362.86,4973478.0,Refinitiv,False,0,INR,NSE,True,Green
PRC-ICICIBANK-20240903,INE090A01021,ICICIBANK,ICICI Bank Ltd,2024-09-03,1358.72,1380.52,1320.99,1352.01,124042.0,NSE Feed,False,0,INR,NSE,False,Green
PRC-ICICIBANK-20240906,INE090A01021,ICICIBANK,ICICI Bank Ltd,2024-09-06,1351.63,1376.37,1301.58,,,Bloomberg,False,0,INR,NSE,True,Green
PRC-ICICIBANK-20240909,INE090A01021,ICICIBANK,ICICI Bank Ltd,2024-09-09,1318.63,1346.55,1321.64,1328.21,4726320.0,Bloomberg,False,0,INR,NSE,True,Green
PRC-ICICIBANK-20240910,INE090A01021,ICICIBANK,ICICI Bank Ltd,2024-09-10,1305.44,1342.97,1281.69,1315.51,321013.0,Refinitiv,True,4,INR,NSE,False,Amber
PRC-ICICIBANK-20240911,INE090A01021,ICICIBANK,ICICI Bank Ltd,2024-09-11,1343.33,1341.94,1332.44,1338.97,1426852.0,NSE Feed,False,0,INR,NSE,True,Green
PRC-ICICIBANK-20240918,INE090A01021,ICICIBANK,ICICI Bank Ltd,2024-09-18,1354.17,1401.6,1343.56,1367.5,1630287.0,Bloomberg,False,0,INR,NSE,True,Green
PRC-ICICIBANK-20240924,INE090A01021,ICICIBANK,ICICI Bank Ltd,2024-09-24,1350.36,1372.53,1328.84,1355.8,210808.0,Bloomberg,False,0,INR,NSE,True,Green
PRC-ICICIBANK-20240927,INE090A01021,ICICIBANK,ICICI Bank Ltd,2024-09-27,1341.66,1345.84,1305.14,1338.87,3425166.0,Bloomberg,False,0,INR,NSE,True,Green
PRC-ICICIBANK-20241008,INE090A01021,ICICIBANK,ICICI Bank Ltd,2024-10-08,1357.22,1385.52,1328.19,1348.34,2006855.0,Bloomberg,False,0,INR,NSE,False,Green
PRC-ICICIBANK-20241014,INE090A01021,ICICIBANK,ICICI Bank Ltd,2024-10-14,1333.89,1375.32,1326.86,1337.17,3458818.0,Refinitiv,False,0,INR,NSE,True,Green
PRC-ICICIBANK-20241016,INE090A01021,ICICIBANK,ICICI Bank Ltd,2024-10-16,1362.71,1374.37,1312.49,1349.86,4029526.0,Bloomberg,False,0,INR,NSE,True,Green
PRC-ICICIBANK-20241017,INE090A01021,ICICIBANK,ICICI Bank Ltd,2024-10-17,1344.89,1386.6,1339.62,1353.97,1733518.0,Bloomberg,False,0,INR,NSE,True,Green
PRC-ICICIBANK-20241021,INE090A01021,ICICIBANK,ICICI Bank Ltd,2024-10-21,1332.36,1324.3,1294.69,1323.19,4643000.0,NSE Feed,False,0,INR,NSE,True,Green
PRC-ICICIBANK-20241029,INE090A01021,ICICIBANK,ICICI Bank Ltd,2024-10-29,1348.73,1376.31,1339.21,1353.9,371512.0,NSE Feed,False,0,INR,NSE,True,Green
PRC-ICICIBANK-20241030,INE090A01021,ICICIBANK,ICICI Bank Ltd,2024-10-30,1392.15,1423.33,1350.57,1390.37,2738890.0,NSE Feed,False,0,INR,NSE,False,Green
PRC-ICICIBANK-20241104,INE090A01021,ICICIBANK,ICICI Bank Ltd,2024-11-04,1371.6,1394.05,1344.32,,,Bloomberg,False,0,INR,NSE,True,Green
PRC-ICICIBANK-20241115,INE090A01021,ICICIBANK,ICICI Bank Ltd,2024-11-15,1358.55,1386.32,1358.96,1369.58,947273.0,Refinitiv,False,0,INR,NSE,True,Green
PRC-ICICIBANK-20241125,INE090A01021,ICICIBANK,ICICI Bank Ltd,2024-11-25,1372.21,1399.65,1369.35,1375.45,2533697.0,NSE Feed,False,0,INR,NSE,True,Green
PRC-ICICIBANK-20241127,INE090A01021,ICICIBANK,ICICI Bank Ltd,2024-11-27,1371.11,1412.15,1377.56,1382.35,1281641.0,Refinitiv,False,0,INR,NSE,True,Green
PRC-ICICIBANK-20241209,INE090A01021,ICICIBANK,ICICI Bank Ltd,2024-12-09,1402.4,1423.29,1393.09,1396.01,2963999.0,Bloomberg,False,0,INR,NSE,True,Green
PRC-ICICIBANK-20241211,INE090A01021,ICICIBANK,ICICI Bank Ltd,2024-12-11,1448.34,1456.69,1433.39,1438.1,3351711.0,NSE Feed,False,0,INR,NSE,True,Green
PRC-ICICIBANK-20241213,INE090A01021,ICICIBANK,ICICI Bank Ltd,2024-12-13,1436.21,1477.07,1395.45,1434.29,225340.0,NSE Feed,True,4,INR,NSE,True,Amber
PRC-ICICIBANK-20241217,INE090A01021,ICICIBANK,ICICI Bank Ltd,2024-12-17,1425.54,1455.17,1395.81,1417.11,3915204.0,Bloomberg,False,0,INR,NSE,True,Green
PRC-ICICIBANK-20241218,INE090A01021,ICICIBANK,ICICI Bank Ltd,2024-12-18,1383.72,1390.75,1375.75,1387.79,3964976.0,Bloomberg,True,7,INR,NSE,False,Red
PRC-ICICIBANK-20241219,INE090A01021,ICICIBANK,ICICI Bank Ltd,2024-12-19,1370.99,1410.63,1370.1,1372.58,4870881.0,Bloomberg,False,0,INR,NSE,True,Green
PRC-ICICIBANK-20241220,INE090A01021,ICICIBANK,ICICI Bank Ltd,2024-12-20,1381.69,1409.64,1336.05,1371.89,3176373.0,Refinitiv,False,0,INR,NSE,True,Green
PRC-ICICIBANK-20241230,INE090A01021,ICICIBANK,ICICI Bank Ltd,2024-12-30,1413.96,1430.21,1377.67,1408.82,457988.0,Refinitiv,False,0,INR,NSE,False,Green
PRC-ICICIBANK-20250102,INE090A01021,ICICIBANK,ICICI Bank Ltd,2025-01-02,1403.47,1421.4,1362.43,1397.88,983303.0,Bloomberg,False,0,INR,NSE,True,Green
PRC-ICICIBANK-20250109,INE090A01021,ICICIBANK,ICICI Bank Ltd,2025-01-09,1394.81,1439.36,1388.66,1402.58,3027103.0,Bloomberg,False,0,INR,NSE,True,Green
PRC-ICICIBANK-20250113,INE090A01021,ICICIBANK,ICICI Bank Ltd,2025-01-13,1391.27,1409.82,1364.72,1402.23,3429814.0,Bloomberg,False,0,INR,NSE,True,Green
PRC-ICICIBANK-20250115,INE090A01021,ICICIBANK,ICICI Bank Ltd,2025-01-15,1441.4,1448.05,1414.48,1427.23,4094818.0,NSE Feed,False,0,INR,NSE,True,Green
PRC-ICICIBANK-20250116,INE090A01021,ICICIBANK,ICICI Bank Ltd,2025-01-16,1480.44,1509.78,1451.11,1481.33,,NSE Feed,False,0,INR,NSE,False,Green
PRC-ICICIBANK-20250121,INE090A01021,ICICIBANK,ICICI Bank Ltd,2025-01-21,1478.04,1512.67,1434.85,1469.53,1874130.0,NSE Feed,True,7,INR,NSE,False,Red
PRC-ICICIBANK-20250122,INE090A01021,ICICIBANK,ICICI Bank Ltd,2025-01-22,1462.7,1462.4,1418.01,1458.74,3497960.0,NSE Feed,False,0,INR,NSE,True,Green
PRC-ICICIBANK-20250130,INE090A01021,ICICIBANK,ICICI Bank Ltd,2025-01-30,1482.32,1511.35,1448.67,1481.59,550822.0,NSE Feed,False,0,INR,NSE,True,Green
PRC-ICICIBANK-20250205,INE090A01021,ICICIBANK,ICICI Bank Ltd,2025-02-05,1490.66,1505.66,1494.14,1496.74,4140165.0,Bloomberg,False,0,INR,NSE,True,Green
PRC-ICICIBANK-20250211,INE090A01021,ICICIBANK,ICICI Bank Ltd,2025-02-11,1536.26,1580.32,1518.38,1538.2,183311.0,Refinitiv,False,0,INR,NSE,True,Green
PRC-ICICIBANK-20250214,INE090A01021,ICICIBANK,ICICI Bank Ltd,2025-02-14,1546.21,1597.59,1548.84,1551.68,2755122.0,NSE Feed,True,4,INR,NSE,True,Amber
PRC-ICICIBANK-20250310,INE090A01021,ICICIBANK,ICICI Bank Ltd,2025-03-10,1554.56,1548.57,1541.92,1543.31,3509018.0,Bloomberg,False,0,INR,NSE,True,Green
PRC-ICICIBANK-20250311,INE090A01021,ICICIBANK,ICICI Bank Ltd,2025-03-11,1567.34,1562.86,1531.27,,,Refinitiv,False,0,INR,NSE,True,Green
PRC-ICICIBANK-20250317,INE090A01021,ICICIBANK,ICICI Bank Ltd,2025-03-17,1580.35,1608.81,1543.28,1582.88,3267174.0,NSE Feed,False,0,INR,NSE,True,Green
PRC-ICICIBANK-20250326,INE090A01021,ICICIBANK,ICICI Bank Ltd,2025-03-26,1604.82,1603.05,1593.41,1602.36,235822.0,Bloomberg,False,0,INR,NSE,True,Green
PRC-ICICIBANK-20250328,INE090A01021,ICICIBANK,ICICI Bank Ltd,2025-03-28,1620.99,1645.99,1588.2,1614.55,3542574.0,Bloomberg,False,0,INR,NSE,True,Green
PRC-ICICIBANK-20250331,INE090A01021,ICICIBANK,ICICI Bank Ltd,2025-03-31,1649.08,1645.97,1599.83,1640.39,3693542.0,Bloomberg,False,0,INR,NSE,True,Green
PRC-ICICIBANK-20250403,INE090A01021,ICICIBANK,ICICI Bank Ltd,2025-04-03,1665.2,1711.48,1653.56,1669.16,3769962.0,Refinitiv,False,0,INR,NSE,True,Green
PRC-ICICIBANK-20250414,INE090A01021,ICICIBANK,ICICI Bank Ltd,2025-04-14,1715.93,1754.64,1693.85,1703.76,970838.0,NSE Feed,False,0,INR,NSE,True,Green
PRC-ICICIBANK-20250421,INE090A01021,ICICIBANK,ICICI Bank Ltd,2025-04-21,1720.22,1759.14,1716.59,1720.34,936361.0,Refinitiv,False,0,INR,NSE,True,Green
PRC-ICICIBANK-20250428,INE090A01021,ICICIBANK,ICICI Bank Ltd,2025-04-28,1728.1,1726.94,1704.54,1716.03,4727054.0,Bloomberg,True,6,INR,NSE,True,Red
PRC-ICICIBANK-20250429,INE090A01021,ICICIBANK,ICICI Bank Ltd,2025-04-29,1714.67,1760.76,1692.15,1719.81,3420282.0,NSE Feed,False,0,INR,NSE,False,Green
PRC-ICICIBANK-20250514,INE090A01021,ICICIBANK,ICICI Bank Ltd,2025-05-14,1742.79,1785.53,1714.55,1750.93,3578894.0,Refinitiv,False,0,INR,NSE,True,Green
PRC-ICICIBANK-20250519,INE090A01021,ICICIBANK,ICICI Bank Ltd,2025-05-19,1712.72,1737.43,1697.02,1729.48,4453379.0,Refinitiv,False,0,INR,NSE,True,Green
PRC-SUNPHARMA-20240108,INE721A01013,SUNPHARMA,Sun Pharmaceutical Ltd,2024-01-08,1701.28,1695.23,1655.99,1689.29,3009032.0,Bloomberg,False,0,INR,NSE,False,Green
PRC-SUNPHARMA-20240116,INE721A01013,SUNPHARMA,Sun Pharmaceutical Ltd,2024-01-16,1687.44,1726.0,1638.66,1679.32,347927.0,Refinitiv,True,10,INR,NSE,True,Red
PRC-SUNPHARMA-20240117,INE721A01013,SUNPHARMA,Sun Pharmaceutical Ltd,2024-01-17,1692.38,1685.83,1640.58,1680.05,2847602.0,NSE Feed,False,0,INR,NSE,True,Green
PRC-SUNPHARMA-20240118,INE721A01013,SUNPHARMA,Sun Pharmaceutical Ltd,2024-01-18,1704.31,1737.0,1709.86,1712.27,3023877.0,Refinitiv,False,0,INR,NSE,True,Green
PRC-SUNPHARMA-20240119,INE721A01013,SUNPHARMA,Sun Pharmaceutical Ltd,2024-01-19,1717.03,1743.58,1686.26,1717.17,1719456.0,Bloomberg,False,0,INR,NSE,True,Green
PRC-SUNPHARMA-20240206,INE721A01013,SUNPHARMA,Sun Pharmaceutical Ltd,2024-02-06,1710.85,1738.62,1696.91,1718.37,2713765.0,NSE Feed,False,0,INR,NSE,True,Green
PRC-SUNPHARMA-20240221,INE721A01013,SUNPHARMA,Sun Pharmaceutical Ltd,2024-02-21,1696.21,1704.72,1670.55,1683.32,2773857.0,Refinitiv,False,0,INR,NSE,True,Green
PRC-SUNPHARMA-20240223,INE721A01013,SUNPHARMA,Sun Pharmaceutical Ltd,2024-02-23,1697.15,1748.01,1692.94,1702.16,3869868.0,NSE Feed,False,0,INR,NSE,True,Green
PRC-SUNPHARMA-20240226,INE721A01013,SUNPHARMA,Sun Pharmaceutical Ltd,2024-02-26,1715.54,1749.78,1712.31,1718.64,4550141.0,Bloomberg,False,0,INR,NSE,True,Green
PRC-SUNPHARMA-20240228,INE721A01013,SUNPHARMA,Sun Pharmaceutical Ltd,2024-02-28,1771.9,1784.31,1734.24,1774.41,1905095.0,Refinitiv,False,0,INR,NSE,True,Green
PRC-SUNPHARMA-20240306,INE721A01013,SUNPHARMA,Sun Pharmaceutical Ltd,2024-03-06,1748.9,1802.69,1751.21,1766.22,1893253.0,Bloomberg,False,0,INR,NSE,True,Green
PRC-SUNPHARMA-20240311,INE721A01013,SUNPHARMA,Sun Pharmaceutical Ltd,2024-03-11,1756.65,1787.1,1730.14,1772.02,1924215.0,NSE Feed,False,0,INR,NSE,True,Green
PRC-SUNPHARMA-20240312,INE721A01013,SUNPHARMA,Sun Pharmaceutical Ltd,2024-03-12,1789.59,1814.48,1755.92,1778.65,3637896.0,Refinitiv,False,0,INR,NSE,True,Green
PRC-SUNPHARMA-20240313,INE721A01013,SUNPHARMA,Sun Pharmaceutical Ltd,2024-03-13,1809.71,1864.59,1793.35,1820.74,2401963.0,Bloomberg,False,0,INR,NSE,True,Green
PRC-SUNPHARMA-20240315,INE721A01013,SUNPHARMA,Sun Pharmaceutical Ltd,2024-03-15,1821.45,1831.03,1764.75,1818.14,249621.0,Refinitiv,False,0,INR,NSE,True,Green
PRC-SUNPHARMA-20240319,INE721A01013,SUNPHARMA,Sun Pharmaceutical Ltd,2024-03-19,1817.87,1871.84,1793.04,1825.75,4575045.0,Refinitiv,True,9,INR,NSE,True,Red
PRC-SUNPHARMA-20240325,INE721A01013,SUNPHARMA,Sun Pharmaceutical Ltd,2024-03-25,1854.55,1865.34,1803.76,1842.39,2760779.0,Bloomberg,True,3,INR,NSE,True,Amber
PRC-SUNPHARMA-20240327,INE721A01013,SUNPHARMA,Sun Pharmaceutical Ltd,2024-03-27,1851.7,1869.35,1830.73,1847.55,3913308.0,Bloomberg,False,0,INR,NSE,True,Green
PRC-SUNPHARMA-20240329,INE721A01013,SUNPHARMA,Sun Pharmaceutical Ltd,2024-03-29,1830.55,1869.2,1781.74,1835.18,501262.0,NSE Feed,False,0,INR,NSE,True,Green
PRC-SUNPHARMA-20240401,INE721A01013,SUNPHARMA,Sun Pharmaceutical Ltd,2024-04-01,1848.78,1853.02,1790.17,1840.52,3194385.0,Refinitiv,False,0,INR,NSE,False,Green
PRC-SUNPHARMA-20240402,INE721A01013,SUNPHARMA,Sun Pharmaceutical Ltd,2024-04-02,1861.17,1914.2,1820.27,1870.16,2652570.0,NSE Feed,False,0,INR,NSE,True,Green
PRC-SUNPHARMA-20240410,INE721A01013,SUNPHARMA,Sun Pharmaceutical Ltd,2024-04-10,1836.93,1879.96,1837.22,1841.37,4994360.0,Bloomberg,False,0,INR,NSE,True,Green
PRC-SUNPHARMA-20240411,INE721A01013,SUNPHARMA,Sun Pharmaceutical Ltd,2024-04-11,1848.14,1892.1,1839.25,1845.04,3847860.0,Refinitiv,False,0,INR,NSE,True,Green
PRC-SUNPHARMA-20240418,INE721A01013,SUNPHARMA,Sun Pharmaceutical Ltd,2024-04-18,1831.55,1879.14,1788.52,1825.66,4149234.0,NSE Feed,False,0,INR,NSE,True,Green
PRC-SUNPHARMA-20240423,INE721A01013,SUNPHARMA,Sun Pharmaceutical Ltd,2024-04-23,1852.93,1904.97,1816.15,1858.39,1827140.0,Refinitiv,False,0,INR,NSE,True,Green
PRC-SUNPHARMA-20240424,INE721A01013,SUNPHARMA,Sun Pharmaceutical Ltd,2024-04-24,1822.12,1841.43,1782.43,1815.93,4190667.0,NSE Feed,True,2,INR,NSE,True,Amber
PRC-SUNPHARMA-20240501,INE721A01013,SUNPHARMA,Sun Pharmaceutical Ltd,2024-05-01,1801.21,1817.63,1797.7,1800.7,3908612.0,Refinitiv,False,0,INR,NSE,True,Green
PRC-SUNPHARMA-20240502,INE721A01013,SUNPHARMA,Sun Pharmaceutical Ltd,2024-05-02,1800.71,1830.65,1809.54,1810.89,4407248.0,NSE Feed,False,0,INR,NSE,True,Green
PRC-SUNPHARMA-20240507,INE721A01013,SUNPHARMA,Sun Pharmaceutical Ltd,2024-05-07,1840.97,1870.5,1846.18,1853.42,956177.0,NSE Feed,False,0,INR,NSE,True,Green
PRC-SUNPHARMA-20240508,INE721A01013,SUNPHARMA,Sun Pharmaceutical Ltd,2024-05-08,1833.69,1877.19,1810.86,1851.59,4094994.0,Refinitiv,False,0,INR,NSE,True,Green
PRC-SUNPHARMA-20240513,INE721A01013,SUNPHARMA,Sun Pharmaceutical Ltd,2024-05-13,1838.02,1855.69,1792.77,1836.17,3429673.0,Refinitiv,False,0,INR,NSE,True,Green
PRC-SUNPHARMA-20240516,INE721A01013,SUNPHARMA,Sun Pharmaceutical Ltd,2024-05-16,1883.06,1890.76,1853.01,1887.98,3644928.0,NSE Feed,False,0,INR,NSE,True,Green
PRC-SUNPHARMA-20240517,INE721A01013,SUNPHARMA,Sun Pharmaceutical Ltd,2024-05-17,1848.07,1874.33,1815.59,1846.97,518352.0,Refinitiv,False,0,INR,NSE,True,Green
PRC-SUNPHARMA-20240524,INE721A01013,SUNPHARMA,Sun Pharmaceutical Ltd,2024-05-24,1800.17,1816.88,1745.27,1786.06,4563844.0,NSE Feed,False,0,INR,NSE,True,Green
PRC-SUNPHARMA-20240528,INE721A01013,SUNPHARMA,Sun Pharmaceutical Ltd,2024-05-28,1794.41,1819.04,1755.77,1797.85,2350386.0,Bloomberg,False,0,INR,NSE,True,Green
PRC-SUNPHARMA-20240529,INE721A01013,SUNPHARMA,Sun Pharmaceutical Ltd,2024-05-29,1776.74,1816.23,1770.06,1784.31,890563.0,NSE Feed,False,0,INR,NSE,True,Green
PRC-SUNPHARMA-20240606,INE721A01013,SUNPHARMA,Sun Pharmaceutical Ltd,2024-06-06,1750.13,1804.76,1716.84,1756.97,2743355.0,Refinitiv,False,0,INR,NSE,True,Green
PRC-SUNPHARMA-20240613,INE721A01013,SUNPHARMA,Sun Pharmaceutical Ltd,2024-06-13,1762.92,1776.32,1747.65,1775.64,2902249.0,NSE Feed,False,0,INR,NSE,True,Green
PRC-SUNPHARMA-20240619,INE721A01013,SUNPHARMA,Sun Pharmaceutical Ltd,2024-06-19,1785.49,1833.97,1759.85,1782.14,4196218.0,NSE Feed,True,2,INR,NSE,True,Amber
PRC-SUNPHARMA-20240620,INE721A01013,SUNPHARMA,Sun Pharmaceutical Ltd,2024-06-20,1778.91,1794.9,1722.91,1767.06,,NSE Feed,True,6,INR,NSE,True,Red
PRC-SUNPHARMA-20240624,INE721A01013,SUNPHARMA,Sun Pharmaceutical Ltd,2024-06-24,1727.43,1758.63,1699.37,1733.12,4677789.0,Bloomberg,False,0,INR,NSE,True,Green
PRC-SUNPHARMA-20240704,INE721A01013,SUNPHARMA,Sun Pharmaceutical Ltd,2024-07-04,1767.31,1771.66,1720.71,1755.8,4443881.0,Refinitiv,False,0,INR,NSE,True,Green
PRC-SUNPHARMA-20240705,INE721A01013,SUNPHARMA,Sun Pharmaceutical Ltd,2024-07-05,1759.2,1809.4,1758.47,1772.93,273873.0,NSE Feed,False,0,INR,NSE,False,Green
PRC-SUNPHARMA-20240715,INE721A01013,SUNPHARMA,Sun Pharmaceutical Ltd,2024-07-15,1757.6,1796.73,1730.16,1770.29,3713145.0,Bloomberg,False,0,INR,NSE,True,Green
PRC-SUNPHARMA-20240719,INE721A01013,SUNPHARMA,Sun Pharmaceutical Ltd,2024-07-19,1814.88,1825.22,1779.7,1819.33,4671090.0,Bloomberg,False,0,INR,NSE,False,Green
PRC-SUNPHARMA-20240731,INE721A01013,SUNPHARMA,Sun Pharmaceutical Ltd,2024-07-31,1804.81,1808.86,1754.21,1790.12,3600518.0,Bloomberg,False,0,INR,NSE,True,Green
PRC-SUNPHARMA-20240812,INE721A01013,SUNPHARMA,Sun Pharmaceutical Ltd,2024-08-12,1743.68,1781.29,1719.43,1749.16,,Bloomberg,False,0,INR,NSE,True,Green
PRC-SUNPHARMA-20240814,INE721A01013,SUNPHARMA,Sun Pharmaceutical Ltd,2024-08-14,1717.51,1731.44,1727.23,1731.01,1334225.0,Bloomberg,False,0,INR,NSE,True,Green
PRC-SUNPHARMA-20240819,INE721A01013,SUNPHARMA,Sun Pharmaceutical Ltd,2024-08-19,1731.83,1738.26,1703.19,1729.82,642042.0,Bloomberg,False,0,INR,NSE,True,Green
PRC-SUNPHARMA-20240827,INE721A01013,SUNPHARMA,Sun Pharmaceutical Ltd,2024-08-27,1739.37,1738.91,1699.98,1736.14,,Bloomberg,False,0,INR,NSE,True,Green
PRC-SUNPHARMA-20240912,INE721A01013,SUNPHARMA,Sun Pharmaceutical Ltd,2024-09-12,1724.67,1744.55,1722.54,1729.85,4803904.0,NSE Feed,True,4,INR,NSE,False,Amber
PRC-SUNPHARMA-20240916,INE721A01013,SUNPHARMA,Sun Pharmaceutical Ltd,2024-09-16,1747.09,1761.53,1734.72,1738.99,2539424.0,NSE Feed,False,0,INR,NSE,True,Green
PRC-SUNPHARMA-20240925,INE721A01013,SUNPHARMA,Sun Pharmaceutical Ltd,2024-09-25,1712.43,1726.11,1675.58,1706.34,923247.0,Bloomberg,False,0,INR,NSE,False,Green
PRC-SUNPHARMA-20240926,INE721A01013,SUNPHARMA,Sun Pharmaceutical Ltd,2024-09-26,1741.06,1789.11,1733.07,1743.3,1267495.0,Refinitiv,False,0,INR,NSE,True,Green
PRC-SUNPHARMA-20240930,INE721A01013,SUNPHARMA,Sun Pharmaceutical Ltd,2024-09-30,1730.68,1757.08,1704.44,1741.15,3968443.0,Refinitiv,False,0,INR,NSE,True,Green
PRC-SUNPHARMA-20241004,INE721A01013,SUNPHARMA,Sun Pharmaceutical Ltd,2024-10-04,1756.03,1798.29,1754.08,1770.33,4326307.0,Refinitiv,False,0,INR,NSE,True,Green
PRC-SUNPHARMA-20241007,INE721A01013,SUNPHARMA,Sun Pharmaceutical Ltd,2024-10-07,1776.6,1801.33,1727.52,1779.43,4788469.0,NSE Feed,False,0,INR,NSE,False,Green
PRC-SUNPHARMA-20241008,INE721A01013,SUNPHARMA,Sun Pharmaceutical Ltd,2024-10-08,1795.75,1807.87,1750.91,1791.62,4396702.0,Bloomberg,False,0,INR,NSE,True,Green
PRC-SUNPHARMA-20241015,INE721A01013,SUNPHARMA,Sun Pharmaceutical Ltd,2024-10-15,1799.47,1847.88,1774.01,1806.93,3480123.0,Refinitiv,False,0,INR,NSE,True,Green
PRC-SUNPHARMA-20241022,INE721A01013,SUNPHARMA,Sun Pharmaceutical Ltd,2024-10-22,1817.62,1822.03,1767.48,1819.07,997991.0,Bloomberg,False,0,INR,NSE,True,Green
PRC-SUNPHARMA-20241025,INE721A01013,SUNPHARMA,Sun Pharmaceutical Ltd,2024-10-25,1843.61,1884.23,1788.2,1836.61,4385076.0,Refinitiv,False,0,INR,NSE,True,Green
PRC-SUNPHARMA-20241101,INE721A01013,SUNPHARMA,Sun Pharmaceutical Ltd,2024-11-01,1875.55,1927.58,1824.69,1873.22,1398350.0,Bloomberg,False,0,INR,NSE,True,Green
PRC-SUNPHARMA-20241104,INE721A01013,SUNPHARMA,Sun Pharmaceutical Ltd,2024-11-04,1890.23,1913.9,1833.69,1878.74,663228.0,NSE Feed,False,0,INR,NSE,True,Green
PRC-SUNPHARMA-20241107,INE721A01013,SUNPHARMA,Sun Pharmaceutical Ltd,2024-11-07,1889.13,1904.63,1843.17,1898.72,4342995.0,Bloomberg,False,0,INR,NSE,True,Green
PRC-SUNPHARMA-20241118,INE721A01013,SUNPHARMA,Sun Pharmaceutical Ltd,2024-11-18,1895.55,1906.64,1852.65,1896.17,4686213.0,Bloomberg,False,0,INR,NSE,True,Green
PRC-SUNPHARMA-20241120,INE721A01013,SUNPHARMA,Sun Pharmaceutical Ltd,2024-11-20,1941.67,1962.26,1915.99,1937.13,1650280.0,NSE Feed,False,0,INR,NSE,True,Green
PRC-SUNPHARMA-20241125,INE721A01013,SUNPHARMA,Sun Pharmaceutical Ltd,2024-11-25,1926.74,1948.92,1887.34,1917.48,2532999.0,Bloomberg,False,0,INR,NSE,True,Green
PRC-SUNPHARMA-20241213,INE721A01013,SUNPHARMA,Sun Pharmaceutical Ltd,2024-12-13,1975.88,1992.39,1951.41,1969.27,1000398.0,Bloomberg,False,0,INR,NSE,True,Green
PRC-SUNPHARMA-20241217,INE721A01013,SUNPHARMA,Sun Pharmaceutical Ltd,2024-12-17,1953.14,1991.08,1943.32,1968.09,385913.0,Refinitiv,True,9,INR,NSE,True,Red
PRC-SUNPHARMA-20241219,INE721A01013,SUNPHARMA,Sun Pharmaceutical Ltd,2024-12-19,1941.57,1946.34,1876.12,1925.85,3944919.0,Bloomberg,False,0,INR,NSE,True,Green
PRC-SUNPHARMA-20241226,INE721A01013,SUNPHARMA,Sun Pharmaceutical Ltd,2024-12-26,1943.48,1941.75,1923.91,1929.55,4504486.0,Bloomberg,False,0,INR,NSE,True,Green
PRC-SUNPHARMA-20250103,INE721A01013,SUNPHARMA,Sun Pharmaceutical Ltd,2025-01-03,1915.79,1942.1,1878.87,1909.84,1274734.0,Bloomberg,False,0,INR,NSE,True,Green
PRC-SUNPHARMA-20250117,INE721A01013,SUNPHARMA,Sun Pharmaceutical Ltd,2025-01-17,1917.22,1982.62,1903.97,1933.92,4057345.0,Refinitiv,False,0,INR,NSE,True,Green
PRC-SUNPHARMA-20250123,INE721A01013,SUNPHARMA,Sun Pharmaceutical Ltd,2025-01-23,1925.54,1945.18,1864.97,1914.99,2818551.0,Refinitiv,False,0,INR,NSE,False,Green
PRC-SUNPHARMA-20250130,INE721A01013,SUNPHARMA,Sun Pharmaceutical Ltd,2025-01-30,1898.51,1904.74,1893.73,1902.17,1435295.0,NSE Feed,False,0,INR,NSE,True,Green
PRC-SUNPHARMA-20250131,INE721A01013,SUNPHARMA,Sun Pharmaceutical Ltd,2025-01-31,1847.39,1890.39,1847.22,1848.26,2084888.0,NSE Feed,False,0,INR,NSE,True,Green
PRC-SUNPHARMA-20250203,INE721A01013,SUNPHARMA,Sun Pharmaceutical Ltd,2025-02-03,1845.11,1858.85,1784.19,1835.72,2201210.0,NSE Feed,False,0,INR,NSE,True,Green
PRC-SUNPHARMA-20250212,INE721A01013,SUNPHARMA,Sun Pharmaceutical Ltd,2025-02-12,1764.53,1802.48,1717.47,1768.98,1560181.0,Bloomberg,False,0,INR,NSE,True,Green
PRC-SUNPHARMA-20250214,INE721A01013,SUNPHARMA,Sun Pharmaceutical Ltd,2025-02-14,1731.69,1755.78,1685.28,1726.95,4219670.0,Bloomberg,False,0,INR,NSE,True,Green
PRC-SUNPHARMA-20250217,INE721A01013,SUNPHARMA,Sun Pharmaceutical Ltd,2025-02-17,1744.34,1774.34,1735.64,1746.65,821573.0,Refinitiv,False,0,INR,NSE,True,Green
PRC-SUNPHARMA-20250227,INE721A01013,SUNPHARMA,Sun Pharmaceutical Ltd,2025-02-27,1750.74,1774.69,1714.49,1767.23,3522781.0,Refinitiv,False,0,INR,NSE,True,Green
PRC-SUNPHARMA-20250228,INE721A01013,SUNPHARMA,Sun Pharmaceutical Ltd,2025-02-28,1786.69,1827.12,1759.42,1778.51,4262221.0,NSE Feed,False,0,INR,NSE,True,Green
PRC-SUNPHARMA-20250317,INE721A01013,SUNPHARMA,Sun Pharmaceutical Ltd,2025-03-17,1747.53,1785.24,1729.51,1752.72,1256567.0,NSE Feed,False,0,INR,NSE,True,Green
PRC-SUNPHARMA-20250318,INE721A01013,SUNPHARMA,Sun Pharmaceutical Ltd,2025-03-18,1753.88,1758.14,1726.1,1751.46,946519.0,NSE Feed,False,0,INR,NSE,True,Green
PRC-SUNPHARMA-20250324,INE721A01013,SUNPHARMA,Sun Pharmaceutical Ltd,2025-03-24,1734.64,1794.52,1714.06,1751.37,2208743.0,Bloomberg,False,0,INR,NSE,True,Green
PRC-SUNPHARMA-20250325,INE721A01013,SUNPHARMA,Sun Pharmaceutical Ltd,2025-03-25,1737.05,1724.8,1699.01,1720.94,4443283.0,Refinitiv,False,0,INR,NSE,True,Green
PRC-SUNPHARMA-20250327,INE721A01013,SUNPHARMA,Sun Pharmaceutical Ltd,2025-03-27,1762.66,1809.21,1758.95,1759.74,351473.0,NSE Feed,True,3,INR,NSE,True,Amber
PRC-SUNPHARMA-20250328,INE721A01013,SUNPHARMA,Sun Pharmaceutical Ltd,2025-03-28,1792.34,1790.35,1758.68,1782.9,2864962.0,Refinitiv,False,0,INR,NSE,False,Green
PRC-SUNPHARMA-20250331,INE721A01013,SUNPHARMA,Sun Pharmaceutical Ltd,2025-03-31,1787.86,1807.05,1756.2,1776.99,396638.0,Bloomberg,False,0,INR,NSE,False,Green
PRC-SUNPHARMA-20250403,INE721A01013,SUNPHARMA,Sun Pharmaceutical Ltd,2025-04-03,1781.71,1782.01,1753.79,1777.71,1186027.0,Bloomberg,False,0,INR,NSE,True,Green
PRC-SUNPHARMA-20250404,INE721A01013,SUNPHARMA,Sun Pharmaceutical Ltd,2025-04-04,1773.47,1802.01,1755.32,1783.27,2010548.0,NSE Feed,False,0,INR,NSE,False,Green
PRC-SUNPHARMA-20250408,INE721A01013,SUNPHARMA,Sun Pharmaceutical Ltd,2025-04-08,1718.15,1760.19,1696.47,,,Refinitiv,False,0,INR,NSE,True,Green
PRC-SUNPHARMA-20250410,INE721A01013,SUNPHARMA,Sun Pharmaceutical Ltd,2025-04-10,1728.98,1744.45,1692.63,1722.24,1255702.0,NSE Feed,True,8,INR,NSE,True,Red
PRC-SUNPHARMA-20250418,INE721A01013,SUNPHARMA,Sun Pharmaceutical Ltd,2025-04-18,1700.12,1714.53,1675.81,1704.63,585889.0,NSE Feed,False,0,INR,NSE,True,Green
PRC-SUNPHARMA-20250421,INE721A01013,SUNPHARMA,Sun Pharmaceutical Ltd,2025-04-21,1687.32,1723.76,1668.6,1679.01,4865137.0,NSE Feed,False,0,INR,NSE,False,Green
PRC-SUNPHARMA-20250502,INE721A01013,SUNPHARMA,Sun Pharmaceutical Ltd,2025-05-02,1682.39,1675.78,1628.13,,,NSE Feed,False,0,INR,NSE,True,Green
PRC-SUNPHARMA-20250505,INE721A01013,SUNPHARMA,Sun Pharmaceutical Ltd,2025-05-05,1730.43,1768.43,1672.19,1717.02,3437144.0,Bloomberg,False,0,INR,NSE,True,Green
PRC-SUNPHARMA-20250507,INE721A01013,SUNPHARMA,Sun Pharmaceutical Ltd,2025-05-07,1723.33,1770.2,1723.82,1733.52,1947903.0,Bloomberg,True,10,INR,NSE,True,Red
PRC-SUNPHARMA-20250512,INE721A01013,SUNPHARMA,Sun Pharmaceutical Ltd,2025-05-12,1711.55,1752.37,1694.28,1718.67,2344248.0,Bloomberg,False,0,INR,NSE,True,Green
PRC-SUNPHARMA-20250516,INE721A01013,SUNPHARMA,Sun Pharmaceutical Ltd,2025-05-16,1740.56,1765.77,1695.98,1733.43,1807542.0,NSE Feed,True,8,INR,NSE,True,Red
PRC-SBIN-20240105,INE001A01036,SBIN,State Bank of India,2024-01-05,794.92,810.22,774.38,796.37,4725880.0,Bloomberg,False,0,INR,NSE,False,Green
PRC-SBIN-20240109,INE001A01036,SBIN,State Bank of India,2024-01-09,812.05,813.7,795.18,807.42,2007728.0,Refinitiv,False,0,INR,NSE,True,Green
PRC-SBIN-20240110,INE001A01036,SBIN,State Bank of India,2024-01-10,803.82,824.01,788.36,808.14,4350668.0,Bloomberg,False,0,INR,NSE,True,Green
PRC-SBIN-20240111,INE001A01036,SBIN,State Bank of India,2024-01-11,793.27,817.45,782.51,800.3,,Bloomberg,False,0,INR,NSE,True,Green
PRC-SBIN-20240112,INE001A01036,SBIN,State Bank of India,2024-01-12,809.33,809.76,790.11,808.68,1015729.0,NSE Feed,False,0,INR,NSE,True,Green
PRC-SBIN-20240115,INE001A01036,SBIN,State Bank of India,2024-01-15,810.62,822.52,809.13,813.45,3589406.0,NSE Feed,True,5,INR,NSE,True,Amber
PRC-SBIN-20240118,INE001A01036,SBIN,State Bank of India,2024-01-18,821.52,843.87,807.93,824.38,3523705.0,Refinitiv,False,0,INR,NSE,True,Green
PRC-SBIN-20240119,INE001A01036,SBIN,State Bank of India,2024-01-19,824.43,841.43,814.53,832.23,1358821.0,Refinitiv,False,0,INR,NSE,True,Green
PRC-SBIN-20240123,INE001A01036,SBIN,State Bank of India,2024-01-23,845.51,865.13,832.86,845.33,4977862.0,Refinitiv,False,0,INR,NSE,True,Green
PRC-SBIN-20240124,INE001A01036,SBIN,State Bank of India,2024-01-24,830.71,856.82,822.98,838.55,758044.0,NSE Feed,False,0,INR,NSE,False,Green
PRC-SBIN-20240125,INE001A01036,SBIN,State Bank of India,2024-01-25,863.63,871.29,848.29,855.12,4621186.0,Refinitiv,False,0,INR,NSE,True,Green
PRC-SBIN-20240126,INE001A01036,SBIN,State Bank of India,2024-01-26,859.49,874.61,845.31,857.65,2758680.0,Bloomberg,False,0,INR,NSE,True,Green
PRC-SBIN-20240131,INE001A01036,SBIN,State Bank of India,2024-01-31,881.32,905.55,883.75,884.35,2036851.0,Bloomberg,False,0,INR,NSE,True,Green
PRC-SBIN-20240206,INE001A01036,SBIN,State Bank of India,2024-02-06,874.24,900.35,859.71,875.21,768488.0,Bloomberg,False,0,INR,NSE,True,Green
PRC-SBIN-20240209,INE001A01036,SBIN,State Bank of India,2024-02-09,897.71,904.2,892.24,898.0,2027394.0,Refinitiv,False,0,INR,NSE,True,Green
PRC-SBIN-20240212,INE001A01036,SBIN,State Bank of India,2024-02-12,896.07,925.23,891.86,900.66,1258803.0,Refinitiv,False,0,INR,NSE,True,Green
PRC-SBIN-20240229,INE001A01036,SBIN,State Bank of India,2024-02-29,884.4,903.13,891.41,891.86,4931936.0,Bloomberg,False,0,INR,NSE,True,Green
PRC-SBIN-20240318,INE001A01036,SBIN,State Bank of India,2024-03-18,892.05,885.8,862.03,885.39,2309359.0,Refinitiv,False,0,INR,NSE,True,Green
PRC-SBIN-20240321,INE001A01036,SBIN,State Bank of India,2024-03-21,887.64,903.18,855.33,881.13,1500357.0,NSE Feed,False,0,INR,NSE,True,Green
PRC-SBIN-20240327,INE001A01036,SBIN,State Bank of India,2024-03-27,893.91,896.17,870.84,886.74,4771957.0,NSE Feed,False,0,INR,NSE,True,Green
PRC-SBIN-20240328,INE001A01036,SBIN,State Bank of India,2024-03-28,900.81,909.55,883.41,893.69,479481.0,NSE Feed,False,0,INR,NSE,True,Green
PRC-SBIN-20240403,INE001A01036,SBIN,State Bank of India,2024-04-03,884.39,897.96,881.61,886.0,2526749.0,Bloomberg,False,0,INR,NSE,True,Green
PRC-SBIN-20240410,INE001A01036,SBIN,State Bank of India,2024-04-10,887.27,907.47,872.64,885.68,1377219.0,NSE Feed,False,0,INR,NSE,True,Green
PRC-SBIN-20240425,INE001A01036,SBIN,State Bank of India,2024-04-25,911.93,926.17,900.67,914.14,2442934.0,NSE Feed,False,0,INR,NSE,True,Green
PRC-SBIN-20240507,INE001A01036,SBIN,State Bank of India,2024-05-07,945.28,954.14,933.44,937.83,3679331.0,Bloomberg,True,10,INR,NSE,True,Red
PRC-SBIN-20240510,INE001A01036,SBIN,State Bank of India,2024-05-10,937.23,967.02,936.45,943.97,1867317.0,Bloomberg,False,0,INR,NSE,True,Green
PRC-SBIN-20240527,INE001A01036,SBIN,State Bank of India,2024-05-27,936.94,952.57,919.53,944.5,2397207.0,Bloomberg,False,0,INR,NSE,True,Green
PRC-SBIN-20240529,INE001A01036,SBIN,State Bank of India,2024-05-29,954.11,974.27,939.21,946.2,2043427.0,Refinitiv,False,0,INR,NSE,True,Green
PRC-SBIN-20240603,INE001A01036,SBIN,State Bank of India,2024-06-03,955.08,959.75,943.41,954.91,433405.0,Refinitiv,False,0,INR,NSE,True,Green
PRC-SBIN-20240607,INE001A01036,SBIN,State Bank of India,2024-06-07,946.32,950.69,920.0,940.26,4891280.0,Bloomberg,False,0,INR,NSE,True,Green
PRC-SBIN-20240613,INE001A01036,SBIN,State Bank of India,2024-06-13,932.79,939.71,928.38,936.63,1106134.0,Bloomberg,False,0,INR,NSE,True,Green
PRC-SBIN-20240617,INE001A01036,SBIN,State Bank of India,2024-06-17,906.56,920.82,904.11,913.19,3067228.0,NSE Feed,False,0,INR,NSE,True,Green
PRC-SBIN-20240618,INE001A01036,SBIN,State Bank of India,2024-06-18,918.79,926.27,908.48,918.66,4402048.0,Refinitiv,True,4,INR,NSE,True,Amber
PRC-SBIN-20240626,INE001A01036,SBIN,State Bank of India,2024-06-26,935.46,939.64,925.69,927.58,4472954.0,Bloomberg,False,0,INR,NSE,True,Green
PRC-SBIN-20240627,INE001A01036,SBIN,State Bank of India,2024-06-27,923.17,947.07,910.56,920.85,2162873.0,NSE Feed,False,0,INR,NSE,True,Green
PRC-SBIN-20240704,INE001A01036,SBIN,State Bank of India,2024-07-04,936.86,955.89,928.02,942.59,1669549.0,Refinitiv,False,0,INR,NSE,True,Green
PRC-SBIN-20240705,INE001A01036,SBIN,State Bank of India,2024-07-05,917.65,939.59,917.58,925.26,1896748.0,NSE Feed,False,0,INR,NSE,True,Green
PRC-SBIN-20240708,INE001A01036,SBIN,State Bank of India,2024-07-08,908.74,905.99,896.47,904.94,3290105.0,Refinitiv,False,0,INR,NSE,True,Green
PRC-SBIN-20240710,INE001A01036,SBIN,State Bank of India,2024-07-10,910.84,912.89,888.92,907.99,2045262.0,Bloomberg,False,0,INR,NSE,True,Green
PRC-SBIN-20240711,INE001A01036,SBIN,State Bank of India,2024-07-11,924.05,937.28,902.75,922.25,1936522.0,NSE Feed,False,0,INR,NSE,False,Green
PRC-SBIN-20240715,INE001A01036,SBIN,State Bank of India,2024-07-15,944.02,958.23,924.19,945.54,3664028.0,NSE Feed,False,0,INR,NSE,True,Green
PRC-SBIN-20240717,INE001A01036,SBIN,State Bank of India,2024-07-17,936.17,950.25,914.47,939.03,4157894.0,Bloomberg,False,0,INR,NSE,True,Green
PRC-SBIN-20240718,INE001A01036,SBIN,State Bank of India,2024-07-18,954.37,979.7,948.01,954.23,610054.0,Refinitiv,True,6,INR,NSE,True,Red
PRC-SBIN-20240724,INE001A01036,SBIN,State Bank of India,2024-07-24,951.6,966.32,936.47,953.68,558297.0,Bloomberg,False,0,INR,NSE,True,Green
PRC-SBIN-20240730,INE001A01036,SBIN,State Bank of India,2024-07-30,942.56,963.98,928.99,951.21,1496998.0,Refinitiv,False,0,INR,NSE,True,Green
PRC-SBIN-20240801,INE001A01036,SBIN,State Bank of India,2024-08-01,966.0,973.35,952.39,963.81,267100.0,Refinitiv,False,0,INR,NSE,True,Green
PRC-SBIN-20240806,INE001A01036,SBIN,State Bank of India,2024-08-06,970.0,983.54,966.41,973.25,632381.0,Refinitiv,False,0,INR,NSE,True,Green
PRC-SBIN-20240807,INE001A01036,SBIN,State Bank of India,2024-08-07,959.45,974.13,933.0,950.23,2023796.0,Bloomberg,False,0,INR,NSE,True,Green
PRC-SBIN-20240816,INE001A01036,SBIN,State Bank of India,2024-08-16,965.75,992.65,969.53,971.28,402618.0,NSE Feed,False,0,INR,NSE,True,Green
PRC-SBIN-20240828,INE001A01036,SBIN,State Bank of India,2024-08-28,997.16,992.64,970.06,991.39,303376.0,NSE Feed,False,0,INR,NSE,True,Green
PRC-SBIN-20240830,INE001A01036,SBIN,State Bank of India,2024-08-30,988.23,993.22,964.43,982.08,2364912.0,NSE Feed,True,3,INR,NSE,True,Amber
PRC-SBIN-20240905,INE001A01036,SBIN,State Bank of India,2024-09-05,992.51,988.51,980.29,987.91,4644091.0,Refinitiv,False,0,INR,NSE,False,Green
PRC-SBIN-20240912,INE001A01036,SBIN,State Bank of India,2024-09-12,993.07,1020.06,991.03,995.23,2815616.0,Bloomberg,False,0,INR,NSE,True,Green
PRC-SBIN-20240916,INE001A01036,SBIN,State Bank of India,2024-09-16,993.18,1007.05,988.82,,,Bloomberg,False,0,INR,NSE,True,Green
PRC-SBIN-20240923,INE001A01036,SBIN,State Bank of India,2024-09-23,989.02,999.16,969.61,990.88,4572838.0,Refinitiv,False,0,INR,NSE,True,Green
PRC-SBIN-20240927,INE001A01036,SBIN,State Bank of India,2024-09-27,978.81,991.86,967.55,,,NSE Feed,False,0,INR,NSE,True,Green
PRC-SBIN-20240930,INE001A01036,SBIN,State Bank of India,2024-09-30,979.48,994.55,954.31,980.52,2705584.0,Bloomberg,True,5,INR,NSE,True,Amber
PRC-SBIN-20241001,INE001A01036,SBIN,State Bank of India,2024-10-01,998.98,1003.98,996.03,997.77,2196892.0,NSE Feed,False,0,INR,NSE,True,Green
PRC-SBIN-20241003,INE001A01036,SBIN,State Bank of India,2024-10-03,1010.39,1023.0,982.74,1005.9,4239088.0,Bloomberg,False,0,INR,NSE,True,Green
PRC-SBIN-20241009,INE001A01036,SBIN,State Bank of India,2024-10-09,991.04,1020.99,988.27,1000.31,146739.0,Bloomberg,False,0,INR,NSE,True,Green
PRC-SBIN-20241030,INE001A01036,SBIN,State Bank of India,2024-10-30,1012.81,1021.39,1001.33,1011.89,2799772.0,Bloomberg,False,0,INR,NSE,True,Green
PRC-SBIN-20241031,INE001A01036,SBIN,State Bank of India,2024-10-31,978.2,971.02,942.65,968.65,750154.0,Bloomberg,False,0,INR,NSE,True,Green
PRC-SBIN-20241104,INE001A01036,SBIN,State Bank of India,2024-11-04,977.89,991.18,981.5,,,NSE Feed,False,0,INR,NSE,True,Green
PRC-SBIN-20241106,INE001A01036,SBIN,State Bank of India,2024-11-06,965.45,973.66,952.41,959.63,4689282.0,Bloomberg,False,0,INR,NSE,True,Green
PRC-SBIN-20241111,INE001A01036,SBIN,State Bank of India,2024-11-11,950.49,980.81,945.16,954.42,4482880.0,Bloomberg,False,0,INR,NSE,True,Green
PRC-SBIN-20241113,INE001A01036,SBIN,State Bank of India,2024-11-13,931.66,953.12,915.99,938.39,3214298.0,Refinitiv,False,0,INR,NSE,True,Green
PRC-SBIN-20241120,INE001A01036,SBIN,State Bank of India,2024-11-20,917.04,940.78,920.06,920.16,1235307.0,NSE Feed,False,0,INR,NSE,True,Green
PRC-SBIN-20241126,INE001A01036,SBIN,State Bank of India,2024-11-26,930.18,949.4,936.0,936.18,146996.0,Bloomberg,True,8,INR,NSE,True,Red
PRC-SBIN-20241127,INE001A01036,SBIN,State Bank of India,2024-11-27,928.85,932.26,919.16,929.62,1412423.0,NSE Feed,False,0,INR,NSE,True,Green
PRC-SBIN-20241128,INE001A01036,SBIN,State Bank of India,2024-11-28,936.86,960.46,914.11,934.45,3674936.0,Refinitiv,False,0,INR,NSE,True,Green
PRC-SBIN-20241129,INE001A01036,SBIN,State Bank of India,2024-11-29,941.9,949.51,923.75,933.79,1799432.0,NSE Feed,False,0,INR,NSE,True,Green
PRC-SBIN-20241209,INE001A01036,SBIN,State Bank of India,2024-12-09,934.42,956.38,915.83,940.47,4481519.0,Refinitiv,False,0,INR,NSE,True,Green
PRC-SBIN-20241219,INE001A01036,SBIN,State Bank of India,2024-12-19,948.21,958.64,940.61,941.56,4071224.0,NSE Feed,False,0,INR,NSE,True,Green
PRC-SBIN-20241223,INE001A01036,SBIN,State Bank of India,2024-12-23,915.89,945.69,899.79,923.44,1482596.0,Bloomberg,False,0,INR,NSE,True,Green
PRC-SBIN-20250106,INE001A01036,SBIN,State Bank of India,2025-01-06,928.84,951.62,921.48,937.24,4056814.0,Bloomberg,False,0,INR,NSE,True,Green
PRC-SBIN-20250107,INE001A01036,SBIN,State Bank of India,2025-01-07,928.31,951.89,922.1,930.29,3077885.0,Bloomberg,False,0,INR,NSE,True,Green
PRC-SBIN-20250115,INE001A01036,SBIN,State Bank of India,2025-01-15,916.85,934.34,904.04,908.57,1298597.0,Bloomberg,True,5,INR,NSE,True,Amber
PRC-SBIN-20250116,INE001A01036,SBIN,State Bank of India,2025-01-16,906.09,917.85,887.45,902.74,3020749.0,NSE Feed,False,0,INR,NSE,True,Green
PRC-SBIN-20250122,INE001A01036,SBIN,State Bank of India,2025-01-22,926.2,943.23,901.29,923.06,4795892.0,NSE Feed,False,0,INR,NSE,True,Green
PRC-SBIN-20250130,INE001A01036,SBIN,State Bank of India,2025-01-30,925.68,947.23,921.54,934.83,147098.0,Refinitiv,False,0,INR,NSE,True,Green
PRC-SBIN-20250206,INE001A01036,SBIN,State Bank of India,2025-02-06,925.36,955.65,918.97,929.94,381254.0,Refinitiv,False,0,INR,NSE,True,Green
PRC-SBIN-20250210,INE001A01036,SBIN,State Bank of India,2025-02-10,920.89,926.66,913.2,925.07,355235.0,Refinitiv,True,6,INR,NSE,False,Red
PRC-SBIN-20250213,INE001A01036,SBIN,State Bank of India,2025-02-13,920.43,933.68,917.15,920.61,4676718.0,NSE Feed,False,0,INR,NSE,True,Green
PRC-SBIN-20250225,INE001A01036,SBIN,State Bank of India,2025-02-25,942.7,970.25,945.61,,,NSE Feed,False,0,INR,NSE,True,Green
PRC-SBIN-20250226,INE001A01036,SBIN,State Bank of India,2025-02-26,953.64,975.08,935.08,954.73,4664103.0,Bloomberg,False,0,INR,NSE,False,Green
PRC-SBIN-20250311,INE001A01036,SBIN,State Bank of India,2025-03-11,951.6,985.02,956.51,960.88,2754829.0,Refinitiv,False,0,INR,NSE,True,Green
PRC-SBIN-20250312,INE001A01036,SBIN,State Bank of India,2025-03-12,973.12,976.15,965.91,975.73,3592837.0,Refinitiv,False,0,INR,NSE,True,Green
PRC-SBIN-20250317,INE001A01036,SBIN,State Bank of India,2025-03-17,979.26,1000.64,952.32,979.23,3819499.0,NSE Feed,False,0,INR,NSE,True,Green
PRC-SBIN-20250321,INE001A01036,SBIN,State Bank of India,2025-03-21,969.04,997.28,970.68,975.42,127048.0,Bloomberg,False,0,INR,NSE,True,Green
PRC-SBIN-20250407,INE001A01036,SBIN,State Bank of India,2025-04-07,973.88,992.87,959.89,972.55,3983970.0,NSE Feed,False,0,INR,NSE,True,Green
PRC-SBIN-20250409,INE001A01036,SBIN,State Bank of India,2025-04-09,965.4,988.74,970.51,971.51,1520491.0,NSE Feed,False,0,INR,NSE,True,Green
PRC-SBIN-20250414,INE001A01036,SBIN,State Bank of India,2025-04-14,975.32,978.15,966.23,970.96,1702946.0,Refinitiv,False,0,INR,NSE,True,Green
PRC-SBIN-20250418,INE001A01036,SBIN,State Bank of India,2025-04-18,975.24,985.7,961.41,981.56,1995493.0,NSE Feed,True,6,INR,NSE,True,Red
PRC-SBIN-20250422,INE001A01036,SBIN,State Bank of India,2025-04-22,977.6,995.28,955.58,982.33,3079240.0,Refinitiv,False,0,INR,NSE,True,Green
PRC-SBIN-20250424,INE001A01036,SBIN,State Bank of India,2025-04-24,999.67,1013.59,968.41,993.12,3335324.0,NSE Feed,False,0,INR,NSE,True,Green
PRC-SBIN-20250505,INE001A01036,SBIN,State Bank of India,2025-05-05,988.88,1016.05,985.86,991.92,1840191.0,Bloomberg,False,0,INR,NSE,True,Green
PRC-SBIN-20250506,INE001A01036,SBIN,State Bank of India,2025-05-06,998.93,995.79,986.34,993.09,2266054.0,NSE Feed,False,0,INR,NSE,True,Green
PRC-SBIN-20250508,INE001A01036,SBIN,State Bank of India,2025-05-08,966.37,968.71,938.46,963.32,,Refinitiv,False,0,INR,NSE,True,Green
PRC-SBIN-20250515,INE001A01036,SBIN,State Bank of India,2025-05-15,984.4,986.01,950.33,976.56,3110538.0,NSE Feed,False,0,INR,NSE,True,Green
PRC-SBIN-20250516,INE001A01036,SBIN,State Bank of India,2025-05-16,989.55,987.15,962.73,981.64,1465209.0,Bloomberg,False,0,INR,NSE,True,Green
PRC-ONGC-20240101,INE066A01021,ONGC,Oil & Natural Gas Corp,2024-01-01,275.42,281.56,271.13,274.04,1258298.0,Bloomberg,False,0,INR,NSE,True,Green
PRC-ONGC-20240103,INE066A01021,ONGC,Oil & Natural Gas Corp,2024-01-03,261.3,267.28,257.62,262.14,2490452.0,Bloomberg,False,0,INR,NSE,True,Green
PRC-ONGC-20240116,INE066A01021,ONGC,Oil & Natural Gas Corp,2024-01-16,268.62,273.58,266.43,270.35,992804.0,Bloomberg,True,8,INR,NSE,True,Red
PRC-ONGC-20240118,INE066A01021,ONGC,Oil & Natural Gas Corp,2024-01-18,270.62,273.06,268.22,269.78,1449590.0,Bloomberg,False,0,INR,NSE,True,Green
PRC-ONGC-20240119,INE066A01021,ONGC,Oil & Natural Gas Corp,2024-01-19,271.59,279.65,271.55,274.27,3643826.0,NSE Feed,False,0,INR,NSE,True,Green
PRC-ONGC-20240129,INE066A01021,ONGC,Oil & Natural Gas Corp,2024-01-29,270.55,276.49,265.54,269.99,3227485.0,Bloomberg,False,0,INR,NSE,True,Green
PRC-ONGC-20240207,INE066A01021,ONGC,Oil & Natural Gas Corp,2024-02-07,270.35,273.93,267.76,272.47,3316794.0,Refinitiv,False,0,INR,NSE,True,Green
PRC-ONGC-20240220,INE066A01021,ONGC,Oil & Natural Gas Corp,2024-02-20,269.28,270.24,264.26,,,Refinitiv,False,0,INR,NSE,True,Green
PRC-ONGC-20240227,INE066A01021,ONGC,Oil & Natural Gas Corp,2024-02-27,263.21,272.57,261.35,265.66,520047.0,Refinitiv,True,6,INR,NSE,True,Red
PRC-ONGC-20240305,INE066A01021,ONGC,Oil & Natural Gas Corp,2024-03-05,272.17,280.0,269.53,273.28,1599280.0,Bloomberg,False,0,INR,NSE,True,Green
PRC-ONGC-20240308,INE066A01021,ONGC,Oil & Natural Gas Corp,2024-03-08,273.24,277.37,267.25,,,NSE Feed,False,0,INR,NSE,True,Green
PRC-ONGC-20240312,INE066A01021,ONGC,Oil & Natural Gas Corp,2024-03-12,273.58,274.42,266.37,273.39,4239361.0,Bloomberg,False,0,INR,NSE,True,Green
PRC-ONGC-20240318,INE066A01021,ONGC,Oil & Natural Gas Corp,2024-03-18,277.61,284.59,276.16,276.96,4491929.0,Refinitiv,False,0,INR,NSE,True,Green
PRC-ONGC-20240401,INE066A01021,ONGC,Oil & Natural Gas Corp,2024-04-01,277.05,287.19,275.99,279.02,948278.0,Bloomberg,False,0,INR,NSE,True,Green
PRC-ONGC-20240402,INE066A01021,ONGC,Oil & Natural Gas Corp,2024-04-02,280.41,282.18,274.62,279.65,1642919.0,Refinitiv,False,0,INR,NSE,True,Green
PRC-ONGC-20240404,INE066A01021,ONGC,Oil & Natural Gas Corp,2024-04-04,283.07,284.83,273.72,281.18,1707623.0,Refinitiv,False,0,INR,NSE,True,Green
PRC-ONGC-20240409,INE066A01021,ONGC,Oil & Natural Gas Corp,2024-04-09,293.38,293.44,289.56,291.31,3239322.0,Refinitiv,False,0,INR,NSE,True,Green
PRC-ONGC-20240410,INE066A01021,ONGC,Oil & Natural Gas Corp,2024-04-10,292.5,297.86,284.75,291.06,483713.0,Refinitiv,False,0,INR,NSE,True,Green
PRC-ONGC-20240415,INE066A01021,ONGC,Oil & Natural Gas Corp,2024-04-15,289.05,293.75,290.03,291.94,1188564.0,Bloomberg,False,0,INR,NSE,True,Green
PRC-ONGC-20240418,INE066A01021,ONGC,Oil & Natural Gas Corp,2024-04-18,295.46,298.51,287.81,296.54,2823016.0,NSE Feed,False,0,INR,NSE,True,Green
PRC-ONGC-20240423,INE066A01021,ONGC,Oil & Natural Gas Corp,2024-04-23,303.43,306.78,298.16,301.46,2857771.0,Refinitiv,False,0,INR,NSE,True,Green
PRC-ONGC-20240425,INE066A01021,ONGC,Oil & Natural Gas Corp,2024-04-25,305.72,314.4,299.02,306.83,4285702.0,NSE Feed,True,7,INR,NSE,True,Red
PRC-ONGC-20240426,INE066A01021,ONGC,Oil & Natural Gas Corp,2024-04-26,309.16,315.91,305.78,309.77,759416.0,Refinitiv,False,0,INR,NSE,True,Green
PRC-ONGC-20240429,INE066A01021,ONGC,Oil & Natural Gas Corp,2024-04-29,305.97,309.29,298.1,304.46,2745247.0,Bloomberg,False,0,INR,NSE,True,Green
PRC-ONGC-20240502,INE066A01021,ONGC,Oil & Natural Gas Corp,2024-05-02,309.84,315.21,306.6,,,NSE Feed,False,0,INR,NSE,True,Green
PRC-ONGC-20240507,INE066A01021,ONGC,Oil & Natural Gas Corp,2024-05-07,309.55,310.0,302.3,306.55,3274491.0,Refinitiv,False,0,INR,NSE,False,Green
PRC-ONGC-20240510,INE066A01021,ONGC,Oil & Natural Gas Corp,2024-05-10,306.16,308.97,301.38,307.94,1434774.0,Refinitiv,False,0,INR,NSE,False,Green
PRC-ONGC-20240521,INE066A01021,ONGC,Oil & Natural Gas Corp,2024-05-21,302.74,312.68,297.87,304.46,3146530.0,Refinitiv,False,0,INR,NSE,True,Green
PRC-ONGC-20240522,INE066A01021,ONGC,Oil & Natural Gas Corp,2024-05-22,305.76,307.07,299.93,304.17,3389788.0,NSE Feed,False,0,INR,NSE,True,Green
PRC-ONGC-20240524,INE066A01021,ONGC,Oil & Natural Gas Corp,2024-05-24,307.66,309.79,304.97,305.67,1590040.0,Bloomberg,False,0,INR,NSE,True,Green
PRC-ONGC-20240530,INE066A01021,ONGC,Oil & Natural Gas Corp,2024-05-30,306.92,308.73,306.29,307.14,3315801.0,Refinitiv,False,0,INR,NSE,True,Green
PRC-ONGC-20240606,INE066A01021,ONGC,Oil & Natural Gas Corp,2024-06-06,309.93,314.82,301.1,309.08,4322500.0,NSE Feed,False,0,INR,NSE,True,Green
PRC-ONGC-20240614,INE066A01021,ONGC,Oil & Natural Gas Corp,2024-06-14,315.46,318.94,312.47,316.56,4058697.0,Refinitiv,False,0,INR,NSE,True,Green
PRC-ONGC-20240617,INE066A01021,ONGC,Oil & Natural Gas Corp,2024-06-17,321.16,324.97,314.44,318.72,1719266.0,NSE Feed,False,0,INR,NSE,True,Green
PRC-ONGC-20240621,INE066A01021,ONGC,Oil & Natural Gas Corp,2024-06-21,317.37,324.34,309.93,317.55,1212749.0,Bloomberg,False,0,INR,NSE,True,Green
PRC-ONGC-20240624,INE066A01021,ONGC,Oil & Natural Gas Corp,2024-06-24,321.88,328.75,316.77,322.14,,NSE Feed,False,0,INR,NSE,True,Green
PRC-ONGC-20240628,INE066A01021,ONGC,Oil & Natural Gas Corp,2024-06-28,325.34,333.83,321.31,327.89,1436024.0,NSE Feed,False,0,INR,NSE,True,Green
PRC-ONGC-20240710,INE066A01021,ONGC,Oil & Natural Gas Corp,2024-07-10,323.02,325.78,317.22,321.85,4044400.0,Bloomberg,True,2,INR,NSE,True,Amber
PRC-ONGC-20240719,INE066A01021,ONGC,Oil & Natural Gas Corp,2024-07-19,326.14,325.92,322.56,324.74,4580949.0,Refinitiv,False,0,INR,NSE,True,Green
PRC-ONGC-20240801,INE066A01021,ONGC,Oil & Natural Gas Corp,2024-08-01,326.79,332.07,326.4,328.15,434759.0,Bloomberg,False,0,INR,NSE,True,Green
PRC-ONGC-20240802,INE066A01021,ONGC,Oil & Natural Gas Corp,2024-08-02,326.3,334.41,317.9,326.69,2302002.0,Refinitiv,False,0,INR,NSE,True,Green
PRC-ONGC-20240807,INE066A01021,ONGC,Oil & Natural Gas Corp,2024-08-07,332.85,336.83,332.56,333.43,4148266.0,NSE Feed,False,0,INR,NSE,True,Green
PRC-ONGC-20240808,INE066A01021,ONGC,Oil & Natural Gas Corp,2024-08-08,332.4,339.76,330.21,332.68,2281034.0,Bloomberg,False,0,INR,NSE,True,Green
PRC-ONGC-20240814,INE066A01021,ONGC,Oil & Natural Gas Corp,2024-08-14,334.64,338.99,329.25,333.31,1274581.0,NSE Feed,False,0,INR,NSE,True,Green
PRC-ONGC-20240821,INE066A01021,ONGC,Oil & Natural Gas Corp,2024-08-21,332.86,339.56,325.53,,,Refinitiv,False,0,INR,NSE,True,Green
PRC-ONGC-20240826,INE066A01021,ONGC,Oil & Natural Gas Corp,2024-08-26,332.12,335.46,329.96,332.52,1178381.0,NSE Feed,False,0,INR,NSE,True,Green
PRC-ONGC-20240828,INE066A01021,ONGC,Oil & Natural Gas Corp,2024-08-28,325.27,335.4,322.96,327.05,1344562.0,Refinitiv,False,0,INR,NSE,True,Green
PRC-ONGC-20240830,INE066A01021,ONGC,Oil & Natural Gas Corp,2024-08-30,322.35,324.95,314.96,319.99,1529503.0,Bloomberg,False,0,INR,NSE,True,Green
PRC-ONGC-20240903,INE066A01021,ONGC,Oil & Natural Gas Corp,2024-09-03,327.79,331.35,326.91,327.64,1518688.0,Refinitiv,False,0,INR,NSE,True,Green
PRC-ONGC-20240904,INE066A01021,ONGC,Oil & Natural Gas Corp,2024-09-04,324.57,324.1,315.95,323.48,1831654.0,NSE Feed,False,0,INR,NSE,True,Green
PRC-ONGC-20240916,INE066A01021,ONGC,Oil & Natural Gas Corp,2024-09-16,316.24,320.55,313.87,318.67,4876540.0,Refinitiv,False,0,INR,NSE,False,Green
PRC-ONGC-20240919,INE066A01021,ONGC,Oil & Natural Gas Corp,2024-09-19,310.12,313.22,301.23,308.37,1798944.0,Bloomberg,False,0,INR,NSE,True,Green
PRC-ONGC-20240924,INE066A01021,ONGC,Oil & Natural Gas Corp,2024-09-24,304.38,306.03,301.32,305.42,4585840.0,Refinitiv,False,0,INR,NSE,True,Green
PRC-ONGC-20240925,INE066A01021,ONGC,Oil & Natural Gas Corp,2024-09-25,299.04,304.05,292.57,299.36,1632469.0,Refinitiv,False,0,INR,NSE,False,Green
PRC-ONGC-20241003,INE066A01021,ONGC,Oil & Natural Gas Corp,2024-10-03,308.06,308.36,306.54,306.73,2329384.0,Refinitiv,False,0,INR,NSE,True,Green
PRC-ONGC-20241008,INE066A01021,ONGC,Oil & Natural Gas Corp,2024-10-08,313.97,319.84,303.27,311.38,2639742.0,NSE Feed,False,0,INR,NSE,True,Green
PRC-ONGC-20241009,INE066A01021,ONGC,Oil & Natural Gas Corp,2024-10-09,308.02,309.07,307.07,308.16,528513.0,Bloomberg,False,0,INR,NSE,True,Green
PRC-ONGC-20241011,INE066A01021,ONGC,Oil & Natural Gas Corp,2024-10-11,318.2,323.12,309.97,318.57,1903499.0,Refinitiv,False,0,INR,NSE,True,Green
PRC-ONGC-20241014,INE066A01021,ONGC,Oil & Natural Gas Corp,2024-10-14,325.6,324.35,322.16,323.26,1734090.0,Refinitiv,False,0,INR,NSE,True,Green
PRC-ONGC-20241028,INE066A01021,ONGC,Oil & Natural Gas Corp,2024-10-28,318.48,328.97,317.84,321.69,4232271.0,Refinitiv,False,0,INR,NSE,True,Green
PRC-ONGC-20241030,INE066A01021,ONGC,Oil & Natural Gas Corp,2024-10-30,312.42,312.41,308.4,309.63,2188947.0,Bloomberg,False,0,INR,NSE,True,Green
PRC-ONGC-20241031,INE066A01021,ONGC,Oil & Natural Gas Corp,2024-10-31,319.88,329.66,319.75,320.27,4190121.0,NSE Feed,False,0,INR,NSE,True,Green
PRC-ONGC-20241106,INE066A01021,ONGC,Oil & Natural Gas Corp,2024-11-06,311.48,314.21,308.25,313.59,2655513.0,NSE Feed,False,0,INR,NSE,False,Green
PRC-ONGC-20241107,INE066A01021,ONGC,Oil & Natural Gas Corp,2024-11-07,306.09,307.53,303.82,305.85,2044502.0,NSE Feed,False,0,INR,NSE,True,Green
PRC-ONGC-20241108,INE066A01021,ONGC,Oil & Natural Gas Corp,2024-11-08,310.37,316.92,309.87,310.54,1864056.0,Refinitiv,False,0,INR,NSE,True,Green
PRC-ONGC-20241121,INE066A01021,ONGC,Oil & Natural Gas Corp,2024-11-21,321.24,323.57,313.78,321.91,1418124.0,Bloomberg,False,0,INR,NSE,False,Green
PRC-ONGC-20241122,INE066A01021,ONGC,Oil & Natural Gas Corp,2024-11-22,330.49,336.28,321.39,328.59,2304991.0,Bloomberg,False,0,INR,NSE,False,Green
PRC-ONGC-20241125,INE066A01021,ONGC,Oil & Natural Gas Corp,2024-11-25,330.09,338.6,329.68,331.37,2745319.0,Bloomberg,False,0,INR,NSE,True,Green
PRC-ONGC-20241127,INE066A01021,ONGC,Oil & Natural Gas Corp,2024-11-27,331.02,343.76,324.85,334.33,3529160.0,Bloomberg,False,0,INR,NSE,True,Green
PRC-ONGC-20241203,INE066A01021,ONGC,Oil & Natural Gas Corp,2024-12-03,337.08,346.92,330.51,338.61,2246890.0,Bloomberg,False,0,INR,NSE,True,Green
PRC-ONGC-20241204,INE066A01021,ONGC,Oil & Natural Gas Corp,2024-12-04,341.66,348.2,339.78,,,NSE Feed,False,0,INR,NSE,True,Green
PRC-ONGC-20241206,INE066A01021,ONGC,Oil & Natural Gas Corp,2024-12-06,340.98,345.56,341.05,343.91,4041569.0,NSE Feed,False,0,INR,NSE,True,Green
PRC-ONGC-20241211,INE066A01021,ONGC,Oil & Natural Gas Corp,2024-12-11,345.87,347.03,344.31,344.45,3245887.0,NSE Feed,False,0,INR,NSE,True,Green
PRC-ONGC-20241216,INE066A01021,ONGC,Oil & Natural Gas Corp,2024-12-16,343.22,353.66,334.95,344.12,1226461.0,Refinitiv,False,0,INR,NSE,True,Green
PRC-ONGC-20241224,INE066A01021,ONGC,Oil & Natural Gas Corp,2024-12-24,342.44,349.15,336.04,340.23,4915800.0,NSE Feed,False,0,INR,NSE,True,Green
PRC-ONGC-20241227,INE066A01021,ONGC,Oil & Natural Gas Corp,2024-12-27,339.11,345.51,334.29,338.8,2544602.0,Refinitiv,False,0,INR,NSE,True,Green
PRC-ONGC-20250101,INE066A01021,ONGC,Oil & Natural Gas Corp,2025-01-01,333.21,333.77,327.94,330.19,1901980.0,NSE Feed,True,7,INR,NSE,True,Red
PRC-ONGC-20250109,INE066A01021,ONGC,Oil & Natural Gas Corp,2025-01-09,327.72,339.32,322.38,329.71,294098.0,NSE Feed,False,0,INR,NSE,True,Green
PRC-ONGC-20250116,INE066A01021,ONGC,Oil & Natural Gas Corp,2025-01-16,324.73,325.29,320.22,324.82,4397162.0,Bloomberg,False,0,INR,NSE,True,Green
PRC-ONGC-20250128,INE066A01021,ONGC,Oil & Natural Gas Corp,2025-01-28,321.83,322.58,315.02,319.44,2471010.0,Refinitiv,True,10,INR,NSE,True,Red
PRC-ONGC-20250131,INE066A01021,ONGC,Oil & Natural Gas Corp,2025-01-31,323.34,327.8,315.8,320.3,4407553.0,NSE Feed,True,3,INR,NSE,True,Amber
PRC-ONGC-20250207,INE066A01021,ONGC,Oil & Natural Gas Corp,2025-02-07,324.97,327.71,323.89,326.99,2422511.0,Bloomberg,False,0,INR,NSE,True,Green
PRC-ONGC-20250210,INE066A01021,ONGC,Oil & Natural Gas Corp,2025-02-10,332.49,332.22,327.99,331.5,2950530.0,Bloomberg,False,0,INR,NSE,True,Green
PRC-ONGC-20250211,INE066A01021,ONGC,Oil & Natural Gas Corp,2025-02-11,323.25,323.9,319.56,323.69,153300.0,Refinitiv,False,0,INR,NSE,True,Green
PRC-ONGC-20250214,INE066A01021,ONGC,Oil & Natural Gas Corp,2025-02-14,318.42,321.36,311.45,,,Refinitiv,False,0,INR,NSE,True,Green
PRC-ONGC-20250217,INE066A01021,ONGC,Oil & Natural Gas Corp,2025-02-17,321.44,331.35,322.66,323.38,4939019.0,NSE Feed,False,0,INR,NSE,True,Green
PRC-ONGC-20250227,INE066A01021,ONGC,Oil & Natural Gas Corp,2025-02-27,316.07,323.71,318.09,318.62,430952.0,NSE Feed,False,0,INR,NSE,True,Green
PRC-ONGC-20250228,INE066A01021,ONGC,Oil & Natural Gas Corp,2025-02-28,316.37,319.73,310.0,317.54,2641156.0,NSE Feed,False,0,INR,NSE,True,Green
PRC-ONGC-20250303,INE066A01021,ONGC,Oil & Natural Gas Corp,2025-03-03,318.35,323.58,311.88,320.16,3787975.0,NSE Feed,False,0,INR,NSE,True,Green
PRC-ONGC-20250305,INE066A01021,ONGC,Oil & Natural Gas Corp,2025-03-05,317.05,322.52,309.65,315.51,3848133.0,Bloomberg,False,0,INR,NSE,True,Green
PRC-ONGC-20250317,INE066A01021,ONGC,Oil & Natural Gas Corp,2025-03-17,318.0,316.89,308.19,316.01,4951161.0,Refinitiv,False,0,INR,NSE,True,Green
PRC-ONGC-20250319,INE066A01021,ONGC,Oil & Natural Gas Corp,2025-03-19,312.42,316.57,303.73,309.69,2758178.0,Bloomberg,False,0,INR,NSE,True,Green
PRC-ONGC-20250324,INE066A01021,ONGC,Oil & Natural Gas Corp,2025-03-24,306.03,309.24,298.72,306.89,3933205.0,NSE Feed,False,0,INR,NSE,True,Green
PRC-ONGC-20250425,INE066A01021,ONGC,Oil & Natural Gas Corp,2025-04-25,310.57,311.65,307.86,308.37,647823.0,Bloomberg,False,0,INR,NSE,False,Green
PRC-ONGC-20250428,INE066A01021,ONGC,Oil & Natural Gas Corp,2025-04-28,302.21,306.87,299.28,301.0,4054066.0,NSE Feed,False,0,INR,NSE,False,Green
PRC-ONGC-20250502,INE066A01021,ONGC,Oil & Natural Gas Corp,2025-05-02,301.91,304.26,296.16,302.99,4836034.0,NSE Feed,False,0,INR,NSE,True,Green
PRC-ONGC-20250506,INE066A01021,ONGC,Oil & Natural Gas Corp,2025-05-06,304.49,303.45,301.1,302.9,2558571.0,Bloomberg,False,0,INR,NSE,True,Green
PRC-ONGC-20250508,INE066A01021,ONGC,Oil & Natural Gas Corp,2025-05-08,303.42,310.16,297.63,305.41,1623494.0,Bloomberg,False,0,INR,NSE,True,Green
PRC-ONGC-20250512,INE066A01021,ONGC,Oil & Natural Gas Corp,2025-05-12,306.42,309.25,302.99,306.43,2324502.0,Refinitiv,False,0,INR,NSE,True,Green
PRC-ONGC-20250514,INE066A01021,ONGC,Oil & Natural Gas Corp,2025-05-14,315.13,313.02,311.5,312.7,3519652.0,NSE Feed,False,0,INR,NSE,True,Green
PRC-BHARTIARTL-20240101,INE117A01022,BHARTIARTL,Bharti Airtel Ltd,2024-01-01,1400.46,1410.43,1351.89,1392.61,4657688.0,NSE Feed,False,0,INR,NSE,True,Green
PRC-BHARTIARTL-20240108,INE117A01022,BHARTIARTL,Bharti Airtel Ltd,2024-01-08,1373.13,1413.22,1347.37,1383.64,3016083.0,Bloomberg,False,0,INR,NSE,True,Green
PRC-BHARTIARTL-20240110,INE117A01022,BHARTIARTL,Bharti Airtel Ltd,2024-01-10,1399.11,1426.59,1352.19,1386.18,4385778.0,NSE Feed,False,0,INR,NSE,True,Green
PRC-BHARTIARTL-20240124,INE117A01022,BHARTIARTL,Bharti Airtel Ltd,2024-01-24,1389.05,1428.69,1377.59,1397.48,1373149.0,Refinitiv,False,0,INR,NSE,True,Green
PRC-BHARTIARTL-20240202,INE117A01022,BHARTIARTL,Bharti Airtel Ltd,2024-02-02,1394.66,1408.17,1396.28,1398.5,4553260.0,NSE Feed,False,0,INR,NSE,True,Green
PRC-BHARTIARTL-20240215,INE117A01022,BHARTIARTL,Bharti Airtel Ltd,2024-02-15,1403.11,1425.3,1392.77,1399.35,1375496.0,Refinitiv,False,0,INR,NSE,False,Green
PRC-BHARTIARTL-20240228,INE117A01022,BHARTIARTL,Bharti Airtel Ltd,2024-02-28,1378.48,1424.45,1382.49,1384.62,2587192.0,Bloomberg,False,0,INR,NSE,False,Green
PRC-BHARTIARTL-20240306,INE117A01022,BHARTIARTL,Bharti Airtel Ltd,2024-03-06,1369.97,1376.45,1368.3,1370.85,102966.0,NSE Feed,False,0,INR,NSE,True,Green
PRC-BHARTIARTL-20240307,INE117A01022,BHARTIARTL,Bharti Airtel Ltd,2024-03-07,1353.36,1366.69,1340.37,1342.01,596792.0,Bloomberg,False,0,INR,NSE,True,Green
PRC-BHARTIARTL-20240308,INE117A01022,BHARTIARTL,Bharti Airtel Ltd,2024-03-08,1390.23,1417.57,1376.33,1377.23,3381944.0,NSE Feed,False,0,INR,NSE,True,Green
PRC-BHARTIARTL-20240312,INE117A01022,BHARTIARTL,Bharti Airtel Ltd,2024-03-12,1360.57,1354.39,1350.04,1351.53,2417083.0,NSE Feed,False,0,INR,NSE,True,Green
PRC-BHARTIARTL-20240314,INE117A01022,BHARTIARTL,Bharti Airtel Ltd,2024-03-14,1349.37,1343.58,1315.15,1337.48,2410812.0,Bloomberg,False,0,INR,NSE,True,Green
PRC-BHARTIARTL-20240320,INE117A01022,BHARTIARTL,Bharti Airtel Ltd,2024-03-20,1312.55,1348.02,1302.08,1323.07,3776491.0,Bloomberg,False,0,INR,NSE,True,Green
PRC-BHARTIARTL-20240325,INE117A01022,BHARTIARTL,Bharti Airtel Ltd,2024-03-25,1331.54,1376.24,1330.95,1340.83,2963679.0,Bloomberg,False,0,INR,NSE,False,Green
PRC-BHARTIARTL-20240329,INE117A01022,BHARTIARTL,Bharti Airtel Ltd,2024-03-29,1328.37,1360.0,1311.91,1334.9,,NSE Feed,False,0,INR,NSE,True,Green
PRC-BHARTIARTL-20240401,INE117A01022,BHARTIARTL,Bharti Airtel Ltd,2024-04-01,1366.91,1369.05,1323.29,1359.88,3141284.0,NSE Feed,False,0,INR,NSE,True,Green
PRC-BHARTIARTL-20240402,INE117A01022,BHARTIARTL,Bharti Airtel Ltd,2024-04-02,1358.62,1363.17,1331.53,1346.14,2450517.0,Refinitiv,False,0,INR,NSE,True,Green
PRC-BHARTIARTL-20240403,INE117A01022,BHARTIARTL,Bharti Airtel Ltd,2024-04-03,1347.15,1378.83,1321.41,1351.78,3091891.0,NSE Feed,False,0,INR,NSE,True,Green
PRC-BHARTIARTL-20240404,INE117A01022,BHARTIARTL,Bharti Airtel Ltd,2024-04-04,1337.13,1343.71,1312.17,1334.84,2329307.0,NSE Feed,False,0,INR,NSE,False,Green
PRC-BHARTIARTL-20240411,INE117A01022,BHARTIARTL,Bharti Airtel Ltd,2024-04-11,1380.73,1401.17,1361.53,1377.79,3309374.0,NSE Feed,False,0,INR,NSE,True,Green
PRC-BHARTIARTL-20240412,INE117A01022,BHARTIARTL,Bharti Airtel Ltd,2024-04-12,1365.54,1376.62,1317.42,1353.25,2101641.0,Bloomberg,False,0,INR,NSE,True,Green
PRC-BHARTIARTL-20240422,INE117A01022,BHARTIARTL,Bharti Airtel Ltd,2024-04-22,1368.11,1388.83,1320.38,1359.54,3793043.0,Bloomberg,False,0,INR,NSE,True,Green
PRC-BHARTIARTL-20240424,INE117A01022,BHARTIARTL,Bharti Airtel Ltd,2024-04-24,1381.06,1398.32,1363.31,1372.46,315088.0,NSE Feed,False,0,INR,NSE,True,Green
PRC-BHARTIARTL-20240430,INE117A01022,BHARTIARTL,Bharti Airtel Ltd,2024-04-30,1369.9,1419.12,1372.77,,,Refinitiv,False,0,INR,NSE,True,Green
PRC-BHARTIARTL-20240509,INE117A01022,BHARTIARTL,Bharti Airtel Ltd,2024-05-09,1382.18,1391.7,1375.72,1377.14,2420561.0,Bloomberg,False,0,INR,NSE,True,Green
PRC-BHARTIARTL-20240510,INE117A01022,BHARTIARTL,Bharti Airtel Ltd,2024-05-10,1378.17,1406.15,1339.85,1374.46,4784851.0,Refinitiv,False,0,INR,NSE,True,Green
PRC-BHARTIARTL-20240513,INE117A01022,BHARTIARTL,Bharti Airtel Ltd,2024-05-13,1383.09,1382.46,1354.73,1375.36,845491.0,Bloomberg,False,0,INR,NSE,True,Green
PRC-BHARTIARTL-20240514,INE117A01022,BHARTIARTL,Bharti Airtel Ltd,2024-05-14,1385.12,1385.36,1343.75,1372.33,858602.0,Refinitiv,False,0,INR,NSE,True,Green
PRC-BHARTIARTL-20240520,INE117A01022,BHARTIARTL,Bharti Airtel Ltd,2024-05-20,1399.32,1400.62,1386.16,1392.17,4172171.0,Bloomberg,False,0,INR,NSE,True,Green
PRC-BHARTIARTL-20240521,INE117A01022,BHARTIARTL,Bharti Airtel Ltd,2024-05-21,1428.53,1445.61,1395.87,1438.33,1692071.0,Refinitiv,False,0,INR,NSE,True,Green
PRC-BHARTIARTL-20240531,INE117A01022,BHARTIARTL,Bharti Airtel Ltd,2024-05-31,1420.49,1450.26,1391.13,1426.31,736991.0,NSE Feed,False,0,INR,NSE,True,Green
PRC-BHARTIARTL-20240605,INE117A01022,BHARTIARTL,Bharti Airtel Ltd,2024-06-05,1401.56,1432.72,1361.2,1397.0,2953502.0,Refinitiv,False,0,INR,NSE,True,Green
PRC-BHARTIARTL-20240607,INE117A01022,BHARTIARTL,Bharti Airtel Ltd,2024-06-07,1404.78,1425.97,1389.98,1395.15,2565514.0,Refinitiv,False,0,INR,NSE,True,Green
PRC-BHARTIARTL-20240610,INE117A01022,BHARTIARTL,Bharti Airtel Ltd,2024-06-10,1447.47,1450.91,1429.48,1449.14,2396702.0,NSE Feed,False,0,INR,NSE,True,Green
PRC-BHARTIARTL-20240618,INE117A01022,BHARTIARTL,Bharti Airtel Ltd,2024-06-18,1424.37,1441.37,1416.54,1431.67,1911671.0,NSE Feed,False,0,INR,NSE,True,Green
PRC-BHARTIARTL-20240626,INE117A01022,BHARTIARTL,Bharti Airtel Ltd,2024-06-26,1476.78,1485.11,1447.12,1466.87,4865448.0,NSE Feed,True,9,INR,NSE,True,Red
PRC-BHARTIARTL-20240627,INE117A01022,BHARTIARTL,Bharti Airtel Ltd,2024-06-27,1507.61,1543.87,1502.84,1503.78,2293556.0,Refinitiv,False,0,INR,NSE,True,Green
PRC-BHARTIARTL-20240701,INE117A01022,BHARTIARTL,Bharti Airtel Ltd,2024-07-01,1489.24,1507.6,1487.96,1491.29,2068855.0,Bloomberg,False,0,INR,NSE,True,Green
PRC-BHARTIARTL-20240702,INE117A01022,BHARTIARTL,Bharti Airtel Ltd,2024-07-02,1498.66,1541.36,1490.59,1504.02,4615381.0,Refinitiv,False,0,INR,NSE,True,Green
PRC-BHARTIARTL-20240705,INE117A01022,BHARTIARTL,Bharti Airtel Ltd,2024-07-05,1540.99,1562.75,1509.03,1540.76,2011129.0,Refinitiv,False,0,INR,NSE,True,Green
PRC-BHARTIARTL-20240709,INE117A01022,BHARTIARTL,Bharti Airtel Ltd,2024-07-09,1541.83,1542.29,1498.41,1532.0,546286.0,Bloomberg,False,0,INR,NSE,True,Green
PRC-BHARTIARTL-20240718,INE117A01022,BHARTIARTL,Bharti Airtel Ltd,2024-07-18,1541.16,1535.17,1507.16,1527.32,4789198.0,Refinitiv,False,0,INR,NSE,True,Green
PRC-BHARTIARTL-20240719,INE117A01022,BHARTIARTL,Bharti Airtel Ltd,2024-07-19,1503.33,1544.97,1471.54,1513.99,2416013.0,Refinitiv,False,0,INR,NSE,True,Green
PRC-BHARTIARTL-20240802,INE117A01022,BHARTIARTL,Bharti Airtel Ltd,2024-08-02,1488.88,1525.14,1452.18,1490.95,3423952.0,NSE Feed,True,9,INR,NSE,True,Red
PRC-BHARTIARTL-20240809,INE117A01022,BHARTIARTL,Bharti Airtel Ltd,2024-08-09,1470.66,1486.73,1467.5,1476.43,4361034.0,Bloomberg,False,0,INR,NSE,True,Green
PRC-BHARTIARTL-20240819,INE117A01022,BHARTIARTL,Bharti Airtel Ltd,2024-08-19,1443.94,1449.61,1432.35,1449.32,3106053.0,Refinitiv,False,0,INR,NSE,True,Green
PRC-BHARTIARTL-20240821,INE117A01022,BHARTIARTL,Bharti Airtel Ltd,2024-08-21,1450.92,1481.83,1438.43,1450.06,2187081.0,Refinitiv,False,0,INR,NSE,True,Green
PRC-BHARTIARTL-20240822,INE117A01022,BHARTIARTL,Bharti Airtel Ltd,2024-08-22,1419.83,1473.25,1421.65,1433.31,2883257.0,NSE Feed,False,0,INR,NSE,True,Green
PRC-BHARTIARTL-20240828,INE117A01022,BHARTIARTL,Bharti Airtel Ltd,2024-08-28,1443.67,1473.07,1411.64,1438.34,4079619.0,NSE Feed,False,0,INR,NSE,True,Green
PRC-BHARTIARTL-20240830,INE117A01022,BHARTIARTL,Bharti Airtel Ltd,2024-08-30,1395.71,1422.91,1373.25,1404.77,861136.0,NSE Feed,False,0,INR,NSE,True,Green
PRC-BHARTIARTL-20240902,INE117A01022,BHARTIARTL,Bharti Airtel Ltd,2024-09-02,1415.9,1415.2,1388.52,1411.74,888763.0,Refinitiv,False,0,INR,NSE,True,Green
PRC-BHARTIARTL-20240903,INE117A01022,BHARTIARTL,Bharti Airtel Ltd,2024-09-03,1416.79,1445.4,1393.74,1429.39,4538588.0,NSE Feed,True,10,INR,NSE,True,Red
PRC-BHARTIARTL-20240905,INE117A01022,BHARTIARTL,Bharti Airtel Ltd,2024-09-05,1396.61,1426.4,1352.89,1386.65,4279215.0,NSE Feed,True,7,INR,NSE,True,Red
PRC-BHARTIARTL-20240918,INE117A01022,BHARTIARTL,Bharti Airtel Ltd,2024-09-18,1399.54,1400.9,1368.25,1394.43,1584182.0,Bloomberg,False,0,INR,NSE,True,Green
PRC-BHARTIARTL-20240924,INE117A01022,BHARTIARTL,Bharti Airtel Ltd,2024-09-24,1410.13,1455.0,1378.8,1420.11,425262.0,Refinitiv,False,0,INR,NSE,True,Green
PRC-BHARTIARTL-20241002,INE117A01022,BHARTIARTL,Bharti Airtel Ltd,2024-10-02,1406.45,1433.45,1357.02,1394.34,1613445.0,Refinitiv,False,0,INR,NSE,True,Green
PRC-BHARTIARTL-20241010,INE117A01022,BHARTIARTL,Bharti Airtel Ltd,2024-10-10,1432.28,1472.09,1425.89,1429.32,3914023.0,Refinitiv,False,0,INR,NSE,True,Green
PRC-BHARTIARTL-20241015,INE117A01022,BHARTIARTL,Bharti Airtel Ltd,2024-10-15,1427.27,1462.23,1409.75,1438.3,3167659.0,NSE Feed,False,0,INR,NSE,True,Green
PRC-BHARTIARTL-20241016,INE117A01022,BHARTIARTL,Bharti Airtel Ltd,2024-10-16,1420.37,1438.39,1419.53,1423.09,4130083.0,Refinitiv,False,0,INR,NSE,True,Green
PRC-BHARTIARTL-20241023,INE117A01022,BHARTIARTL,Bharti Airtel Ltd,2024-10-23,1422.47,1450.21,1392.92,1421.9,4523627.0,Refinitiv,False,0,INR,NSE,True,Green
PRC-BHARTIARTL-20241025,INE117A01022,BHARTIARTL,Bharti Airtel Ltd,2024-10-25,1435.14,1442.45,1404.58,1433.81,3857295.0,NSE Feed,False,0,INR,NSE,True,Green
PRC-BHARTIARTL-20241029,INE117A01022,BHARTIARTL,Bharti Airtel Ltd,2024-10-29,1431.92,1456.57,1413.54,1435.45,2797059.0,Refinitiv,False,0,INR,NSE,True,Green
PRC-BHARTIARTL-20241111,INE117A01022,BHARTIARTL,Bharti Airtel Ltd,2024-11-11,1455.33,1459.51,1433.33,1447.05,562342.0,Refinitiv,False,0,INR,NSE,True,Green
PRC-BHARTIARTL-20241119,INE117A01022,BHARTIARTL,Bharti Airtel Ltd,2024-11-19,1438.25,1459.08,1408.71,1427.06,1554238.0,Refinitiv,False,0,INR,NSE,True,Green
PRC-BHARTIARTL-20241120,INE117A01022,BHARTIARTL,Bharti Airtel Ltd,2024-11-20,1427.39,1445.79,1410.85,1430.69,,Refinitiv,True,6,INR,NSE,True,Red
PRC-BHARTIARTL-20241121,INE117A01022,BHARTIARTL,Bharti Airtel Ltd,2024-11-21,1391.34,1415.93,1387.71,1400.35,1899299.0,NSE Feed,False,0,INR,NSE,True,Green
PRC-BHARTIARTL-20241126,INE117A01022,BHARTIARTL,Bharti Airtel Ltd,2024-11-26,1392.99,1427.96,1376.84,1398.01,4891114.0,Refinitiv,False,0,INR,NSE,True,Green
PRC-BHARTIARTL-20241127,INE117A01022,BHARTIARTL,Bharti Airtel Ltd,2024-11-27,1390.1,1383.87,1349.7,1379.06,,NSE Feed,False,0,INR,NSE,True,Green
PRC-BHARTIARTL-20241202,INE117A01022,BHARTIARTL,Bharti Airtel Ltd,2024-12-02,1355.03,1379.8,1332.27,1363.84,3471874.0,NSE Feed,False,0,INR,NSE,True,Green
PRC-BHARTIARTL-20241205,INE117A01022,BHARTIARTL,Bharti Airtel Ltd,2024-12-05,1382.41,1427.56,1375.81,1389.13,2698281.0,NSE Feed,False,0,INR,NSE,False,Green
PRC-BHARTIARTL-20241206,INE117A01022,BHARTIARTL,Bharti Airtel Ltd,2024-12-06,1409.31,1412.3,1404.4,1411.87,3263610.0,Bloomberg,False,0,INR,NSE,True,Green
PRC-BHARTIARTL-20241210,INE117A01022,BHARTIARTL,Bharti Airtel Ltd,2024-12-10,1417.74,1425.22,1411.63,1424.77,450638.0,Refinitiv,False,0,INR,NSE,True,Green
PRC-BHARTIARTL-20241211,INE117A01022,BHARTIARTL,Bharti Airtel Ltd,2024-12-11,1389.39,1406.23,1366.06,1401.43,4198143.0,NSE Feed,False,0,INR,NSE,True,Green
PRC-BHARTIARTL-20241213,INE117A01022,BHARTIARTL,Bharti Airtel Ltd,2024-12-13,1387.98,1423.27,1391.87,1394.77,3440381.0,Bloomberg,False,0,INR,NSE,True,Green
PRC-BHARTIARTL-20241218,INE117A01022,BHARTIARTL,Bharti Airtel Ltd,2024-12-18,1409.03,1425.24,1412.61,1420.15,1795556.0,NSE Feed,False,0,INR,NSE,True,Green
PRC-BHARTIARTL-20250102,INE117A01022,BHARTIARTL,Bharti Airtel Ltd,2025-01-02,1437.28,1443.2,1385.15,1423.17,2018013.0,NSE Feed,False,0,INR,NSE,True,Green
PRC-BHARTIARTL-20250103,INE117A01022,BHARTIARTL,Bharti Airtel Ltd,2025-01-03,1481.71,1483.37,1455.69,1472.69,3775120.0,Refinitiv,False,0,INR,NSE,True,Green
PRC-BHARTIARTL-20250107,INE117A01022,BHARTIARTL,Bharti Airtel Ltd,2025-01-07,1489.28,1489.77,1446.28,1481.37,2766917.0,NSE Feed,True,10,INR,NSE,True,Red
PRC-BHARTIARTL-20250109,INE117A01022,BHARTIARTL,Bharti Airtel Ltd,2025-01-09,1499.02,1526.73,1456.68,1485.64,1783168.0,Refinitiv,False,0,INR,NSE,True,Green
PRC-BHARTIARTL-20250113,INE117A01022,BHARTIARTL,Bharti Airtel Ltd,2025-01-13,1478.92,1488.74,1462.22,1478.75,2917638.0,Refinitiv,False,0,INR,NSE,True,Green
PRC-BHARTIARTL-20250117,INE117A01022,BHARTIARTL,Bharti Airtel Ltd,2025-01-17,1491.89,1508.46,1450.06,,,NSE Feed,False,0,INR,NSE,True,Green
PRC-BHARTIARTL-20250121,INE117A01022,BHARTIARTL,Bharti Airtel Ltd,2025-01-21,1475.66,1502.02,1461.41,1478.33,1525352.0,Refinitiv,True,3,INR,NSE,False,Amber
PRC-BHARTIARTL-20250212,INE117A01022,BHARTIARTL,Bharti Airtel Ltd,2025-02-12,1482.19,1504.5,1466.29,1494.03,4820367.0,NSE Feed,False,0,INR,NSE,True,Green
PRC-BHARTIARTL-20250217,INE117A01022,BHARTIARTL,Bharti Airtel Ltd,2025-02-17,1507.12,1544.03,1495.63,1515.47,720119.0,NSE Feed,False,0,INR,NSE,True,Green
PRC-BHARTIARTL-20250218,INE117A01022,BHARTIARTL,Bharti Airtel Ltd,2025-02-18,1501.94,1510.29,1480.35,1497.6,3872115.0,Refinitiv,False,0,INR,NSE,True,Green
PRC-BHARTIARTL-20250219,INE117A01022,BHARTIARTL,Bharti Airtel Ltd,2025-02-19,1481.79,1495.73,1444.76,1467.7,1384613.0,Bloomberg,False,0,INR,NSE,True,Green
PRC-BHARTIARTL-20250226,INE117A01022,BHARTIARTL,Bharti Airtel Ltd,2025-02-26,1431.19,1434.74,1425.87,1427.27,2257641.0,NSE Feed,False,0,INR,NSE,True,Green
PRC-BHARTIARTL-20250304,INE117A01022,BHARTIARTL,Bharti Airtel Ltd,2025-03-04,1427.91,1457.99,1425.67,,,Refinitiv,False,0,INR,NSE,True,Green
PRC-BHARTIARTL-20250306,INE117A01022,BHARTIARTL,Bharti Airtel Ltd,2025-03-06,1417.92,1423.18,1389.13,1414.35,3604136.0,Bloomberg,False,0,INR,NSE,True,Green
PRC-BHARTIARTL-20250314,INE117A01022,BHARTIARTL,Bharti Airtel Ltd,2025-03-14,1364.94,1382.06,1343.99,1368.67,4545431.0,NSE Feed,False,0,INR,NSE,True,Green
PRC-BHARTIARTL-20250325,INE117A01022,BHARTIARTL,Bharti Airtel Ltd,2025-03-25,1388.98,1406.77,1367.73,1376.65,3148545.0,Bloomberg,False,0,INR,NSE,True,Green
PRC-BHARTIARTL-20250326,INE117A01022,BHARTIARTL,Bharti Airtel Ltd,2025-03-26,1432.24,1437.28,1391.34,1428.13,1011423.0,Refinitiv,False,0,INR,NSE,True,Green
PRC-BHARTIARTL-20250328,INE117A01022,BHARTIARTL,Bharti Airtel Ltd,2025-03-28,1435.84,1454.71,1387.34,1428.0,1921822.0,Bloomberg,False,0,INR,NSE,True,Green
PRC-BHARTIARTL-20250401,INE117A01022,BHARTIARTL,Bharti Airtel Ltd,2025-04-01,1446.47,1453.78,1421.8,1445.96,1831855.0,Bloomberg,False,0,INR,NSE,True,Green
PRC-BHARTIARTL-20250408,INE117A01022,BHARTIARTL,Bharti Airtel Ltd,2025-04-08,1452.96,1481.14,1432.15,1447.73,4924029.0,NSE Feed,False,0,INR,NSE,True,Green
PRC-BHARTIARTL-20250409,INE117A01022,BHARTIARTL,Bharti Airtel Ltd,2025-04-09,1452.48,1478.66,1423.33,1445.59,4550895.0,Refinitiv,False,0,INR,NSE,True,Green
PRC-BHARTIARTL-20250414,INE117A01022,BHARTIARTL,Bharti Airtel Ltd,2025-04-14,1452.78,1466.46,1462.01,1465.52,,NSE Feed,False,0,INR,NSE,True,Green
PRC-BHARTIARTL-20250428,INE117A01022,BHARTIARTL,Bharti Airtel Ltd,2025-04-28,1454.95,1491.68,1457.29,1459.13,2680015.0,NSE Feed,False,0,INR,NSE,True,Green
PRC-BHARTIARTL-20250502,INE117A01022,BHARTIARTL,Bharti Airtel Ltd,2025-05-02,1474.6,1485.87,1451.96,1464.99,2530524.0,Bloomberg,False,0,INR,NSE,True,Green
PRC-BHARTIARTL-20250513,INE117A01022,BHARTIARTL,Bharti Airtel Ltd,2025-05-13,1461.81,1490.39,1451.4,1472.06,3536644.0,NSE Feed,False,0,INR,NSE,True,Green
PRC-MARUTI-20240108,INE213A01029,MARUTI,Maruti Suzuki India Ltd,2024-01-08,12777.86,12703.96,12544.84,12671.73,2772727.0,Refinitiv,False,0,INR,NSE,True,Green
PRC-MARUTI-20240111,INE213A01029,MARUTI,Maruti Suzuki India Ltd,2024-01-11,12927.69,12954.03,12542.81,,,NSE Feed,False,0,INR,NSE,True,Green
PRC-MARUTI-20240112,INE213A01029,MARUTI,Maruti Suzuki India Ltd,2024-01-12,12919.84,12830.25,12446.92,12826.54,2961646.0,Refinitiv,False,0,INR,NSE,True,Green
PRC-MARUTI-20240115,INE213A01029,MARUTI,Maruti Suzuki India Ltd,2024-01-15,12800.11,12921.19,12426.59,12681.14,987789.0,Refinitiv,False,0,INR,NSE,True,Green
PRC-MARUTI-20240117,INE213A01029,MARUTI,Maruti Suzuki India Ltd,2024-01-17,12846.1,12814.31,12434.86,12783.19,868278.0,NSE Feed,False,0,INR,NSE,True,Green
PRC-MARUTI-20240123,INE213A01029,MARUTI,Maruti Suzuki India Ltd,2024-01-23,12665.64,12757.28,12469.21,12610.91,1715969.0,Bloomberg,False,0,INR,NSE,True,Green
PRC-MARUTI-20240125,INE213A01029,MARUTI,Maruti Suzuki India Ltd,2024-01-25,12668.29,12793.83,12514.64,12616.24,613939.0,Bloomberg,False,0,INR,NSE,True,Green
PRC-MARUTI-20240129,INE213A01029,MARUTI,Maruti Suzuki India Ltd,2024-01-29,12538.25,12668.97,12441.19,,,NSE Feed,False,0,INR,NSE,True,Green
PRC-MARUTI-20240206,INE213A01029,MARUTI,Maruti Suzuki India Ltd,2024-02-06,12909.37,13110.85,12522.97,12819.99,3410714.0,Refinitiv,True,4,INR,NSE,True,Amber
PRC-MARUTI-20240219,INE213A01029,MARUTI,Maruti Suzuki India Ltd,2024-02-19,12947.57,12995.81,12621.13,12911.27,2992048.0,Refinitiv,False,0,INR,NSE,True,Green
PRC-MARUTI-20240227,INE213A01029,MARUTI,Maruti Suzuki India Ltd,2024-02-27,12953.8,13015.4,12581.67,,,NSE Feed,False,0,INR,NSE,True,Green
PRC-MARUTI-20240228,INE213A01029,MARUTI,Maruti Suzuki India Ltd,2024-02-28,13096.05,13385.23,12704.13,13064.74,3840748.0,NSE Feed,False,0,INR,NSE,False,Green
PRC-MARUTI-20240229,INE213A01029,MARUTI,Maruti Suzuki India Ltd,2024-02-29,13409.57,13703.08,13216.38,13337.18,652631.0,Refinitiv,False,0,INR,NSE,True,Green
PRC-MARUTI-20240308,INE213A01029,MARUTI,Maruti Suzuki India Ltd,2024-03-08,13513.92,13642.62,13246.92,13448.77,4202762.0,Bloomberg,False,0,INR,NSE,True,Green
PRC-MARUTI-20240319,INE213A01029,MARUTI,Maruti Suzuki India Ltd,2024-03-19,13362.24,13729.64,13212.67,13450.86,3972518.0,Bloomberg,False,0,INR,NSE,False,Green
PRC-MARUTI-20240321,INE213A01029,MARUTI,Maruti Suzuki India Ltd,2024-03-21,13176.59,13541.85,12969.47,13186.18,1291877.0,Refinitiv,False,0,INR,NSE,True,Green
PRC-MARUTI-20240402,INE213A01029,MARUTI,Maruti Suzuki India Ltd,2024-04-02,13050.32,13124.0,12925.0,12975.51,1353123.0,Bloomberg,True,4,INR,NSE,True,Amber
PRC-MARUTI-20240403,INE213A01029,MARUTI,Maruti Suzuki India Ltd,2024-04-03,13020.82,12974.63,12895.2,12916.1,1920275.0,NSE Feed,False,0,INR,NSE,True,Green
PRC-MARUTI-20240405,INE213A01029,MARUTI,Maruti Suzuki India Ltd,2024-04-05,12720.65,12988.96,12474.86,12798.02,4708102.0,Bloomberg,False,0,INR,NSE,True,Green
PRC-MARUTI-20240415,INE213A01029,MARUTI,Maruti Suzuki India Ltd,2024-04-15,12744.99,13124.82,12440.45,12762.12,601306.0,Bloomberg,False,0,INR,NSE,False,Green
PRC-MARUTI-20240416,INE213A01029,MARUTI,Maruti Suzuki India Ltd,2024-04-16,12767.02,12883.83,12479.89,12772.97,4245915.0,NSE Feed,False,0,INR,NSE,True,Green
PRC-MARUTI-20240429,INE213A01029,MARUTI,Maruti Suzuki India Ltd,2024-04-29,12786.55,13117.96,12752.43,,,Bloomberg,False,0,INR,NSE,True,Green
PRC-MARUTI-20240430,INE213A01029,MARUTI,Maruti Suzuki India Ltd,2024-04-30,12819.97,13004.89,12740.66,12860.84,1174861.0,Bloomberg,False,0,INR,NSE,True,Green
PRC-MARUTI-20240501,INE213A01029,MARUTI,Maruti Suzuki India Ltd,2024-05-01,12933.19,13036.1,12692.83,12954.69,2058222.0,Bloomberg,True,7,INR,NSE,True,Red
PRC-MARUTI-20240506,INE213A01029,MARUTI,Maruti Suzuki India Ltd,2024-05-06,12910.3,13099.78,12887.01,12967.22,1730558.0,NSE Feed,False,0,INR,NSE,False,Green
PRC-MARUTI-20240509,INE213A01029,MARUTI,Maruti Suzuki India Ltd,2024-05-09,12686.5,12850.28,12435.52,12582.98,2189594.0,Bloomberg,False,0,INR,NSE,True,Green
PRC-MARUTI-20240516,INE213A01029,MARUTI,Maruti Suzuki India Ltd,2024-05-16,12500.15,12548.65,12088.72,12405.68,2798237.0,NSE Feed,False,0,INR,NSE,True,Green
PRC-MARUTI-20240520,INE213A01029,MARUTI,Maruti Suzuki India Ltd,2024-05-20,12489.57,12649.16,12032.36,12378.87,3368004.0,NSE Feed,False,0,INR,NSE,True,Green
PRC-MARUTI-20240522,INE213A01029,MARUTI,Maruti Suzuki India Ltd,2024-05-22,12238.79,12175.77,11879.53,12154.25,125612.0,Bloomberg,False,0,INR,NSE,True,Green
PRC-MARUTI-20240619,INE213A01029,MARUTI,Maruti Suzuki India Ltd,2024-06-19,12333.2,12615.59,12074.04,12263.62,2735434.0,Refinitiv,False,0,INR,NSE,True,Green
PRC-MARUTI-20240626,INE213A01029,MARUTI,Maruti Suzuki India Ltd,2024-06-26,12466.98,12892.86,12396.58,12545.21,2579836.0,Refinitiv,False,0,INR,NSE,True,Green
PRC-MARUTI-20240628,INE213A01029,MARUTI,Maruti Suzuki India Ltd,2024-06-28,12775.61,12869.69,12535.42,12774.56,191553.0,Bloomberg,False,0,INR,NSE,True,Green
PRC-MARUTI-20240704,INE213A01029,MARUTI,Maruti Suzuki India Ltd,2024-07-04,12626.37,12911.27,12699.2,12733.66,1338282.0,Bloomberg,True,8,INR,NSE,True,Red
PRC-MARUTI-20240705,INE213A01029,MARUTI,Maruti Suzuki India Ltd,2024-07-05,13085.69,13060.47,12734.68,13018.39,2414831.0,NSE Feed,False,0,INR,NSE,True,Green
PRC-MARUTI-20240711,INE213A01029,MARUTI,Maruti Suzuki India Ltd,2024-07-11,12950.49,13421.67,12704.51,13047.42,2839199.0,Refinitiv,False,0,INR,NSE,True,Green
PRC-MARUTI-20240712,INE213A01029,MARUTI,Maruti Suzuki India Ltd,2024-07-12,12949.01,12991.37,12761.13,12981.45,2816937.0,Bloomberg,False,0,INR,NSE,True,Green
PRC-MARUTI-20240718,INE213A01029,MARUTI,Maruti Suzuki India Ltd,2024-07-18,12898.96,12987.03,12768.05,12862.01,430355.0,Refinitiv,False,0,INR,NSE,True,Green
PRC-MARUTI-20240719,INE213A01029,MARUTI,Maruti Suzuki India Ltd,2024-07-19,12691.98,12829.73,12477.76,12803.65,4485401.0,NSE Feed,False,0,INR,NSE,False,Green
PRC-MARUTI-20240726,INE213A01029,MARUTI,Maruti Suzuki India Ltd,2024-07-26,12849.35,12858.24,12504.81,12729.1,683650.0,Bloomberg,False,0,INR,NSE,True,Green
PRC-MARUTI-20240801,INE213A01029,MARUTI,Maruti Suzuki India Ltd,2024-08-01,12835.59,13027.56,12588.63,12761.64,850559.0,NSE Feed,False,0,INR,NSE,True,Green
PRC-MARUTI-20240802,INE213A01029,MARUTI,Maruti Suzuki India Ltd,2024-08-02,12731.17,12884.2,12656.05,12792.38,4778197.0,NSE Feed,False,0,INR,NSE,True,Green
PRC-MARUTI-20240806,INE213A01029,MARUTI,Maruti Suzuki India Ltd,2024-08-06,12675.88,12877.01,12498.47,12792.96,1380359.0,NSE Feed,False,0,INR,NSE,True,Green
PRC-MARUTI-20240815,INE213A01029,MARUTI,Maruti Suzuki India Ltd,2024-08-15,12920.66,12884.25,12786.24,12876.81,4229101.0,NSE Feed,False,0,INR,NSE,True,Green
PRC-MARUTI-20240816,INE213A01029,MARUTI,Maruti Suzuki India Ltd,2024-08-16,12986.24,13338.65,12795.7,13106.79,4988370.0,Bloomberg,False,0,INR,NSE,True,Green
PRC-MARUTI-20240826,INE213A01029,MARUTI,Maruti Suzuki India Ltd,2024-08-26,13258.41,13651.83,12960.14,13293.47,1884914.0,NSE Feed,False,0,INR,NSE,True,Green
PRC-MARUTI-20240827,INE213A01029,MARUTI,Maruti Suzuki India Ltd,2024-08-27,12940.56,13214.28,12806.66,12997.38,1441030.0,NSE Feed,False,0,INR,NSE,True,Green
PRC-MARUTI-20240828,INE213A01029,MARUTI,Maruti Suzuki India Ltd,2024-08-28,12598.94,12646.7,12368.39,12499.46,3888712.0,NSE Feed,False,0,INR,NSE,True,Green
PRC-MARUTI-20240829,INE213A01029,MARUTI,Maruti Suzuki India Ltd,2024-08-29,12743.09,12752.44,12337.25,12674.64,3350183.0,NSE Feed,False,0,INR,NSE,True,Green
PRC-MARUTI-20240902,INE213A01029,MARUTI,Maruti Suzuki India Ltd,2024-09-02,12432.2,12693.09,12352.55,12414.77,1898034.0,Refinitiv,False,0,INR,NSE,True,Green
PRC-MARUTI-20240903,INE213A01029,MARUTI,Maruti Suzuki India Ltd,2024-09-03,12389.46,12701.19,12095.39,12372.92,4387412.0,NSE Feed,True,5,INR,NSE,True,Amber
PRC-MARUTI-20240904,INE213A01029,MARUTI,Maruti Suzuki India Ltd,2024-09-04,12115.38,12337.94,12053.62,12155.75,2846084.0,Bloomberg,False,0,INR,NSE,False,Green
PRC-MARUTI-20240910,INE213A01029,MARUTI,Maruti Suzuki India Ltd,2024-09-10,11825.22,12026.17,11573.61,11827.18,2184723.0,NSE Feed,False,0,INR,NSE,True,Green
PRC-MARUTI-20240916,INE213A01029,MARUTI,Maruti Suzuki India Ltd,2024-09-16,11951.69,12229.85,11904.21,11923.24,100079.0,Bloomberg,False,0,INR,NSE,True,Green
PRC-MARUTI-20240917,INE213A01029,MARUTI,Maruti Suzuki India Ltd,2024-09-17,11961.88,12192.17,11930.87,12059.02,3649770.0,Refinitiv,False,0,INR,NSE,True,Green
PRC-MARUTI-20240918,INE213A01029,MARUTI,Maruti Suzuki India Ltd,2024-09-18,11840.54,12231.05,11918.34,11954.73,2633780.0,NSE Feed,False,0,INR,NSE,True,Green
PRC-MARUTI-20240920,INE213A01029,MARUTI,Maruti Suzuki India Ltd,2024-09-20,11559.17,11560.66,11462.33,11490.11,354741.0,Bloomberg,False,0,INR,NSE,True,Green
PRC-MARUTI-20240925,INE213A01029,MARUTI,Maruti Suzuki India Ltd,2024-09-25,11385.76,11699.02,11291.66,11395.96,2391218.0,Bloomberg,False,0,INR,NSE,True,Green
PRC-MARUTI-20240927,INE213A01029,MARUTI,Maruti Suzuki India Ltd,2024-09-27,11397.71,11599.64,11248.84,11462.94,411730.0,Bloomberg,True,4,INR,NSE,True,Amber
PRC-MARUTI-20240930,INE213A01029,MARUTI,Maruti Suzuki India Ltd,2024-09-30,11099.53,11510.41,11093.18,11208.64,2455713.0,Refinitiv,False,0,INR,NSE,True,Green
PRC-MARUTI-20241003,INE213A01029,MARUTI,Maruti Suzuki India Ltd,2024-10-03,11132.57,11331.17,11196.31,11239.47,2069800.0,Refinitiv,False,0,INR,NSE,True,Green
PRC-MARUTI-20241008,INE213A01029,MARUTI,Maruti Suzuki India Ltd,2024-10-08,11320.84,11518.51,11046.54,,,Refinitiv,False,0,INR,NSE,True,Green
PRC-MARUTI-20241017,INE213A01029,MARUTI,Maruti Suzuki India Ltd,2024-10-17,11231.91,11458.32,11197.86,11334.53,3927365.0,Bloomberg,False,0,INR,NSE,True,Green
PRC-MARUTI-20241024,INE213A01029,MARUTI,Maruti Suzuki India Ltd,2024-10-24,11406.23,11539.07,11123.47,11354.86,3009066.0,Bloomberg,False,0,INR,NSE,True,Green
PRC-MARUTI-20241030,INE213A01029,MARUTI,Maruti Suzuki India Ltd,2024-10-30,11154.99,11287.3,11126.77,11189.13,4248256.0,Refinitiv,False,0,INR,NSE,True,Green
PRC-MARUTI-20241105,INE213A01029,MARUTI,Maruti Suzuki India Ltd,2024-11-05,11413.23,11692.28,11161.98,11389.96,3108731.0,Refinitiv,False,0,INR,NSE,True,Green
PRC-MARUTI-20241111,INE213A01029,MARUTI,Maruti Suzuki India Ltd,2024-11-11,11286.58,11377.45,11194.6,11362.87,1316771.0,Refinitiv,False,0,INR,NSE,True,Green
PRC-MARUTI-20241113,INE213A01029,MARUTI,Maruti Suzuki India Ltd,2024-11-13,11437.98,11553.7,11350.46,11358.22,1826482.0,Refinitiv,False,0,INR,NSE,True,Green
PRC-MARUTI-20241115,INE213A01029,MARUTI,Maruti Suzuki India Ltd,2024-11-15,11309.08,11381.98,11037.8,11199.21,4927346.0,NSE Feed,False,0,INR,NSE,True,Green
PRC-MARUTI-20241122,INE213A01029,MARUTI,Maruti Suzuki India Ltd,2024-11-22,11178.08,11353.03,11053.9,11124.75,4203539.0,NSE Feed,False,0,INR,NSE,True,Green
PRC-MARUTI-20241202,INE213A01029,MARUTI,Maruti Suzuki India Ltd,2024-12-02,11073.02,11149.37,10917.61,10977.1,1937704.0,Refinitiv,False,0,INR,NSE,True,Green
PRC-MARUTI-20241204,INE213A01029,MARUTI,Maruti Suzuki India Ltd,2024-12-04,10862.44,11158.99,10769.17,10948.62,1679836.0,Refinitiv,False,0,INR,NSE,True,Green
PRC-MARUTI-20241206,INE213A01029,MARUTI,Maruti Suzuki India Ltd,2024-12-06,11141.65,11278.37,10917.17,11229.74,2671577.0,NSE Feed,False,0,INR,NSE,True,Green
PRC-MARUTI-20241216,INE213A01029,MARUTI,Maruti Suzuki India Ltd,2024-12-16,11029.06,11312.62,10731.71,10998.65,236063.0,NSE Feed,False,0,INR,NSE,True,Green
PRC-MARUTI-20241217,INE213A01029,MARUTI,Maruti Suzuki India Ltd,2024-12-17,10771.18,10754.02,10556.19,10732.44,1097849.0,Bloomberg,False,0,INR,NSE,False,Green
PRC-MARUTI-20241219,INE213A01029,MARUTI,Maruti Suzuki India Ltd,2024-12-19,10934.87,11092.66,10740.17,10969.28,4113441.0,Refinitiv,True,6,INR,NSE,True,Red
PRC-MARUTI-20250101,INE213A01029,MARUTI,Maruti Suzuki India Ltd,2025-01-01,10832.38,11039.69,10616.97,10934.84,,Refinitiv,False,0,INR,NSE,True,Green
PRC-MARUTI-20250107,INE213A01029,MARUTI,Maruti Suzuki India Ltd,2025-01-07,10883.5,10962.37,10691.01,10825.09,3044862.0,Refinitiv,False,0,INR,NSE,True,Green
PRC-MARUTI-20250128,INE213A01029,MARUTI,Maruti Suzuki India Ltd,2025-01-28,11050.91,11022.59,10747.3,,,NSE Feed,True,9,INR,NSE,True,Red
PRC-MARUTI-20250129,INE213A01029,MARUTI,Maruti Suzuki India Ltd,2025-01-29,10986.09,11042.68,10812.06,10894.08,2124830.0,Refinitiv,False,0,INR,NSE,False,Green
PRC-MARUTI-20250210,INE213A01029,MARUTI,Maruti Suzuki India Ltd,2025-02-10,11254.51,11479.44,10929.41,11192.47,,Bloomberg,False,0,INR,NSE,True,Green
PRC-MARUTI-20250212,INE213A01029,MARUTI,Maruti Suzuki India Ltd,2025-02-12,11345.91,11315.86,11138.82,11306.28,679649.0,Refinitiv,False,0,INR,NSE,True,Green
PRC-MARUTI-20250221,INE213A01029,MARUTI,Maruti Suzuki India Ltd,2025-02-21,11291.17,11403.9,11130.72,11223.54,2224031.0,Refinitiv,False,0,INR,NSE,True,Green
PRC-MARUTI-20250224,INE213A01029,MARUTI,Maruti Suzuki India Ltd,2025-02-24,11575.54,11883.42,11252.96,11586.73,2880115.0,Bloomberg,False,0,INR,NSE,True,Green
PRC-MARUTI-20250226,INE213A01029,MARUTI,Maruti Suzuki India Ltd,2025-02-26,11412.36,11648.94,11138.97,11481.45,1581693.0,Bloomberg,False,0,INR,NSE,True,Green
PRC-MARUTI-20250304,INE213A01029,MARUTI,Maruti Suzuki India Ltd,2025-03-04,11651.76,11903.74,11340.64,11609.26,3830132.0,Refinitiv,False,0,INR,NSE,False,Green
PRC-MARUTI-20250305,INE213A01029,MARUTI,Maruti Suzuki India Ltd,2025-03-05,11575.55,12003.8,11523.26,11661.38,298627.0,Bloomberg,False,0,INR,NSE,True,Green
PRC-MARUTI-20250306,INE213A01029,MARUTI,Maruti Suzuki India Ltd,2025-03-06,11938.63,12209.26,11663.76,11889.08,4659079.0,NSE Feed,False,0,INR,NSE,True,Green
PRC-MARUTI-20250312,INE213A01029,MARUTI,Maruti Suzuki India Ltd,2025-03-12,12216.72,12191.99,11834.37,12167.55,,Refinitiv,False,0,INR,NSE,True,Green
PRC-MARUTI-20250321,INE213A01029,MARUTI,Maruti Suzuki India Ltd,2025-03-21,12272.39,12493.14,11852.38,12173.39,1458915.0,NSE Feed,False,0,INR,NSE,True,Green
PRC-MARUTI-20250325,INE213A01029,MARUTI,Maruti Suzuki India Ltd,2025-03-25,12155.34,12170.61,11769.71,12035.82,660517.0,Refinitiv,False,0,INR,NSE,True,Green
PRC-MARUTI-20250415,INE213A01029,MARUTI,Maruti Suzuki India Ltd,2025-04-15,12053.96,12172.44,11803.73,12118.86,3377511.0,NSE Feed,False,0,INR,NSE,True,Green
PRC-MARUTI-20250418,INE213A01029,MARUTI,Maruti Suzuki India Ltd,2025-04-18,12035.47,12206.39,11638.98,11995.66,1249757.0,Bloomberg,True,10,INR,NSE,False,Red
PRC-MARUTI-20250424,INE213A01029,MARUTI,Maruti Suzuki India Ltd,2025-04-24,12280.99,12533.95,12164.69,12357.94,930866.0,NSE Feed,False,0,INR,NSE,True,Green
PRC-MARUTI-20250429,INE213A01029,MARUTI,Maruti Suzuki India Ltd,2025-04-29,12458.51,12437.53,12058.92,12383.25,4377081.0,NSE Feed,False,0,INR,NSE,True,Green
PRC-MARUTI-20250502,INE213A01029,MARUTI,Maruti Suzuki India Ltd,2025-05-02,12435.43,12524.57,12037.21,12315.39,3568761.0,Refinitiv,False,0,INR,NSE,True,Green
PRC-MARUTI-20250505,INE213A01029,MARUTI,Maruti Suzuki India Ltd,2025-05-05,12240.75,12509.51,12301.59,12349.51,3410386.0,NSE Feed,False,0,INR,NSE,True,Green
PRC-MARUTI-20250508,INE213A01029,MARUTI,Maruti Suzuki India Ltd,2025-05-08,12087.82,12403.57,11818.54,12099.96,1168090.0,Bloomberg,False,0,INR,NSE,True,Green
PRC-MARUTI-20250515,INE213A01029,MARUTI,Maruti Suzuki India Ltd,2025-05-15,11958.44,12193.84,11622.17,11923.62,4472633.0,Bloomberg,False,0,INR,NSE,True,Green
PRC-MARUTI-20250516,INE213A01029,MARUTI,Maruti Suzuki India Ltd,2025-05-16,12118.24,12342.85,12030.7,12138.32,1321077.0,Refinitiv,False,0,INR,NSE,True,Green
PRC-MARUTI-20250519,INE213A01029,MARUTI,Maruti Suzuki India Ltd,2025-05-19,12054.81,12374.47,11781.28,12018.71,4590345.0,Refinitiv,False,0,INR,NSE,True,Green
PRC-ADANIENT-20240102,INE414G01012,ADANIENT,Adani Enterprises Ltd,2024-01-02,2396.15,2437.67,2397.15,2411.53,557197.0,NSE Feed,False,0,INR,NSE,True,Green
PRC-ADANIENT-20240206,INE414G01012,ADANIENT,Adani Enterprises Ltd,2024-02-06,2419.68,2488.1,2425.52,2430.94,3650594.0,NSE Feed,False,0,INR,NSE,True,Green
PRC-ADANIENT-20240214,INE414G01012,ADANIENT,Adani Enterprises Ltd,2024-02-14,2466.14,2520.52,2420.52,2474.17,3705445.0,NSE Feed,True,3,INR,NSE,True,Amber
PRC-ADANIENT-20240216,INE414G01012,ADANIENT,Adani Enterprises Ltd,2024-02-16,2489.19,2542.32,2488.91,2500.86,1372576.0,NSE Feed,False,0,INR,NSE,True,Green
PRC-ADANIENT-20240220,INE414G01012,ADANIENT,Adani Enterprises Ltd,2024-02-20,2553.74,2601.05,2477.54,2538.22,246302.0,NSE Feed,False,0,INR,NSE,True,Green
PRC-ADANIENT-20240305,INE414G01012,ADANIENT,Adani Enterprises Ltd,2024-03-05,2497.85,2546.01,2441.33,2509.41,3509148.0,NSE Feed,False,0,INR,NSE,True,Green
PRC-ADANIENT-20240318,INE414G01012,ADANIENT,Adani Enterprises Ltd,2024-03-18,2476.4,2476.48,2382.45,2455.89,2687837.0,Bloomberg,False,0,INR,NSE,True,Green
PRC-ADANIENT-20240325,INE414G01012,ADANIENT,Adani Enterprises Ltd,2024-03-25,2496.8,2518.76,2442.04,2511.2,3825658.0,Bloomberg,False,0,INR,NSE,True,Green
PRC-ADANIENT-20240328,INE414G01012,ADANIENT,Adani Enterprises Ltd,2024-03-28,2511.57,2500.77,2481.43,2499.04,1820744.0,Refinitiv,False,0,INR,NSE,True,Green
PRC-ADANIENT-20240408,INE414G01012,ADANIENT,Adani Enterprises Ltd,2024-04-08,2480.78,2526.91,2460.93,2489.64,3809354.0,Refinitiv,False,0,INR,NSE,True,Green
PRC-ADANIENT-20240409,INE414G01012,ADANIENT,Adani Enterprises Ltd,2024-04-09,2522.4,2570.01,2479.66,2539.24,3063405.0,Bloomberg,True,8,INR,NSE,True,Red
PRC-ADANIENT-20240412,INE414G01012,ADANIENT,Adani Enterprises Ltd,2024-04-12,2554.25,2627.85,2557.4,2560.42,4825379.0,NSE Feed,False,0,INR,NSE,True,Green
PRC-ADANIENT-20240502,INE414G01012,ADANIENT,Adani Enterprises Ltd,2024-05-02,2553.28,2622.14,2528.4,2577.93,271917.0,Bloomberg,False,0,INR,NSE,True,Green
PRC-ADANIENT-20240509,INE414G01012,ADANIENT,Adani Enterprises Ltd,2024-05-09,2658.32,2689.46,2603.29,2661.65,2279856.0,Bloomberg,False,0,INR,NSE,True,Green
PRC-ADANIENT-20240514,INE414G01012,ADANIENT,Adani Enterprises Ltd,2024-05-14,2636.86,2677.95,2572.36,2635.96,404450.0,Bloomberg,False,0,INR,NSE,True,Green
PRC-ADANIENT-20240515,INE414G01012,ADANIENT,Adani Enterprises Ltd,2024-05-15,2694.87,2680.05,2648.22,2672.65,519976.0,Bloomberg,False,0,INR,NSE,True,Green
PRC-ADANIENT-20240516,INE414G01012,ADANIENT,Adani Enterprises Ltd,2024-05-16,2663.87,2743.82,2617.03,2674.93,1660449.0,NSE Feed,False,0,INR,NSE,True,Green
PRC-ADANIENT-20240521,INE414G01012,ADANIENT,Adani Enterprises Ltd,2024-05-21,2692.21,2731.84,2668.23,2685.71,1575924.0,Bloomberg,True,3,INR,NSE,True,Amber
PRC-ADANIENT-20240524,INE414G01012,ADANIENT,Adani Enterprises Ltd,2024-05-24,2732.79,2813.86,2680.97,2747.28,746321.0,NSE Feed,False,0,INR,NSE,True,Green
PRC-ADANIENT-20240527,INE414G01012,ADANIENT,Adani Enterprises Ltd,2024-05-27,2770.09,2832.91,2731.13,2768.21,3194814.0,Refinitiv,False,0,INR,NSE,True,Green
PRC-ADANIENT-20240611,INE414G01012,ADANIENT,Adani Enterprises Ltd,2024-06-11,2806.58,2817.81,2721.23,2790.56,2384532.0,Refinitiv,False,0,INR,NSE,True,Green
PRC-ADANIENT-20240619,INE414G01012,ADANIENT,Adani Enterprises Ltd,2024-06-19,2829.43,2849.66,2790.29,2835.46,1209737.0,NSE Feed,False,0,INR,NSE,True,Green
PRC-ADANIENT-20240624,INE414G01012,ADANIENT,Adani Enterprises Ltd,2024-06-24,2807.49,2840.73,2750.15,2819.93,1021708.0,Refinitiv,False,0,INR,NSE,True,Green
PRC-ADANIENT-20240625,INE414G01012,ADANIENT,Adani Enterprises Ltd,2024-06-25,2760.33,2815.96,2700.95,2784.44,3965241.0,Refinitiv,False,0,INR,NSE,True,Green
PRC-ADANIENT-20240627,INE414G01012,ADANIENT,Adani Enterprises Ltd,2024-06-27,2743.07,2774.01,2701.75,2740.8,4459191.0,Bloomberg,False,0,INR,NSE,True,Green
PRC-ADANIENT-20240628,INE414G01012,ADANIENT,Adani Enterprises Ltd,2024-06-28,2654.91,2680.02,2654.92,2659.96,1500021.0,Refinitiv,False,0,INR,NSE,True,Green
PRC-ADANIENT-20240701,INE414G01012,ADANIENT,Adani Enterprises Ltd,2024-07-01,2747.47,2772.23,2684.29,2742.0,3559571.0,Bloomberg,True,3,INR,NSE,True,Amber
PRC-ADANIENT-20240708,INE414G01012,ADANIENT,Adani Enterprises Ltd,2024-07-08,2680.37,2697.92,2650.96,2696.62,1334552.0,Bloomberg,False,0,INR,NSE,True,Green
PRC-ADANIENT-20240709,INE414G01012,ADANIENT,Adani Enterprises Ltd,2024-07-09,2695.69,2712.02,2626.76,2687.67,237388.0,NSE Feed,False,0,INR,NSE,False,Green
PRC-ADANIENT-20240710,INE414G01012,ADANIENT,Adani Enterprises Ltd,2024-07-10,2687.91,2706.35,2612.66,2676.52,1193992.0,Bloomberg,False,0,INR,NSE,False,Green
PRC-ADANIENT-20240711,INE414G01012,ADANIENT,Adani Enterprises Ltd,2024-07-11,2696.39,2697.03,2638.36,2688.86,3040669.0,Bloomberg,False,0,INR,NSE,False,Green
PRC-ADANIENT-20240716,INE414G01012,ADANIENT,Adani Enterprises Ltd,2024-07-16,2698.79,2745.76,2707.15,2721.76,4727212.0,Bloomberg,False,0,INR,NSE,True,Green
PRC-ADANIENT-20240717,INE414G01012,ADANIENT,Adani Enterprises Ltd,2024-07-17,2733.05,2784.3,2699.85,2756.89,4350654.0,NSE Feed,False,0,INR,NSE,True,Green
PRC-ADANIENT-20240724,INE414G01012,ADANIENT,Adani Enterprises Ltd,2024-07-24,2736.14,2737.69,2692.56,2732.78,4471228.0,Bloomberg,False,0,INR,NSE,True,Green
PRC-ADANIENT-20240726,INE414G01012,ADANIENT,Adani Enterprises Ltd,2024-07-26,2723.76,2776.77,2667.45,2725.93,527117.0,Refinitiv,False,0,INR,NSE,True,Green
PRC-ADANIENT-20240730,INE414G01012,ADANIENT,Adani Enterprises Ltd,2024-07-30,2733.83,2779.69,2710.08,2737.48,4696871.0,Refinitiv,False,0,INR,NSE,True,Green
PRC-ADANIENT-20240806,INE414G01012,ADANIENT,Adani Enterprises Ltd,2024-08-06,2708.36,2794.74,2672.46,2727.27,3789825.0,Refinitiv,False,0,INR,NSE,True,Green
PRC-ADANIENT-20240807,INE414G01012,ADANIENT,Adani Enterprises Ltd,2024-08-07,2816.2,2800.83,2741.4,2793.02,3408462.0,NSE Feed,False,0,INR,NSE,True,Green
PRC-ADANIENT-20240812,INE414G01012,ADANIENT,Adani Enterprises Ltd,2024-08-12,2796.4,2861.64,2764.43,2813.59,1372102.0,Bloomberg,False,0,INR,NSE,True,Green
PRC-ADANIENT-20240816,INE414G01012,ADANIENT,Adani Enterprises Ltd,2024-08-16,2816.19,2850.26,2832.56,2844.61,2327239.0,Refinitiv,False,0,INR,NSE,True,Green
PRC-ADANIENT-20240819,INE414G01012,ADANIENT,Adani Enterprises Ltd,2024-08-19,2900.54,2952.6,2829.24,2872.89,770833.0,Refinitiv,False,0,INR,NSE,True,Green
PRC-ADANIENT-20240827,INE414G01012,ADANIENT,Adani Enterprises Ltd,2024-08-27,2951.49,2998.06,2919.57,2923.46,2264960.0,Refinitiv,False,0,INR,NSE,True,Green
PRC-ADANIENT-20240828,INE414G01012,ADANIENT,Adani Enterprises Ltd,2024-08-28,2921.47,2989.87,2889.78,2931.4,4462481.0,Refinitiv,False,0,INR,NSE,True,Green
PRC-ADANIENT-20240830,INE414G01012,ADANIENT,Adani Enterprises Ltd,2024-08-30,2858.64,2876.29,2829.83,2874.38,2852752.0,Refinitiv,False,0,INR,NSE,True,Green
PRC-ADANIENT-20240902,INE414G01012,ADANIENT,Adani Enterprises Ltd,2024-09-02,2865.66,2942.94,2874.4,2891.61,2261260.0,NSE Feed,False,0,INR,NSE,True,Green
PRC-ADANIENT-20240905,INE414G01012,ADANIENT,Adani Enterprises Ltd,2024-09-05,2847.26,2945.49,2817.34,2863.36,1385623.0,NSE Feed,False,0,INR,NSE,True,Green
PRC-ADANIENT-20240916,INE414G01012,ADANIENT,Adani Enterprises Ltd,2024-09-16,2834.96,2888.94,2780.92,2840.65,2134188.0,NSE Feed,False,0,INR,NSE,True,Green
PRC-ADANIENT-20240924,INE414G01012,ADANIENT,Adani Enterprises Ltd,2024-09-24,2881.4,2945.25,2784.56,2865.64,3505143.0,Bloomberg,False,0,INR,NSE,True,Green
PRC-ADANIENT-20240925,INE414G01012,ADANIENT,Adani Enterprises Ltd,2024-09-25,2896.58,2939.5,2908.28,2918.86,4226027.0,Bloomberg,True,7,INR,NSE,True,Red
PRC-ADANIENT-20241002,INE414G01012,ADANIENT,Adani Enterprises Ltd,2024-10-02,2907.33,2973.28,2846.65,2919.8,1435399.0,Refinitiv,False,0,INR,NSE,True,Green
PRC-ADANIENT-20241007,INE414G01012,ADANIENT,Adani Enterprises Ltd,2024-10-07,2908.8,3003.39,2846.07,2933.32,4632955.0,Bloomberg,False,0,INR,NSE,True,Green
PRC-ADANIENT-20241008,INE414G01012,ADANIENT,Adani Enterprises Ltd,2024-10-08,3026.75,3066.7,3007.48,3008.22,117509.0,Bloomberg,False,0,INR,NSE,True,Green
PRC-ADANIENT-20241021,INE414G01012,ADANIENT,Adani Enterprises Ltd,2024-10-21,3011.04,3081.18,3003.39,3019.08,3096834.0,Refinitiv,False,0,INR,NSE,True,Green
PRC-ADANIENT-20241028,INE414G01012,ADANIENT,Adani Enterprises Ltd,2024-10-28,3126.25,3140.57,3097.65,3136.9,,NSE Feed,False,0,INR,NSE,True,Green
PRC-ADANIENT-20241030,INE414G01012,ADANIENT,Adani Enterprises Ltd,2024-10-30,3142.63,3200.61,3162.89,3163.51,1002098.0,Bloomberg,False,0,INR,NSE,True,Green
PRC-ADANIENT-20241031,INE414G01012,ADANIENT,Adani Enterprises Ltd,2024-10-31,3100.4,3106.24,2993.56,3079.96,2280888.0,NSE Feed,False,0,INR,NSE,True,Green
PRC-ADANIENT-20241107,INE414G01012,ADANIENT,Adani Enterprises Ltd,2024-11-07,3121.4,3179.15,3024.31,3114.76,2940865.0,Refinitiv,False,0,INR,NSE,True,Green
PRC-ADANIENT-20241120,INE414G01012,ADANIENT,Adani Enterprises Ltd,2024-11-20,3160.87,3161.37,3100.01,3132.57,3464620.0,Bloomberg,False,0,INR,NSE,True,Green
PRC-ADANIENT-20241125,INE414G01012,ADANIENT,Adani Enterprises Ltd,2024-11-25,3181.0,3224.46,3120.44,3193.17,1347561.0,Refinitiv,False,0,INR,NSE,True,Green
PRC-ADANIENT-20241126,INE414G01012,ADANIENT,Adani Enterprises Ltd,2024-11-26,3200.76,3235.84,3172.09,3225.42,1352644.0,Refinitiv,False,0,INR,NSE,True,Green
PRC-ADANIENT-20241202,INE414G01012,ADANIENT,Adani Enterprises Ltd,2024-12-02,3223.82,3288.11,3164.19,3218.72,1128598.0,Refinitiv,False,0,INR,NSE,True,Green
PRC-ADANIENT-20241205,INE414G01012,ADANIENT,Adani Enterprises Ltd,2024-12-05,3147.13,3226.82,3149.71,3159.61,383838.0,Bloomberg,False,0,INR,NSE,True,Green
PRC-ADANIENT-20241211,INE414G01012,ADANIENT,Adani Enterprises Ltd,2024-12-11,3171.19,3225.64,3092.02,3149.7,4274313.0,Bloomberg,True,2,INR,NSE,True,Amber
PRC-ADANIENT-20241213,INE414G01012,ADANIENT,Adani Enterprises Ltd,2024-12-13,3098.55,3121.92,3046.73,3109.52,3642915.0,Refinitiv,False,0,INR,NSE,True,Green
PRC-ADANIENT-20241216,INE414G01012,ADANIENT,Adani Enterprises Ltd,2024-12-16,3094.76,3083.13,3062.39,3082.44,2202188.0,Bloomberg,False,0,INR,NSE,True,Green
PRC-ADANIENT-20241219,INE414G01012,ADANIENT,Adani Enterprises Ltd,2024-12-19,3081.17,3122.75,3064.2,3109.66,4255361.0,Bloomberg,False,0,INR,NSE,False,Green
PRC-ADANIENT-20241220,INE414G01012,ADANIENT,Adani Enterprises Ltd,2024-12-20,3204.82,3247.94,3159.95,3187.55,3229151.0,Bloomberg,False,0,INR,NSE,True,Green
PRC-ADANIENT-20241231,INE414G01012,ADANIENT,Adani Enterprises Ltd,2024-12-31,3206.49,3226.72,3142.21,3206.42,4336088.0,Bloomberg,False,0,INR,NSE,True,Green
PRC-ADANIENT-20250101,INE414G01012,ADANIENT,Adani Enterprises Ltd,2025-01-01,3155.98,3206.74,3095.52,3148.9,430722.0,Bloomberg,False,0,INR,NSE,False,Green
PRC-ADANIENT-20250103,INE414G01012,ADANIENT,Adani Enterprises Ltd,2025-01-03,3201.4,3213.31,3101.86,3169.9,250281.0,Bloomberg,False,0,INR,NSE,True,Green
PRC-ADANIENT-20250106,INE414G01012,ADANIENT,Adani Enterprises Ltd,2025-01-06,3254.49,3315.29,3188.93,3226.8,2037309.0,Bloomberg,True,8,INR,NSE,True,Red
PRC-ADANIENT-20250107,INE414G01012,ADANIENT,Adani Enterprises Ltd,2025-01-07,3222.32,3279.02,3179.71,3197.29,4961732.0,Bloomberg,False,0,INR,NSE,True,Green
PRC-ADANIENT-20250115,INE414G01012,ADANIENT,Adani Enterprises Ltd,2025-01-15,3173.1,3269.5,3118.01,,,NSE Feed,False,0,INR,NSE,True,Green
PRC-ADANIENT-20250120,INE414G01012,ADANIENT,Adani Enterprises Ltd,2025-01-20,3177.11,3269.54,3148.14,3191.56,3595994.0,NSE Feed,False,0,INR,NSE,True,Green
PRC-ADANIENT-20250122,INE414G01012,ADANIENT,Adani Enterprises Ltd,2025-01-22,3162.82,3182.96,3116.16,3153.99,529460.0,Bloomberg,False,0,INR,NSE,False,Green
PRC-ADANIENT-20250130,INE414G01012,ADANIENT,Adani Enterprises Ltd,2025-01-30,3171.12,3195.73,3111.55,3184.66,3363390.0,Refinitiv,False,0,INR,NSE,True,Green
PRC-ADANIENT-20250131,INE414G01012,ADANIENT,Adani Enterprises Ltd,2025-01-31,3147.99,3219.84,3114.87,3178.88,2160211.0,Bloomberg,False,0,INR,NSE,True,Green
PRC-ADANIENT-20250204,INE414G01012,ADANIENT,Adani Enterprises Ltd,2025-02-04,3183.41,3261.98,3167.39,3198.88,3586101.0,NSE Feed,False,0,INR,NSE,False,Green
PRC-ADANIENT-20250207,INE414G01012,ADANIENT,Adani Enterprises Ltd,2025-02-07,3130.9,3244.52,3090.91,3156.3,4649306.0,Refinitiv,False,0,INR,NSE,True,Green
PRC-ADANIENT-20250213,INE414G01012,ADANIENT,Adani Enterprises Ltd,2025-02-13,3158.99,3215.83,3041.83,3135.59,2109502.0,NSE Feed,False,0,INR,NSE,True,Green
PRC-ADANIENT-20250219,INE414G01012,ADANIENT,Adani Enterprises Ltd,2025-02-19,3199.05,3180.34,3117.39,3169.56,1118704.0,Refinitiv,False,0,INR,NSE,True,Green
PRC-ADANIENT-20250225,INE414G01012,ADANIENT,Adani Enterprises Ltd,2025-02-25,3128.01,3215.0,3083.6,3151.84,798503.0,Bloomberg,False,0,INR,NSE,True,Green
PRC-ADANIENT-20250228,INE414G01012,ADANIENT,Adani Enterprises Ltd,2025-02-28,3213.39,3325.15,3206.84,3233.48,824978.0,NSE Feed,False,0,INR,NSE,True,Green
PRC-ADANIENT-20250304,INE414G01012,ADANIENT,Adani Enterprises Ltd,2025-03-04,3226.28,3232.82,3213.24,3214.1,3047610.0,NSE Feed,False,0,INR,NSE,True,Green
PRC-ADANIENT-20250307,INE414G01012,ADANIENT,Adani Enterprises Ltd,2025-03-07,3199.36,3274.51,3206.73,3224.93,1881404.0,NSE Feed,False,0,INR,NSE,True,Green
PRC-ADANIENT-20250313,INE414G01012,ADANIENT,Adani Enterprises Ltd,2025-03-13,3286.25,3276.61,3269.36,3270.05,2002126.0,Refinitiv,False,0,INR,NSE,False,Green
PRC-ADANIENT-20250314,INE414G01012,ADANIENT,Adani Enterprises Ltd,2025-03-14,3197.78,3231.41,3139.88,3200.47,452024.0,NSE Feed,False,0,INR,NSE,True,Green
PRC-ADANIENT-20250317,INE414G01012,ADANIENT,Adani Enterprises Ltd,2025-03-17,3146.33,3203.24,3083.11,,,Bloomberg,False,0,INR,NSE,True,Green
PRC-ADANIENT-20250326,INE414G01012,ADANIENT,Adani Enterprises Ltd,2025-03-26,3042.41,3056.88,2962.06,,,Refinitiv,False,0,INR,NSE,True,Green
PRC-ADANIENT-20250327,INE414G01012,ADANIENT,Adani Enterprises Ltd,2025-03-27,3101.95,3195.01,3076.79,3102.3,2958026.0,NSE Feed,False,0,INR,NSE,True,Green
PRC-ADANIENT-20250331,INE414G01012,ADANIENT,Adani Enterprises Ltd,2025-03-31,3065.36,3105.42,3060.2,3076.62,,Bloomberg,False,0,INR,NSE,True,Green
PRC-ADANIENT-20250411,INE414G01012,ADANIENT,Adani Enterprises Ltd,2025-04-11,3205.21,3290.36,3165.53,3194.67,3284157.0,NSE Feed,False,0,INR,NSE,True,Green
PRC-ADANIENT-20250417,INE414G01012,ADANIENT,Adani Enterprises Ltd,2025-04-17,3197.74,3202.21,3119.96,3167.64,2615073.0,Bloomberg,False,0,INR,NSE,True,Green
PRC-ADANIENT-20250425,INE414G01012,ADANIENT,Adani Enterprises Ltd,2025-04-25,3189.86,3259.26,3169.87,3176.4,939889.0,Bloomberg,False,0,INR,NSE,True,Green
PRC-ADANIENT-20250429,INE414G01012,ADANIENT,Adani Enterprises Ltd,2025-04-29,3238.07,3261.94,3208.58,3249.88,4984084.0,NSE Feed,False,0,INR,NSE,True,Green
PRC-ADANIENT-20250502,INE414G01012,ADANIENT,Adani Enterprises Ltd,2025-05-02,3351.04,3402.04,3333.54,3347.67,4704813.0,Refinitiv,False,0,INR,NSE,True,Green
PRC-ADANIENT-20250506,INE414G01012,ADANIENT,Adani Enterprises Ltd,2025-05-06,3462.09,3461.59,3389.45,3451.19,441730.0,Bloomberg,False,0,INR,NSE,False,Green
PRC-ADANIENT-20250507,INE414G01012,ADANIENT,Adani Enterprises Ltd,2025-05-07,3497.52,3519.23,3415.58,3513.75,133633.0,NSE Feed,False,0,INR,NSE,True,Green
PRC-ADANIENT-20250516,INE414G01012,ADANIENT,Adani Enterprises Ltd,2025-05-16,3561.01,3579.16,3477.69,3567.72,,Refinitiv,False,0,INR,NSE,True,Green
PRC-ADANIENT-20250519,INE414G01012,ADANIENT,Adani Enterprises Ltd,2025-05-19,3576.76,3698.58,3567.11,3599.43,971356.0,Refinitiv,False,0,INR,NSE,True,Green
PRC-NTPC-20240101,INE020B01018,NTPC,NTPC Ltd,2024-01-01,361.0,369.22,356.44,364.2,3567887.0,NSE Feed,False,0,INR,NSE,True,Green
PRC-NTPC-20240102,INE020B01018,NTPC,NTPC Ltd,2024-01-02,360.66,361.34,358.87,361.19,4542542.0,NSE Feed,False,0,INR,NSE,True,Green
PRC-NTPC-20240103,INE020B01018,NTPC,NTPC Ltd,2024-01-03,356.4,364.13,349.01,356.76,4099983.0,Bloomberg,False,0,INR,NSE,True,Green
PRC-NTPC-20240110,INE020B01018,NTPC,NTPC Ltd,2024-01-10,354.13,365.1,352.94,356.74,3326104.0,NSE Feed,False,0,INR,NSE,False,Green
PRC-NTPC-20240129,INE020B01018,NTPC,NTPC Ltd,2024-01-29,353.3,358.69,349.11,355.83,2237511.0,Refinitiv,False,0,INR,NSE,True,Green
PRC-NTPC-20240201,INE020B01018,NTPC,NTPC Ltd,2024-02-01,352.07,357.69,343.48,353.41,998580.0,NSE Feed,False,0,INR,NSE,True,Green
PRC-NTPC-20240205,INE020B01018,NTPC,NTPC Ltd,2024-02-05,360.37,367.08,355.56,357.1,4918531.0,Refinitiv,False,0,INR,NSE,False,Green
PRC-NTPC-20240212,INE020B01018,NTPC,NTPC Ltd,2024-02-12,358.62,372.64,354.91,362.22,4746218.0,Bloomberg,False,0,INR,NSE,True,Green
PRC-NTPC-20240220,INE020B01018,NTPC,NTPC Ltd,2024-02-20,359.86,366.03,360.13,,,Bloomberg,False,0,INR,NSE,True,Green
PRC-NTPC-20240315,INE020B01018,NTPC,NTPC Ltd,2024-03-15,370.01,380.1,366.31,370.74,4831359.0,Bloomberg,False,0,INR,NSE,True,Green
PRC-NTPC-20240319,INE020B01018,NTPC,NTPC Ltd,2024-03-19,362.53,364.89,357.13,364.39,4054254.0,NSE Feed,False,0,INR,NSE,True,Green
PRC-NTPC-20240320,INE020B01018,NTPC,NTPC Ltd,2024-03-20,363.79,370.85,353.56,363.33,1249203.0,NSE Feed,False,0,INR,NSE,True,Green
PRC-NTPC-20240321,INE020B01018,NTPC,NTPC Ltd,2024-03-21,359.68,367.39,349.75,359.42,,Refinitiv,False,0,INR,NSE,True,Green
PRC-NTPC-20240326,INE020B01018,NTPC,NTPC Ltd,2024-03-26,347.39,350.38,341.57,349.36,3532099.0,NSE Feed,False,0,INR,NSE,False,Green
PRC-NTPC-20240328,INE020B01018,NTPC,NTPC Ltd,2024-03-28,351.67,349.91,348.13,348.93,1096391.0,NSE Feed,False,0,INR,NSE,True,Green
PRC-NTPC-20240329,INE020B01018,NTPC,NTPC Ltd,2024-03-29,349.19,356.24,338.3,348.29,2424328.0,Refinitiv,False,0,INR,NSE,True,Green
PRC-NTPC-20240401,INE020B01018,NTPC,NTPC Ltd,2024-04-01,359.23,361.43,356.12,356.2,3554504.0,Bloomberg,False,0,INR,NSE,True,Green
PRC-NTPC-20240403,INE020B01018,NTPC,NTPC Ltd,2024-04-03,360.11,359.57,356.29,359.57,3093891.0,Bloomberg,False,0,INR,NSE,True,Green
PRC-NTPC-20240404,INE020B01018,NTPC,NTPC Ltd,2024-04-04,357.45,360.12,350.51,354.04,1715181.0,NSE Feed,False,0,INR,NSE,True,Green
PRC-NTPC-20240405,INE020B01018,NTPC,NTPC Ltd,2024-04-05,361.68,366.17,354.42,363.89,3965932.0,NSE Feed,True,4,INR,NSE,True,Amber
PRC-NTPC-20240411,INE020B01018,NTPC,NTPC Ltd,2024-04-11,367.72,380.7,361.71,370.56,2613173.0,Refinitiv,False,0,INR,NSE,True,Green
PRC-NTPC-20240412,INE020B01018,NTPC,NTPC Ltd,2024-04-12,371.24,378.03,364.5,373.79,394687.0,Refinitiv,False,0,INR,NSE,True,Green
PRC-NTPC-20240415,INE020B01018,NTPC,NTPC Ltd,2024-04-15,369.43,374.28,362.16,372.52,3581715.0,NSE Feed,False,0,INR,NSE,True,Green
PRC-NTPC-20240423,INE020B01018,NTPC,NTPC Ltd,2024-04-23,368.73,375.02,365.88,367.16,4553225.0,Refinitiv,False,0,INR,NSE,True,Green
PRC-NTPC-20240430,INE020B01018,NTPC,NTPC Ltd,2024-04-30,367.93,366.83,365.08,365.11,4569851.0,Refinitiv,False,0,INR,NSE,True,Green
PRC-NTPC-20240510,INE020B01018,NTPC,NTPC Ltd,2024-05-10,371.9,379.92,363.05,371.07,2282956.0,Refinitiv,False,0,INR,NSE,True,Green
PRC-NTPC-20240514,INE020B01018,NTPC,NTPC Ltd,2024-05-14,377.9,386.21,374.41,381.56,4591661.0,Bloomberg,False,0,INR,NSE,False,Green
PRC-NTPC-20240515,INE020B01018,NTPC,NTPC Ltd,2024-05-15,391.91,400.95,381.37,390.4,4575682.0,NSE Feed,False,0,INR,NSE,True,Green
PRC-NTPC-20240516,INE020B01018,NTPC,NTPC Ltd,2024-05-16,389.18,397.03,376.52,387.53,1608209.0,Refinitiv,False,0,INR,NSE,True,Green
PRC-NTPC-20240523,INE020B01018,NTPC,NTPC Ltd,2024-05-23,377.6,390.84,375.81,381.02,722207.0,NSE Feed,False,0,INR,NSE,True,Green
PRC-NTPC-20240527,INE020B01018,NTPC,NTPC Ltd,2024-05-27,378.73,384.82,376.66,381.83,1595773.0,NSE Feed,False,0,INR,NSE,True,Green
PRC-NTPC-20240529,INE020B01018,NTPC,NTPC Ltd,2024-05-29,373.95,374.16,367.64,371.7,4444922.0,NSE Feed,False,0,INR,NSE,True,Green
PRC-NTPC-20240530,INE020B01018,NTPC,NTPC Ltd,2024-05-30,373.85,381.77,365.9,373.5,1481055.0,Refinitiv,False,0,INR,NSE,True,Green
PRC-NTPC-20240604,INE020B01018,NTPC,NTPC Ltd,2024-06-04,374.76,381.34,369.22,372.68,354572.0,NSE Feed,True,2,INR,NSE,True,Amber
PRC-NTPC-20240613,INE020B01018,NTPC,NTPC Ltd,2024-06-13,370.71,370.99,361.08,370.07,924269.0,Bloomberg,False,0,INR,NSE,True,Green
PRC-NTPC-20240618,INE020B01018,NTPC,NTPC Ltd,2024-06-18,363.3,369.33,356.94,361.22,1356405.0,Bloomberg,False,0,INR,NSE,True,Green
PRC-NTPC-20240619,INE020B01018,NTPC,NTPC Ltd,2024-06-19,364.03,367.17,356.27,364.0,1436090.0,NSE Feed,False,0,INR,NSE,True,Green
PRC-NTPC-20240621,INE020B01018,NTPC,NTPC Ltd,2024-06-21,361.38,364.2,355.92,361.09,742599.0,NSE Feed,False,0,INR,NSE,True,Green
PRC-NTPC-20240626,INE020B01018,NTPC,NTPC Ltd,2024-06-26,356.8,358.1,349.1,354.76,4354229.0,Bloomberg,False,0,INR,NSE,True,Green
PRC-NTPC-20240628,INE020B01018,NTPC,NTPC Ltd,2024-06-28,342.09,343.32,335.77,339.47,,NSE Feed,True,6,INR,NSE,True,Red
PRC-NTPC-20240701,INE020B01018,NTPC,NTPC Ltd,2024-07-01,338.69,345.06,331.55,339.33,1352193.0,Bloomberg,False,0,INR,NSE,True,Green
PRC-NTPC-20240710,INE020B01018,NTPC,NTPC Ltd,2024-07-10,345.21,351.59,339.68,348.35,4938760.0,Bloomberg,False,0,INR,NSE,True,Green
PRC-NTPC-20240712,INE020B01018,NTPC,NTPC Ltd,2024-07-12,353.84,359.26,350.72,357.03,4783044.0,Bloomberg,True,9,INR,NSE,True,Red
PRC-NTPC-20240715,INE020B01018,NTPC,NTPC Ltd,2024-07-15,352.35,355.27,346.8,354.58,494152.0,NSE Feed,True,10,INR,NSE,True,Red
PRC-NTPC-20240716,INE020B01018,NTPC,NTPC Ltd,2024-07-16,354.12,361.03,348.63,351.38,2294525.0,Refinitiv,False,0,INR,NSE,True,Green
PRC-NTPC-20240724,INE020B01018,NTPC,NTPC Ltd,2024-07-24,354.19,358.88,352.58,353.85,2188892.0,Refinitiv,False,0,INR,NSE,True,Green
PRC-NTPC-20240726,INE020B01018,NTPC,NTPC Ltd,2024-07-26,349.58,352.73,340.63,348.55,649710.0,NSE Feed,False,0,INR,NSE,True,Green
PRC-NTPC-20240820,INE020B01018,NTPC,NTPC Ltd,2024-08-20,347.83,356.13,346.66,350.13,2679468.0,Bloomberg,False,0,INR,NSE,True,Green
PRC-NTPC-20240830,INE020B01018,NTPC,NTPC Ltd,2024-08-30,355.97,355.54,351.2,,,Refinitiv,False,0,INR,NSE,True,Green
PRC-NTPC-20240903,INE020B01018,NTPC,NTPC Ltd,2024-09-03,358.88,365.67,350.29,360.67,3373101.0,Bloomberg,False,0,INR,NSE,False,Green
PRC-NTPC-20240909,INE020B01018,NTPC,NTPC Ltd,2024-09-09,363.34,364.17,352.47,360.13,454999.0,NSE Feed,False,0,INR,NSE,True,Green
PRC-NTPC-20240919,INE020B01018,NTPC,NTPC Ltd,2024-09-19,357.88,366.39,351.42,359.03,295153.0,Refinitiv,False,0,INR,NSE,True,Green
PRC-NTPC-20240926,INE020B01018,NTPC,NTPC Ltd,2024-09-26,352.74,357.39,349.79,354.3,4548939.0,Refinitiv,False,0,INR,NSE,False,Green
PRC-NTPC-20241003,INE020B01018,NTPC,NTPC Ltd,2024-10-03,347.17,352.44,346.73,,,Refinitiv,False,0,INR,NSE,True,Green
PRC-NTPC-20241004,INE020B01018,NTPC,NTPC Ltd,2024-10-04,352.01,353.59,346.96,348.72,616151.0,Refinitiv,False,0,INR,NSE,True,Green
PRC-NTPC-20241009,INE020B01018,NTPC,NTPC Ltd,2024-10-09,347.54,359.61,342.63,350.64,,NSE Feed,False,0,INR,NSE,True,Green
PRC-NTPC-20241016,INE020B01018,NTPC,NTPC Ltd,2024-10-16,357.78,358.19,348.14,355.45,1124923.0,Bloomberg,False,0,INR,NSE,True,Green
PRC-NTPC-20241017,INE020B01018,NTPC,NTPC Ltd,2024-10-17,348.28,358.66,345.42,351.16,4012866.0,Refinitiv,False,0,INR,NSE,True,Green
PRC-NTPC-20241021,INE020B01018,NTPC,NTPC Ltd,2024-10-21,357.17,360.01,355.57,359.03,4232069.0,NSE Feed,True,5,INR,NSE,True,Amber
PRC-NTPC-20241022,INE020B01018,NTPC,NTPC Ltd,2024-10-22,354.27,361.93,347.21,357.57,744585.0,NSE Feed,False,0,INR,NSE,False,Green
PRC-NTPC-20241028,INE020B01018,NTPC,NTPC Ltd,2024-10-28,359.3,360.96,350.9,357.45,3973130.0,Refinitiv,False,0,INR,NSE,True,Green
PRC-NTPC-20241104,INE020B01018,NTPC,NTPC Ltd,2024-11-04,353.62,353.53,352.51,353.44,1850732.0,NSE Feed,False,0,INR,NSE,False,Green
PRC-NTPC-20241105,INE020B01018,NTPC,NTPC Ltd,2024-11-05,342.49,341.74,331.68,,,Refinitiv,False,0,INR,NSE,True,Green
PRC-NTPC-20241107,INE020B01018,NTPC,NTPC Ltd,2024-11-07,343.96,351.7,339.9,,,Refinitiv,False,0,INR,NSE,True,Green
PRC-NTPC-20241113,INE020B01018,NTPC,NTPC Ltd,2024-11-13,350.49,353.27,338.49,348.92,1892660.0,Bloomberg,False,0,INR,NSE,True,Green
PRC-NTPC-20241114,INE020B01018,NTPC,NTPC Ltd,2024-11-14,344.38,350.69,337.77,347.45,1133255.0,Refinitiv,False,0,INR,NSE,True,Green
PRC-NTPC-20241127,INE020B01018,NTPC,NTPC Ltd,2024-11-27,346.35,350.21,342.89,347.8,2976875.0,NSE Feed,False,0,INR,NSE,True,Green
PRC-NTPC-20241202,INE020B01018,NTPC,NTPC Ltd,2024-12-02,348.18,358.09,349.88,350.49,4343399.0,NSE Feed,False,0,INR,NSE,True,Green
PRC-NTPC-20241216,INE020B01018,NTPC,NTPC Ltd,2024-12-16,341.72,343.22,341.6,342.28,2565817.0,NSE Feed,False,0,INR,NSE,True,Green
PRC-NTPC-20241218,INE020B01018,NTPC,NTPC Ltd,2024-12-18,341.8,345.98,337.3,339.56,2931086.0,NSE Feed,False,0,INR,NSE,True,Green
PRC-NTPC-20241220,INE020B01018,NTPC,NTPC Ltd,2024-12-20,345.6,344.08,340.45,343.61,1077378.0,Refinitiv,False,0,INR,NSE,True,Green
PRC-NTPC-20241230,INE020B01018,NTPC,NTPC Ltd,2024-12-30,340.13,345.99,327.59,337.14,1804415.0,Bloomberg,True,2,INR,NSE,True,Amber
PRC-NTPC-20250106,INE020B01018,NTPC,NTPC Ltd,2025-01-06,341.14,338.9,330.03,338.63,3922091.0,NSE Feed,False,0,INR,NSE,True,Green
PRC-NTPC-20250108,INE020B01018,NTPC,NTPC Ltd,2025-01-08,329.58,333.91,330.71,331.74,3084627.0,NSE Feed,False,0,INR,NSE,True,Green
PRC-NTPC-20250113,INE020B01018,NTPC,NTPC Ltd,2025-01-13,334.54,338.92,332.53,334.06,3660742.0,Refinitiv,False,0,INR,NSE,True,Green
PRC-NTPC-20250114,INE020B01018,NTPC,NTPC Ltd,2025-01-14,334.04,336.52,331.37,333.88,438411.0,NSE Feed,False,0,INR,NSE,True,Green
PRC-NTPC-20250127,INE020B01018,NTPC,NTPC Ltd,2025-01-27,328.95,333.41,319.36,325.79,2091670.0,Bloomberg,True,10,INR,NSE,True,Red
PRC-NTPC-20250210,INE020B01018,NTPC,NTPC Ltd,2025-02-10,331.67,335.53,323.64,331.48,3239877.0,Refinitiv,False,0,INR,NSE,True,Green
PRC-NTPC-20250214,INE020B01018,NTPC,NTPC Ltd,2025-02-14,327.51,334.65,323.95,327.83,498385.0,Refinitiv,False,0,INR,NSE,True,Green
PRC-NTPC-20250217,INE020B01018,NTPC,NTPC Ltd,2025-02-17,325.81,326.62,315.89,323.84,232315.0,Refinitiv,False,0,INR,NSE,False,Green
PRC-NTPC-20250218,INE020B01018,NTPC,NTPC Ltd,2025-02-18,322.65,332.19,321.95,324.82,3629405.0,Refinitiv,False,0,INR,NSE,True,Green
PRC-NTPC-20250219,INE020B01018,NTPC,NTPC Ltd,2025-02-19,329.07,335.89,326.5,330.41,3926901.0,NSE Feed,False,0,INR,NSE,True,Green
PRC-NTPC-20250226,INE020B01018,NTPC,NTPC Ltd,2025-02-26,324.51,329.13,324.91,325.38,2182059.0,NSE Feed,False,0,INR,NSE,True,Green
PRC-NTPC-20250307,INE020B01018,NTPC,NTPC Ltd,2025-03-07,328.2,331.24,323.65,325.68,1731173.0,NSE Feed,True,10,INR,NSE,True,Red
PRC-NTPC-20250310,INE020B01018,NTPC,NTPC Ltd,2025-03-10,329.79,329.97,325.62,327.78,3706049.0,Bloomberg,False,0,INR,NSE,True,Green
PRC-NTPC-20250312,INE020B01018,NTPC,NTPC Ltd,2025-03-12,334.43,335.88,325.2,331.18,1087478.0,Bloomberg,True,2,INR,NSE,True,Amber
PRC-NTPC-20250313,INE020B01018,NTPC,NTPC Ltd,2025-03-13,329.89,334.21,327.69,332.06,2013528.0,Refinitiv,True,9,INR,NSE,True,Red
PRC-NTPC-20250317,INE020B01018,NTPC,NTPC Ltd,2025-03-17,332.93,336.67,329.23,330.23,4463825.0,NSE Feed,False,0,INR,NSE,True,Green
PRC-NTPC-20250318,INE020B01018,NTPC,NTPC Ltd,2025-03-18,328.27,334.91,325.74,326.13,1088222.0,NSE Feed,True,6,INR,NSE,False,Red
PRC-NTPC-20250401,INE020B01018,NTPC,NTPC Ltd,2025-04-01,323.48,334.44,324.44,326.55,3507712.0,Refinitiv,False,0,INR,NSE,True,Green
PRC-NTPC-20250403,INE020B01018,NTPC,NTPC Ltd,2025-04-03,322.34,322.2,316.97,321.3,4905944.0,Bloomberg,False,0,INR,NSE,True,Green
PRC-NTPC-20250409,INE020B01018,NTPC,NTPC Ltd,2025-04-09,305.48,312.4,305.46,307.22,924204.0,Refinitiv,False,0,INR,NSE,True,Green
PRC-NTPC-20250410,INE020B01018,NTPC,NTPC Ltd,2025-04-10,311.13,312.14,303.08,309.23,1108192.0,Bloomberg,False,0,INR,NSE,True,Green
PRC-NTPC-20250411,INE020B01018,NTPC,NTPC Ltd,2025-04-11,311.23,318.95,311.29,313.43,4370063.0,Bloomberg,False,0,INR,NSE,True,Green
PRC-NTPC-20250429,INE020B01018,NTPC,NTPC Ltd,2025-04-29,302.19,304.35,293.31,302.32,,Refinitiv,True,4,INR,NSE,True,Amber
PRC-NTPC-20250501,INE020B01018,NTPC,NTPC Ltd,2025-05-01,295.13,298.23,296.25,297.74,3347963.0,Refinitiv,False,0,INR,NSE,True,Green
PRC-NTPC-20250502,INE020B01018,NTPC,NTPC Ltd,2025-05-02,301.18,307.93,298.91,300.5,313786.0,NSE Feed,False,0,INR,NSE,False,Green
PRC-NTPC-20250507,INE020B01018,NTPC,NTPC Ltd,2025-05-07,307.18,315.63,301.17,309.78,2796038.0,NSE Feed,True,6,INR,NSE,True,Red
PRC-NTPC-20250514,INE020B01018,NTPC,NTPC Ltd,2025-05-14,310.01,317.98,309.41,309.88,3548850.0,Refinitiv,False,0,INR,NSE,True,Green
PRC-NTPC-20250519,INE020B01018,NTPC,NTPC Ltd,2025-05-19,305.14,306.65,301.85,306.49,3813594.0,Refinitiv,False,0,INR,NSE,True,Green
PRC-HINDALCO-20240101,INE038A01020,HINDALCO,Hindalco Industries Ltd,2024-01-01,663.52,672.82,648.31,658.19,4406634.0,NSE Feed,False,0,INR,NSE,False,Green
PRC-HINDALCO-20240108,INE038A01020,HINDALCO,Hindalco Industries Ltd,2024-01-08,673.63,689.46,669.63,671.76,4598340.0,NSE Feed,False,0,INR,NSE,True,Green
PRC-HINDALCO-20240112,INE038A01020,HINDALCO,Hindalco Industries Ltd,2024-01-12,671.56,668.68,656.2,665.25,4221372.0,Refinitiv,False,0,INR,NSE,True,Green
PRC-HINDALCO-20240116,INE038A01020,HINDALCO,Hindalco Industries Ltd,2024-01-16,662.1,661.85,653.78,657.28,2138678.0,NSE Feed,False,0,INR,NSE,True,Green
PRC-HINDALCO-20240131,INE038A01020,HINDALCO,Hindalco Industries Ltd,2024-01-31,650.15,653.09,637.43,652.52,3871881.0,Refinitiv,False,0,INR,NSE,True,Green
PRC-HINDALCO-20240202,INE038A01020,HINDALCO,Hindalco Industries Ltd,2024-02-02,646.01,651.46,637.03,643.19,1098202.0,Bloomberg,False,0,INR,NSE,True,Green
PRC-HINDALCO-20240205,INE038A01020,HINDALCO,Hindalco Industries Ltd,2024-02-05,644.33,661.78,635.06,644.37,1329301.0,NSE Feed,False,0,INR,NSE,True,Green
PRC-HINDALCO-20240207,INE038A01020,HINDALCO,Hindalco Industries Ltd,2024-02-07,654.59,676.72,643.85,,,Refinitiv,False,0,INR,NSE,True,Green
PRC-HINDALCO-20240209,INE038A01020,HINDALCO,Hindalco Industries Ltd,2024-02-09,661.86,680.65,650.66,663.27,2910611.0,Refinitiv,False,0,INR,NSE,False,Green
PRC-HINDALCO-20240216,INE038A01020,HINDALCO,Hindalco Industries Ltd,2024-02-16,659.51,663.74,642.39,660.76,1561419.0,NSE Feed,False,0,INR,NSE,False,Green
PRC-HINDALCO-20240222,INE038A01020,HINDALCO,Hindalco Industries Ltd,2024-02-22,664.04,672.77,656.98,657.87,4776870.0,Refinitiv,False,0,INR,NSE,True,Green
PRC-HINDALCO-20240226,INE038A01020,HINDALCO,Hindalco Industries Ltd,2024-02-26,644.03,652.89,638.27,642.45,235612.0,NSE Feed,False,0,INR,NSE,True,Green
PRC-HINDALCO-20240304,INE038A01020,HINDALCO,Hindalco Industries Ltd,2024-03-04,654.84,669.54,644.94,650.96,2027694.0,Refinitiv,False,0,INR,NSE,True,Green
PRC-HINDALCO-20240306,INE038A01020,HINDALCO,Hindalco Industries Ltd,2024-03-06,653.01,655.09,649.59,650.2,1190419.0,Bloomberg,False,0,INR,NSE,True,Green
PRC-HINDALCO-20240307,INE038A01020,HINDALCO,Hindalco Industries Ltd,2024-03-07,648.59,660.68,641.57,648.44,2478723.0,Bloomberg,False,0,INR,NSE,True,Green
PRC-HINDALCO-20240313,INE038A01020,HINDALCO,Hindalco Industries Ltd,2024-03-13,683.71,698.1,673.28,679.49,3802778.0,NSE Feed,False,0,INR,NSE,True,Green
PRC-HINDALCO-20240318,INE038A01020,HINDALCO,Hindalco Industries Ltd,2024-03-18,681.2,690.53,666.08,682.54,1666665.0,NSE Feed,False,0,INR,NSE,False,Green
PRC-HINDALCO-20240320,INE038A01020,HINDALCO,Hindalco Industries Ltd,2024-03-20,669.15,687.27,669.16,674.84,3970553.0,Bloomberg,False,0,INR,NSE,True,Green
PRC-HINDALCO-20240327,INE038A01020,HINDALCO,Hindalco Industries Ltd,2024-03-27,675.31,682.08,659.19,670.53,4271034.0,Refinitiv,False,0,INR,NSE,True,Green
PRC-HINDALCO-20240402,INE038A01020,HINDALCO,Hindalco Industries Ltd,2024-04-02,682.3,686.09,681.96,682.08,420276.0,Refinitiv,False,0,INR,NSE,True,Green
PRC-HINDALCO-20240403,INE038A01020,HINDALCO,Hindalco Industries Ltd,2024-04-03,685.73,699.48,670.3,683.24,2359280.0,NSE Feed,True,4,INR,NSE,True,Amber
PRC-HINDALCO-20240408,INE038A01020,HINDALCO,Hindalco Industries Ltd,2024-04-08,667.03,683.09,655.1,668.5,3930535.0,Refinitiv,False,0,INR,NSE,True,Green
PRC-HINDALCO-20240409,INE038A01020,HINDALCO,Hindalco Industries Ltd,2024-04-09,683.13,681.29,672.56,677.71,3241779.0,Bloomberg,False,0,INR,NSE,True,Green
PRC-HINDALCO-20240410,INE038A01020,HINDALCO,Hindalco Industries Ltd,2024-04-10,672.18,674.87,657.9,670.92,2567625.0,NSE Feed,False,0,INR,NSE,True,Green
PRC-HINDALCO-20240424,INE038A01020,HINDALCO,Hindalco Industries Ltd,2024-04-24,690.22,701.69,674.65,689.77,3383178.0,NSE Feed,False,0,INR,NSE,True,Green
PRC-HINDALCO-20240425,INE038A01020,HINDALCO,Hindalco Industries Ltd,2024-04-25,706.89,720.6,687.07,700.95,1479267.0,Bloomberg,False,0,INR,NSE,True,Green
PRC-HINDALCO-20240426,INE038A01020,HINDALCO,Hindalco Industries Ltd,2024-04-26,696.71,703.3,696.02,696.25,4154238.0,NSE Feed,False,0,INR,NSE,False,Green
PRC-HINDALCO-20240430,INE038A01020,HINDALCO,Hindalco Industries Ltd,2024-04-30,710.69,718.22,700.88,709.62,1964539.0,Bloomberg,False,0,INR,NSE,True,Green
PRC-HINDALCO-20240501,INE038A01020,HINDALCO,Hindalco Industries Ltd,2024-05-01,706.42,731.47,699.79,710.35,4797062.0,Refinitiv,False,0,INR,NSE,True,Green
PRC-HINDALCO-20240515,INE038A01020,HINDALCO,Hindalco Industries Ltd,2024-05-15,719.28,725.11,706.19,719.43,4786588.0,Bloomberg,False,0,INR,NSE,True,Green
PRC-HINDALCO-20240517,INE038A01020,HINDALCO,Hindalco Industries Ltd,2024-05-17,727.27,742.6,707.8,724.66,1728728.0,Bloomberg,False,0,INR,NSE,True,Green
PRC-HINDALCO-20240521,INE038A01020,HINDALCO,Hindalco Industries Ltd,2024-05-21,715.64,727.85,713.88,715.46,1049564.0,Bloomberg,False,0,INR,NSE,True,Green
PRC-HINDALCO-20240523,INE038A01020,HINDALCO,Hindalco Industries Ltd,2024-05-23,713.28,715.65,692.32,708.56,416171.0,NSE Feed,False,0,INR,NSE,True,Green
PRC-HINDALCO-20240524,INE038A01020,HINDALCO,Hindalco Industries Ltd,2024-05-24,716.99,729.3,704.97,719.5,2849501.0,NSE Feed,False,0,INR,NSE,True,Green
PRC-HINDALCO-20240604,INE038A01020,HINDALCO,Hindalco Industries Ltd,2024-06-04,721.42,733.45,704.63,715.89,4500032.0,NSE Feed,False,0,INR,NSE,True,Green
PRC-HINDALCO-20240605,INE038A01020,HINDALCO,Hindalco Industries Ltd,2024-06-05,705.09,732.04,695.88,711.56,1355661.0,Refinitiv,False,0,INR,NSE,True,Green
PRC-HINDALCO-20240613,INE038A01020,HINDALCO,Hindalco Industries Ltd,2024-06-13,705.15,703.2,696.66,701.36,1587507.0,Bloomberg,False,0,INR,NSE,True,Green
PRC-HINDALCO-20240618,INE038A01020,HINDALCO,Hindalco Industries Ltd,2024-06-18,708.59,716.91,696.53,705.82,1204229.0,Bloomberg,False,0,INR,NSE,True,Green
PRC-HINDALCO-20240627,INE038A01020,HINDALCO,Hindalco Industries Ltd,2024-06-27,727.86,739.83,722.57,727.65,3473844.0,NSE Feed,False,0,INR,NSE,True,Green
PRC-HINDALCO-20240705,INE038A01020,HINDALCO,Hindalco Industries Ltd,2024-07-05,721.92,732.67,703.46,716.0,2821727.0,Refinitiv,False,0,INR,NSE,True,Green
PRC-HINDALCO-20240708,INE038A01020,HINDALCO,Hindalco Industries Ltd,2024-07-08,715.44,722.68,698.38,716.26,4233166.0,Refinitiv,False,0,INR,NSE,True,Green
PRC-HINDALCO-20240716,INE038A01020,HINDALCO,Hindalco Industries Ltd,2024-07-16,733.91,743.31,716.94,731.44,3639695.0,Bloomberg,False,0,INR,NSE,True,Green
PRC-HINDALCO-20240722,INE038A01020,HINDALCO,Hindalco Industries Ltd,2024-07-22,732.22,734.46,711.47,730.56,1095373.0,NSE Feed,False,0,INR,NSE,True,Green
PRC-HINDALCO-20240729,INE038A01020,HINDALCO,Hindalco Industries Ltd,2024-07-29,730.17,754.3,732.93,735.52,459661.0,NSE Feed,False,0,INR,NSE,True,Green
PRC-HINDALCO-20240730,INE038A01020,HINDALCO,Hindalco Industries Ltd,2024-07-30,725.93,728.84,722.9,723.8,1199980.0,Refinitiv,False,0,INR,NSE,True,Green
PRC-HINDALCO-20240807,INE038A01020,HINDALCO,Hindalco Industries Ltd,2024-08-07,732.81,747.43,708.11,728.45,146722.0,Bloomberg,False,0,INR,NSE,True,Green
PRC-HINDALCO-20240812,INE038A01020,HINDALCO,Hindalco Industries Ltd,2024-08-12,728.34,738.51,708.58,726.4,,NSE Feed,False,0,INR,NSE,True,Green
PRC-HINDALCO-20240814,INE038A01020,HINDALCO,Hindalco Industries Ltd,2024-08-14,738.87,745.68,728.74,737.14,4215697.0,NSE Feed,False,0,INR,NSE,True,Green
PRC-HINDALCO-20240819,INE038A01020,HINDALCO,Hindalco Industries Ltd,2024-08-19,746.1,760.38,742.11,750.27,3799911.0,Refinitiv,False,0,INR,NSE,False,Green
PRC-HINDALCO-20240903,INE038A01020,HINDALCO,Hindalco Industries Ltd,2024-09-03,771.72,787.98,768.08,779.42,1506844.0,Bloomberg,False,0,INR,NSE,True,Green
PRC-HINDALCO-20240912,INE038A01020,HINDALCO,Hindalco Industries Ltd,2024-09-12,790.99,790.27,775.42,786.19,988028.0,Refinitiv,True,5,INR,NSE,True,Amber
PRC-HINDALCO-20240925,INE038A01020,HINDALCO,Hindalco Industries Ltd,2024-09-25,791.72,810.86,781.62,790.03,2657430.0,Refinitiv,False,0,INR,NSE,True,Green
PRC-HINDALCO-20240927,INE038A01020,HINDALCO,Hindalco Industries Ltd,2024-09-27,792.65,802.21,780.2,792.34,1810915.0,Refinitiv,True,3,INR,NSE,True,Amber
PRC-HINDALCO-20241001,INE038A01020,HINDALCO,Hindalco Industries Ltd,2024-10-01,792.35,797.69,781.19,788.14,3925435.0,NSE Feed,False,0,INR,NSE,True,Green
PRC-HINDALCO-20241009,INE038A01020,HINDALCO,Hindalco Industries Ltd,2024-10-09,789.3,809.89,777.01,792.14,2328268.0,Bloomberg,False,0,INR,NSE,True,Green
PRC-HINDALCO-20241010,INE038A01020,HINDALCO,Hindalco Industries Ltd,2024-10-10,781.26,792.0,767.11,788.63,3904848.0,Bloomberg,False,0,INR,NSE,True,Green
PRC-HINDALCO-20241014,INE038A01020,HINDALCO,Hindalco Industries Ltd,2024-10-14,788.93,803.66,771.22,790.63,3787099.0,NSE Feed,False,0,INR,NSE,True,Green
PRC-HINDALCO-20241015,INE038A01020,HINDALCO,Hindalco Industries Ltd,2024-10-15,801.66,816.96,799.41,806.25,1922592.0,Refinitiv,False,0,INR,NSE,True,Green
PRC-HINDALCO-20241021,INE038A01020,HINDALCO,Hindalco Industries Ltd,2024-10-21,800.85,801.84,774.37,794.08,4937274.0,Refinitiv,False,0,INR,NSE,False,Green
PRC-HINDALCO-20241029,INE038A01020,HINDALCO,Hindalco Industries Ltd,2024-10-29,802.34,810.1,793.77,807.66,2842694.0,Refinitiv,False,0,INR,NSE,True,Green
PRC-HINDALCO-20241104,INE038A01020,HINDALCO,Hindalco Industries Ltd,2024-11-04,824.49,827.17,821.06,823.61,2827157.0,Refinitiv,False,0,INR,NSE,True,Green
PRC-HINDALCO-20241115,INE038A01020,HINDALCO,Hindalco Industries Ltd,2024-11-15,828.0,835.48,805.39,822.15,2684206.0,Bloomberg,False,0,INR,NSE,True,Green
PRC-HINDALCO-20241119,INE038A01020,HINDALCO,Hindalco Industries Ltd,2024-11-19,799.76,817.06,777.33,795.99,3397409.0,Bloomberg,False,0,INR,NSE,True,Green
PRC-HINDALCO-20241120,INE038A01020,HINDALCO,Hindalco Industries Ltd,2024-11-20,794.49,802.4,787.62,,,Bloomberg,False,0,INR,NSE,True,Green
PRC-HINDALCO-20241127,INE038A01020,HINDALCO,Hindalco Industries Ltd,2024-11-27,803.22,823.97,800.71,804.07,3780887.0,NSE Feed,False,0,INR,NSE,True,Green
PRC-HINDALCO-20241129,INE038A01020,HINDALCO,Hindalco Industries Ltd,2024-11-29,801.08,819.88,794.05,803.8,4520796.0,Bloomberg,True,2,INR,NSE,True,Amber
PRC-HINDALCO-20241202,INE038A01020,HINDALCO,Hindalco Industries Ltd,2024-12-02,796.78,795.03,790.59,791.75,4453225.0,NSE Feed,False,0,INR,NSE,True,Green
PRC-HINDALCO-20241204,INE038A01020,HINDALCO,Hindalco Industries Ltd,2024-12-04,793.17,788.93,770.77,,,Refinitiv,False,0,INR,NSE,True,Green
PRC-HINDALCO-20241217,INE038A01020,HINDALCO,Hindalco Industries Ltd,2024-12-17,790.46,816.75,778.13,795.66,4749050.0,Bloomberg,False,0,INR,NSE,True,Green
PRC-HINDALCO-20241219,INE038A01020,HINDALCO,Hindalco Industries Ltd,2024-12-19,802.49,814.36,791.81,802.19,3030249.0,Refinitiv,False,0,INR,NSE,True,Green
PRC-HINDALCO-20241231,INE038A01020,HINDALCO,Hindalco Industries Ltd,2024-12-31,797.27,811.65,779.76,799.31,4587817.0,Bloomberg,False,0,INR,NSE,False,Green
PRC-HINDALCO-20250101,INE038A01020,HINDALCO,Hindalco Industries Ltd,2025-01-01,799.53,814.32,772.03,794.91,245433.0,Bloomberg,False,0,INR,NSE,False,Green
PRC-HINDALCO-20250109,INE038A01020,HINDALCO,Hindalco Industries Ltd,2025-01-09,783.64,803.82,785.37,790.24,2790512.0,NSE Feed,False,0,INR,NSE,True,Green
PRC-HINDALCO-20250116,INE038A01020,HINDALCO,Hindalco Industries Ltd,2025-01-16,786.39,799.7,769.27,779.31,884915.0,NSE Feed,False,0,INR,NSE,True,Green
PRC-HINDALCO-20250123,INE038A01020,HINDALCO,Hindalco Industries Ltd,2025-01-23,805.01,820.75,792.19,798.19,301577.0,NSE Feed,False,0,INR,NSE,True,Green
PRC-HINDALCO-20250124,INE038A01020,HINDALCO,Hindalco Industries Ltd,2025-01-24,798.07,798.93,785.09,794.33,1746957.0,NSE Feed,False,0,INR,NSE,True,Green
PRC-HINDALCO-20250131,INE038A01020,HINDALCO,Hindalco Industries Ltd,2025-01-31,811.86,820.97,799.34,808.84,1066117.0,NSE Feed,False,0,INR,NSE,True,Green
PRC-HINDALCO-20250207,INE038A01020,HINDALCO,Hindalco Industries Ltd,2025-02-07,820.93,831.2,823.99,827.29,3961651.0,Bloomberg,False,0,INR,NSE,True,Green
PRC-HINDALCO-20250213,INE038A01020,HINDALCO,Hindalco Industries Ltd,2025-02-13,833.23,849.32,817.12,839.68,1615880.0,NSE Feed,True,3,INR,NSE,True,Amber
PRC-HINDALCO-20250217,INE038A01020,HINDALCO,Hindalco Industries Ltd,2025-02-17,837.97,850.81,832.38,834.25,3771164.0,NSE Feed,False,0,INR,NSE,True,Green
PRC-HINDALCO-20250225,INE038A01020,HINDALCO,Hindalco Industries Ltd,2025-02-25,831.53,853.7,824.98,839.3,2929588.0,NSE Feed,False,0,INR,NSE,True,Green
PRC-HINDALCO-20250303,INE038A01020,HINDALCO,Hindalco Industries Ltd,2025-03-03,845.32,859.41,833.37,838.99,969307.0,NSE Feed,False,0,INR,NSE,True,Green
PRC-HINDALCO-20250306,INE038A01020,HINDALCO,Hindalco Industries Ltd,2025-03-06,824.05,847.23,819.75,827.62,4502478.0,NSE Feed,False,0,INR,NSE,False,Green
PRC-HINDALCO-20250310,INE038A01020,HINDALCO,Hindalco Industries Ltd,2025-03-10,828.76,835.01,821.58,831.65,3250567.0,NSE Feed,False,0,INR,NSE,True,Green
PRC-HINDALCO-20250312,INE038A01020,HINDALCO,Hindalco Industries Ltd,2025-03-12,822.61,841.31,801.01,816.94,3291828.0,NSE Feed,False,0,INR,NSE,True,Green
PRC-HINDALCO-20250317,INE038A01020,HINDALCO,Hindalco Industries Ltd,2025-03-17,835.08,845.68,815.16,831.49,4994407.0,Bloomberg,True,5,INR,NSE,True,Amber
PRC-HINDALCO-20250319,INE038A01020,HINDALCO,Hindalco Industries Ltd,2025-03-19,824.93,829.21,805.65,825.7,3111645.0,Refinitiv,False,0,INR,NSE,True,Green
PRC-HINDALCO-20250324,INE038A01020,HINDALCO,Hindalco Industries Ltd,2025-03-24,835.21,833.46,804.02,828.19,728717.0,Refinitiv,False,0,INR,NSE,True,Green
PRC-HINDALCO-20250331,INE038A01020,HINDALCO,Hindalco Industries Ltd,2025-03-31,838.86,842.25,815.78,,,NSE Feed,False,0,INR,NSE,True,Green
PRC-HINDALCO-20250404,INE038A01020,HINDALCO,Hindalco Industries Ltd,2025-04-04,822.95,843.87,814.64,828.48,816165.0,Bloomberg,False,0,INR,NSE,True,Green
PRC-HINDALCO-20250415,INE038A01020,HINDALCO,Hindalco Industries Ltd,2025-04-15,829.58,857.33,824.01,835.77,997913.0,Bloomberg,False,0,INR,NSE,True,Green
PRC-HINDALCO-20250417,INE038A01020,HINDALCO,Hindalco Industries Ltd,2025-04-17,836.1,845.54,805.11,829.82,2494576.0,NSE Feed,False,0,INR,NSE,True,Green
PRC-HINDALCO-20250418,INE038A01020,HINDALCO,Hindalco Industries Ltd,2025-04-18,847.52,850.89,827.96,840.66,3887235.0,Bloomberg,False,0,INR,NSE,True,Green
PRC-HINDALCO-20250421,INE038A01020,HINDALCO,Hindalco Industries Ltd,2025-04-21,821.56,838.27,818.21,823.69,3019505.0,Bloomberg,False,0,INR,NSE,True,Green
PRC-HINDALCO-20250424,INE038A01020,HINDALCO,Hindalco Industries Ltd,2025-04-24,821.14,846.08,803.88,825.25,2206375.0,Bloomberg,False,0,INR,NSE,True,Green
PRC-HINDALCO-20250429,INE038A01020,HINDALCO,Hindalco Industries Ltd,2025-04-29,853.82,869.56,836.87,849.25,424894.0,NSE Feed,False,0,INR,NSE,True,Green
PRC-HINDALCO-20250506,INE038A01020,HINDALCO,Hindalco Industries Ltd,2025-05-06,837.41,839.03,821.42,836.51,854812.0,Bloomberg,False,0,INR,NSE,True,Green
PRC-HINDALCO-20250512,INE038A01020,HINDALCO,Hindalco Industries Ltd,2025-05-12,828.28,848.18,819.81,828.0,3856093.0,NSE Feed,False,0,INR,NSE,True,Green
PRC-HINDALCO-20250516,INE038A01020,HINDALCO,Hindalco Industries Ltd,2025-05-16,842.3,852.02,820.96,834.39,,NSE Feed,False,0,INR,NSE,True,Green
PRC-HINDALCO-20250520,INE038A01020,HINDALCO,Hindalco Industries Ltd,2025-05-20,829.17,854.52,819.87,836.63,500961.0,Bloomberg,False,0,INR,NSE,True,Green
PRC-HCLTECH-20240102,INE361B01024,HCLTECH,HCL Technologies Ltd,2024-01-02,1575.67,1631.58,1586.19,1588.31,1345203.0,NSE Feed,False,0,INR,NSE,True,Green
PRC-HCLTECH-20240103,INE361B01024,HCLTECH,HCL Technologies Ltd,2024-01-03,1602.24,1611.88,1591.85,1599.96,2803812.0,Bloomberg,False,0,INR,NSE,True,Green
PRC-HCLTECH-20240111,INE361B01024,HCLTECH,HCL Technologies Ltd,2024-01-11,1620.68,1644.03,1594.98,1615.2,1055784.0,Refinitiv,False,0,INR,NSE,True,Green
PRC-HCLTECH-20240112,INE361B01024,HCLTECH,HCL Technologies Ltd,2024-01-12,1655.58,1650.22,1614.04,,,Refinitiv,False,0,INR,NSE,True,Green
PRC-HCLTECH-20240115,INE361B01024,HCLTECH,HCL Technologies Ltd,2024-01-15,1662.75,1678.97,1611.11,1652.18,846777.0,Bloomberg,True,9,INR,NSE,True,Red
PRC-HCLTECH-20240117,INE361B01024,HCLTECH,HCL Technologies Ltd,2024-01-17,1630.64,1685.87,1627.82,1646.2,897572.0,Refinitiv,False,0,INR,NSE,False,Green
PRC-HCLTECH-20240122,INE361B01024,HCLTECH,HCL Technologies Ltd,2024-01-22,1668.94,1700.27,1641.43,1662.81,4331690.0,Refinitiv,False,0,INR,NSE,True,Green
PRC-HCLTECH-20240123,INE361B01024,HCLTECH,HCL Technologies Ltd,2024-01-23,1726.48,1759.58,1696.39,1710.19,4608892.0,Refinitiv,False,0,INR,NSE,True,Green
PRC-HCLTECH-20240126,INE361B01024,HCLTECH,HCL Technologies Ltd,2024-01-26,1707.07,1748.54,1699.18,1706.79,4685365.0,Bloomberg,False,0,INR,NSE,True,Green
PRC-HCLTECH-20240130,INE361B01024,HCLTECH,HCL Technologies Ltd,2024-01-30,1690.51,1704.61,1675.8,1681.84,3086771.0,Refinitiv,False,0,INR,NSE,True,Green
PRC-HCLTECH-20240205,INE361B01024,HCLTECH,HCL Technologies Ltd,2024-02-05,1707.73,1735.77,1680.93,1709.77,196754.0,Refinitiv,False,0,INR,NSE,True,Green
PRC-HCLTECH-20240209,INE361B01024,HCLTECH,HCL Technologies Ltd,2024-02-09,1691.21,1730.97,1679.71,1706.68,885987.0,NSE Feed,False,0,INR,NSE,True,Green
PRC-HCLTECH-20240214,INE361B01024,HCLTECH,HCL Technologies Ltd,2024-02-14,1654.22,1655.59,1633.62,1651.06,804915.0,NSE Feed,False,0,INR,NSE,True,Green
PRC-HCLTECH-20240215,INE361B01024,HCLTECH,HCL Technologies Ltd,2024-02-15,1664.37,1680.34,1655.52,1672.05,4795010.0,Refinitiv,False,0,INR,NSE,True,Green
PRC-HCLTECH-20240216,INE361B01024,HCLTECH,HCL Technologies Ltd,2024-02-16,1673.33,1691.98,1651.06,1658.62,519643.0,Bloomberg,False,0,INR,NSE,True,Green
PRC-HCLTECH-20240226,INE361B01024,HCLTECH,HCL Technologies Ltd,2024-02-26,1648.38,1695.65,1645.94,1656.37,3652766.0,NSE Feed,False,0,INR,NSE,True,Green
PRC-HCLTECH-20240312,INE361B01024,HCLTECH,HCL Technologies Ltd,2024-03-12,1669.36,1673.46,1628.87,1664.62,,Refinitiv,False,0,INR,NSE,True,Green
PRC-HCLTECH-20240321,INE361B01024,HCLTECH,HCL Technologies Ltd,2024-03-21,1664.5,1708.39,1642.34,1669.38,3439992.0,NSE Feed,False,0,INR,NSE,True,Green
PRC-HCLTECH-20240322,INE361B01024,HCLTECH,HCL Technologies Ltd,2024-03-22,1684.5,1719.52,1678.79,1687.14,,Bloomberg,False,0,INR,NSE,True,Green
PRC-HCLTECH-20240326,INE361B01024,HCLTECH,HCL Technologies Ltd,2024-03-26,1679.87,1677.41,1648.62,1676.12,2720548.0,NSE Feed,False,0,INR,NSE,True,Green
PRC-HCLTECH-20240328,INE361B01024,HCLTECH,HCL Technologies Ltd,2024-03-28,1675.58,1696.23,1688.07,,,Bloomberg,False,0,INR,NSE,True,Green
PRC-HCLTECH-20240408,INE361B01024,HCLTECH,HCL Technologies Ltd,2024-04-08,1674.88,1710.04,1631.99,1682.44,4913973.0,NSE Feed,False,0,INR,NSE,True,Green
PRC-HCLTECH-20240416,INE361B01024,HCLTECH,HCL Technologies Ltd,2024-04-16,1691.83,1703.19,1672.3,1701.09,2268720.0,Bloomberg,False,0,INR,NSE,True,Green
PRC-HCLTECH-20240422,INE361B01024,HCLTECH,HCL Technologies Ltd,2024-04-22,1714.91,1746.44,1687.17,1716.79,631921.0,NSE Feed,False,0,INR,NSE,True,Green
PRC-HCLTECH-20240502,INE361B01024,HCLTECH,HCL Technologies Ltd,2024-05-02,1695.63,1731.13,1678.73,1692.7,3101000.0,Refinitiv,False,0,INR,NSE,True,Green
PRC-HCLTECH-20240503,INE361B01024,HCLTECH,HCL Technologies Ltd,2024-05-03,1737.43,1765.34,1705.55,1720.28,1005638.0,NSE Feed,False,0,INR,NSE,True,Green
PRC-HCLTECH-20240509,INE361B01024,HCLTECH,HCL Technologies Ltd,2024-05-09,1701.04,1756.67,1657.49,1706.45,2235005.0,Bloomberg,False,0,INR,NSE,True,Green
PRC-HCLTECH-20240520,INE361B01024,HCLTECH,HCL Technologies Ltd,2024-05-20,1738.53,1728.27,1683.89,1727.13,2435528.0,Bloomberg,False,0,INR,NSE,True,Green
PRC-HCLTECH-20240521,INE361B01024,HCLTECH,HCL Technologies Ltd,2024-05-21,1734.18,1770.52,1730.03,1736.64,2525584.0,Bloomberg,False,0,INR,NSE,True,Green
PRC-HCLTECH-20240522,INE361B01024,HCLTECH,HCL Technologies Ltd,2024-05-22,1768.94,1824.98,1756.92,1784.53,648057.0,Refinitiv,False,0,INR,NSE,True,Green
PRC-HCLTECH-20240524,INE361B01024,HCLTECH,HCL Technologies Ltd,2024-05-24,1787.55,1812.19,1754.36,1778.55,123920.0,Bloomberg,False,0,INR,NSE,True,Green
PRC-HCLTECH-20240607,INE361B01024,HCLTECH,HCL Technologies Ltd,2024-06-07,1754.35,1783.6,1743.59,1769.23,977333.0,NSE Feed,False,0,INR,NSE,True,Green
PRC-HCLTECH-20240617,INE361B01024,HCLTECH,HCL Technologies Ltd,2024-06-17,1773.19,1818.97,1744.62,1768.71,4616458.0,Refinitiv,False,0,INR,NSE,True,Green
PRC-HCLTECH-20240620,INE361B01024,HCLTECH,HCL Technologies Ltd,2024-06-20,1757.0,1793.34,1731.11,1760.67,4350702.0,Bloomberg,False,0,INR,NSE,True,Green
PRC-HCLTECH-20240626,INE361B01024,HCLTECH,HCL Technologies Ltd,2024-06-26,1775.64,1813.25,1780.67,1781.8,513562.0,NSE Feed,False,0,INR,NSE,True,Green
PRC-HCLTECH-20240628,INE361B01024,HCLTECH,HCL Technologies Ltd,2024-06-28,1727.49,1782.66,1727.18,1738.6,3130938.0,NSE Feed,False,0,INR,NSE,True,Green
PRC-HCLTECH-20240701,INE361B01024,HCLTECH,HCL Technologies Ltd,2024-07-01,1706.03,1714.73,1663.82,1711.12,618979.0,NSE Feed,False,0,INR,NSE,True,Green
PRC-HCLTECH-20240705,INE361B01024,HCLTECH,HCL Technologies Ltd,2024-07-05,1694.07,1694.17,1649.08,1683.71,3545952.0,Refinitiv,False,0,INR,NSE,True,Green
PRC-HCLTECH-20240709,INE361B01024,HCLTECH,HCL Technologies Ltd,2024-07-09,1701.82,1738.42,1675.9,1707.71,164410.0,NSE Feed,False,0,INR,NSE,True,Green
PRC-HCLTECH-20240711,INE361B01024,HCLTECH,HCL Technologies Ltd,2024-07-11,1762.28,1767.23,1750.02,1751.53,2198978.0,NSE Feed,False,0,INR,NSE,True,Green
PRC-HCLTECH-20240716,INE361B01024,HCLTECH,HCL Technologies Ltd,2024-07-16,1755.17,1763.16,1743.7,1748.79,4770377.0,Refinitiv,False,0,INR,NSE,True,Green
PRC-HCLTECH-20240731,INE361B01024,HCLTECH,HCL Technologies Ltd,2024-07-31,1736.06,1745.11,1733.39,1744.36,2706693.0,Bloomberg,True,8,INR,NSE,True,Red
PRC-HCLTECH-20240801,INE361B01024,HCLTECH,HCL Technologies Ltd,2024-08-01,1740.6,1792.94,1723.73,1746.19,2688065.0,Bloomberg,False,0,INR,NSE,False,Green
PRC-HCLTECH-20240809,INE361B01024,HCLTECH,HCL Technologies Ltd,2024-08-09,1780.48,1799.28,1736.25,1776.62,3199839.0,Bloomberg,False,0,INR,NSE,True,Green
PRC-HCLTECH-20240813,INE361B01024,HCLTECH,HCL Technologies Ltd,2024-08-13,1764.32,1761.6,1721.36,1751.91,2525905.0,NSE Feed,False,0,INR,NSE,True,Green
PRC-HCLTECH-20240814,INE361B01024,HCLTECH,HCL Technologies Ltd,2024-08-14,1752.79,1806.98,1705.91,1758.17,3669316.0,NSE Feed,False,0,INR,NSE,True,Green
PRC-HCLTECH-20240823,INE361B01024,HCLTECH,HCL Technologies Ltd,2024-08-23,1772.51,1824.67,1754.56,1783.89,4112815.0,Refinitiv,False,0,INR,NSE,True,Green
PRC-HCLTECH-20240826,INE361B01024,HCLTECH,HCL Technologies Ltd,2024-08-26,1790.69,1800.93,1744.88,1797.3,763245.0,NSE Feed,False,0,INR,NSE,True,Green
PRC-HCLTECH-20240905,INE361B01024,HCLTECH,HCL Technologies Ltd,2024-09-05,1817.22,1848.47,1792.42,1802.41,2207227.0,Refinitiv,False,0,INR,NSE,True,Green
PRC-HCLTECH-20240909,INE361B01024,HCLTECH,HCL Technologies Ltd,2024-09-09,1811.4,1879.12,1804.06,1829.48,1008887.0,Bloomberg,False,0,INR,NSE,True,Green
PRC-HCLTECH-20240910,INE361B01024,HCLTECH,HCL Technologies Ltd,2024-09-10,1755.1,1784.72,1712.95,1755.29,763808.0,NSE Feed,False,0,INR,NSE,True,Green
PRC-HCLTECH-20240930,INE361B01024,HCLTECH,HCL Technologies Ltd,2024-09-30,1788.42,1820.87,1769.47,1773.14,2391743.0,Bloomberg,False,0,INR,NSE,True,Green
PRC-HCLTECH-20241008,INE361B01024,HCLTECH,HCL Technologies Ltd,2024-10-08,1768.13,1789.38,1725.46,1755.74,1335430.0,Refinitiv,False,0,INR,NSE,True,Green
PRC-HCLTECH-20241009,INE361B01024,HCLTECH,HCL Technologies Ltd,2024-10-09,1699.04,1745.21,1701.62,1707.53,2970164.0,NSE Feed,False,0,INR,NSE,True,Green
PRC-HCLTECH-20241014,INE361B01024,HCLTECH,HCL Technologies Ltd,2024-10-14,1733.24,1748.1,1692.81,1720.63,3038985.0,Refinitiv,False,0,INR,NSE,True,Green
PRC-HCLTECH-20241015,INE361B01024,HCLTECH,HCL Technologies Ltd,2024-10-15,1744.66,1762.82,1738.79,1756.08,2050860.0,Refinitiv,False,0,INR,NSE,True,Green
PRC-HCLTECH-20241023,INE361B01024,HCLTECH,HCL Technologies Ltd,2024-10-23,1769.28,1766.57,1701.54,1752.46,3700703.0,Bloomberg,False,0,INR,NSE,True,Green
PRC-HCLTECH-20241030,INE361B01024,HCLTECH,HCL Technologies Ltd,2024-10-30,1771.77,1785.27,1734.68,1777.51,743438.0,NSE Feed,False,0,INR,NSE,True,Green
PRC-HCLTECH-20241031,INE361B01024,HCLTECH,HCL Technologies Ltd,2024-10-31,1838.14,1836.09,1795.22,1820.49,4220932.0,Refinitiv,False,0,INR,NSE,False,Green
PRC-HCLTECH-20241101,INE361B01024,HCLTECH,HCL Technologies Ltd,2024-11-01,1854.57,1906.59,1822.88,1856.4,1830401.0,NSE Feed,False,0,INR,NSE,True,Green
PRC-HCLTECH-20241106,INE361B01024,HCLTECH,HCL Technologies Ltd,2024-11-06,1889.38,1911.75,1855.94,1902.07,4756422.0,Refinitiv,False,0,INR,NSE,True,Green
PRC-HCLTECH-20241107,INE361B01024,HCLTECH,HCL Technologies Ltd,2024-11-07,1917.61,1923.97,1896.87,1923.24,664314.0,Refinitiv,True,9,INR,NSE,True,Red
PRC-HCLTECH-20241108,INE361B01024,HCLTECH,HCL Technologies Ltd,2024-11-08,1915.98,1966.7,1878.88,1925.42,3343144.0,Refinitiv,False,0,INR,NSE,False,Green
PRC-HCLTECH-20241111,INE361B01024,HCLTECH,HCL Technologies Ltd,2024-11-11,1880.85,1925.93,1837.82,1879.15,2024659.0,Bloomberg,False,0,INR,NSE,True,Green
PRC-HCLTECH-20241114,INE361B01024,HCLTECH,HCL Technologies Ltd,2024-11-14,1872.77,1912.38,1838.31,1872.22,4077631.0,Refinitiv,True,3,INR,NSE,True,Amber
PRC-HCLTECH-20241127,INE361B01024,HCLTECH,HCL Technologies Ltd,2024-11-27,1842.82,1858.09,1807.17,1848.53,3115406.0,Bloomberg,False,0,INR,NSE,True,Green
PRC-HCLTECH-20241129,INE361B01024,HCLTECH,HCL Technologies Ltd,2024-11-29,1920.93,1959.06,1890.89,1908.73,4085523.0,Refinitiv,False,0,INR,NSE,True,Green
PRC-HCLTECH-20241205,INE361B01024,HCLTECH,HCL Technologies Ltd,2024-12-05,1888.74,1940.35,1883.76,1903.69,2788536.0,NSE Feed,False,0,INR,NSE,True,Green
PRC-HCLTECH-20241212,INE361B01024,HCLTECH,HCL Technologies Ltd,2024-12-12,1924.77,1936.54,1864.61,1907.21,4620341.0,Refinitiv,False,0,INR,NSE,True,Green
PRC-HCLTECH-20241217,INE361B01024,HCLTECH,HCL Technologies Ltd,2024-12-17,1941.76,1953.43,1910.09,1922.99,611041.0,Bloomberg,False,0,INR,NSE,False,Green
PRC-HCLTECH-20241218,INE361B01024,HCLTECH,HCL Technologies Ltd,2024-12-18,1910.12,1951.92,1882.35,1924.25,3869959.0,Refinitiv,False,0,INR,NSE,True,Green
PRC-HCLTECH-20241220,INE361B01024,HCLTECH,HCL Technologies Ltd,2024-12-20,1987.45,2031.57,1945.97,1973.17,3298899.0,Refinitiv,True,3,INR,NSE,True,Amber
PRC-HCLTECH-20241224,INE361B01024,HCLTECH,HCL Technologies Ltd,2024-12-24,1967.71,1992.78,1930.84,1954.74,1465112.0,Refinitiv,False,0,INR,NSE,True,Green
PRC-HCLTECH-20250109,INE361B01024,HCLTECH,HCL Technologies Ltd,2025-01-09,1979.11,2018.4,1940.43,1960.45,4294045.0,NSE Feed,False,0,INR,NSE,True,Green
PRC-HCLTECH-20250113,INE361B01024,HCLTECH,HCL Technologies Ltd,2025-01-13,1941.2,1995.81,1910.53,1938.62,4417481.0,NSE Feed,False,0,INR,NSE,True,Green
PRC-HCLTECH-20250114,INE361B01024,HCLTECH,HCL Technologies Ltd,2025-01-14,1886.77,1902.78,1849.89,1900.23,1652851.0,NSE Feed,False,0,INR,NSE,True,Green
PRC-HCLTECH-20250115,INE361B01024,HCLTECH,HCL Technologies Ltd,2025-01-15,1878.5,1907.31,1832.78,,,NSE Feed,True,10,INR,NSE,True,Red
PRC-HCLTECH-20250123,INE361B01024,HCLTECH,HCL Technologies Ltd,2025-01-23,1883.93,1927.02,1852.44,1881.75,3339964.0,NSE Feed,False,0,INR,NSE,True,Green
PRC-HCLTECH-20250128,INE361B01024,HCLTECH,HCL Technologies Ltd,2025-01-28,1864.87,1914.32,1829.74,1869.63,2073267.0,Refinitiv,False,0,INR,NSE,True,Green
PRC-HCLTECH-20250129,INE361B01024,HCLTECH,HCL Technologies Ltd,2025-01-29,1866.62,1882.94,1836.62,1850.21,4148240.0,Bloomberg,False,0,INR,NSE,True,Green
PRC-HCLTECH-20250205,INE361B01024,HCLTECH,HCL Technologies Ltd,2025-02-05,1816.31,1821.78,1773.65,1811.18,2754090.0,Refinitiv,False,0,INR,NSE,True,Green
PRC-HCLTECH-20250207,INE361B01024,HCLTECH,HCL Technologies Ltd,2025-02-07,1818.8,1809.84,1799.99,1808.92,,Bloomberg,False,0,INR,NSE,False,Green
PRC-HCLTECH-20250212,INE361B01024,HCLTECH,HCL Technologies Ltd,2025-02-12,1760.28,1785.57,1754.42,,,Bloomberg,False,0,INR,NSE,True,Green
PRC-HCLTECH-20250221,INE361B01024,HCLTECH,HCL Technologies Ltd,2025-02-21,1785.96,1840.42,1770.47,1788.25,3640678.0,Bloomberg,True,2,INR,NSE,True,Amber
PRC-HCLTECH-20250224,INE361B01024,HCLTECH,HCL Technologies Ltd,2025-02-24,1805.37,1806.53,1741.4,,,NSE Feed,False,0,INR,NSE,True,Green
PRC-HCLTECH-20250225,INE361B01024,HCLTECH,HCL Technologies Ltd,2025-02-25,1768.37,1751.4,1722.27,1751.32,2817330.0,NSE Feed,False,0,INR,NSE,True,Green
PRC-HCLTECH-20250303,INE361B01024,HCLTECH,HCL Technologies Ltd,2025-03-03,1735.14,1775.55,1693.09,1743.2,226201.0,Bloomberg,False,0,INR,NSE,True,Green
PRC-HCLTECH-20250305,INE361B01024,HCLTECH,HCL Technologies Ltd,2025-03-05,1725.19,1738.74,1679.1,1723.53,4581998.0,Refinitiv,False,0,INR,NSE,True,Green
PRC-HCLTECH-20250310,INE361B01024,HCLTECH,HCL Technologies Ltd,2025-03-10,1735.48,1772.56,1707.26,1731.78,4629308.0,Bloomberg,False,0,INR,NSE,True,Green
PRC-HCLTECH-20250328,INE361B01024,HCLTECH,HCL Technologies Ltd,2025-03-28,1753.11,1794.64,1749.75,1766.6,4170950.0,Refinitiv,False,0,INR,NSE,True,Green
PRC-HCLTECH-20250331,INE361B01024,HCLTECH,HCL Technologies Ltd,2025-03-31,1714.46,1735.61,1708.87,1716.91,,Refinitiv,False,0,INR,NSE,True,Green
PRC-HCLTECH-20250403,INE361B01024,HCLTECH,HCL Technologies Ltd,2025-04-03,1710.82,1721.02,1672.76,1719.87,3720631.0,Refinitiv,False,0,INR,NSE,True,Green
PRC-HCLTECH-20250408,INE361B01024,HCLTECH,HCL Technologies Ltd,2025-04-08,1720.24,1745.46,1707.04,1715.74,1666756.0,Bloomberg,False,0,INR,NSE,True,Green
PRC-HCLTECH-20250414,INE361B01024,HCLTECH,HCL Technologies Ltd,2025-04-14,1715.89,1782.08,1727.68,1733.02,3191569.0,NSE Feed,False,0,INR,NSE,False,Green
PRC-HCLTECH-20250417,INE361B01024,HCLTECH,HCL Technologies Ltd,2025-04-17,1738.93,1789.23,1692.55,1738.56,4182382.0,Bloomberg,False,0,INR,NSE,True,Green
PRC-HCLTECH-20250418,INE361B01024,HCLTECH,HCL Technologies Ltd,2025-04-18,1718.55,1738.81,1676.92,1718.95,726027.0,NSE Feed,False,0,INR,NSE,True,Green
PRC-HCLTECH-20250424,INE361B01024,HCLTECH,HCL Technologies Ltd,2025-04-24,1698.57,1715.44,1695.98,1710.72,3479039.0,NSE Feed,False,0,INR,NSE,True,Green
PRC-HCLTECH-20250428,INE361B01024,HCLTECH,HCL Technologies Ltd,2025-04-28,1705.27,1707.25,1669.39,1690.3,3868826.0,NSE Feed,False,0,INR,NSE,True,Green
PRC-HCLTECH-20250507,INE361B01024,HCLTECH,HCL Technologies Ltd,2025-05-07,1709.48,1755.27,1679.78,1717.58,1206376.0,NSE Feed,False,0,INR,NSE,True,Green
PRC-HCLTECH-20250514,INE361B01024,HCLTECH,HCL Technologies Ltd,2025-05-14,1717.65,1761.17,1683.03,1718.13,4342937.0,NSE Feed,False,0,INR,NSE,True,Green
PRC-POWERGRID-20240101,INE031A01017,POWERGRID,Power Grid Corp of India,2024-01-01,321.49,332.11,315.12,323.98,4417368.0,NSE Feed,False,0,INR,NSE,False,Green
PRC-POWERGRID-20240103,INE031A01017,POWERGRID,Power Grid Corp of India,2024-01-03,323.94,325.76,321.46,323.69,693269.0,NSE Feed,False,0,INR,NSE,True,Green
PRC-POWERGRID-20240104,INE031A01017,POWERGRID,Power Grid Corp of India,2024-01-04,320.64,326.12,312.77,320.25,,NSE Feed,False,0,INR,NSE,True,Green
PRC-POWERGRID-20240110,INE031A01017,POWERGRID,Power Grid Corp of India,2024-01-10,315.37,320.4,306.97,312.98,2247765.0,Refinitiv,False,0,INR,NSE,True,Green
PRC-POWERGRID-20240112,INE031A01017,POWERGRID,Power Grid Corp of India,2024-01-12,307.06,308.36,295.93,304.51,2390161.0,Refinitiv,False,0,INR,NSE,True,Green
PRC-POWERGRID-20240123,INE031A01017,POWERGRID,Power Grid Corp of India,2024-01-23,297.8,299.23,294.76,297.28,2208652.0,Bloomberg,False,0,INR,NSE,False,Green
PRC-POWERGRID-20240131,INE031A01017,POWERGRID,Power Grid Corp of India,2024-01-31,301.26,301.31,291.55,298.47,2599094.0,Bloomberg,False,0,INR,NSE,False,Green
PRC-POWERGRID-20240205,INE031A01017,POWERGRID,Power Grid Corp of India,2024-02-05,298.06,308.11,300.09,300.75,520445.0,Bloomberg,False,0,INR,NSE,True,Green
PRC-POWERGRID-20240207,INE031A01017,POWERGRID,Power Grid Corp of India,2024-02-07,292.81,297.11,286.62,293.61,1633204.0,Refinitiv,False,0,INR,NSE,True,Green
PRC-POWERGRID-20240209,INE031A01017,POWERGRID,Power Grid Corp of India,2024-02-09,296.56,304.39,289.58,297.55,4238809.0,Refinitiv,False,0,INR,NSE,True,Green
PRC-POWERGRID-20240212,INE031A01017,POWERGRID,Power Grid Corp of India,2024-02-12,295.99,303.28,287.42,295.4,799061.0,NSE Feed,False,0,INR,NSE,True,Green
PRC-POWERGRID-20240214,INE031A01017,POWERGRID,Power Grid Corp of India,2024-02-14,296.65,302.15,288.43,296.05,2574068.0,Refinitiv,False,0,INR,NSE,False,Green
PRC-POWERGRID-20240215,INE031A01017,POWERGRID,Power Grid Corp of India,2024-02-15,301.2,303.42,300.63,303.21,3211746.0,NSE Feed,True,4,INR,NSE,True,Amber
PRC-POWERGRID-20240220,INE031A01017,POWERGRID,Power Grid Corp of India,2024-02-20,309.99,313.58,307.27,307.29,793679.0,Refinitiv,False,0,INR,NSE,True,Green
PRC-POWERGRID-20240221,INE031A01017,POWERGRID,Power Grid Corp of India,2024-02-21,307.85,311.24,304.87,306.05,599298.0,NSE Feed,False,0,INR,NSE,True,Green
PRC-POWERGRID-20240227,INE031A01017,POWERGRID,Power Grid Corp of India,2024-02-27,304.49,302.67,293.9,301.96,1900185.0,Refinitiv,False,0,INR,NSE,False,Green
PRC-POWERGRID-20240301,INE031A01017,POWERGRID,Power Grid Corp of India,2024-03-01,293.95,298.23,288.6,292.21,3792283.0,Refinitiv,False,0,INR,NSE,True,Green
PRC-POWERGRID-20240304,INE031A01017,POWERGRID,Power Grid Corp of India,2024-03-04,286.42,296.3,281.25,289.06,3815668.0,Refinitiv,False,0,INR,NSE,True,Green
PRC-POWERGRID-20240305,INE031A01017,POWERGRID,Power Grid Corp of India,2024-03-05,285.55,291.2,285.92,288.14,3171551.0,Refinitiv,False,0,INR,NSE,True,Green
PRC-POWERGRID-20240318,INE031A01017,POWERGRID,Power Grid Corp of India,2024-03-18,281.41,283.96,278.7,283.88,1913883.0,Bloomberg,False,0,INR,NSE,True,Green
PRC-POWERGRID-20240322,INE031A01017,POWERGRID,Power Grid Corp of India,2024-03-22,283.77,283.34,277.78,,,NSE Feed,False,0,INR,NSE,True,Green
PRC-POWERGRID-20240329,INE031A01017,POWERGRID,Power Grid Corp of India,2024-03-29,284.77,290.11,275.68,283.64,4653009.0,Bloomberg,False,0,INR,NSE,True,Green
PRC-POWERGRID-20240403,INE031A01017,POWERGRID,Power Grid Corp of India,2024-04-03,285.46,285.54,279.43,282.69,1561819.0,Refinitiv,False,0,INR,NSE,True,Green
PRC-POWERGRID-20240405,INE031A01017,POWERGRID,Power Grid Corp of India,2024-04-05,279.23,284.69,272.76,279.93,3131189.0,Bloomberg,False,0,INR,NSE,True,Green
PRC-POWERGRID-20240410,INE031A01017,POWERGRID,Power Grid Corp of India,2024-04-10,281.03,285.5,277.64,280.64,3436849.0,Refinitiv,False,0,INR,NSE,True,Green
PRC-POWERGRID-20240424,INE031A01017,POWERGRID,Power Grid Corp of India,2024-04-24,280.01,287.13,280.1,282.5,4105565.0,Bloomberg,False,0,INR,NSE,True,Green
PRC-POWERGRID-20240425,INE031A01017,POWERGRID,Power Grid Corp of India,2024-04-25,277.76,280.11,275.21,277.88,1927072.0,Refinitiv,False,0,INR,NSE,True,Green
PRC-POWERGRID-20240501,INE031A01017,POWERGRID,Power Grid Corp of India,2024-05-01,284.89,292.16,282.59,283.76,272060.0,NSE Feed,False,0,INR,NSE,True,Green
PRC-POWERGRID-20240506,INE031A01017,POWERGRID,Power Grid Corp of India,2024-05-06,285.3,286.18,274.91,283.34,1447882.0,Refinitiv,False,0,INR,NSE,True,Green
PRC-POWERGRID-20240507,INE031A01017,POWERGRID,Power Grid Corp of India,2024-05-07,286.17,286.08,276.02,,,Bloomberg,False,0,INR,NSE,True,Green
PRC-POWERGRID-20240509,INE031A01017,POWERGRID,Power Grid Corp of India,2024-05-09,284.62,286.96,279.44,286.43,4904006.0,Refinitiv,False,0,INR,NSE,True,Green
PRC-POWERGRID-20240513,INE031A01017,POWERGRID,Power Grid Corp of India,2024-05-13,286.46,288.26,278.94,287.43,368001.0,Refinitiv,False,0,INR,NSE,True,Green
PRC-POWERGRID-20240522,INE031A01017,POWERGRID,Power Grid Corp of India,2024-05-22,292.57,294.66,282.85,291.54,4638353.0,Refinitiv,False,0,INR,NSE,False,Green
PRC-POWERGRID-20240530,INE031A01017,POWERGRID,Power Grid Corp of India,2024-05-30,290.76,300.73,284.79,292.8,3393217.0,Bloomberg,False,0,INR,NSE,True,Green
PRC-POWERGRID-20240531,INE031A01017,POWERGRID,Power Grid Corp of India,2024-05-31,288.84,296.01,289.74,290.11,3929722.0,Bloomberg,False,0,INR,NSE,True,Green
PRC-POWERGRID-20240605,INE031A01017,POWERGRID,Power Grid Corp of India,2024-06-05,294.49,295.63,290.43,291.68,1660851.0,NSE Feed,False,0,INR,NSE,True,Green
PRC-POWERGRID-20240611,INE031A01017,POWERGRID,Power Grid Corp of India,2024-06-11,285.6,290.08,280.06,286.68,2115525.0,Bloomberg,False,0,INR,NSE,True,Green
PRC-POWERGRID-20240620,INE031A01017,POWERGRID,Power Grid Corp of India,2024-06-20,289.35,288.36,281.72,287.15,4467618.0,NSE Feed,False,0,INR,NSE,True,Green
PRC-POWERGRID-20240702,INE031A01017,POWERGRID,Power Grid Corp of India,2024-07-02,284.27,292.13,278.4,287.0,3832239.0,NSE Feed,False,0,INR,NSE,True,Green
PRC-POWERGRID-20240705,INE031A01017,POWERGRID,Power Grid Corp of India,2024-07-05,287.33,290.83,279.08,286.11,3719257.0,Refinitiv,False,0,INR,NSE,False,Green
PRC-POWERGRID-20240715,INE031A01017,POWERGRID,Power Grid Corp of India,2024-07-15,286.84,287.02,280.01,285.55,4499262.0,NSE Feed,False,0,INR,NSE,True,Green
PRC-POWERGRID-20240717,INE031A01017,POWERGRID,Power Grid Corp of India,2024-07-17,278.53,282.2,272.78,277.49,1040065.0,Refinitiv,False,0,INR,NSE,True,Green
PRC-POWERGRID-20240718,INE031A01017,POWERGRID,Power Grid Corp of India,2024-07-18,275.49,281.24,274.23,275.21,4872908.0,Refinitiv,False,0,INR,NSE,True,Green
PRC-POWERGRID-20240729,INE031A01017,POWERGRID,Power Grid Corp of India,2024-07-29,276.64,278.75,271.6,275.59,522315.0,Bloomberg,False,0,INR,NSE,False,Green
PRC-POWERGRID-20240809,INE031A01017,POWERGRID,Power Grid Corp of India,2024-08-09,277.36,283.37,268.52,276.25,3249399.0,Refinitiv,False,0,INR,NSE,False,Green
PRC-POWERGRID-20240812,INE031A01017,POWERGRID,Power Grid Corp of India,2024-08-12,274.17,278.55,266.09,272.0,2708787.0,NSE Feed,False,0,INR,NSE,True,Green
PRC-POWERGRID-20240813,INE031A01017,POWERGRID,Power Grid Corp of India,2024-08-13,278.39,281.12,268.86,277.16,1590087.0,Refinitiv,False,0,INR,NSE,True,Green
PRC-POWERGRID-20240821,INE031A01017,POWERGRID,Power Grid Corp of India,2024-08-21,275.89,281.6,266.46,273.56,1404320.0,NSE Feed,False,0,INR,NSE,True,Green
PRC-POWERGRID-20240902,INE031A01017,POWERGRID,Power Grid Corp of India,2024-09-02,276.31,279.3,270.31,277.54,4503185.0,Refinitiv,False,0,INR,NSE,True,Green
PRC-POWERGRID-20240903,INE031A01017,POWERGRID,Power Grid Corp of India,2024-09-03,278.53,284.36,272.58,279.32,185629.0,Refinitiv,False,0,INR,NSE,True,Green
PRC-POWERGRID-20240906,INE031A01017,POWERGRID,Power Grid Corp of India,2024-09-06,277.35,284.73,270.61,276.61,1352148.0,NSE Feed,True,2,INR,NSE,True,Amber
PRC-POWERGRID-20240916,INE031A01017,POWERGRID,Power Grid Corp of India,2024-09-16,283.17,291.9,281.38,283.97,966001.0,NSE Feed,False,0,INR,NSE,True,Green
PRC-POWERGRID-20240918,INE031A01017,POWERGRID,Power Grid Corp of India,2024-09-18,280.34,283.1,274.02,278.89,494556.0,Bloomberg,False,0,INR,NSE,True,Green
PRC-POWERGRID-20240923,INE031A01017,POWERGRID,Power Grid Corp of India,2024-09-23,284.57,285.66,280.98,282.73,2036167.0,Bloomberg,False,0,INR,NSE,True,Green
PRC-POWERGRID-20240924,INE031A01017,POWERGRID,Power Grid Corp of India,2024-09-24,284.66,291.6,279.51,286.98,695907.0,Refinitiv,False,0,INR,NSE,True,Green
PRC-POWERGRID-20241004,INE031A01017,POWERGRID,Power Grid Corp of India,2024-10-04,283.61,291.62,281.41,284.09,720987.0,Bloomberg,False,0,INR,NSE,True,Green
PRC-POWERGRID-20241011,INE031A01017,POWERGRID,Power Grid Corp of India,2024-10-11,290.5,298.34,283.22,290.02,344709.0,Bloomberg,True,4,INR,NSE,True,Amber
PRC-POWERGRID-20241018,INE031A01017,POWERGRID,Power Grid Corp of India,2024-10-18,287.64,294.31,283.67,288.94,1365302.0,Refinitiv,False,0,INR,NSE,True,Green
PRC-POWERGRID-20241022,INE031A01017,POWERGRID,Power Grid Corp of India,2024-10-22,289.72,290.31,281.97,290.19,3504623.0,Refinitiv,False,0,INR,NSE,True,Green
PRC-POWERGRID-20241025,INE031A01017,POWERGRID,Power Grid Corp of India,2024-10-25,294.06,294.76,290.92,291.32,440404.0,Bloomberg,False,0,INR,NSE,True,Green
PRC-POWERGRID-20241031,INE031A01017,POWERGRID,Power Grid Corp of India,2024-10-31,291.14,297.75,285.17,290.73,607045.0,Bloomberg,False,0,INR,NSE,True,Green
PRC-POWERGRID-20241104,INE031A01017,POWERGRID,Power Grid Corp of India,2024-11-04,293.1,294.59,293.96,294.27,3384276.0,NSE Feed,False,0,INR,NSE,True,Green
PRC-POWERGRID-20241111,INE031A01017,POWERGRID,Power Grid Corp of India,2024-11-11,296.13,301.5,288.92,297.77,3261908.0,NSE Feed,False,0,INR,NSE,True,Green
PRC-POWERGRID-20241119,INE031A01017,POWERGRID,Power Grid Corp of India,2024-11-19,287.84,297.64,282.29,289.96,2578982.0,NSE Feed,False,0,INR,NSE,True,Green
PRC-POWERGRID-20241125,INE031A01017,POWERGRID,Power Grid Corp of India,2024-11-25,298.12,302.19,295.11,295.64,4754043.0,Refinitiv,False,0,INR,NSE,True,Green
PRC-POWERGRID-20241126,INE031A01017,POWERGRID,Power Grid Corp of India,2024-11-26,288.35,292.7,287.28,288.26,429595.0,Refinitiv,False,0,INR,NSE,True,Green
PRC-POWERGRID-20241127,INE031A01017,POWERGRID,Power Grid Corp of India,2024-11-27,293.82,293.59,289.42,292.73,3518893.0,NSE Feed,False,0,INR,NSE,True,Green
PRC-POWERGRID-20241129,INE031A01017,POWERGRID,Power Grid Corp of India,2024-11-29,298.93,303.55,293.84,297.68,3289904.0,Bloomberg,False,0,INR,NSE,True,Green
PRC-POWERGRID-20241202,INE031A01017,POWERGRID,Power Grid Corp of India,2024-12-02,295.07,299.13,292.47,292.8,2463351.0,Bloomberg,False,0,INR,NSE,False,Green
PRC-POWERGRID-20241210,INE031A01017,POWERGRID,Power Grid Corp of India,2024-12-10,288.43,295.64,284.23,291.0,2287262.0,NSE Feed,False,0,INR,NSE,False,Green
PRC-POWERGRID-20241211,INE031A01017,POWERGRID,Power Grid Corp of India,2024-12-11,283.76,292.24,280.73,286.17,,Refinitiv,False,0,INR,NSE,True,Green
PRC-POWERGRID-20241212,INE031A01017,POWERGRID,Power Grid Corp of India,2024-12-12,286.5,288.42,280.69,285.25,3374948.0,Refinitiv,False,0,INR,NSE,True,Green
PRC-POWERGRID-20241220,INE031A01017,POWERGRID,Power Grid Corp of India,2024-12-20,283.67,288.93,283.04,283.93,2350253.0,Refinitiv,False,0,INR,NSE,True,Green
PRC-POWERGRID-20241225,INE031A01017,POWERGRID,Power Grid Corp of India,2024-12-25,289.82,290.36,280.7,287.25,3209814.0,Refinitiv,False,0,INR,NSE,True,Green
PRC-POWERGRID-20241226,INE031A01017,POWERGRID,Power Grid Corp of India,2024-12-26,295.43,298.12,288.53,292.9,633365.0,Bloomberg,False,0,INR,NSE,True,Green
PRC-POWERGRID-20250103,INE031A01017,POWERGRID,Power Grid Corp of India,2025-01-03,297.75,299.23,296.32,299.03,166432.0,Refinitiv,True,7,INR,NSE,True,Red
PRC-POWERGRID-20250107,INE031A01017,POWERGRID,Power Grid Corp of India,2025-01-07,299.12,301.03,294.86,296.51,1654952.0,Bloomberg,False,0,INR,NSE,True,Green
PRC-POWERGRID-20250108,INE031A01017,POWERGRID,Power Grid Corp of India,2025-01-08,296.03,299.1,294.2,295.58,1624410.0,NSE Feed,False,0,INR,NSE,True,Green
PRC-POWERGRID-20250110,INE031A01017,POWERGRID,Power Grid Corp of India,2025-01-10,290.89,289.3,282.65,288.12,1095421.0,Bloomberg,False,0,INR,NSE,True,Green
PRC-POWERGRID-20250122,INE031A01017,POWERGRID,Power Grid Corp of India,2025-01-22,282.09,290.33,278.35,284.63,4667276.0,Refinitiv,False,0,INR,NSE,True,Green
PRC-POWERGRID-20250204,INE031A01017,POWERGRID,Power Grid Corp of India,2025-02-04,288.26,289.76,286.82,288.75,2691629.0,NSE Feed,False,0,INR,NSE,True,Green
PRC-POWERGRID-20250205,INE031A01017,POWERGRID,Power Grid Corp of India,2025-02-05,294.09,302.58,288.88,295.75,251598.0,NSE Feed,False,0,INR,NSE,True,Green
PRC-POWERGRID-20250211,INE031A01017,POWERGRID,Power Grid Corp of India,2025-02-11,292.83,297.43,289.57,290.27,1291926.0,NSE Feed,False,0,INR,NSE,True,Green
PRC-POWERGRID-20250213,INE031A01017,POWERGRID,Power Grid Corp of India,2025-02-13,290.09,292.5,281.81,287.69,1854185.0,Bloomberg,False,0,INR,NSE,True,Green
PRC-POWERGRID-20250214,INE031A01017,POWERGRID,Power Grid Corp of India,2025-02-14,285.72,295.25,283.31,287.58,3964251.0,Bloomberg,False,0,INR,NSE,True,Green
PRC-POWERGRID-20250217,INE031A01017,POWERGRID,Power Grid Corp of India,2025-02-17,288.78,289.76,281.81,288.79,1472381.0,Refinitiv,False,0,INR,NSE,False,Green
PRC-POWERGRID-20250220,INE031A01017,POWERGRID,Power Grid Corp of India,2025-02-20,284.77,288.2,283.07,285.28,1338057.0,NSE Feed,False,0,INR,NSE,False,Green
PRC-POWERGRID-20250310,INE031A01017,POWERGRID,Power Grid Corp of India,2025-03-10,286.69,292.97,281.99,287.1,1735604.0,Bloomberg,False,0,INR,NSE,True,Green
PRC-POWERGRID-20250312,INE031A01017,POWERGRID,Power Grid Corp of India,2025-03-12,287.48,290.44,279.56,285.06,1379268.0,Bloomberg,True,2,INR,NSE,False,Amber
PRC-POWERGRID-20250317,INE031A01017,POWERGRID,Power Grid Corp of India,2025-03-17,284.24,290.54,282.07,284.99,482774.0,NSE Feed,False,0,INR,NSE,True,Green
PRC-POWERGRID-20250321,INE031A01017,POWERGRID,Power Grid Corp of India,2025-03-21,285.48,288.43,281.37,287.33,2782581.0,Bloomberg,False,0,INR,NSE,True,Green
PRC-POWERGRID-20250324,INE031A01017,POWERGRID,Power Grid Corp of India,2025-03-24,284.64,289.95,287.08,287.36,1135304.0,NSE Feed,False,0,INR,NSE,True,Green
PRC-POWERGRID-20250327,INE031A01017,POWERGRID,Power Grid Corp of India,2025-03-27,283.12,293.98,284.69,285.48,1764798.0,NSE Feed,False,0,INR,NSE,True,Green
PRC-POWERGRID-20250408,INE031A01017,POWERGRID,Power Grid Corp of India,2025-04-08,283.04,291.64,277.96,285.01,324722.0,Refinitiv,False,0,INR,NSE,True,Green
PRC-POWERGRID-20250410,INE031A01017,POWERGRID,Power Grid Corp of India,2025-04-10,284.54,286.73,277.18,284.63,3233387.0,Refinitiv,False,0,INR,NSE,True,Green
PRC-POWERGRID-20250422,INE031A01017,POWERGRID,Power Grid Corp of India,2025-04-22,281.43,285.04,275.99,283.05,3813585.0,NSE Feed,False,0,INR,NSE,True,Green
PRC-POWERGRID-20250428,INE031A01017,POWERGRID,Power Grid Corp of India,2025-04-28,282.56,281.96,276.57,281.95,4073527.0,Refinitiv,False,0,INR,NSE,True,Green
PRC-POWERGRID-20250512,INE031A01017,POWERGRID,Power Grid Corp of India,2025-05-12,290.34,290.66,282.01,288.71,3680438.0,NSE Feed,False,0,INR,NSE,True,Green
PRC-POWERGRID-20250513,INE031A01017,POWERGRID,Power Grid Corp of India,2025-05-13,288.76,291.57,290.93,291.14,482199.0,Refinitiv,False,0,INR,NSE,True,Green
PRC-POWERGRID-20250519,INE031A01017,POWERGRID,Power Grid Corp of India,2025-05-19,287.65,294.25,282.53,289.85,1776910.0,Bloomberg,False,0,INR,NSE,True,Green
PRC-LARSEN-20240104,INE018A01030,LARSEN,Larsen & Toubro Ltd,2024-01-04,3710.23,3791.81,3650.5,3688.16,3189418.0,NSE Feed,False,0,INR,NSE,True,Green
PRC-LARSEN-20240109,INE018A01030,LARSEN,Larsen & Toubro Ltd,2024-01-09,3657.21,3699.59,3622.3,3669.69,866081.0,Refinitiv,True,7,INR,NSE,True,Red
PRC-LARSEN-20240110,INE018A01030,LARSEN,Larsen & Toubro Ltd,2024-01-10,3720.9,3795.56,3662.32,3734.27,1650741.0,NSE Feed,False,0,INR,NSE,True,Green
PRC-LARSEN-20240111,INE018A01030,LARSEN,Larsen & Toubro Ltd,2024-01-11,3736.47,3803.93,3660.15,,,NSE Feed,False,0,INR,NSE,True,Green
PRC-LARSEN-20240201,INE018A01030,LARSEN,Larsen & Toubro Ltd,2024-02-01,3721.63,3823.34,3653.29,3748.93,714814.0,NSE Feed,False,0,INR,NSE,True,Green
PRC-LARSEN-20240205,INE018A01030,LARSEN,Larsen & Toubro Ltd,2024-02-05,3807.82,3819.79,3721.11,3774.1,3907616.0,Bloomberg,False,0,INR,NSE,True,Green
PRC-LARSEN-20240208,INE018A01030,LARSEN,Larsen & Toubro Ltd,2024-02-08,3653.79,3732.31,3673.37,3685.17,2040488.0,NSE Feed,False,0,INR,NSE,True,Green
PRC-LARSEN-20240209,INE018A01030,LARSEN,Larsen & Toubro Ltd,2024-02-09,3618.39,3665.21,3597.31,3622.89,3961966.0,Bloomberg,False,0,INR,NSE,True,Green
PRC-LARSEN-20240214,INE018A01030,LARSEN,Larsen & Toubro Ltd,2024-02-14,3556.24,3616.15,3488.88,3558.01,1844871.0,Refinitiv,False,0,INR,NSE,True,Green
PRC-LARSEN-20240216,INE018A01030,LARSEN,Larsen & Toubro Ltd,2024-02-16,3552.0,3577.97,3468.48,3565.64,3306388.0,Bloomberg,False,0,INR,NSE,True,Green
PRC-LARSEN-20240220,INE018A01030,LARSEN,Larsen & Toubro Ltd,2024-02-20,3674.77,3721.76,3585.3,3658.3,,NSE Feed,False,0,INR,NSE,True,Green
PRC-LARSEN-20240304,INE018A01030,LARSEN,Larsen & Toubro Ltd,2024-03-04,3748.17,3876.26,3755.17,3780.74,,Bloomberg,False,0,INR,NSE,True,Green
PRC-LARSEN-20240312,INE018A01030,LARSEN,Larsen & Toubro Ltd,2024-03-12,3827.62,3908.48,3734.95,3816.92,157777.0,Refinitiv,False,0,INR,NSE,True,Green
PRC-LARSEN-20240314,INE018A01030,LARSEN,Larsen & Toubro Ltd,2024-03-14,3842.85,3880.92,3793.08,3845.6,3751212.0,Bloomberg,False,0,INR,NSE,True,Green
PRC-LARSEN-20240315,INE018A01030,LARSEN,Larsen & Toubro Ltd,2024-03-15,3773.39,3841.03,3639.45,3741.71,1788679.0,Bloomberg,False,0,INR,NSE,True,Green
PRC-LARSEN-20240321,INE018A01030,LARSEN,Larsen & Toubro Ltd,2024-03-21,3693.21,3748.06,3602.48,3711.25,2149034.0,Bloomberg,False,0,INR,NSE,True,Green
PRC-LARSEN-20240327,INE018A01030,LARSEN,Larsen & Toubro Ltd,2024-03-27,3673.91,3709.88,3587.34,3667.4,3678786.0,Refinitiv,False,0,INR,NSE,True,Green
PRC-LARSEN-20240328,INE018A01030,LARSEN,Larsen & Toubro Ltd,2024-03-28,3606.89,3709.1,3548.52,3633.24,1827119.0,NSE Feed,True,7,INR,NSE,True,Red
PRC-LARSEN-20240403,INE018A01030,LARSEN,Larsen & Toubro Ltd,2024-04-03,3600.83,3662.11,3532.92,3624.08,1451423.0,Bloomberg,False,0,INR,NSE,True,Green
PRC-LARSEN-20240410,INE018A01030,LARSEN,Larsen & Toubro Ltd,2024-04-10,3633.5,3690.53,3556.75,3598.41,4499994.0,Refinitiv,False,0,INR,NSE,True,Green
PRC-LARSEN-20240412,INE018A01030,LARSEN,Larsen & Toubro Ltd,2024-04-12,3499.38,3528.1,3416.34,3491.58,3745894.0,NSE Feed,False,0,INR,NSE,True,Green
PRC-LARSEN-20240416,INE018A01030,LARSEN,Larsen & Toubro Ltd,2024-04-16,3559.08,3628.55,3503.78,3530.75,2678587.0,Refinitiv,False,0,INR,NSE,True,Green
PRC-LARSEN-20240418,INE018A01030,LARSEN,Larsen & Toubro Ltd,2024-04-18,3481.72,3515.16,3466.43,3473.94,2151754.0,Refinitiv,False,0,INR,NSE,True,Green
PRC-LARSEN-20240419,INE018A01030,LARSEN,Larsen & Toubro Ltd,2024-04-19,3470.77,3533.56,3405.49,3486.4,2361897.0,Bloomberg,False,0,INR,NSE,True,Green
PRC-LARSEN-20240424,INE018A01030,LARSEN,Larsen & Toubro Ltd,2024-04-24,3606.19,3655.41,3502.78,3594.87,500507.0,Refinitiv,False,0,INR,NSE,True,Green
PRC-LARSEN-20240503,INE018A01030,LARSEN,Larsen & Toubro Ltd,2024-05-03,3543.67,3644.76,3544.05,3545.29,4572626.0,Refinitiv,False,0,INR,NSE,True,Green
PRC-LARSEN-20240507,INE018A01030,LARSEN,Larsen & Toubro Ltd,2024-05-07,3395.02,3436.23,3319.01,3410.73,166908.0,Refinitiv,False,0,INR,NSE,True,Green
PRC-LARSEN-20240509,INE018A01030,LARSEN,Larsen & Toubro Ltd,2024-05-09,3420.58,3473.71,3343.01,3396.1,2627979.0,Refinitiv,False,0,INR,NSE,True,Green
PRC-LARSEN-20240510,INE018A01030,LARSEN,Larsen & Toubro Ltd,2024-05-10,3446.17,3487.06,3431.51,3452.19,1206555.0,NSE Feed,False,0,INR,NSE,True,Green
PRC-LARSEN-20240522,INE018A01030,LARSEN,Larsen & Toubro Ltd,2024-05-22,3558.34,3644.03,3487.66,,,NSE Feed,False,0,INR,NSE,True,Green
PRC-LARSEN-20240529,INE018A01030,LARSEN,Larsen & Toubro Ltd,2024-05-29,3510.59,3502.86,3460.57,3488.06,3084427.0,NSE Feed,False,0,INR,NSE,True,Green
PRC-LARSEN-20240530,INE018A01030,LARSEN,Larsen & Toubro Ltd,2024-05-30,3511.34,3604.54,3499.74,3514.04,4535602.0,Refinitiv,False,0,INR,NSE,True,Green
PRC-LARSEN-20240603,INE018A01030,LARSEN,Larsen & Toubro Ltd,2024-06-03,3498.45,3577.41,3485.73,3489.52,4758841.0,Bloomberg,False,0,INR,NSE,False,Green
PRC-LARSEN-20240605,INE018A01030,LARSEN,Larsen & Toubro Ltd,2024-06-05,3464.35,3491.16,3453.22,3483.97,4735129.0,Bloomberg,False,0,INR,NSE,True,Green
PRC-LARSEN-20240606,INE018A01030,LARSEN,Larsen & Toubro Ltd,2024-06-06,3601.97,3630.04,3615.05,3622.16,4719858.0,Bloomberg,False,0,INR,NSE,True,Green
PRC-LARSEN-20240612,INE018A01030,LARSEN,Larsen & Toubro Ltd,2024-06-12,3518.59,3583.77,3533.36,3540.5,1238601.0,NSE Feed,False,0,INR,NSE,True,Green
PRC-LARSEN-20240617,INE018A01030,LARSEN,Larsen & Toubro Ltd,2024-06-17,3531.45,3597.33,3517.3,3553.98,257005.0,Bloomberg,False,0,INR,NSE,True,Green
PRC-LARSEN-20240621,INE018A01030,LARSEN,Larsen & Toubro Ltd,2024-06-21,3579.23,3653.33,3557.54,3578.91,3423944.0,Refinitiv,False,0,INR,NSE,True,Green
PRC-LARSEN-20240624,INE018A01030,LARSEN,Larsen & Toubro Ltd,2024-06-24,3672.74,3708.25,3605.64,3637.2,,NSE Feed,False,0,INR,NSE,True,Green
PRC-LARSEN-20240628,INE018A01030,LARSEN,Larsen & Toubro Ltd,2024-06-28,3676.0,3659.26,3621.21,3642.55,852211.0,Refinitiv,False,0,INR,NSE,True,Green
PRC-LARSEN-20240703,INE018A01030,LARSEN,Larsen & Toubro Ltd,2024-07-03,3627.5,3688.3,3658.67,3659.38,2634182.0,NSE Feed,False,0,INR,NSE,True,Green
PRC-LARSEN-20240705,INE018A01030,LARSEN,Larsen & Toubro Ltd,2024-07-05,3659.27,3728.98,3632.12,3637.88,1470442.0,NSE Feed,False,0,INR,NSE,True,Green
PRC-LARSEN-20240712,INE018A01030,LARSEN,Larsen & Toubro Ltd,2024-07-12,3644.59,3672.42,3625.35,3652.57,1437840.0,NSE Feed,False,0,INR,NSE,True,Green
PRC-LARSEN-20240716,INE018A01030,LARSEN,Larsen & Toubro Ltd,2024-07-16,3655.07,3634.78,3526.52,3633.76,2869826.0,Bloomberg,False,0,INR,NSE,True,Green
PRC-LARSEN-20240723,INE018A01030,LARSEN,Larsen & Toubro Ltd,2024-07-23,3631.7,3670.06,3579.32,3667.64,3524997.0,Bloomberg,False,0,INR,NSE,True,Green
PRC-LARSEN-20240726,INE018A01030,LARSEN,Larsen & Toubro Ltd,2024-07-26,3676.55,3733.02,3577.85,3647.31,189809.0,Bloomberg,False,0,INR,NSE,True,Green
PRC-LARSEN-20240806,INE018A01030,LARSEN,Larsen & Toubro Ltd,2024-08-06,3676.01,3750.57,3592.58,3667.94,575344.0,NSE Feed,False,0,INR,NSE,True,Green
PRC-LARSEN-20240812,INE018A01030,LARSEN,Larsen & Toubro Ltd,2024-08-12,3696.41,3747.14,3617.51,3666.33,2266904.0,Bloomberg,True,4,INR,NSE,True,Amber
PRC-LARSEN-20240813,INE018A01030,LARSEN,Larsen & Toubro Ltd,2024-08-13,3759.42,3816.88,3621.63,,,Refinitiv,False,0,INR,NSE,True,Green
PRC-LARSEN-20240819,INE018A01030,LARSEN,Larsen & Toubro Ltd,2024-08-19,3731.46,3808.24,3725.32,3725.38,237451.0,NSE Feed,False,0,INR,NSE,True,Green
PRC-LARSEN-20240820,INE018A01030,LARSEN,Larsen & Toubro Ltd,2024-08-20,3647.85,3658.14,3613.37,3626.3,590647.0,Bloomberg,False,0,INR,NSE,True,Green
PRC-LARSEN-20240828,INE018A01030,LARSEN,Larsen & Toubro Ltd,2024-08-28,3677.13,3792.84,3635.37,3694.95,952201.0,Bloomberg,False,0,INR,NSE,True,Green
PRC-LARSEN-20240904,INE018A01030,LARSEN,Larsen & Toubro Ltd,2024-09-04,3627.28,3656.32,3621.42,3644.75,1634081.0,Bloomberg,False,0,INR,NSE,True,Green
PRC-LARSEN-20240910,INE018A01030,LARSEN,Larsen & Toubro Ltd,2024-09-10,3611.66,3708.67,3517.42,3609.0,4035607.0,Refinitiv,False,0,INR,NSE,True,Green
PRC-LARSEN-20240916,INE018A01030,LARSEN,Larsen & Toubro Ltd,2024-09-16,3553.86,3610.74,3473.76,3576.76,2979323.0,Bloomberg,False,0,INR,NSE,True,Green
PRC-LARSEN-20240918,INE018A01030,LARSEN,Larsen & Toubro Ltd,2024-09-18,3680.79,3729.86,3557.13,3650.5,2175387.0,Bloomberg,False,0,INR,NSE,True,Green
PRC-LARSEN-20240923,INE018A01030,LARSEN,Larsen & Toubro Ltd,2024-09-23,3564.68,3617.77,3438.12,3533.55,809142.0,NSE Feed,False,0,INR,NSE,False,Green
PRC-LARSEN-20240926,INE018A01030,LARSEN,Larsen & Toubro Ltd,2024-09-26,3700.86,3726.03,3627.35,3699.86,4737213.0,Bloomberg,False,0,INR,NSE,True,Green
PRC-LARSEN-20241002,INE018A01030,LARSEN,Larsen & Toubro Ltd,2024-10-02,3755.05,3764.05,3738.67,3758.47,2544004.0,Refinitiv,True,3,INR,NSE,True,Amber
PRC-LARSEN-20241004,INE018A01030,LARSEN,Larsen & Toubro Ltd,2024-10-04,3744.74,3782.78,3767.85,3771.06,2212412.0,Refinitiv,False,0,INR,NSE,True,Green
PRC-LARSEN-20241009,INE018A01030,LARSEN,Larsen & Toubro Ltd,2024-10-09,3797.9,3780.32,3666.45,3767.95,1572224.0,NSE Feed,False,0,INR,NSE,False,Green
PRC-LARSEN-20241010,INE018A01030,LARSEN,Larsen & Toubro Ltd,2024-10-10,3765.16,3847.39,3691.21,3784.09,280053.0,Bloomberg,False,0,INR,NSE,True,Green
PRC-LARSEN-20241011,INE018A01030,LARSEN,Larsen & Toubro Ltd,2024-10-11,3788.97,3891.37,3777.65,3813.67,2286684.0,Refinitiv,False,0,INR,NSE,True,Green
PRC-LARSEN-20241014,INE018A01030,LARSEN,Larsen & Toubro Ltd,2024-10-14,3882.06,3936.07,3735.24,3850.58,4626312.0,NSE Feed,False,0,INR,NSE,True,Green
PRC-LARSEN-20241015,INE018A01030,LARSEN,Larsen & Toubro Ltd,2024-10-15,3911.97,3979.76,3801.69,3882.67,4450037.0,Bloomberg,False,0,INR,NSE,True,Green
PRC-LARSEN-20241016,INE018A01030,LARSEN,Larsen & Toubro Ltd,2024-10-16,3870.08,3890.32,3790.64,3887.89,3238941.0,Refinitiv,False,0,INR,NSE,True,Green
PRC-LARSEN-20241106,INE018A01030,LARSEN,Larsen & Toubro Ltd,2024-11-06,3843.15,3965.47,3796.52,3876.38,3859732.0,Bloomberg,False,0,INR,NSE,True,Green
PRC-LARSEN-20241112,INE018A01030,LARSEN,Larsen & Toubro Ltd,2024-11-12,3861.95,3943.93,3770.12,3867.59,2755266.0,Bloomberg,False,0,INR,NSE,True,Green
PRC-LARSEN-20241204,INE018A01030,LARSEN,Larsen & Toubro Ltd,2024-12-04,3854.29,3948.23,3759.1,3856.28,3108932.0,Refinitiv,False,0,INR,NSE,True,Green
PRC-LARSEN-20241205,INE018A01030,LARSEN,Larsen & Toubro Ltd,2024-12-05,3910.04,3931.71,3899.45,3921.86,1222573.0,NSE Feed,False,0,INR,NSE,True,Green
PRC-LARSEN-20241206,INE018A01030,LARSEN,Larsen & Toubro Ltd,2024-12-06,3929.15,3990.71,3846.54,3956.78,3543630.0,NSE Feed,False,0,INR,NSE,True,Green
PRC-LARSEN-20241209,INE018A01030,LARSEN,Larsen & Toubro Ltd,2024-12-09,3794.73,3848.25,3695.19,3782.26,2149871.0,Bloomberg,False,0,INR,NSE,True,Green
PRC-LARSEN-20241212,INE018A01030,LARSEN,Larsen & Toubro Ltd,2024-12-12,3794.45,3890.79,3738.88,3819.47,1608988.0,NSE Feed,False,0,INR,NSE,True,Green
PRC-LARSEN-20241217,INE018A01030,LARSEN,Larsen & Toubro Ltd,2024-12-17,3840.09,3833.74,3792.57,3830.63,2949127.0,NSE Feed,False,0,INR,NSE,True,Green
PRC-LARSEN-20241218,INE018A01030,LARSEN,Larsen & Toubro Ltd,2024-12-18,3832.49,3927.36,3719.68,3829.56,4914193.0,Refinitiv,False,0,INR,NSE,True,Green
PRC-LARSEN-20241230,INE018A01030,LARSEN,Larsen & Toubro Ltd,2024-12-30,3774.06,3880.61,3713.21,3807.24,1373726.0,NSE Feed,False,0,INR,NSE,False,Green
PRC-LARSEN-20250115,INE018A01030,LARSEN,Larsen & Toubro Ltd,2025-01-15,3872.31,3977.32,3768.38,3871.43,3224668.0,Refinitiv,True,6,INR,NSE,True,Red
PRC-LARSEN-20250116,INE018A01030,LARSEN,Larsen & Toubro Ltd,2025-01-16,3926.42,3973.75,3913.93,3926.46,972257.0,Refinitiv,False,0,INR,NSE,True,Green
PRC-LARSEN-20250123,INE018A01030,LARSEN,Larsen & Toubro Ltd,2025-01-23,3846.67,3916.95,3800.09,3880.94,1220426.0,Refinitiv,False,0,INR,NSE,True,Green
PRC-LARSEN-20250130,INE018A01030,LARSEN,Larsen & Toubro Ltd,2025-01-30,3938.06,4011.88,3845.81,3904.63,4499132.0,Bloomberg,False,0,INR,NSE,True,Green
PRC-LARSEN-20250203,INE018A01030,LARSEN,Larsen & Toubro Ltd,2025-02-03,3865.94,3892.48,3778.67,3847.73,3449535.0,Refinitiv,False,0,INR,NSE,True,Green
PRC-LARSEN-20250204,INE018A01030,LARSEN,Larsen & Toubro Ltd,2025-02-04,3785.0,3792.71,3729.5,3768.1,1037788.0,Refinitiv,False,0,INR,NSE,True,Green
PRC-LARSEN-20250207,INE018A01030,LARSEN,Larsen & Toubro Ltd,2025-02-07,3708.72,3754.32,3622.61,3732.68,636567.0,NSE Feed,False,0,INR,NSE,True,Green
PRC-LARSEN-20250212,INE018A01030,LARSEN,Larsen & Toubro Ltd,2025-02-12,3803.33,3793.75,3750.65,3780.96,4387248.0,Refinitiv,False,0,INR,NSE,True,Green
PRC-LARSEN-20250310,INE018A01030,LARSEN,Larsen & Toubro Ltd,2025-03-10,3832.8,3905.77,3737.62,3835.02,3507882.0,Refinitiv,False,0,INR,NSE,True,Green
PRC-LARSEN-20250311,INE018A01030,LARSEN,Larsen & Toubro Ltd,2025-03-11,3879.27,3875.73,3767.25,3864.53,1770696.0,NSE Feed,False,0,INR,NSE,True,Green
PRC-LARSEN-20250319,INE018A01030,LARSEN,Larsen & Toubro Ltd,2025-03-19,3901.25,3954.6,3875.8,,,Refinitiv,False,0,INR,NSE,True,Green
PRC-LARSEN-20250321,INE018A01030,LARSEN,Larsen & Toubro Ltd,2025-03-21,3956.34,4000.5,3841.55,,,Bloomberg,True,5,INR,NSE,True,Amber
PRC-LARSEN-20250326,INE018A01030,LARSEN,Larsen & Toubro Ltd,2025-03-26,3863.56,3993.63,3813.56,3898.93,4541433.0,NSE Feed,False,0,INR,NSE,True,Green
PRC-LARSEN-20250327,INE018A01030,LARSEN,Larsen & Toubro Ltd,2025-03-27,3939.04,4033.08,3905.65,,,Refinitiv,False,0,INR,NSE,True,Green
PRC-LARSEN-20250331,INE018A01030,LARSEN,Larsen & Toubro Ltd,2025-03-31,3936.55,4025.05,3915.79,3971.31,3725519.0,NSE Feed,False,0,INR,NSE,True,Green
PRC-LARSEN-20250403,INE018A01030,LARSEN,Larsen & Toubro Ltd,2025-04-03,4044.98,4037.6,3962.72,4016.24,1834840.0,Refinitiv,False,0,INR,NSE,True,Green
PRC-LARSEN-20250407,INE018A01030,LARSEN,Larsen & Toubro Ltd,2025-04-07,4125.45,4114.17,4024.54,4087.86,798786.0,Refinitiv,False,0,INR,NSE,True,Green
PRC-LARSEN-20250422,INE018A01030,LARSEN,Larsen & Toubro Ltd,2025-04-22,4134.79,4231.85,4109.87,4131.3,3476334.0,NSE Feed,False,0,INR,NSE,True,Green
PRC-LARSEN-20250425,INE018A01030,LARSEN,Larsen & Toubro Ltd,2025-04-25,4136.85,4249.88,4028.59,4153.08,723991.0,NSE Feed,False,0,INR,NSE,True,Green
PRC-LARSEN-20250430,INE018A01030,LARSEN,Larsen & Toubro Ltd,2025-04-30,4253.51,4310.49,4112.44,4219.74,4634581.0,Refinitiv,False,0,INR,NSE,True,Green
PRC-LARSEN-20250502,INE018A01030,LARSEN,Larsen & Toubro Ltd,2025-05-02,4214.78,4294.0,4199.86,4218.06,4532162.0,Bloomberg,False,0,INR,NSE,True,Green
PRC-LARSEN-20250505,INE018A01030,LARSEN,Larsen & Toubro Ltd,2025-05-05,4178.94,4212.97,4149.24,4162.27,4235653.0,Bloomberg,False,0,INR,NSE,True,Green
PRC-LARSEN-20250512,INE018A01030,LARSEN,Larsen & Toubro Ltd,2025-05-12,4170.63,4254.91,4048.33,4152.08,,Refinitiv,False,0,INR,NSE,True,Green
PRC-LARSEN-20250519,INE018A01030,LARSEN,Larsen & Toubro Ltd,2025-05-19,4118.35,4138.5,4077.4,4105.69,1169007.0,Bloomberg,False,0,INR,NSE,True,Green
