perf_id,client_id,client_name,security_id,ticker,security_name,portfolio_id,performance_date,period,portfolio_return,benchmark_return,benchmark_name,alpha,sharpe_ratio,volatility,region,currency,validated,data_complete
PERF-00001,CLT0011,BlackRock India Fund,INE154A01025,ITC,ITC Ltd,PORT-001,2024-09-26,YTD,0.173,0.1411,NIFTY FMCG,0.0319,-0.486,0.0769,Americas,INR,True,True
PERF-00002,CLT0001,Tata Investment Corp,INE154A01025,ITC,ITC Ltd,PORT-047,2024-09-06,1Y,0.1155,0.0508,NIFTY FMCG,0.0647,0.522,0.141,APAC,INR,True,True
PERF-00003,CLT0011,BlackRock India Fund,INE213A01029,MARUTI,Maruti Suzuki India Ltd,PORT-050,2024-05-01,1Y,0.0302,0.0481,NIFTY Auto,-0.0179,0.325,0.2479,Americas,INR,True,True
PERF-00004,CLT0012,Vanguard Emerging Markets,INE414G01012,ADANIENT,Adani Enterprises Ltd,PORT-021,2024-07-07,1M,-0.1176,-0.0292,NIFTY 500,-0.0884,2.097,0.1784,Americas,INR,True,True
PERF-00005,CLT0011,BlackRock India Fund,INE154A01025,ITC,ITC Ltd,PORT-026,2024-10-01,3M,0.2038,-0.0098,NIFTY FMCG,0.2136,-0.375,0.2334,Americas,INR,True,True
PERF-00006,CLT0001,Tata Investment Corp,INE031A01017,POWERGRID,Power Grid Corp of India,PORT-025,2024-10-21,1D,0.2299,0.1754,NIFTY Infrastructure,0.0545,1.623,0.1621,APAC,INR,True,True
PERF-00007,CLT0005,Kotak Mahindra AMC,INE467B01029,TCS,Tata Consultancy Services,PORT-020,2024-02-19,1D,0.0676,0.1605,NIFTY IT,-0.0929,-0.298,0.3361,APAC,INR,False,True
PERF-00008,CLT0006,LIC of India,INE117A01022,BHARTIARTL,Bharti Airtel Ltd,PORT-018,2024-08-10,1Y,-0.1469,-0.025,NIFTY Media,-0.1219,0.452,0.3076,APAC,INR,False,True
PERF-00009,CLT0014,Temasek Holdings,INE031A01017,POWERGRID,Power Grid Corp of India,PORT-049,2024-08-27,1D,0.233,0.0082,NIFTY Infrastructure,0.2248,0.062,0.1375,APAC,INR,True,True
PERF-00010,CLT0013,GIC Private Ltd Singapore,INE009A01021,INFY,Infosys Ltd,PORT-019,2024-12-23,1D,,-0.0464,NIFTY IT,,,0.2387,APAC,INR,True,False
PERF-00011,CLT0007,ICICI Prudential AMC,INE020B01018,NTPC,NTPC Ltd,PORT-007,2024-03-25,1W,0.0874,0.1431,NIFTY Infrastructure,-0.0557,2.109,0.1877,APAC,INR,True,True
PERF-00012,CLT0010,Abu Dhabi Investment Auth,INE040A01034,HDFCBANK,HDFC Bank Ltd,PORT-009,2024-06-02,1M,,-0.0478,NIFTY Bank,,,0.3395,EMEA,INR,False,False
PERF-00013,CLT0009,Emirates NBD Asset Mgmt,INE018A01030,LARSEN,Larsen & Toubro Ltd,PORT-014,2024-11-30,1M,-0.0062,0.0367,NIFTY Infrastructure,-0.0429,-0.114,0.2646,EMEA,INR,False,True
PERF-00014,CLT0004,HDFC Pension Fund,INE154A01025,ITC,ITC Ltd,PORT-007,2024-01-21,1Y,0.137,0.0371,NIFTY FMCG,0.0999,0.242,0.2707,APAC,INR,True,True
PERF-00015,CLT0005,Kotak Mahindra AMC,INE414G01012,ADANIENT,Adani Enterprises Ltd,PORT-014,2024-10-22,1Y,0.0489,0.173,NIFTY 500,-0.1241,2.534,0.2548,APAC,INR,False,True
PERF-00016,CLT0006,LIC of India,INE075A01022,WIPRO,Wipro Ltd,PORT-041,2024-09-30,1Y,-0.0225,-0.0259,NIFTY IT,0.0034,1.664,0.1522,APAC,INR,True,True
PERF-00017,CLT0005,Kotak Mahindra AMC,INE467B01029,TCS,Tata Consultancy Services,PORT-032,2024-05-07,1W,0.0184,-0.0838,NIFTY IT,0.1022,2.615,0.1206,APAC,INR,False,True
PERF-00018,CLT0005,Kotak Mahindra AMC,INE038A01020,HINDALCO,Hindalco Industries Ltd,PORT-017,2024-10-12,1Y,0.1527,0.1192,NIFTY Metal,0.0335,-0.084,0.3327,APAC,INR,True,True
PERF-00019,CLT0006,LIC of India,INE154A01025,ITC,ITC Ltd,PORT-044,2025-01-17,3M,0.1733,0.1071,NIFTY FMCG,0.0662,1.526,0.1245,APAC,INR,True,True
PERF-00020,CLT0010,Abu Dhabi Investment Auth,INE020B01018,NTPC,NTPC Ltd,PORT-002,2024-12-15,6M,-0.1305,-0.0021,NIFTY Infrastructure,-0.1284,1.41,0.3104,EMEA,INR,True,True
PERF-00021,CLT0009,Emirates NBD Asset Mgmt,INE001A01036,SBIN,State Bank of India,PORT-046,2024-05-27,1Y,-0.0171,0.0042,NIFTY Bank,-0.0213,1.759,0.3407,EMEA,INR,True,True
PERF-00022,CLT0004,HDFC Pension Fund,INE066A01021,ONGC,Oil & Natural Gas Corp,PORT-027,2024-09-04,1Y,-0.1316,0.1599,NIFTY Energy,-0.2915,1.258,0.0685,APAC,INR,True,True
PERF-00023,CLT0009,Emirates NBD Asset Mgmt,INE117A01022,BHARTIARTL,Bharti Airtel Ltd,PORT-034,2024-04-30,1W,0.2139,-0.0837,NIFTY Media,0.2976,0.468,0.3497,EMEA,INR,True,True
PERF-00024,CLT0006,LIC of India,INE066A01021,ONGC,Oil & Natural Gas Corp,PORT-018,2024-05-14,1W,0.1038,0.103,NIFTY Energy,0.0008,2.599,0.2268,APAC,INR,True,True
PERF-00025,CLT0007,ICICI Prudential AMC,INE296A01024,BAJFINANCE,Bajaj Finance Ltd,PORT-010,2024-10-21,1D,-0.0521,0.0632,NIFTY Financial Services,-0.1153,-0.069,0.1306,APAC,INR,True,True
PERF-00026,CLT0009,Emirates NBD Asset Mgmt,INE031A01017,POWERGRID,Power Grid Corp of India,PORT-019,2024-01-22,3M,0.1012,0.1501,NIFTY Infrastructure,-0.0489,-0.408,0.1578,EMEA,INR,False,True
PERF-00027,CLT0004,HDFC Pension Fund,INE031A01017,POWERGRID,Power Grid Corp of India,PORT-013,2024-01-11,1M,0.0981,0.0232,NIFTY Infrastructure,0.0749,1.612,0.1746,APAC,INR,False,True
PERF-00028,CLT0012,Vanguard Emerging Markets,INE066A01021,ONGC,Oil & Natural Gas Corp,PORT-037,2024-06-14,1D,0.0472,0.189,NIFTY Energy,-0.1418,0.413,0.1509,Americas,INR,True,True
PERF-00029,CLT0003,SBI Life Insurance,INE213A01029,MARUTI,Maruti Suzuki India Ltd,PORT-014,2025-02-16,1D,-0.0612,-0.0758,NIFTY Auto,0.0146,1.943,0.2558,APAC,INR,True,True
PERF-00030,CLT0002,Aditya Birla Capital,INE361B01024,HCLTECH,HCL Technologies Ltd,PORT-032,2024-03-01,3M,0.1228,0.1996,NIFTY IT,-0.0768,0.169,0.268,APAC,INR,False,True
PERF-00031,CLT0001,Tata Investment Corp,INE361B01024,HCLTECH,HCL Technologies Ltd,PORT-036,2025-03-30,6M,-0.1366,0.0338,NIFTY IT,-0.1704,2.245,0.205,APAC,INR,False,True
PERF-00032,CLT0009,Emirates NBD Asset Mgmt,INE117A01022,BHARTIARTL,Bharti Airtel Ltd,PORT-027,2025-01-31,YTD,0.2195,0.1751,NIFTY Media,0.0444,0.849,0.179,EMEA,INR,True,True
PERF-00033,CLT0015,Norges Bank Investment Mgmt,INE721A01013,SUNPHARMA,Sun Pharmaceutical Ltd,PORT-003,2024-04-12,6M,0.1791,0.1814,NIFTY Pharma,-0.0023,1.4,0.1175,EMEA,INR,True,True
PERF-00034,CLT0008,Nippon India MF,INE075A01022,WIPRO,Wipro Ltd,PORT-018,2024-03-12,1D,,0.0819,NIFTY IT,,,0.158,APAC,INR,True,False
PERF-00035,CLT0004,HDFC Pension Fund,INE018A01030,LARSEN,Larsen & Toubro Ltd,PORT-017,2024-05-23,3M,0.0006,0.0865,NIFTY Infrastructure,-0.0859,1.797,0.2046,APAC,INR,True,True
PERF-00036,CLT0006,LIC of India,INE031A01017,POWERGRID,Power Grid Corp of India,PORT-047,2025-02-21,6M,-0.0641,0.0461,NIFTY Infrastructure,-0.1102,-0.456,0.2957,APAC,INR,True,True
PERF-00037,CLT0011,BlackRock India Fund,INE585B01010,AXISBANK,Axis Bank Ltd,PORT-002,2025-04-24,1D,-0.0025,-0.0156,NIFTY Bank,0.0131,0.216,0.302,Americas,INR,True,True
PERF-00038,CLT0002,Aditya Birla Capital,INE002A01018,RELIANCE,Reliance Industries Ltd,PORT-026,2025-04-12,1D,0.1382,-0.0593,NIFTY Energy,0.1975,2.458,0.1974,APAC,INR,True,True
PERF-00039,CLT0012,Vanguard Emerging Markets,INE001A01036,SBIN,State Bank of India,PORT-035,2024-07-05,1D,-0.0046,-0.0852,NIFTY Bank,0.0806,2.389,0.3297,Americas,INR,True,True
PERF-00040,CLT0015,Norges Bank Investment Mgmt,INE117A01022,BHARTIARTL,Bharti Airtel Ltd,PORT-009,2025-03-21,1M,-0.1133,-0.0522,NIFTY Media,-0.0611,0.57,0.1736,EMEA,INR,True,True
PERF-00041,CLT0014,Temasek Holdings,INE002A01018,RELIANCE,Reliance Industries Ltd,PORT-033,2024-05-11,1D,0.1018,0.1097,NIFTY Energy,-0.0079,-0.313,0.3162,APAC,INR,True,True
PERF-00042,CLT0015,Norges Bank Investment Mgmt,INE117A01022,BHARTIARTL,Bharti Airtel Ltd,PORT-038,2024-05-21,3M,0.0972,-0.0391,NIFTY Media,0.1363,0.405,0.336,EMEA,INR,True,True
PERF-00043,CLT0007,ICICI Prudential AMC,INE066A01021,ONGC,Oil & Natural Gas Corp,PORT-014,2024-05-16,1D,-0.0941,-0.055,NIFTY Energy,-0.0391,1.051,0.2762,APAC,INR,False,True
PERF-00044,CLT0006,LIC of India,INE002A01018,RELIANCE,Reliance Industries Ltd,PORT-023,2025-02-01,3M,-0.0576,-0.0475,NIFTY Energy,-0.0101,0.284,0.1125,APAC,INR,True,True
PERF-00045,CLT0004,HDFC Pension Fund,INE090A01021,ICICIBANK,ICICI Bank Ltd,PORT-004,2025-03-10,1D,-0.027,0.066,NIFTY Bank,-0.093,2.16,0.2951,APAC,INR,True,False
PERF-00046,CLT0003,SBI Life Insurance,INE002A01018,RELIANCE,Reliance Industries Ltd,PORT-009,2024-05-08,3M,-0.0792,0.1741,NIFTY Energy,-0.2533,1.118,0.2876,APAC,INR,True,False
PERF-00047,CLT0015,Norges Bank Investment Mgmt,INE117A01022,BHARTIARTL,Bharti Airtel Ltd,PORT-031,2024-03-09,6M,-0.0007,0.0747,NIFTY Media,-0.0754,1.153,0.1395,EMEA,INR,True,True
PERF-00048,CLT0005,Kotak Mahindra AMC,INE038A01020,HINDALCO,Hindalco Industries Ltd,PORT-012,2024-09-13,YTD,-0.0352,-0.072,NIFTY Metal,0.0368,1.202,0.2808,APAC,INR,False,True
PERF-00049,CLT0002,Aditya Birla Capital,INE154A01025,ITC,ITC Ltd,PORT-019,2025-05-17,YTD,0.1339,-0.0231,NIFTY FMCG,0.157,1.155,0.2671,APAC,INR,True,True
PERF-00050,CLT0004,HDFC Pension Fund,INE009A01021,INFY,Infosys Ltd,PORT-034,2024-08-09,1M,0.042,0.031,NIFTY IT,0.011,2.158,0.2505,APAC,INR,True,True
PERF-00051,CLT0010,Abu Dhabi Investment Auth,INE031A01017,POWERGRID,Power Grid Corp of India,PORT-045,2024-11-25,6M,-0.1199,-0.0542,NIFTY Infrastructure,-0.0657,1.907,0.0881,EMEA,INR,False,True
PERF-00052,CLT0002,Aditya Birla Capital,INE721A01013,SUNPHARMA,Sun Pharmaceutical Ltd,PORT-038,2024-06-05,3M,-0.0098,0.1746,NIFTY Pharma,-0.1844,0.337,0.2795,APAC,INR,True,True
PERF-00053,CLT0010,Abu Dhabi Investment Auth,INE040A01034,HDFCBANK,HDFC Bank Ltd,PORT-033,2025-04-17,1W,0.0586,-0.0861,NIFTY Bank,0.1447,1.965,0.3023,EMEA,INR,False,True
PERF-00054,CLT0006,LIC of India,INE361B01024,HCLTECH,HCL Technologies Ltd,PORT-041,2025-01-18,1Y,-0.0877,-0.0822,NIFTY IT,-0.0055,0.31,0.1418,APAC,INR,True,True
PERF-00055,CLT0015,Norges Bank Investment Mgmt,INE117A01022,BHARTIARTL,Bharti Airtel Ltd,PORT-017,2024-04-17,6M,0.1724,-0.0116,NIFTY Media,0.184,1.017,0.1515,EMEA,INR,True,True
PERF-00056,CLT0002,Aditya Birla Capital,INE467B01029,TCS,Tata Consultancy Services,PORT-011,2024-01-08,1Y,-0.1219,0.1333,NIFTY IT,-0.2552,-0.241,0.3092,APAC,INR,True,True
PERF-00057,CLT0015,Norges Bank Investment Mgmt,INE066A01021,ONGC,Oil & Natural Gas Corp,PORT-011,2025-01-21,1W,0.084,0.1813,NIFTY Energy,-0.0973,0.99,0.3424,EMEA,INR,True,True
PERF-00058,CLT0007,ICICI Prudential AMC,INE213A01029,MARUTI,Maruti Suzuki India Ltd,PORT-010,2024-01-17,1W,0.0533,0.0658,NIFTY Auto,-0.0125,2.786,0.0803,APAC,INR,True,True
PERF-00059,CLT0006,LIC of India,INE031A01017,POWERGRID,Power Grid Corp of India,PORT-044,2024-12-29,YTD,-0.084,-0.0032,NIFTY Infrastructure,-0.0808,0.502,0.1849,APAC,INR,True,True
PERF-00060,CLT0007,ICICI Prudential AMC,INE020B01018,NTPC,NTPC Ltd,PORT-006,2024-10-06,YTD,0.1136,-0.0832,NIFTY Infrastructure,0.1968,1.788,0.2992,APAC,INR,True,True
PERF-00061,CLT0014,Temasek Holdings,INE040A01034,HDFCBANK,HDFC Bank Ltd,PORT-018,2024-09-03,1W,-0.0748,0.0533,NIFTY Bank,-0.1281,2.82,0.1817,APAC,INR,True,True
PERF-00062,CLT0012,Vanguard Emerging Markets,INE090A01021,ICICIBANK,ICICI Bank Ltd,PORT-042,2024-06-24,1D,0.1222,0.1975,NIFTY Bank,-0.0753,2.996,0.1825,Americas,INR,False,True
PERF-00063,CLT0001,Tata Investment Corp,INE296A01024,BAJFINANCE,Bajaj Finance Ltd,PORT-033,2024-02-04,3M,0.0126,0.1094,NIFTY Financial Services,-0.0968,0.872,0.1846,APAC,INR,True,True
PERF-00064,CLT0012,Vanguard Emerging Markets,INE066A01021,ONGC,Oil & Natural Gas Corp,PORT-023,2024-10-15,1M,-0.1206,0.0173,NIFTY Energy,-0.1379,1.726,0.3285,Americas,INR,True,True
PERF-00065,CLT0013,GIC Private Ltd Singapore,INE154A01025,ITC,ITC Ltd,PORT-028,2024-10-12,1D,0.0048,-0.0537,NIFTY FMCG,0.0585,2.617,0.1941,APAC,INR,True,True
PERF-00066,CLT0015,Norges Bank Investment Mgmt,INE020B01018,NTPC,NTPC Ltd,PORT-009,2025-03-06,6M,-0.0859,0.1905,NIFTY Infrastructure,-0.2764,2.87,0.2885,EMEA,INR,True,True
PERF-00067,CLT0004,HDFC Pension Fund,INE001A01036,SBIN,State Bank of India,PORT-006,2025-04-29,3M,-0.1105,0.0216,NIFTY Bank,-0.1321,0.487,0.1372,APAC,INR,True,True
PERF-00068,CLT0011,BlackRock India Fund,INE361B01024,HCLTECH,HCL Technologies Ltd,PORT-034,2024-01-08,1M,,-0.0196,NIFTY IT,,,0.2679,Americas,INR,True,False
PERF-00069,CLT0011,BlackRock India Fund,INE002A01018,RELIANCE,Reliance Industries Ltd,PORT-030,2024-12-05,YTD,,0.1308,NIFTY Energy,,,0.2348,Americas,INR,True,False
PERF-00070,CLT0010,Abu Dhabi Investment Auth,INE018A01030,LARSEN,Larsen & Toubro Ltd,PORT-038,2024-01-20,3M,0.1942,0.0847,NIFTY Infrastructure,0.1095,0.652,0.2228,EMEA,INR,True,True
PERF-00071,CLT0002,Aditya Birla Capital,INE467B01029,TCS,Tata Consultancy Services,PORT-034,2024-10-11,3M,0.2038,-0.0934,NIFTY IT,0.2972,1.318,0.0729,APAC,INR,True,True
PERF-00072,CLT0012,Vanguard Emerging Markets,INE090A01021,ICICIBANK,ICICI Bank Ltd,PORT-005,2024-10-26,3M,0.2222,-0.0639,NIFTY Bank,0.2861,2.584,0.1801,Americas,INR,True,True
PERF-00073,CLT0009,Emirates NBD Asset Mgmt,INE031A01017,POWERGRID,Power Grid Corp of India,PORT-035,2025-04-05,1M,0.0221,0.0477,NIFTY Infrastructure,-0.0256,-0.086,0.1776,EMEA,INR,True,True
PERF-00074,CLT0009,Emirates NBD Asset Mgmt,INE296A01024,BAJFINANCE,Bajaj Finance Ltd,PORT-030,2025-04-21,6M,0.1818,-0.0562,NIFTY Financial Services,0.238,0.546,0.0681,EMEA,INR,False,True
PERF-00075,CLT0015,Norges Bank Investment Mgmt,INE001A01036,SBIN,State Bank of India,PORT-002,2024-05-27,3M,0.2234,-0.075,NIFTY Bank,0.2984,1.3,0.2255,EMEA,INR,True,True
PERF-00076,CLT0009,Emirates NBD Asset Mgmt,INE467B01029,TCS,Tata Consultancy Services,PORT-050,2024-10-10,YTD,0.1064,-0.0759,NIFTY IT,0.1823,1.216,0.3032,EMEA,INR,True,True
PERF-00077,CLT0009,Emirates NBD Asset Mgmt,INE090A01021,ICICIBANK,ICICI Bank Ltd,PORT-040,2024-01-29,3M,0.0738,-0.0039,NIFTY Bank,0.0777,2.525,0.1858,EMEA,INR,True,True
PERF-00078,CLT0012,Vanguard Emerging Markets,INE467B01029,TCS,Tata Consultancy Services,PORT-013,2025-05-02,1D,,-0.0051,NIFTY IT,,,0.3463,Americas,INR,False,False
PERF-00079,CLT0003,SBI Life Insurance,INE721A01013,SUNPHARMA,Sun Pharmaceutical Ltd,PORT-043,2024-12-17,3M,0.004,-0.0411,NIFTY Pharma,0.0451,1.557,0.1532,APAC,INR,True,True
PERF-00080,CLT0014,Temasek Holdings,INE585B01010,AXISBANK,Axis Bank Ltd,PORT-002,2025-04-04,1D,0.104,0.0835,NIFTY Bank,0.0205,-0.128,0.2141,APAC,INR,True,True
PERF-00081,CLT0011,BlackRock India Fund,INE009A01021,INFY,Infosys Ltd,PORT-004,2024-03-15,1W,-0.0827,-0.0187,NIFTY IT,-0.064,0.274,0.2781,Americas,INR,True,True
PERF-00082,CLT0010,Abu Dhabi Investment Auth,INE361B01024,HCLTECH,HCL Technologies Ltd,PORT-019,2024-12-12,1Y,0.2324,-0.0867,NIFTY IT,0.3191,1.129,0.3342,EMEA,INR,True,True
PERF-00083,CLT0010,Abu Dhabi Investment Auth,INE002A01018,RELIANCE,Reliance Industries Ltd,PORT-028,2024-07-21,1W,0.1998,0.163,NIFTY Energy,0.0368,2.665,0.3384,EMEA,INR,True,True
PERF-00084,CLT0013,GIC Private Ltd Singapore,INE031A01017,POWERGRID,Power Grid Corp of India,PORT-001,2024-12-30,1Y,-0.0072,0.0327,NIFTY Infrastructure,-0.0399,1.479,0.3069,APAC,INR,True,True
PERF-00085,CLT0003,SBI Life Insurance,INE414G01012,ADANIENT,Adani Enterprises Ltd,PORT-026,2024-08-12,3M,,0.1392,NIFTY 500,,,0.1606,APAC,INR,True,False
PERF-00086,CLT0011,BlackRock India Fund,INE031A01017,POWERGRID,Power Grid Corp of India,PORT-002,2024-01-08,1W,-0.0045,0.0732,NIFTY Infrastructure,-0.0777,1.099,0.2498,Americas,INR,True,True
PERF-00087,CLT0006,LIC of India,INE090A01021,ICICIBANK,ICICI Bank Ltd,PORT-033,2025-05-18,YTD,0.1654,0.1067,NIFTY Bank,0.0587,,0.261,APAC,INR,True,False
PERF-00088,CLT0009,Emirates NBD Asset Mgmt,INE117A01022,BHARTIARTL,Bharti Airtel Ltd,PORT-029,2025-02-24,1D,-0.0945,-0.0219,NIFTY Media,-0.0726,0.474,0.2237,EMEA,INR,True,True
PERF-00089,CLT0010,Abu Dhabi Investment Auth,INE154A01025,ITC,ITC Ltd,PORT-038,2024-06-01,1D,-0.0957,0.116,NIFTY FMCG,-0.2117,1.002,0.3342,EMEA,INR,False,True
PERF-00090,CLT0012,Vanguard Emerging Markets,INE414G01012,ADANIENT,Adani Enterprises Ltd,PORT-049,2024-11-11,3M,,0.1818,NIFTY 500,,,0.0938,Americas,INR,True,False
PERF-00091,CLT0015,Norges Bank Investment Mgmt,INE038A01020,HINDALCO,Hindalco Industries Ltd,PORT-029,2024-10-02,6M,0.0727,-0.0494,NIFTY Metal,0.1221,2.716,0.289,EMEA,INR,True,True
PERF-00092,CLT0015,Norges Bank Investment Mgmt,INE361B01024,HCLTECH,HCL Technologies Ltd,PORT-011,2024-08-13,1Y,0.0404,0.1585,NIFTY IT,-0.1181,0.551,0.1019,EMEA,INR,True,True
PERF-00093,CLT0002,Aditya Birla Capital,INE585B01010,AXISBANK,Axis Bank Ltd,PORT-010,2024-01-23,1D,0.2194,-0.0621,NIFTY Bank,0.2815,-0.424,0.1144,APAC,INR,True,True
PERF-00094,CLT0014,Temasek Holdings,INE090A01021,ICICIBANK,ICICI Bank Ltd,PORT-050,2024-01-19,1Y,-0.1358,-0.0447,NIFTY Bank,-0.0911,2.067,0.0941,APAC,INR,True,True
PERF-00095,CLT0009,Emirates NBD Asset Mgmt,INE031A01017,POWERGRID,Power Grid Corp of India,PORT-035,2024-04-20,1D,-0.1069,0.1588,NIFTY Infrastructure,-0.2657,0.33,0.1336,EMEA,INR,True,True
PERF-00096,CLT0002,Aditya Birla Capital,INE414G01012,ADANIENT,Adani Enterprises Ltd,PORT-003,2024-06-03,1M,0.1792,0.1347,NIFTY 500,0.0445,2.114,0.1422,APAC,INR,True,True
PERF-00097,CLT0003,SBI Life Insurance,INE361B01024,HCLTECH,HCL Technologies Ltd,PORT-035,2025-04-18,YTD,0.0476,0.0074,NIFTY IT,0.0402,1.984,0.2055,APAC,INR,False,True
PERF-00098,CLT0010,Abu Dhabi Investment Auth,INE467B01029,TCS,Tata Consultancy Services,PORT-020,2025-05-06,3M,0.0473,0.0519,NIFTY IT,-0.0046,1.794,0.1275,EMEA,INR,False,True
PERF-00099,CLT0004,HDFC Pension Fund,INE075A01022,WIPRO,Wipro Ltd,PORT-011,2024-03-28,YTD,0.1664,0.0196,NIFTY IT,0.1468,0.671,0.1408,APAC,INR,True,True
PERF-00100,CLT0002,Aditya Birla Capital,INE414G01012,ADANIENT,Adani Enterprises Ltd,PORT-032,2025-04-22,1M,0.1286,0.153,NIFTY 500,-0.0244,-0.015,0.1585,APAC,INR,True,True
PERF-00101,CLT0015,Norges Bank Investment Mgmt,INE361B01024,HCLTECH,HCL Technologies Ltd,PORT-028,2025-02-14,YTD,-0.0306,-0.084,NIFTY IT,0.0534,-0.203,0.095,EMEA,INR,True,True
PERF-00102,CLT0002,Aditya Birla Capital,INE009A01021,INFY,Infosys Ltd,PORT-041,2024-08-09,1M,0.1174,0.1431,NIFTY IT,-0.0257,1.963,0.3474,APAC,INR,True,True
PERF-00103,CLT0002,Aditya Birla Capital,INE467B01029,TCS,Tata Consultancy Services,PORT-007,2024-12-19,1D,0.0138,0.0369,NIFTY IT,-0.0231,1.546,0.2947,APAC,INR,True,True
PERF-00104,CLT0007,ICICI Prudential AMC,INE075A01022,WIPRO,Wipro Ltd,PORT-012,2025-01-10,1Y,-0.0775,0.013,NIFTY IT,-0.0905,-0.435,0.0641,APAC,INR,True,True
PERF-00105,CLT0002,Aditya Birla Capital,INE721A01013,SUNPHARMA,Sun Pharmaceutical Ltd,PORT-014,2025-02-16,1W,-0.1361,0.0774,NIFTY Pharma,-0.2135,1.548,0.2741,APAC,INR,False,True
PERF-00106,CLT0011,BlackRock India Fund,INE002A01018,RELIANCE,Reliance Industries Ltd,PORT-019,2024-06-25,1W,0.169,0.1576,NIFTY Energy,0.0114,2.823,0.2925,Americas,INR,True,True
PERF-00107,CLT0003,SBI Life Insurance,INE020B01018,NTPC,NTPC Ltd,PORT-009,2025-01-27,YTD,-0.0392,0.1997,NIFTY Infrastructure,-0.2389,1.222,0.1126,APAC,INR,True,True
PERF-00108,CLT0010,Abu Dhabi Investment Auth,INE361B01024,HCLTECH,HCL Technologies Ltd,PORT-025,2024-09-08,1W,-0.1352,0.1743,NIFTY IT,-0.3095,-0.439,0.1829,EMEA,INR,False,True
PERF-00109,CLT0008,Nippon India MF,INE066A01021,ONGC,Oil & Natural Gas Corp,PORT-031,2024-02-07,1W,0.0807,-0.0771,NIFTY Energy,0.1578,0.485,0.0944,APAC,INR,True,True
PERF-00110,CLT0003,SBI Life Insurance,INE090A01021,ICICIBANK,ICICI Bank Ltd,PORT-036,2025-05-02,YTD,-0.1134,-0.0165,NIFTY Bank,-0.0969,-0.228,0.1193,APAC,INR,True,True
PERF-00111,CLT0014,Temasek Holdings,INE117A01022,BHARTIARTL,Bharti Airtel Ltd,PORT-004,2024-06-08,1W,,0.1478,NIFTY Media,,,0.2053,APAC,INR,True,False
PERF-00112,CLT0005,Kotak Mahindra AMC,INE031A01017,POWERGRID,Power Grid Corp of India,PORT-017,2024-03-29,1W,0.0349,0.1552,NIFTY Infrastructure,-0.1203,0.542,0.067,APAC,INR,True,True
PERF-00113,CLT0011,BlackRock India Fund,INE721A01013,SUNPHARMA,Sun Pharmaceutical Ltd,PORT-045,2024-12-08,3M,0.0776,-0.0615,NIFTY Pharma,0.1391,2.294,0.2779,Americas,INR,True,True
PERF-00114,CLT0001,Tata Investment Corp,INE721A01013,SUNPHARMA,Sun Pharmaceutical Ltd,PORT-046,2025-02-10,6M,-0.1387,0.1551,NIFTY Pharma,-0.2938,0.76,0.0989,APAC,INR,True,True
PERF-00115,CLT0011,BlackRock India Fund,INE585B01010,AXISBANK,Axis Bank Ltd,PORT-024,2024-05-23,3M,0.1647,0.1689,NIFTY Bank,-0.0042,0.577,0.325,Americas,INR,True,True
PERF-00116,CLT0002,Aditya Birla Capital,INE020B01018,NTPC,NTPC Ltd,PORT-003,2025-02-20,3M,0.0502,0.1522,NIFTY Infrastructure,-0.102,0.226,0.1562,APAC,INR,False,True
PERF-00117,CLT0011,BlackRock India Fund,INE066A01021,ONGC,Oil & Natural Gas Corp,PORT-030,2024-10-23,1M,0.095,0.0432,NIFTY Energy,0.0518,2.631,0.1882,Americas,INR,True,True
PERF-00118,CLT0011,BlackRock India Fund,INE117A01022,BHARTIARTL,Bharti Airtel Ltd,PORT-017,2024-08-04,6M,0.0484,0.019,NIFTY Media,0.0294,2.0,0.1159,Americas,INR,True,True
PERF-00119,CLT0007,ICICI Prudential AMC,INE467B01029,TCS,Tata Consultancy Services,PORT-018,2025-04-14,1D,0.0837,0.1957,NIFTY IT,-0.112,0.244,0.1405,APAC,INR,True,True
PERF-00120,CLT0007,ICICI Prudential AMC,INE467B01029,TCS,Tata Consultancy Services,PORT-044,2024-12-25,1M,-0.0477,0.0059,NIFTY IT,-0.0536,2.025,0.1361,APAC,INR,True,True
PERF-00121,CLT0005,Kotak Mahindra AMC,INE467B01029,TCS,Tata Consultancy Services,PORT-013,2024-07-23,1M,-0.112,-0.0951,NIFTY IT,-0.0169,2.805,0.0629,APAC,INR,True,True
PERF-00122,CLT0002,Aditya Birla Capital,INE038A01020,HINDALCO,Hindalco Industries Ltd,PORT-005,2025-01-26,YTD,0.0973,0.0682,NIFTY Metal,0.0291,0.525,0.2244,APAC,INR,True,True
PERF-00123,CLT0009,Emirates NBD Asset Mgmt,INE009A01021,INFY,Infosys Ltd,PORT-030,2025-04-09,6M,-0.0592,0.0238,NIFTY IT,-0.083,2.131,0.0609,EMEA,INR,True,True
PERF-00124,CLT0004,HDFC Pension Fund,INE361B01024,HCLTECH,HCL Technologies Ltd,PORT-023,2025-01-26,1D,,-0.0949,NIFTY IT,,,0.3406,APAC,INR,True,False
PERF-00125,CLT0011,BlackRock India Fund,INE040A01034,HDFCBANK,HDFC Bank Ltd,PORT-024,2025-04-22,1D,0.2332,0.1997,NIFTY Bank,0.0335,0.233,0.1789,Americas,INR,True,True
PERF-00126,CLT0012,Vanguard Emerging Markets,INE154A01025,ITC,ITC Ltd,PORT-010,2024-12-23,1Y,0.093,-0.0105,NIFTY FMCG,0.1035,2.363,0.2496,Americas,INR,True,True
PERF-00127,CLT0006,LIC of India,INE031A01017,POWERGRID,Power Grid Corp of India,PORT-049,2024-01-02,1Y,0.2272,0.1972,NIFTY Infrastructure,0.03,2.427,0.158,APAC,INR,False,True
PERF-00128,CLT0010,Abu Dhabi Investment Auth,INE066A01021,ONGC,Oil & Natural Gas Corp,PORT-012,2024-11-10,1M,0.188,0.1222,NIFTY Energy,0.0658,-0.255,0.2584,EMEA,INR,True,True
PERF-00129,CLT0006,LIC of India,INE117A01022,BHARTIARTL,Bharti Airtel Ltd,PORT-008,2024-06-14,6M,0.2137,-0.035,NIFTY Media,0.2487,-0.198,0.2438,APAC,INR,True,True
PERF-00130,CLT0003,SBI Life Insurance,INE296A01024,BAJFINANCE,Bajaj Finance Ltd,PORT-013,2024-10-07,6M,-0.1323,-0.0253,NIFTY Financial Services,-0.107,0.199,0.0712,APAC,INR,True,True
PERF-00131,CLT0002,Aditya Birla Capital,INE018A01030,LARSEN,Larsen & Toubro Ltd,PORT-022,2024-08-28,1D,0.0818,0.147,NIFTY Infrastructure,-0.0652,0.59,0.3078,APAC,INR,True,True
PERF-00132,CLT0002,Aditya Birla Capital,INE009A01021,INFY,Infosys Ltd,PORT-036,2025-03-18,3M,0.2293,-0.0117,NIFTY IT,0.241,2.826,0.1638,APAC,INR,True,True
PERF-00133,CLT0008,Nippon India MF,INE585B01010,AXISBANK,Axis Bank Ltd,PORT-049,2024-01-08,1M,-0.0808,0.0125,NIFTY Bank,-0.0933,0.725,0.3094,APAC,INR,True,True
PERF-00134,CLT0010,Abu Dhabi Investment Auth,INE031A01017,POWERGRID,Power Grid Corp of India,PORT-007,2024-07-22,1W,0.2208,-0.0329,NIFTY Infrastructure,0.2537,-0.09,0.291,EMEA,INR,True,True
PERF-00135,CLT0012,Vanguard Emerging Markets,INE009A01021,INFY,Infosys Ltd,PORT-043,2025-04-04,3M,0.1936,-0.0069,NIFTY IT,0.2005,0.829,0.1665,Americas,INR,True,True
PERF-00136,CLT0004,HDFC Pension Fund,INE467B01029,TCS,Tata Consultancy Services,PORT-022,2025-04-17,1W,0.1278,0.0131,NIFTY IT,0.1147,1.574,0.3363,APAC,INR,True,True
PERF-00137,CLT0001,Tata Investment Corp,INE117A01022,BHARTIARTL,Bharti Airtel Ltd,PORT-045,2024-02-09,1W,0.1858,-0.0126,NIFTY Media,0.1984,-0.467,0.2656,APAC,INR,True,True
PERF-00138,CLT0009,Emirates NBD Asset Mgmt,INE018A01030,LARSEN,Larsen & Toubro Ltd,PORT-013,2024-05-24,3M,-0.0469,0.0355,NIFTY Infrastructure,-0.0824,2.676,0.0584,EMEA,INR,True,True
PERF-00139,CLT0015,Norges Bank Investment Mgmt,INE467B01029,TCS,Tata Consultancy Services,PORT-045,2024-04-13,1W,0.1901,-0.0433,NIFTY IT,0.2334,2.833,0.3226,EMEA,INR,True,True
PERF-00140,CLT0006,LIC of India,INE414G01012,ADANIENT,Adani Enterprises Ltd,PORT-023,2024-02-26,3M,0.0506,0.1021,NIFTY 500,-0.0515,0.786,0.0926,APAC,INR,False,True
PERF-00141,CLT0009,Emirates NBD Asset Mgmt,INE090A01021,ICICIBANK,ICICI Bank Ltd,PORT-025,2025-01-12,1D,-0.0545,0.0277,NIFTY Bank,-0.0822,-0.007,0.3175,EMEA,INR,True,True
PERF-00142,CLT0008,Nippon India MF,INE038A01020,HINDALCO,Hindalco Industries Ltd,PORT-014,2024-11-08,1D,-0.1491,0.0014,NIFTY Metal,-0.1505,1.959,0.2289,APAC,INR,True,True
PERF-00143,CLT0010,Abu Dhabi Investment Auth,INE154A01025,ITC,ITC Ltd,PORT-016,2024-05-08,3M,0.2323,0.1018,NIFTY FMCG,0.1305,0.991,0.1826,EMEA,INR,True,True
PERF-00144,CLT0013,GIC Private Ltd Singapore,INE296A01024,BAJFINANCE,Bajaj Finance Ltd,PORT-026,2024-11-04,1W,0.1462,0.1246,NIFTY Financial Services,0.0216,0.215,0.2232,APAC,INR,True,True
PERF-00145,CLT0001,Tata Investment Corp,INE020B01018,NTPC,NTPC Ltd,PORT-046,2024-03-01,1M,0.1174,-0.0455,NIFTY Infrastructure,0.1629,1.628,0.2896,APAC,INR,True,True
PERF-00146,CLT0004,HDFC Pension Fund,INE018A01030,LARSEN,Larsen & Toubro Ltd,PORT-033,2024-10-18,YTD,-0.0462,0.1697,NIFTY Infrastructure,-0.2159,2.109,0.0947,APAC,INR,True,True
PERF-00147,CLT0002,Aditya Birla Capital,INE038A01020,HINDALCO,Hindalco Industries Ltd,PORT-049,2025-01-28,YTD,-0.0095,0.025,NIFTY Metal,-0.0345,0.837,0.1382,APAC,INR,True,True
PERF-00148,CLT0005,Kotak Mahindra AMC,INE414G01012,ADANIENT,Adani Enterprises Ltd,PORT-035,2024-06-05,1D,0.0341,0.1743,NIFTY 500,-0.1402,0.22,0.1512,APAC,INR,True,True
PERF-00149,CLT0010,Abu Dhabi Investment Auth,INE075A01022,WIPRO,Wipro Ltd,PORT-019,2025-03-09,1W,0.0856,-0.0534,NIFTY IT,0.139,0.311,0.1475,EMEA,INR,True,True
PERF-00150,CLT0009,Emirates NBD Asset Mgmt,INE361B01024,HCLTECH,HCL Technologies Ltd,PORT-015,2024-06-08,1Y,-0.0639,0.0776,NIFTY IT,-0.1415,2.401,0.3309,EMEA,INR,True,True
PERF-00151,CLT0007,ICICI Prudential AMC,INE002A01018,RELIANCE,Reliance Industries Ltd,PORT-010,2024-12-24,1W,-0.092,0.0267,NIFTY Energy,-0.1187,1.671,0.2299,APAC,INR,True,True
PERF-00152,CLT0015,Norges Bank Investment Mgmt,INE020B01018,NTPC,NTPC Ltd,PORT-023,2024-12-23,YTD,0.148,0.1062,NIFTY Infrastructure,0.0418,0.397,0.158,EMEA,INR,True,True
PERF-00153,CLT0014,Temasek Holdings,INE002A01018,RELIANCE,Reliance Industries Ltd,PORT-035,2024-04-08,3M,0.1155,0.0947,NIFTY Energy,0.0208,1.265,0.2976,APAC,INR,True,True
PERF-00154,CLT0008,Nippon India MF,INE075A01022,WIPRO,Wipro Ltd,PORT-008,2024-11-01,YTD,0.1805,0.1631,NIFTY IT,0.0174,1.709,0.2318,APAC,INR,True,True
PERF-00155,CLT0015,Norges Bank Investment Mgmt,INE001A01036,SBIN,State Bank of India,PORT-032,2024-05-25,1D,0.0579,0.1964,NIFTY Bank,-0.1385,1.481,0.2681,EMEA,INR,True,True
PERF-00156,CLT0010,Abu Dhabi Investment Auth,INE467B01029,TCS,Tata Consultancy Services,PORT-026,2025-01-18,1M,0.0849,-0.0668,NIFTY IT,0.1517,0.586,0.1836,EMEA,INR,True,True
PERF-00157,CLT0002,Aditya Birla Capital,INE467B01029,TCS,Tata Consultancy Services,PORT-047,2024-10-04,YTD,0.051,-0.015,NIFTY IT,0.066,-0.093,0.1267,APAC,INR,True,True
PERF-00158,CLT0009,Emirates NBD Asset Mgmt,INE002A01018,RELIANCE,Reliance Industries Ltd,PORT-025,2024-03-31,1D,0.2372,-0.0736,NIFTY Energy,0.3108,1.151,0.093,EMEA,INR,True,True
PERF-00159,CLT0003,SBI Life Insurance,INE361B01024,HCLTECH,HCL Technologies Ltd,PORT-047,2024-12-15,1W,0.115,-0.0225,NIFTY IT,0.1375,2.835,0.3419,APAC,INR,True,True
PERF-00160,CLT0014,Temasek Holdings,INE038A01020,HINDALCO,Hindalco Industries Ltd,PORT-012,2024-01-15,6M,-0.0441,-0.0022,NIFTY Metal,-0.0419,2.535,0.2324,APAC,INR,True,True
PERF-00161,CLT0002,Aditya Birla Capital,INE075A01022,WIPRO,Wipro Ltd,PORT-049,2024-11-21,1Y,0.1808,0.1974,NIFTY IT,-0.0166,2.691,0.2932,APAC,INR,False,True
PERF-00162,CLT0013,GIC Private Ltd Singapore,INE213A01029,MARUTI,Maruti Suzuki India Ltd,PORT-033,2025-01-06,1W,0.1475,0.0175,NIFTY Auto,0.13,2.242,0.1908,APAC,INR,True,True
PERF-00163,CLT0012,Vanguard Emerging Markets,INE040A01034,HDFCBANK,HDFC Bank Ltd,PORT-045,2024-03-24,1W,-0.0729,0.0359,NIFTY Bank,-0.1088,0.77,0.163,Americas,INR,True,True
PERF-00164,CLT0012,Vanguard Emerging Markets,INE467B01029,TCS,Tata Consultancy Services,PORT-024,2025-05-04,6M,-0.0951,0.1783,NIFTY IT,-0.2734,-0.081,0.1221,Americas,INR,True,True
PERF-00165,CLT0011,BlackRock India Fund,INE018A01030,LARSEN,Larsen & Toubro Ltd,PORT-006,2024-12-03,6M,0.0278,0.1959,NIFTY Infrastructure,-0.1681,2.278,0.3487,Americas,INR,True,True
PERF-00166,CLT0011,BlackRock India Fund,INE213A01029,MARUTI,Maruti Suzuki India Ltd,PORT-024,2024-04-03,1M,0.1309,0.0123,NIFTY Auto,0.1186,1.272,0.1898,Americas,INR,True,True
PERF-00167,CLT0010,Abu Dhabi Investment Auth,INE066A01021,ONGC,Oil & Natural Gas Corp,PORT-033,2024-02-02,YTD,0.166,0.0705,NIFTY Energy,0.0955,1.311,0.1443,EMEA,INR,False,True
PERF-00168,CLT0014,Temasek Holdings,INE075A01022,WIPRO,Wipro Ltd,PORT-003,2024-03-27,1W,0.0901,0.0834,NIFTY IT,0.0067,0.777,0.2256,APAC,INR,True,True
PERF-00169,CLT0009,Emirates NBD Asset Mgmt,INE066A01021,ONGC,Oil & Natural Gas Corp,PORT-011,2025-02-18,YTD,-0.0221,-0.0057,NIFTY Energy,-0.0164,-0.367,0.1383,EMEA,INR,False,True
PERF-00170,CLT0015,Norges Bank Investment Mgmt,INE414G01012,ADANIENT,Adani Enterprises Ltd,PORT-012,2024-04-01,6M,0.1861,0.1605,NIFTY 500,0.0256,1.264,0.2567,EMEA,INR,True,True
PERF-00171,CLT0008,Nippon India MF,INE117A01022,BHARTIARTL,Bharti Airtel Ltd,PORT-016,2024-05-02,3M,-0.0506,0.0098,NIFTY Media,-0.0604,-0.4,0.2396,APAC,INR,True,True
PERF-00172,CLT0004,HDFC Pension Fund,INE154A01025,ITC,ITC Ltd,PORT-048,2024-01-27,1M,-0.1486,-0.0777,NIFTY FMCG,-0.0709,2.882,0.1568,APAC,INR,True,True
PERF-00173,CLT0004,HDFC Pension Fund,INE213A01029,MARUTI,Maruti Suzuki India Ltd,PORT-026,2024-03-08,YTD,0.0882,0.0123,NIFTY Auto,0.0759,0.949,0.0712,APAC,INR,True,True
PERF-00174,CLT0011,BlackRock India Fund,INE213A01029,MARUTI,Maruti Suzuki India Ltd,PORT-025,2025-03-09,1W,0.1851,-0.019,NIFTY Auto,0.2041,1.239,0.295,Americas,INR,True,True
PERF-00175,CLT0004,HDFC Pension Fund,INE002A01018,RELIANCE,Reliance Industries Ltd,PORT-043,2024-07-30,1Y,0.0073,0.1867,NIFTY Energy,-0.1794,-0.311,0.1658,APAC,INR,True,True
PERF-00176,CLT0011,BlackRock India Fund,INE467B01029,TCS,Tata Consultancy Services,PORT-002,2024-08-21,1M,-0.0166,0.0508,NIFTY IT,-0.0674,0.292,0.2795,Americas,INR,True,True
PERF-00177,CLT0007,ICICI Prudential AMC,INE361B01024,HCLTECH,HCL Technologies Ltd,PORT-041,2024-06-18,3M,0.0685,-0.0453,NIFTY IT,0.1138,0.866,0.0869,APAC,INR,True,True
PERF-00178,CLT0015,Norges Bank Investment Mgmt,INE090A01021,ICICIBANK,ICICI Bank Ltd,PORT-001,2024-08-01,YTD,-0.1268,-0.0262,NIFTY Bank,-0.1006,0.808,0.2183,EMEA,INR,True,True
PERF-00179,CLT0013,GIC Private Ltd Singapore,INE075A01022,WIPRO,Wipro Ltd,PORT-031,2024-09-27,1D,0.0304,0.1521,NIFTY IT,-0.1217,1.561,0.1308,APAC,INR,True,True
PERF-00180,CLT0008,Nippon India MF,INE031A01017,POWERGRID,Power Grid Corp of India,PORT-039,2024-05-12,3M,-0.0145,0.1535,NIFTY Infrastructure,-0.168,-0.326,0.1302,APAC,INR,True,True
PERF-00181,CLT0001,Tata Investment Corp,INE090A01021,ICICIBANK,ICICI Bank Ltd,PORT-041,2025-02-14,1W,0.2361,0.0418,NIFTY Bank,0.1943,1.882,0.1186,APAC,INR,True,True
PERF-00182,CLT0002,Aditya Birla Capital,INE213A01029,MARUTI,Maruti Suzuki India Ltd,PORT-012,2024-02-19,YTD,-0.0201,0.1539,NIFTY Auto,-0.174,2.579,0.2388,APAC,INR,True,True
PERF-00183,CLT0009,Emirates NBD Asset Mgmt,INE414G01012,ADANIENT,Adani Enterprises Ltd,PORT-036,2025-02-17,1D,0.1218,-0.0446,NIFTY 500,0.1664,-0.099,0.3274,EMEA,INR,False,True
PERF-00184,CLT0010,Abu Dhabi Investment Auth,INE585B01010,AXISBANK,Axis Bank Ltd,PORT-040,2024-06-28,1M,-0.0738,-0.0776,NIFTY Bank,0.0038,1.724,0.3017,EMEA,INR,True,True
PERF-00185,CLT0003,SBI Life Insurance,INE154A01025,ITC,ITC Ltd,PORT-050,2025-03-29,1D,0.1522,0.16,NIFTY FMCG,-0.0078,2.41,0.2152,APAC,INR,True,True
PERF-00186,CLT0013,GIC Private Ltd Singapore,INE020B01018,NTPC,NTPC Ltd,PORT-050,2024-02-08,3M,0.2117,0.1577,NIFTY Infrastructure,0.054,0.841,0.1903,APAC,INR,True,True
PERF-00187,CLT0015,Norges Bank Investment Mgmt,INE361B01024,HCLTECH,HCL Technologies Ltd,PORT-022,2024-02-01,1Y,0.0036,-0.097,NIFTY IT,0.1006,,0.3128,EMEA,INR,True,False
PERF-00188,CLT0001,Tata Investment Corp,INE721A01013,SUNPHARMA,Sun Pharmaceutical Ltd,PORT-047,2024-06-30,1M,-0.1118,0.0621,NIFTY Pharma,-0.1739,-0.423,0.2593,APAC,INR,True,True
PERF-00189,CLT0012,Vanguard Emerging Markets,INE721A01013,SUNPHARMA,Sun Pharmaceutical Ltd,PORT-034,2024-05-23,6M,-0.1337,0.0861,NIFTY Pharma,-0.2198,2.608,0.2952,Americas,INR,True,True
PERF-00190,CLT0008,Nippon India MF,INE467B01029,TCS,Tata Consultancy Services,PORT-023,2024-04-07,1Y,0.1455,0.1593,NIFTY IT,-0.0138,0.754,0.0965,APAC,INR,True,True
PERF-00191,CLT0002,Aditya Birla Capital,INE009A01021,INFY,Infosys Ltd,PORT-007,2024-05-07,1W,0.2226,-0.0763,NIFTY IT,0.2989,0.952,0.2147,APAC,INR,True,True
PERF-00192,CLT0006,LIC of India,INE117A01022,BHARTIARTL,Bharti Airtel Ltd,PORT-031,2024-10-03,1W,0.1283,-0.0016,NIFTY Media,0.1299,1.379,0.3049,APAC,INR,True,True
PERF-00193,CLT0007,ICICI Prudential AMC,INE018A01030,LARSEN,Larsen & Toubro Ltd,PORT-027,2025-02-07,6M,,-0.0028,NIFTY Infrastructure,,,0.1305,APAC,INR,True,False
PERF-00194,CLT0011,BlackRock India Fund,INE038A01020,HINDALCO,Hindalco Industries Ltd,PORT-014,2025-03-10,1D,-0.0405,-0.0845,NIFTY Metal,0.044,1.668,0.1975,Americas,INR,True,True
PERF-00195,CLT0006,LIC of India,INE213A01029,MARUTI,Maruti Suzuki India Ltd,PORT-048,2024-10-16,1M,-0.1085,0.1897,NIFTY Auto,-0.2982,2.547,0.2956,APAC,INR,False,True
PERF-00196,CLT0005,Kotak Mahindra AMC,INE018A01030,LARSEN,Larsen & Toubro Ltd,PORT-020,2024-11-11,1M,-0.0629,0.0389,NIFTY Infrastructure,-0.1018,1.091,0.2992,APAC,INR,True,True
PERF-00197,CLT0011,BlackRock India Fund,INE018A01030,LARSEN,Larsen & Toubro Ltd,PORT-015,2025-01-03,1D,-0.1252,0.1417,NIFTY Infrastructure,-0.2669,1.181,0.3126,Americas,INR,True,True
PERF-00198,CLT0011,BlackRock India Fund,INE721A01013,SUNPHARMA,Sun Pharmaceutical Ltd,PORT-044,2024-07-16,1W,,0.1762,NIFTY Pharma,,,0.2168,Americas,INR,True,False
PERF-00199,CLT0002,Aditya Birla Capital,INE009A01021,INFY,Infosys Ltd,PORT-005,2024-09-16,1D,-0.05,0.0226,NIFTY IT,-0.0726,1.287,0.2855,APAC,INR,False,True
PERF-00200,CLT0009,Emirates NBD Asset Mgmt,INE018A01030,LARSEN,Larsen & Toubro Ltd,PORT-004,2024-02-19,1D,0.128,0.1267,NIFTY Infrastructure,0.0013,-0.112,0.1355,EMEA,INR,True,True
PERF-00201,CLT0005,Kotak Mahindra AMC,INE090A01021,ICICIBANK,ICICI Bank Ltd,PORT-015,2024-12-23,YTD,0.165,-0.0234,NIFTY Bank,0.1884,2.97,0.2521,APAC,INR,True,True
PERF-00202,CLT0003,SBI Life Insurance,INE020B01018,NTPC,NTPC Ltd,PORT-044,2024-02-15,YTD,0.2393,0.1731,NIFTY Infrastructure,0.0662,,0.1495,APAC,INR,False,False
PERF-00203,CLT0001,Tata Investment Corp,INE009A01021,INFY,Infosys Ltd,PORT-009,2024-10-17,3M,-0.041,0.1179,NIFTY IT,-0.1589,0.738,0.2769,APAC,INR,True,True
PERF-00204,CLT0002,Aditya Birla Capital,INE154A01025,ITC,ITC Ltd,PORT-012,2024-07-27,1Y,-0.0134,-0.0734,NIFTY FMCG,0.06,2.573,0.0533,APAC,INR,True,True
PERF-00205,CLT0009,Emirates NBD Asset Mgmt,INE361B01024,HCLTECH,HCL Technologies Ltd,PORT-042,2024-10-04,3M,0.1495,0.0958,NIFTY IT,0.0537,0.544,0.2862,EMEA,INR,True,True
PERF-00206,CLT0015,Norges Bank Investment Mgmt,INE414G01012,ADANIENT,Adani Enterprises Ltd,PORT-028,2024-08-15,YTD,-0.0838,-0.0464,NIFTY 500,-0.0374,1.528,0.2675,EMEA,INR,True,True
PERF-00207,CLT0010,Abu Dhabi Investment Auth,INE090A01021,ICICIBANK,ICICI Bank Ltd,PORT-003,2024-04-28,1Y,-0.008,0.0609,NIFTY Bank,-0.0689,2.76,0.1102,EMEA,INR,True,False
PERF-00208,CLT0010,Abu Dhabi Investment Auth,INE009A01021,INFY,Infosys Ltd,PORT-031,2024-12-11,3M,0.2424,0.1167,NIFTY IT,0.1257,0.365,0.0792,EMEA,INR,True,True
PERF-00209,CLT0012,Vanguard Emerging Markets,INE001A01036,SBIN,State Bank of India,PORT-038,2025-02-19,1W,-0.0727,0.0364,NIFTY Bank,-0.1091,0.229,0.3318,Americas,INR,True,True
PERF-00210,CLT0011,BlackRock India Fund,INE066A01021,ONGC,Oil & Natural Gas Corp,PORT-002,2024-02-04,3M,,0.0724,NIFTY Energy,,,0.1294,Americas,INR,True,False
PERF-00211,CLT0003,SBI Life Insurance,INE020B01018,NTPC,NTPC Ltd,PORT-034,2024-04-26,6M,0.0851,0.1318,NIFTY Infrastructure,-0.0467,2.905,0.0812,APAC,INR,False,True
PERF-00212,CLT0002,Aditya Birla Capital,INE154A01025,ITC,ITC Ltd,PORT-050,2025-01-22,YTD,0.2227,0.1252,NIFTY FMCG,0.0975,1.886,0.1472,APAC,INR,False,True
PERF-00213,CLT0015,Norges Bank Investment Mgmt,INE031A01017,POWERGRID,Power Grid Corp of India,PORT-044,2024-07-05,3M,0.2068,0.0606,NIFTY Infrastructure,0.1462,2.979,0.0635,EMEA,INR,True,True
PERF-00214,CLT0012,Vanguard Emerging Markets,INE585B01010,AXISBANK,Axis Bank Ltd,PORT-027,2024-08-12,3M,0.2136,0.0219,NIFTY Bank,0.1917,2.003,0.0893,Americas,INR,True,True
PERF-00215,CLT0010,Abu Dhabi Investment Auth,INE090A01021,ICICIBANK,ICICI Bank Ltd,PORT-001,2024-07-19,1W,0.0028,0.1699,NIFTY Bank,-0.1671,1.417,0.1909,EMEA,INR,False,True
PERF-00216,CLT0014,Temasek Holdings,INE020B01018,NTPC,NTPC Ltd,PORT-010,2024-03-06,1D,-0.0663,-0.0915,NIFTY Infrastructure,0.0252,0.911,0.3025,APAC,INR,False,True
PERF-00217,CLT0003,SBI Life Insurance,INE213A01029,MARUTI,Maruti Suzuki India Ltd,PORT-050,2024-11-04,1Y,0.0038,0.1691,NIFTY Auto,-0.1653,0.135,0.1187,APAC,INR,True,True
PERF-00218,CLT0014,Temasek Holdings,INE031A01017,POWERGRID,Power Grid Corp of India,PORT-021,2024-01-31,1Y,0.1115,-0.0203,NIFTY Infrastructure,0.1318,1.902,0.1372,APAC,INR,True,True
PERF-00219,CLT0009,Emirates NBD Asset Mgmt,INE117A01022,BHARTIARTL,Bharti Airtel Ltd,PORT-039,2024-09-26,YTD,0.0797,0.1812,NIFTY Media,-0.1015,2.557,0.3452,EMEA,INR,True,True
PERF-00220,CLT0011,BlackRock India Fund,INE009A01021,INFY,Infosys Ltd,PORT-018,2025-02-27,1M,0.1751,-0.0312,NIFTY IT,0.2063,-0.057,0.1935,Americas,INR,True,True
PERF-00221,CLT0005,Kotak Mahindra AMC,INE296A01024,BAJFINANCE,Bajaj Finance Ltd,PORT-023,2025-05-05,1Y,0.1264,0.1337,NIFTY Financial Services,-0.0073,-0.451,0.1437,APAC,INR,True,True
PERF-00222,CLT0014,Temasek Holdings,INE002A01018,RELIANCE,Reliance Industries Ltd,PORT-019,2025-02-01,1D,-0.0263,0.1298,NIFTY Energy,-0.1561,0.917,0.1147,APAC,INR,True,True
PERF-00223,CLT0013,GIC Private Ltd Singapore,INE117A01022,BHARTIARTL,Bharti Airtel Ltd,PORT-004,2025-01-20,1W,-0.0349,-0.0714,NIFTY Media,0.0365,,0.1157,APAC,INR,True,False
PERF-00224,CLT0014,Temasek Holdings,INE090A01021,ICICIBANK,ICICI Bank Ltd,PORT-048,2025-03-27,1D,0.0263,0.1394,NIFTY Bank,-0.1131,0.99,0.3121,APAC,INR,True,True
PERF-00225,CLT0014,Temasek Holdings,INE066A01021,ONGC,Oil & Natural Gas Corp,PORT-050,2024-12-11,1M,0.1528,-0.0922,NIFTY Energy,0.245,0.966,0.3275,APAC,INR,True,True
PERF-00226,CLT0011,BlackRock India Fund,INE361B01024,HCLTECH,HCL Technologies Ltd,PORT-033,2024-10-24,6M,-0.1113,0.0494,NIFTY IT,-0.1607,-0.459,0.293,Americas,INR,True,True
PERF-00227,CLT0008,Nippon India MF,INE040A01034,HDFCBANK,HDFC Bank Ltd,PORT-045,2024-06-17,3M,-0.056,0.1885,NIFTY Bank,-0.2445,2.549,0.0938,APAC,INR,True,True
PERF-00228,CLT0007,ICICI Prudential AMC,INE018A01030,LARSEN,Larsen & Toubro Ltd,PORT-018,2025-01-31,6M,0.2473,0.0175,NIFTY Infrastructure,0.2298,0.603,0.3082,APAC,INR,True,True
PERF-00229,CLT0001,Tata Investment Corp,INE213A01029,MARUTI,Maruti Suzuki India Ltd,PORT-024,2024-02-15,YTD,,0.1144,NIFTY Auto,,,0.2166,APAC,INR,True,False
PERF-00230,CLT0002,Aditya Birla Capital,INE031A01017,POWERGRID,Power Grid Corp of India,PORT-032,2024-12-30,YTD,-0.0335,0.0167,NIFTY Infrastructure,-0.0502,,0.3031,APAC,INR,True,False
PERF-00231,CLT0003,SBI Life Insurance,INE467B01029,TCS,Tata Consultancy Services,PORT-010,2024-08-13,3M,-0.1239,0.0808,NIFTY IT,-0.2047,-0.175,0.0868,APAC,INR,True,True
PERF-00232,CLT0011,BlackRock India Fund,INE040A01034,HDFCBANK,HDFC Bank Ltd,PORT-048,2024-10-26,YTD,0.0221,-0.0279,NIFTY Bank,0.05,1.161,0.3146,Americas,INR,False,True
PERF-00233,CLT0005,Kotak Mahindra AMC,INE213A01029,MARUTI,Maruti Suzuki India Ltd,PORT-006,2024-10-04,1W,0.1109,-0.0055,NIFTY Auto,0.1164,0.266,0.2498,APAC,INR,True,True
PERF-00234,CLT0012,Vanguard Emerging Markets,INE031A01017,POWERGRID,Power Grid Corp of India,PORT-002,2024-07-27,YTD,-0.0665,0.0663,NIFTY Infrastructure,-0.1328,-0.376,0.2541,Americas,INR,False,True
PERF-00235,CLT0015,Norges Bank Investment Mgmt,INE117A01022,BHARTIARTL,Bharti Airtel Ltd,PORT-008,2024-03-14,1Y,0.2414,0.0926,NIFTY Media,0.1488,0.666,0.3358,EMEA,INR,True,True
PERF-00236,CLT0014,Temasek Holdings,INE018A01030,LARSEN,Larsen & Toubro Ltd,PORT-006,2024-12-12,6M,-0.0542,0.0031,NIFTY Infrastructure,-0.0573,1.249,0.164,APAC,INR,False,True
PERF-00237,CLT0005,Kotak Mahindra AMC,INE002A01018,RELIANCE,Reliance Industries Ltd,PORT-003,2025-04-17,3M,0.0214,-0.0723,NIFTY Energy,0.0937,2.891,0.3234,APAC,INR,True,True
PERF-00238,CLT0006,LIC of India,INE031A01017,POWERGRID,Power Grid Corp of India,PORT-034,2025-01-15,6M,0.0529,-0.0796,NIFTY Infrastructure,0.1325,0.209,0.0946,APAC,INR,True,True
PERF-00239,CLT0006,LIC of India,INE213A01029,MARUTI,Maruti Suzuki India Ltd,PORT-020,2024-04-08,1M,0.249,0.1973,NIFTY Auto,0.0517,-0.439,0.0731,APAC,INR,True,True
PERF-00240,CLT0009,Emirates NBD Asset Mgmt,INE020B01018,NTPC,NTPC Ltd,PORT-020,2024-07-04,YTD,0.1999,0.1882,NIFTY Infrastructure,0.0117,1.996,0.1654,EMEA,INR,True,True
PERF-00241,CLT0002,Aditya Birla Capital,INE001A01036,SBIN,State Bank of India,PORT-025,2024-05-25,1D,-0.0836,0.0982,NIFTY Bank,-0.1818,2.875,0.326,APAC,INR,False,True
PERF-00242,CLT0003,SBI Life Insurance,INE009A01021,INFY,Infosys Ltd,PORT-010,2024-06-08,1D,-0.1246,0.1444,NIFTY IT,-0.269,2.28,0.2871,APAC,INR,True,True
PERF-00243,CLT0009,Emirates NBD Asset Mgmt,INE296A01024,BAJFINANCE,Bajaj Finance Ltd,PORT-016,2024-08-20,1Y,-0.0673,-0.0865,NIFTY Financial Services,0.0192,0.059,0.3293,EMEA,INR,True,True
PERF-00244,CLT0010,Abu Dhabi Investment Auth,INE414G01012,ADANIENT,Adani Enterprises Ltd,PORT-030,2025-02-04,1Y,0.2357,0.0076,NIFTY 500,0.2281,2.893,0.1602,EMEA,INR,False,True
PERF-00245,CLT0011,BlackRock India Fund,INE721A01013,SUNPHARMA,Sun Pharmaceutical Ltd,PORT-009,2024-02-22,1D,-0.1413,0.0771,NIFTY Pharma,-0.2184,1.176,0.3405,Americas,INR,True,True
PERF-00246,CLT0012,Vanguard Emerging Markets,INE090A01021,ICICIBANK,ICICI Bank Ltd,PORT-045,2024-01-04,1D,-0.0728,0.0156,NIFTY Bank,-0.0884,0.177,0.121,Americas,INR,True,True
PERF-00247,CLT0009,Emirates NBD Asset Mgmt,INE031A01017,POWERGRID,Power Grid Corp of India,PORT-010,2025-03-18,1Y,0.2043,-0.0237,NIFTY Infrastructure,0.228,2.711,0.2968,EMEA,INR,True,True
PERF-00248,CLT0012,Vanguard Emerging Markets,INE018A01030,LARSEN,Larsen & Toubro Ltd,PORT-005,2024-05-10,1M,0.1737,-0.0493,NIFTY Infrastructure,0.223,-0.181,0.1205,Americas,INR,True,True
PERF-00249,CLT0003,SBI Life Insurance,INE296A01024,BAJFINANCE,Bajaj Finance Ltd,PORT-007,2024-06-28,1W,0.2024,0.0584,NIFTY Financial Services,0.144,0.239,0.1069,APAC,INR,True,True
PERF-00250,CLT0006,LIC of India,INE002A01018,RELIANCE,Reliance Industries Ltd,PORT-007,2024-08-06,1D,-0.1102,0.1688,NIFTY Energy,-0.279,-0.067,0.2469,APAC,INR,True,True
PERF-00251,CLT0004,HDFC Pension Fund,INE154A01025,ITC,ITC Ltd,PORT-045,2024-12-22,6M,0.2441,0.1493,NIFTY FMCG,0.0948,-0.311,0.1041,APAC,INR,False,True
PERF-00252,CLT0012,Vanguard Emerging Markets,INE296A01024,BAJFINANCE,Bajaj Finance Ltd,PORT-010,2025-03-20,1D,-0.0018,0.0896,NIFTY Financial Services,-0.0914,2.348,0.073,Americas,INR,True,True
PERF-00253,CLT0010,Abu Dhabi Investment Auth,INE002A01018,RELIANCE,Reliance Industries Ltd,PORT-038,2024-10-08,6M,-0.0636,0.1193,NIFTY Energy,-0.1829,0.246,0.1157,EMEA,INR,True,True
PERF-00254,CLT0004,HDFC Pension Fund,INE009A01021,INFY,Infosys Ltd,PORT-039,2024-09-21,6M,0.1722,0.0814,NIFTY IT,0.0908,2.795,0.2935,APAC,INR,True,True
PERF-00255,CLT0003,SBI Life Insurance,INE002A01018,RELIANCE,Reliance Industries Ltd,PORT-036,2024-01-10,6M,0.1934,0.1468,NIFTY Energy,0.0466,0.925,0.326,APAC,INR,True,True
PERF-00256,CLT0009,Emirates NBD Asset Mgmt,INE467B01029,TCS,Tata Consultancy Services,PORT-042,2024-03-02,YTD,-0.0436,-0.0388,NIFTY IT,-0.0048,2.984,0.2058,EMEA,INR,True,True
PERF-00257,CLT0004,HDFC Pension Fund,INE361B01024,HCLTECH,HCL Technologies Ltd,PORT-024,2025-03-28,6M,0.227,0.0516,NIFTY IT,0.1754,1.336,0.2821,APAC,INR,True,True
PERF-00258,CLT0007,ICICI Prudential AMC,INE031A01017,POWERGRID,Power Grid Corp of India,PORT-004,2024-09-13,1W,-0.1355,0.0224,NIFTY Infrastructure,-0.1579,0.478,0.1756,APAC,INR,True,True
PERF-00259,CLT0011,BlackRock India Fund,INE296A01024,BAJFINANCE,Bajaj Finance Ltd,PORT-047,2024-06-25,3M,0.224,0.0589,NIFTY Financial Services,0.1651,0.451,0.132,Americas,INR,True,True
PERF-00260,CLT0003,SBI Life Insurance,INE031A01017,POWERGRID,Power Grid Corp of India,PORT-003,2024-12-17,YTD,0.159,-0.0912,NIFTY Infrastructure,0.2502,1.196,0.1618,APAC,INR,False,True
PERF-00261,CLT0015,Norges Bank Investment Mgmt,INE154A01025,ITC,ITC Ltd,PORT-006,2025-04-04,1M,0.1062,0.0663,NIFTY FMCG,0.0399,1.123,0.2123,EMEA,INR,True,True
PERF-00262,CLT0014,Temasek Holdings,INE296A01024,BAJFINANCE,Bajaj Finance Ltd,PORT-022,2024-07-24,6M,-0.0739,0.1019,NIFTY Financial Services,-0.1758,0.871,0.2794,APAC,INR,True,True
PERF-00263,CLT0012,Vanguard Emerging Markets,INE038A01020,HINDALCO,Hindalco Industries Ltd,PORT-018,2025-04-30,6M,-0.1073,-0.0838,NIFTY Metal,-0.0235,2.476,0.3163,Americas,INR,False,True
PERF-00264,CLT0004,HDFC Pension Fund,INE001A01036,SBIN,State Bank of India,PORT-042,2024-08-03,YTD,0.0319,0.1451,NIFTY Bank,-0.1132,0.103,0.175,APAC,INR,True,True
PERF-00265,CLT0011,BlackRock India Fund,INE066A01021,ONGC,Oil & Natural Gas Corp,PORT-031,2024-08-15,1M,-0.1267,0.1009,NIFTY Energy,-0.2276,2.932,0.3149,Americas,INR,True,False
PERF-00266,CLT0012,Vanguard Emerging Markets,INE009A01021,INFY,Infosys Ltd,PORT-043,2024-05-29,1M,-0.0276,0.0272,NIFTY IT,-0.0548,2.77,0.0676,Americas,INR,True,True
PERF-00267,CLT0008,Nippon India MF,INE066A01021,ONGC,Oil & Natural Gas Corp,PORT-017,2024-03-03,YTD,-0.1303,-0.087,NIFTY Energy,-0.0433,-0.45,0.1028,APAC,INR,True,True
PERF-00268,CLT0015,Norges Bank Investment Mgmt,INE001A01036,SBIN,State Bank of India,PORT-023,2025-03-05,6M,0.216,0.0253,NIFTY Bank,0.1907,0.672,0.1556,EMEA,INR,True,True
PERF-00269,CLT0013,GIC Private Ltd Singapore,INE031A01017,POWERGRID,Power Grid Corp of India,PORT-019,2025-02-14,1W,0.2417,-0.0931,NIFTY Infrastructure,0.3348,1.022,0.2906,APAC,INR,True,True
PERF-00270,CLT0013,GIC Private Ltd Singapore,INE038A01020,HINDALCO,Hindalco Industries Ltd,PORT-026,2025-05-18,1Y,-0.0349,0.0973,NIFTY Metal,-0.1322,2.168,0.2099,APAC,INR,True,True
PERF-00271,CLT0008,Nippon India MF,INE001A01036,SBIN,State Bank of India,PORT-028,2025-01-17,1Y,-0.0235,0.0208,NIFTY Bank,-0.0443,0.248,0.1801,APAC,INR,True,True
PERF-00272,CLT0011,BlackRock India Fund,INE002A01018,RELIANCE,Reliance Industries Ltd,PORT-015,2024-01-19,1Y,0.2145,0.0743,NIFTY Energy,0.1402,2.252,0.1162,Americas,INR,True,True
PERF-00273,CLT0012,Vanguard Emerging Markets,INE018A01030,LARSEN,Larsen & Toubro Ltd,PORT-029,2025-03-16,YTD,0.1553,0.0395,NIFTY Infrastructure,0.1158,2.825,0.1145,Americas,INR,True,True
PERF-00274,CLT0010,Abu Dhabi Investment Auth,INE002A01018,RELIANCE,Reliance Industries Ltd,PORT-002,2024-12-27,1D,0.1228,-0.0839,NIFTY Energy,0.2067,1.932,0.2516,EMEA,INR,True,True
PERF-00275,CLT0014,Temasek Holdings,INE296A01024,BAJFINANCE,Bajaj Finance Ltd,PORT-015,2025-05-13,1Y,0.2277,-0.0127,NIFTY Financial Services,0.2404,-0.188,0.28,APAC,INR,True,True
PERF-00276,CLT0012,Vanguard Emerging Markets,INE020B01018,NTPC,NTPC Ltd,PORT-033,2024-05-27,6M,0.099,0.0267,NIFTY Infrastructure,0.0723,0.747,0.2735,Americas,INR,True,True
PERF-00277,CLT0007,ICICI Prudential AMC,INE154A01025,ITC,ITC Ltd,PORT-048,2025-04-02,6M,-0.1003,0.1036,NIFTY FMCG,-0.2039,2.456,0.3402,APAC,INR,True,True
PERF-00278,CLT0015,Norges Bank Investment Mgmt,INE296A01024,BAJFINANCE,Bajaj Finance Ltd,PORT-034,2024-03-27,YTD,-0.0668,-0.0749,NIFTY Financial Services,0.0081,1.972,0.325,EMEA,INR,True,True
PERF-00279,CLT0012,Vanguard Emerging Markets,INE038A01020,HINDALCO,Hindalco Industries Ltd,PORT-019,2024-10-07,1W,,-0.0577,NIFTY Metal,,,0.0556,Americas,INR,True,False
PERF-00280,CLT0009,Emirates NBD Asset Mgmt,INE009A01021,INFY,Infosys Ltd,PORT-026,2024-08-02,1W,0.007,0.0532,NIFTY IT,-0.0462,2.101,0.0639,EMEA,INR,True,True
PERF-00281,CLT0002,Aditya Birla Capital,INE361B01024,HCLTECH,HCL Technologies Ltd,PORT-017,2024-05-24,1D,0.0761,0.1432,NIFTY IT,-0.0671,1.424,0.0724,APAC,INR,True,True
PERF-00282,CLT0008,Nippon India MF,INE154A01025,ITC,ITC Ltd,PORT-007,2024-02-10,YTD,0.1087,0.1863,NIFTY FMCG,-0.0776,0.177,0.083,APAC,INR,True,True
PERF-00283,CLT0012,Vanguard Emerging Markets,INE075A01022,WIPRO,Wipro Ltd,PORT-015,2024-10-02,1M,0.0741,-0.0579,NIFTY IT,0.132,0.235,0.2289,Americas,INR,True,True
PERF-00284,CLT0008,Nippon India MF,INE066A01021,ONGC,Oil & Natural Gas Corp,PORT-026,2025-01-10,1Y,-0.1082,0.1394,NIFTY Energy,-0.2476,1.381,0.1091,APAC,INR,False,True
PERF-00285,CLT0004,HDFC Pension Fund,INE020B01018,NTPC,NTPC Ltd,PORT-045,2025-03-04,YTD,0.0367,-0.0001,NIFTY Infrastructure,0.0368,1.065,0.1845,APAC,INR,False,True
PERF-00286,CLT0010,Abu Dhabi Investment Auth,INE414G01012,ADANIENT,Adani Enterprises Ltd,PORT-039,2025-04-17,6M,-0.0692,0.1628,NIFTY 500,-0.232,-0.409,0.0722,EMEA,INR,True,True
PERF-00287,CLT0008,Nippon India MF,INE213A01029,MARUTI,Maruti Suzuki India Ltd,PORT-023,2024-09-19,1M,-0.1087,-0.0565,NIFTY Auto,-0.0522,2.78,0.2789,APAC,INR,True,True
PERF-00288,CLT0004,HDFC Pension Fund,INE414G01012,ADANIENT,Adani Enterprises Ltd,PORT-002,2024-10-28,1M,0.1234,0.0355,NIFTY 500,0.0879,1.873,0.1251,APAC,INR,True,True
PERF-00289,CLT0009,Emirates NBD Asset Mgmt,INE361B01024,HCLTECH,HCL Technologies Ltd,PORT-010,2025-04-07,1W,0.0155,-0.035,NIFTY IT,0.0505,0.788,0.2756,EMEA,INR,False,True
PERF-00290,CLT0007,ICICI Prudential AMC,INE040A01034,HDFCBANK,HDFC Bank Ltd,PORT-049,2024-05-04,1M,-0.099,0.0517,NIFTY Bank,-0.1507,2.799,0.2659,APAC,INR,True,True
PERF-00291,CLT0014,Temasek Holdings,INE040A01034,HDFCBANK,HDFC Bank Ltd,PORT-044,2024-01-08,6M,,-0.0796,NIFTY Bank,,,0.223,APAC,INR,True,False
PERF-00292,CLT0009,Emirates NBD Asset Mgmt,INE038A01020,HINDALCO,Hindalco Industries Ltd,PORT-037,2024-06-19,3M,0.0336,0.113,NIFTY Metal,-0.0794,,0.265,EMEA,INR,False,False
PERF-00293,CLT0011,BlackRock India Fund,INE117A01022,BHARTIARTL,Bharti Airtel Ltd,PORT-012,2024-08-14,3M,0.0789,0.1468,NIFTY Media,-0.0679,2.732,0.2519,Americas,INR,True,True
PERF-00294,CLT0014,Temasek Holdings,INE040A01034,HDFCBANK,HDFC Bank Ltd,PORT-039,2025-02-02,1D,0.1316,0.1699,NIFTY Bank,-0.0383,2.001,0.2201,APAC,INR,True,True
PERF-00295,CLT0010,Abu Dhabi Investment Auth,INE361B01024,HCLTECH,HCL Technologies Ltd,PORT-047,2024-11-18,6M,-0.0768,-0.0951,NIFTY IT,0.0183,1.29,0.1204,EMEA,INR,False,True
PERF-00296,CLT0009,Emirates NBD Asset Mgmt,INE585B01010,AXISBANK,Axis Bank Ltd,PORT-026,2024-02-06,1W,0.2019,-0.0676,NIFTY Bank,0.2695,0.482,0.2021,EMEA,INR,True,True
PERF-00297,CLT0006,LIC of India,INE018A01030,LARSEN,Larsen & Toubro Ltd,PORT-017,2025-02-08,YTD,0.122,0.1146,NIFTY Infrastructure,0.0074,0.883,0.1358,APAC,INR,True,True
PERF-00298,CLT0007,ICICI Prudential AMC,INE001A01036,SBIN,State Bank of India,PORT-010,2024-12-19,1Y,0.2041,0.1182,NIFTY Bank,0.0859,2.703,0.1487,APAC,INR,True,True
PERF-00299,CLT0008,Nippon India MF,INE117A01022,BHARTIARTL,Bharti Airtel Ltd,PORT-033,2025-01-12,YTD,0.059,0.0562,NIFTY Media,0.0028,1.445,0.3011,APAC,INR,True,True
PERF-00300,CLT0010,Abu Dhabi Investment Auth,INE066A01021,ONGC,Oil & Natural Gas Corp,PORT-009,2024-06-18,6M,,-0.0139,NIFTY Energy,,,0.3484,EMEA,INR,True,False
PERF-00301,CLT0005,Kotak Mahindra AMC,INE585B01010,AXISBANK,Axis Bank Ltd,PORT-007,2025-02-12,1M,0.2482,0.0985,NIFTY Bank,0.1497,2.526,0.3052,APAC,INR,True,True
PERF-00302,CLT0011,BlackRock India Fund,INE038A01020,HINDALCO,Hindalco Industries Ltd,PORT-030,2024-09-20,YTD,-0.1259,-0.0632,NIFTY Metal,-0.0627,2.716,0.248,Americas,INR,True,True
PERF-00303,CLT0009,Emirates NBD Asset Mgmt,INE361B01024,HCLTECH,HCL Technologies Ltd,PORT-037,2025-03-19,3M,-0.0315,-0.0904,NIFTY IT,0.0589,1.624,0.1758,EMEA,INR,True,True
PERF-00304,CLT0011,BlackRock India Fund,INE038A01020,HINDALCO,Hindalco Industries Ltd,PORT-007,2025-03-31,1W,-0.0154,0.0882,NIFTY Metal,-0.1036,2.774,0.0536,Americas,INR,True,True
PERF-00305,CLT0013,GIC Private Ltd Singapore,INE001A01036,SBIN,State Bank of India,PORT-025,2024-10-19,1D,,0.09,NIFTY Bank,,,0.1032,APAC,INR,True,False
PERF-00306,CLT0008,Nippon India MF,INE090A01021,ICICIBANK,ICICI Bank Ltd,PORT-045,2024-11-29,1D,-0.1358,-0.0494,NIFTY Bank,-0.0864,0.329,0.3036,APAC,INR,False,True
PERF-00307,CLT0009,Emirates NBD Asset Mgmt,INE414G01012,ADANIENT,Adani Enterprises Ltd,PORT-001,2025-03-24,6M,0.2052,-0.0821,NIFTY 500,0.2873,1.906,0.1333,EMEA,INR,False,True
PERF-00308,CLT0014,Temasek Holdings,INE031A01017,POWERGRID,Power Grid Corp of India,PORT-003,2024-04-28,3M,0.0741,0.1553,NIFTY Infrastructure,-0.0812,1.696,0.1067,APAC,INR,True,True
PERF-00309,CLT0001,Tata Investment Corp,INE002A01018,RELIANCE,Reliance Industries Ltd,PORT-020,2024-12-18,1M,0.133,0.0591,NIFTY Energy,0.0739,1.885,0.2656,APAC,INR,True,True
PERF-00310,CLT0011,BlackRock India Fund,INE040A01034,HDFCBANK,HDFC Bank Ltd,PORT-043,2024-07-15,YTD,0.1874,-0.1,NIFTY Bank,0.2874,1.201,0.1338,Americas,INR,True,True
PERF-00311,CLT0005,Kotak Mahindra AMC,INE213A01029,MARUTI,Maruti Suzuki India Ltd,PORT-007,2024-01-01,1M,0.1739,0.1644,NIFTY Auto,0.0095,2.44,0.3405,APAC,INR,True,True
PERF-00312,CLT0003,SBI Life Insurance,INE154A01025,ITC,ITC Ltd,PORT-011,2024-03-28,1Y,-0.035,-0.0327,NIFTY FMCG,-0.0023,2.066,0.1618,APAC,INR,True,True
PERF-00313,CLT0004,HDFC Pension Fund,INE154A01025,ITC,ITC Ltd,PORT-049,2024-04-01,YTD,-0.0721,0.1218,NIFTY FMCG,-0.1939,-0.076,0.2207,APAC,INR,True,True
PERF-00314,CLT0015,Norges Bank Investment Mgmt,INE154A01025,ITC,ITC Ltd,PORT-008,2025-01-01,1M,0.0661,0.1779,NIFTY FMCG,-0.1118,2.934,0.1985,EMEA,INR,True,True
PERF-00315,CLT0003,SBI Life Insurance,INE075A01022,WIPRO,Wipro Ltd,PORT-006,2024-02-21,3M,0.1353,0.1345,NIFTY IT,0.0008,2.468,0.0657,APAC,INR,True,True
PERF-00316,CLT0014,Temasek Holdings,INE018A01030,LARSEN,Larsen & Toubro Ltd,PORT-006,2025-03-09,1D,0.0823,-0.0329,NIFTY Infrastructure,0.1152,0.65,0.1938,APAC,INR,True,True
PERF-00317,CLT0014,Temasek Holdings,INE075A01022,WIPRO,Wipro Ltd,PORT-019,2025-03-17,1Y,0.1924,0.0986,NIFTY IT,0.0938,2.527,0.2408,APAC,INR,True,True
PERF-00318,CLT0011,BlackRock India Fund,INE018A01030,LARSEN,Larsen & Toubro Ltd,PORT-030,2024-06-04,6M,0.1251,-0.0634,NIFTY Infrastructure,0.1885,2.259,0.3106,Americas,INR,True,True
PERF-00319,CLT0001,Tata Investment Corp,INE585B01010,AXISBANK,Axis Bank Ltd,PORT-049,2024-12-06,1D,-0.1076,0.1445,NIFTY Bank,-0.2521,-0.122,0.1329,APAC,INR,False,True
PERF-00320,CLT0014,Temasek Holdings,INE467B01029,TCS,Tata Consultancy Services,PORT-019,2024-08-10,1D,0.1263,0.1998,NIFTY IT,-0.0735,2.802,0.0504,APAC,INR,False,False
PERF-00321,CLT0011,BlackRock India Fund,INE721A01013,SUNPHARMA,Sun Pharmaceutical Ltd,PORT-002,2025-05-15,3M,0.2108,0.0679,NIFTY Pharma,0.1429,0.418,0.1544,Americas,INR,False,True
PERF-00322,CLT0011,BlackRock India Fund,INE002A01018,RELIANCE,Reliance Industries Ltd,PORT-032,2024-01-14,1W,0.0965,-0.0435,NIFTY Energy,0.14,1.017,0.1604,Americas,INR,True,True
PERF-00323,CLT0004,HDFC Pension Fund,INE031A01017,POWERGRID,Power Grid Corp of India,PORT-045,2024-11-08,1W,0.0322,0.012,NIFTY Infrastructure,0.0202,-0.32,0.3496,APAC,INR,True,True
PERF-00324,CLT0007,ICICI Prudential AMC,INE066A01021,ONGC,Oil & Natural Gas Corp,PORT-049,2024-12-18,3M,0.1422,0.0857,NIFTY Energy,0.0565,1.056,0.3022,APAC,INR,False,True
PERF-00325,CLT0008,Nippon India MF,INE154A01025,ITC,ITC Ltd,PORT-018,2025-02-22,1Y,0.1731,0.1671,NIFTY FMCG,0.006,-0.434,0.1185,APAC,INR,True,True
PERF-00326,CLT0008,Nippon India MF,INE031A01017,POWERGRID,Power Grid Corp of India,PORT-011,2024-03-07,1M,-0.0215,-0.0394,NIFTY Infrastructure,0.0179,2.203,0.225,APAC,INR,True,True
PERF-00327,CLT0011,BlackRock India Fund,INE414G01012,ADANIENT,Adani Enterprises Ltd,PORT-033,2024-04-11,3M,-0.1435,0.0668,NIFTY 500,-0.2103,2.874,0.302,Americas,INR,True,True
PERF-00328,CLT0003,SBI Life Insurance,INE031A01017,POWERGRID,Power Grid Corp of India,PORT-009,2025-04-27,YTD,0.2226,-0.0818,NIFTY Infrastructure,0.3044,1.931,0.2129,APAC,INR,True,True
PERF-00329,CLT0005,Kotak Mahindra AMC,INE040A01034,HDFCBANK,HDFC Bank Ltd,PORT-025,2024-01-08,YTD,-0.0934,0.1251,NIFTY Bank,-0.2185,2.933,0.247,APAC,INR,True,True
PERF-00330,CLT0002,Aditya Birla Capital,INE040A01034,HDFCBANK,HDFC Bank Ltd,PORT-022,2024-06-12,YTD,0.1687,0.1245,NIFTY Bank,0.0442,1.392,0.2055,APAC,INR,True,True
PERF-00331,CLT0007,ICICI Prudential AMC,INE002A01018,RELIANCE,Reliance Industries Ltd,PORT-035,2024-01-07,1W,-0.0338,0.1486,NIFTY Energy,-0.1824,1.973,0.2148,APAC,INR,True,True
PERF-00332,CLT0001,Tata Investment Corp,INE020B01018,NTPC,NTPC Ltd,PORT-030,2024-06-23,1Y,0.1155,0.0304,NIFTY Infrastructure,0.0851,-0.164,0.1951,APAC,INR,True,True
PERF-00333,CLT0007,ICICI Prudential AMC,INE075A01022,WIPRO,Wipro Ltd,PORT-018,2024-10-15,1M,0.0553,-0.0059,NIFTY IT,0.0612,0.289,0.2133,APAC,INR,True,True
PERF-00334,CLT0010,Abu Dhabi Investment Auth,INE002A01018,RELIANCE,Reliance Industries Ltd,PORT-042,2024-11-22,1W,-0.0947,0.0804,NIFTY Energy,-0.1751,0.233,0.0651,EMEA,INR,True,True
PERF-00335,CLT0009,Emirates NBD Asset Mgmt,INE040A01034,HDFCBANK,HDFC Bank Ltd,PORT-017,2024-06-23,1M,0.125,-0.087,NIFTY Bank,0.212,1.65,0.0529,EMEA,INR,True,True
PERF-00336,CLT0001,Tata Investment Corp,INE090A01021,ICICIBANK,ICICI Bank Ltd,PORT-040,2024-06-23,YTD,0.0648,0.0074,NIFTY Bank,0.0574,0.776,0.2252,APAC,INR,True,True
PERF-00337,CLT0012,Vanguard Emerging Markets,INE090A01021,ICICIBANK,ICICI Bank Ltd,PORT-017,2024-05-04,1M,0.1605,0.1312,NIFTY Bank,0.0293,2.133,0.349,Americas,INR,True,True
PERF-00338,CLT0014,Temasek Holdings,INE721A01013,SUNPHARMA,Sun Pharmaceutical Ltd,PORT-009,2025-03-21,YTD,0.1318,0.1099,NIFTY Pharma,0.0219,1.902,0.2279,APAC,INR,True,True
PERF-00339,CLT0005,Kotak Mahindra AMC,INE066A01021,ONGC,Oil & Natural Gas Corp,PORT-005,2025-04-26,YTD,0.091,-0.0452,NIFTY Energy,0.1362,-0.157,0.1858,APAC,INR,True,True
PERF-00340,CLT0015,Norges Bank Investment Mgmt,INE721A01013,SUNPHARMA,Sun Pharmaceutical Ltd,PORT-012,2025-04-01,YTD,0.0835,0.1711,NIFTY Pharma,-0.0876,1.298,0.0922,EMEA,INR,True,True
PERF-00341,CLT0011,BlackRock India Fund,INE001A01036,SBIN,State Bank of India,PORT-029,2024-09-13,6M,0.2061,0.1969,NIFTY Bank,0.0092,2.39,0.1731,Americas,INR,True,True
PERF-00342,CLT0010,Abu Dhabi Investment Auth,INE090A01021,ICICIBANK,ICICI Bank Ltd,PORT-020,2025-03-15,3M,,0.094,NIFTY Bank,,,0.2094,EMEA,INR,True,False
PERF-00343,CLT0002,Aditya Birla Capital,INE721A01013,SUNPHARMA,Sun Pharmaceutical Ltd,PORT-033,2025-03-27,1Y,0.0237,0.0639,NIFTY Pharma,-0.0402,2.713,0.054,APAC,INR,True,True
PERF-00344,CLT0012,Vanguard Emerging Markets,INE001A01036,SBIN,State Bank of India,PORT-007,2025-03-04,1D,0.0755,-0.0518,NIFTY Bank,0.1273,2.549,0.2012,Americas,INR,True,True
PERF-00345,CLT0007,ICICI Prudential AMC,INE721A01013,SUNPHARMA,Sun Pharmaceutical Ltd,PORT-025,2024-03-22,1M,-0.0521,-0.0684,NIFTY Pharma,0.0163,2.401,0.3015,APAC,INR,True,True
PERF-00346,CLT0014,Temasek Holdings,INE213A01029,MARUTI,Maruti Suzuki India Ltd,PORT-044,2024-04-23,YTD,-0.1498,0.1805,NIFTY Auto,-0.3303,0.177,0.1459,APAC,INR,False,True
PERF-00347,CLT0002,Aditya Birla Capital,INE040A01034,HDFCBANK,HDFC Bank Ltd,PORT-041,2024-06-27,1M,0.0086,-0.0114,NIFTY Bank,0.02,2.43,0.277,APAC,INR,True,True
PERF-00348,CLT0005,Kotak Mahindra AMC,INE031A01017,POWERGRID,Power Grid Corp of India,PORT-029,2025-03-10,1W,-0.1133,0.1795,NIFTY Infrastructure,-0.2928,0.691,0.3365,APAC,INR,True,True
PERF-00349,CLT0004,HDFC Pension Fund,INE038A01020,HINDALCO,Hindalco Industries Ltd,PORT-024,2025-01-04,YTD,0.1218,0.0847,NIFTY Metal,0.0371,1.161,0.1872,APAC,INR,True,True
PERF-00350,CLT0002,Aditya Birla Capital,INE117A01022,BHARTIARTL,Bharti Airtel Ltd,PORT-027,2025-02-17,1Y,0.1777,0.027,NIFTY Media,0.1507,0.876,0.1446,APAC,INR,True,True
PERF-00351,CLT0001,Tata Investment Corp,INE721A01013,SUNPHARMA,Sun Pharmaceutical Ltd,PORT-026,2024-07-22,1D,-0.0649,0.0149,NIFTY Pharma,-0.0798,1.067,0.0753,APAC,INR,True,True
PERF-00352,CLT0008,Nippon India MF,INE213A01029,MARUTI,Maruti Suzuki India Ltd,PORT-012,2024-10-19,1M,0.0061,-0.0324,NIFTY Auto,0.0385,2.62,0.2428,APAC,INR,False,True
PERF-00353,CLT0005,Kotak Mahindra AMC,INE585B01010,AXISBANK,Axis Bank Ltd,PORT-021,2024-05-25,1D,-0.0697,0.0802,NIFTY Bank,-0.1499,0.706,0.1057,APAC,INR,True,True
PERF-00354,CLT0010,Abu Dhabi Investment Auth,INE020B01018,NTPC,NTPC Ltd,PORT-032,2025-01-29,1Y,-0.0362,0.0342,NIFTY Infrastructure,-0.0704,0.255,0.2598,EMEA,INR,True,True
PERF-00355,CLT0002,Aditya Birla Capital,INE040A01034,HDFCBANK,HDFC Bank Ltd,PORT-031,2024-01-28,3M,0.2322,0.1846,NIFTY Bank,0.0476,2.204,0.0635,APAC,INR,True,True
PERF-00356,CLT0001,Tata Investment Corp,INE001A01036,SBIN,State Bank of India,PORT-007,2024-04-14,3M,-0.0187,0.0643,NIFTY Bank,-0.083,1.854,0.2922,APAC,INR,True,True
PERF-00357,CLT0010,Abu Dhabi Investment Auth,INE721A01013,SUNPHARMA,Sun Pharmaceutical Ltd,PORT-041,2025-01-04,1Y,0.2046,0.0883,NIFTY Pharma,0.1163,0.875,0.2034,EMEA,INR,True,True
PERF-00358,CLT0009,Emirates NBD Asset Mgmt,INE721A01013,SUNPHARMA,Sun Pharmaceutical Ltd,PORT-043,2025-02-07,1M,0.1912,0.0129,NIFTY Pharma,0.1783,2.495,0.3205,EMEA,INR,True,True
PERF-00359,CLT0004,HDFC Pension Fund,INE002A01018,RELIANCE,Reliance Industries Ltd,PORT-019,2025-03-12,1W,0.0003,0.1637,NIFTY Energy,-0.1634,1.381,0.1793,APAC,INR,True,True
PERF-00360,CLT0002,Aditya Birla Capital,INE020B01018,NTPC,NTPC Ltd,PORT-015,2025-04-13,3M,0.0987,0.0882,NIFTY Infrastructure,0.0105,0.855,0.3343,APAC,INR,False,True
PERF-00361,CLT0008,Nippon India MF,INE213A01029,MARUTI,Maruti Suzuki India Ltd,PORT-050,2024-04-28,YTD,0.25,-0.0832,NIFTY Auto,0.3332,-0.345,0.1966,APAC,INR,True,True
PERF-00362,CLT0013,GIC Private Ltd Singapore,INE020B01018,NTPC,NTPC Ltd,PORT-046,2024-03-24,3M,0.2208,0.0999,NIFTY Infrastructure,0.1209,0.942,0.3328,APAC,INR,True,True
PERF-00363,CLT0007,ICICI Prudential AMC,INE213A01029,MARUTI,Maruti Suzuki India Ltd,PORT-041,2024-06-29,1D,0.1272,0.123,NIFTY Auto,0.0042,0.958,0.0584,APAC,INR,True,True
PERF-00364,CLT0002,Aditya Birla Capital,INE117A01022,BHARTIARTL,Bharti Airtel Ltd,PORT-013,2025-04-29,1M,0.1354,0.1223,NIFTY Media,0.0131,2.514,0.2246,APAC,INR,True,True
PERF-00365,CLT0012,Vanguard Emerging Markets,INE001A01036,SBIN,State Bank of India,PORT-006,2024-08-17,3M,-0.0803,0.1067,NIFTY Bank,-0.187,1.007,0.2114,Americas,INR,False,True
PERF-00366,CLT0002,Aditya Birla Capital,INE213A01029,MARUTI,Maruti Suzuki India Ltd,PORT-039,2024-06-03,1M,,0.0909,NIFTY Auto,,,0.3255,APAC,INR,True,False
PERF-00367,CLT0009,Emirates NBD Asset Mgmt,INE009A01021,INFY,Infosys Ltd,PORT-001,2024-05-05,1W,,0.0913,NIFTY IT,,,0.2396,EMEA,INR,True,False
PERF-00368,CLT0007,ICICI Prudential AMC,INE066A01021,ONGC,Oil & Natural Gas Corp,PORT-016,2025-01-26,1Y,0.0171,0.045,NIFTY Energy,-0.0279,2.936,0.2508,APAC,INR,True,True
PERF-00369,CLT0002,Aditya Birla Capital,INE001A01036,SBIN,State Bank of India,PORT-026,2024-11-02,6M,0.0642,0.0629,NIFTY Bank,0.0013,0.909,0.1048,APAC,INR,False,True
PERF-00370,CLT0010,Abu Dhabi Investment Auth,INE361B01024,HCLTECH,HCL Technologies Ltd,PORT-013,2024-07-05,1D,0.0167,0.0716,NIFTY IT,-0.0549,,0.3331,EMEA,INR,True,False
PERF-00371,CLT0008,Nippon India MF,INE031A01017,POWERGRID,Power Grid Corp of India,PORT-042,2025-03-23,YTD,-0.0066,0.0155,NIFTY Infrastructure,-0.0221,-0.401,0.1276,APAC,INR,True,True
PERF-00372,CLT0002,Aditya Birla Capital,INE090A01021,ICICIBANK,ICICI Bank Ltd,PORT-044,2025-04-22,1D,0.0055,0.0188,NIFTY Bank,-0.0133,0.204,0.0511,APAC,INR,True,True
PERF-00373,CLT0009,Emirates NBD Asset Mgmt,INE721A01013,SUNPHARMA,Sun Pharmaceutical Ltd,PORT-049,2024-06-27,YTD,-0.0725,0.1807,NIFTY Pharma,-0.2532,2.45,0.0539,EMEA,INR,True,True
PERF-00374,CLT0009,Emirates NBD Asset Mgmt,INE002A01018,RELIANCE,Reliance Industries Ltd,PORT-017,2024-10-14,YTD,0.2172,-0.0057,NIFTY Energy,0.2229,1.88,0.2068,EMEA,INR,True,True
PERF-00375,CLT0009,Emirates NBD Asset Mgmt,INE066A01021,ONGC,Oil & Natural Gas Corp,PORT-011,2024-12-28,1M,0.2478,0.1346,NIFTY Energy,0.1132,2.171,0.1231,EMEA,INR,True,True
PERF-00376,CLT0009,Emirates NBD Asset Mgmt,INE296A01024,BAJFINANCE,Bajaj Finance Ltd,PORT-015,2024-11-03,1M,0.0893,-0.0573,NIFTY Financial Services,0.1466,1.843,0.2769,EMEA,INR,True,True
PERF-00377,CLT0006,LIC of India,INE090A01021,ICICIBANK,ICICI Bank Ltd,PORT-040,2025-02-07,1D,0.2167,0.1716,NIFTY Bank,0.0451,0.697,0.2704,APAC,INR,False,True
PERF-00378,CLT0011,BlackRock India Fund,INE296A01024,BAJFINANCE,Bajaj Finance Ltd,PORT-009,2024-02-01,3M,0.2346,0.0774,NIFTY Financial Services,0.1572,-0.238,0.1332,Americas,INR,True,True
PERF-00379,CLT0011,BlackRock India Fund,INE414G01012,ADANIENT,Adani Enterprises Ltd,PORT-026,2024-09-22,3M,-0.0818,-0.0115,NIFTY 500,-0.0703,0.299,0.1143,Americas,INR,True,True
PERF-00380,CLT0009,Emirates NBD Asset Mgmt,INE154A01025,ITC,ITC Ltd,PORT-038,2025-04-14,3M,-0.1165,-0.0414,NIFTY FMCG,-0.0751,0.3,0.0768,EMEA,INR,True,True
PERF-00381,CLT0013,GIC Private Ltd Singapore,INE296A01024,BAJFINANCE,Bajaj Finance Ltd,PORT-026,2025-04-19,6M,-0.0705,0.1617,NIFTY Financial Services,-0.2322,1.702,0.1683,APAC,INR,True,True
PERF-00382,CLT0008,Nippon India MF,INE001A01036,SBIN,State Bank of India,PORT-008,2024-01-21,1M,0.1427,0.0898,NIFTY Bank,0.0529,,0.253,APAC,INR,True,False
PERF-00383,CLT0005,Kotak Mahindra AMC,INE585B01010,AXISBANK,Axis Bank Ltd,PORT-012,2024-04-14,1W,-0.1022,0.1546,NIFTY Bank,-0.2568,2.044,0.1715,APAC,INR,True,True
PERF-00384,CLT0005,Kotak Mahindra AMC,INE585B01010,AXISBANK,Axis Bank Ltd,PORT-050,2025-02-21,YTD,-0.0723,0.0109,NIFTY Bank,-0.0832,0.106,0.3169,APAC,INR,True,True
PERF-00385,CLT0010,Abu Dhabi Investment Auth,INE721A01013,SUNPHARMA,Sun Pharmaceutical Ltd,PORT-001,2024-03-06,3M,0.1781,-0.0342,NIFTY Pharma,0.2123,1.265,0.2092,EMEA,INR,True,True
PERF-00386,CLT0013,GIC Private Ltd Singapore,INE154A01025,ITC,ITC Ltd,PORT-017,2024-12-07,1M,0.1155,0.0347,NIFTY FMCG,0.0808,0.905,0.2895,APAC,INR,True,True
PERF-00387,CLT0015,Norges Bank Investment Mgmt,INE585B01010,AXISBANK,Axis Bank Ltd,PORT-038,2024-03-02,1Y,0.1203,-0.085,NIFTY Bank,0.2053,-0.305,0.0589,EMEA,INR,True,True
PERF-00388,CLT0007,ICICI Prudential AMC,INE031A01017,POWERGRID,Power Grid Corp of India,PORT-015,2024-01-21,1Y,0.0697,0.0308,NIFTY Infrastructure,0.0389,2.686,0.3452,APAC,INR,True,True
PERF-00389,CLT0005,Kotak Mahindra AMC,INE585B01010,AXISBANK,Axis Bank Ltd,PORT-027,2024-07-05,1Y,0.2312,0.1797,NIFTY Bank,0.0515,1.855,0.3321,APAC,INR,True,True
PERF-00390,CLT0004,HDFC Pension Fund,INE213A01029,MARUTI,Maruti Suzuki India Ltd,PORT-002,2024-05-05,YTD,0.0057,0.0223,NIFTY Auto,-0.0166,1.937,0.0736,APAC,INR,True,True
PERF-00391,CLT0004,HDFC Pension Fund,INE075A01022,WIPRO,Wipro Ltd,PORT-032,2024-02-05,1W,-0.0781,-0.0935,NIFTY IT,0.0154,0.995,0.1349,APAC,INR,True,True
PERF-00392,CLT0009,Emirates NBD Asset Mgmt,INE040A01034,HDFCBANK,HDFC Bank Ltd,PORT-002,2024-02-14,1W,0.0144,0.1936,NIFTY Bank,-0.1792,2.036,0.1315,EMEA,INR,True,True
PERF-00393,CLT0003,SBI Life Insurance,INE117A01022,BHARTIARTL,Bharti Airtel Ltd,PORT-001,2024-09-16,1M,0.1376,0.003,NIFTY Media,0.1346,-0.022,0.3178,APAC,INR,True,True
PERF-00394,CLT0011,BlackRock India Fund,INE467B01029,TCS,Tata Consultancy Services,PORT-015,2024-02-09,6M,0.1137,0.0576,NIFTY IT,0.0561,0.06,0.294,Americas,INR,False,True
PERF-00395,CLT0011,BlackRock India Fund,INE585B01010,AXISBANK,Axis Bank Ltd,PORT-013,2024-07-12,YTD,0.0482,0.0039,NIFTY Bank,0.0443,2.102,0.3427,Americas,INR,True,True
PERF-00396,CLT0007,ICICI Prudential AMC,INE020B01018,NTPC,NTPC Ltd,PORT-004,2025-04-22,1D,0.1442,0.0593,NIFTY Infrastructure,0.0849,2.089,0.1126,APAC,INR,True,True
PERF-00397,CLT0008,Nippon India MF,INE038A01020,HINDALCO,Hindalco Industries Ltd,PORT-018,2025-02-11,1W,0.0476,0.1542,NIFTY Metal,-0.1066,1.277,0.1525,APAC,INR,True,True
PERF-00398,CLT0006,LIC of India,INE075A01022,WIPRO,Wipro Ltd,PORT-049,2024-12-10,1M,0.0304,-0.0153,NIFTY IT,0.0457,2.233,0.1261,APAC,INR,True,True
PERF-00399,CLT0011,BlackRock India Fund,INE066A01021,ONGC,Oil & Natural Gas Corp,PORT-007,2024-09-19,1D,0.0657,0.0438,NIFTY Energy,0.0219,1.535,0.12,Americas,INR,True,True
PERF-00400,CLT0013,GIC Private Ltd Singapore,INE066A01021,ONGC,Oil & Natural Gas Corp,PORT-042,2024-05-24,1Y,0.1244,0.0366,NIFTY Energy,0.0878,0.424,0.2033,APAC,INR,True,True
PERF-00401,CLT0015,Norges Bank Investment Mgmt,INE002A01018,RELIANCE,Reliance Industries Ltd,PORT-035,2024-03-02,1D,0.0584,0.149,NIFTY Energy,-0.0906,2.2,0.1906,EMEA,INR,True,True
PERF-00402,CLT0010,Abu Dhabi Investment Auth,INE585B01010,AXISBANK,Axis Bank Ltd,PORT-024,2024-04-27,YTD,0.1138,0.118,NIFTY Bank,-0.0042,0.815,0.2788,EMEA,INR,False,True
PERF-00403,CLT0001,Tata Investment Corp,INE002A01018,RELIANCE,Reliance Industries Ltd,PORT-038,2025-03-17,6M,0.1529,-0.0244,NIFTY Energy,0.1773,0.339,0.3441,APAC,INR,True,True
PERF-00404,CLT0005,Kotak Mahindra AMC,INE001A01036,SBIN,State Bank of India,PORT-020,2025-01-12,1Y,0.1805,0.0577,NIFTY Bank,0.1228,0.19,0.2753,APAC,INR,True,True
PERF-00405,CLT0011,BlackRock India Fund,INE038A01020,HINDALCO,Hindalco Industries Ltd,PORT-027,2024-01-05,1W,0.216,0.0101,NIFTY Metal,0.2059,0.381,0.287,Americas,INR,True,True
PERF-00406,CLT0008,Nippon India MF,INE117A01022,BHARTIARTL,Bharti Airtel Ltd,PORT-029,2024-09-14,1Y,-0.1337,0.1342,NIFTY Media,-0.2679,1.828,0.3449,APAC,INR,True,True
PERF-00407,CLT0005,Kotak Mahindra AMC,INE721A01013,SUNPHARMA,Sun Pharmaceutical Ltd,PORT-012,2024-06-27,1M,0.1649,0.0757,NIFTY Pharma,0.0892,1.531,0.1361,APAC,INR,True,True
PERF-00408,CLT0005,Kotak Mahindra AMC,INE414G01012,ADANIENT,Adani Enterprises Ltd,PORT-013,2024-06-16,1D,0.0787,-0.071,NIFTY 500,0.1497,2.212,0.0619,APAC,INR,True,True
PERF-00409,CLT0007,ICICI Prudential AMC,INE020B01018,NTPC,NTPC Ltd,PORT-025,2025-01-27,1D,0.0582,0.1423,NIFTY Infrastructure,-0.0841,1.424,0.1339,APAC,INR,True,True
PERF-00410,CLT0012,Vanguard Emerging Markets,INE001A01036,SBIN,State Bank of India,PORT-036,2024-09-12,1Y,-0.125,-0.0689,NIFTY Bank,-0.0561,1.084,0.1437,Americas,INR,False,True
PERF-00411,CLT0001,Tata Investment Corp,INE467B01029,TCS,Tata Consultancy Services,PORT-012,2024-06-16,YTD,0.0105,-0.0418,NIFTY IT,0.0523,0.468,0.1154,APAC,INR,False,True
PERF-00412,CLT0013,GIC Private Ltd Singapore,INE075A01022,WIPRO,Wipro Ltd,PORT-032,2024-06-23,6M,0.213,0.1203,NIFTY IT,0.0927,2.078,0.1511,APAC,INR,True,True
PERF-00413,CLT0009,Emirates NBD Asset Mgmt,INE020B01018,NTPC,NTPC Ltd,PORT-050,2024-07-15,1D,0.0176,0.0381,NIFTY Infrastructure,-0.0205,0.266,0.0936,EMEA,INR,True,True
PERF-00414,CLT0005,Kotak Mahindra AMC,INE075A01022,WIPRO,Wipro Ltd,PORT-031,2024-06-13,6M,0.0747,-0.0754,NIFTY IT,0.1501,1.523,0.2022,APAC,INR,False,True
PERF-00415,CLT0012,Vanguard Emerging Markets,INE090A01021,ICICIBANK,ICICI Bank Ltd,PORT-039,2024-12-29,3M,-0.1095,0.1035,NIFTY Bank,-0.213,,0.2038,Americas,INR,True,False
PERF-00416,CLT0012,Vanguard Emerging Markets,INE020B01018,NTPC,NTPC Ltd,PORT-035,2024-08-02,6M,0.2267,0.1369,NIFTY Infrastructure,0.0898,1.71,0.2033,Americas,INR,False,True
PERF-00417,CLT0002,Aditya Birla Capital,INE020B01018,NTPC,NTPC Ltd,PORT-013,2024-01-15,1W,-0.0005,0.0256,NIFTY Infrastructure,-0.0261,1.916,0.2029,APAC,INR,True,True
PERF-00418,CLT0003,SBI Life Insurance,INE585B01010,AXISBANK,Axis Bank Ltd,PORT-013,2025-04-18,1Y,0.0463,0.1881,NIFTY Bank,-0.1418,2.684,0.1968,APAC,INR,True,True
PERF-00419,CLT0012,Vanguard Emerging Markets,INE361B01024,HCLTECH,HCL Technologies Ltd,PORT-037,2024-12-31,3M,0.1373,-0.0692,NIFTY IT,0.2065,2.716,0.2343,Americas,INR,True,True
PERF-00420,CLT0002,Aditya Birla Capital,INE414G01012,ADANIENT,Adani Enterprises Ltd,PORT-029,2024-09-14,3M,-0.0027,-0.0643,NIFTY 500,0.0616,1.13,0.0858,APAC,INR,True,True
PERF-00421,CLT0010,Abu Dhabi Investment Auth,INE001A01036,SBIN,State Bank of India,PORT-010,2025-05-12,1Y,-0.0707,-0.0849,NIFTY Bank,0.0142,2.075,0.1894,EMEA,INR,True,True
PERF-00422,CLT0002,Aditya Birla Capital,INE467B01029,TCS,Tata Consultancy Services,PORT-015,2024-09-22,1Y,0.1489,-0.0804,NIFTY IT,0.2293,2.002,0.2819,APAC,INR,False,True
PERF-00423,CLT0001,Tata Investment Corp,INE090A01021,ICICIBANK,ICICI Bank Ltd,PORT-043,2025-03-04,6M,-0.0978,0.0923,NIFTY Bank,-0.1901,2.604,0.1174,APAC,INR,True,True
PERF-00424,CLT0012,Vanguard Emerging Markets,INE361B01024,HCLTECH,HCL Technologies Ltd,PORT-042,2024-10-17,1M,0.0358,0.0903,NIFTY IT,-0.0545,-0.287,0.3282,Americas,INR,True,True
PERF-00425,CLT0013,GIC Private Ltd Singapore,INE001A01036,SBIN,State Bank of India,PORT-040,2025-04-22,YTD,,-0.0523,NIFTY Bank,,,0.1587,APAC,INR,True,False
PERF-00426,CLT0003,SBI Life Insurance,INE018A01030,LARSEN,Larsen & Toubro Ltd,PORT-028,2024-09-14,3M,0.0481,0.1778,NIFTY Infrastructure,-0.1297,0.605,0.275,APAC,INR,True,True
PERF-00427,CLT0009,Emirates NBD Asset Mgmt,INE361B01024,HCLTECH,HCL Technologies Ltd,PORT-049,2024-02-09,6M,-0.0252,0.0028,NIFTY IT,-0.028,2.39,0.2517,EMEA,INR,True,True
PERF-00428,CLT0012,Vanguard Emerging Markets,INE296A01024,BAJFINANCE,Bajaj Finance Ltd,PORT-026,2025-03-30,1Y,-0.0689,-0.0389,NIFTY Financial Services,-0.03,0.561,0.0656,Americas,INR,True,True
PERF-00429,CLT0005,Kotak Mahindra AMC,INE721A01013,SUNPHARMA,Sun Pharmaceutical Ltd,PORT-010,2024-05-26,1D,0.0748,0.1886,NIFTY Pharma,-0.1138,1.323,0.0921,APAC,INR,True,True
PERF-00430,CLT0010,Abu Dhabi Investment Auth,INE066A01021,ONGC,Oil & Natural Gas Corp,PORT-031,2024-10-24,1Y,-0.1063,0.1864,NIFTY Energy,-0.2927,1.274,0.2951,EMEA,INR,True,True
PERF-00431,CLT0012,Vanguard Emerging Markets,INE090A01021,ICICIBANK,ICICI Bank Ltd,PORT-006,2024-09-28,YTD,0.1808,-0.051,NIFTY Bank,0.2318,0.087,0.2869,Americas,INR,True,True
PERF-00432,CLT0008,Nippon India MF,INE038A01020,HINDALCO,Hindalco Industries Ltd,PORT-019,2024-01-15,3M,-0.1358,0.0725,NIFTY Metal,-0.2083,2.992,0.1618,APAC,INR,False,True
PERF-00433,CLT0011,BlackRock India Fund,INE009A01021,INFY,Infosys Ltd,PORT-010,2024-12-06,1M,0.1643,0.1615,NIFTY IT,0.0028,0.517,0.1883,Americas,INR,True,True
PERF-00434,CLT0003,SBI Life Insurance,INE018A01030,LARSEN,Larsen & Toubro Ltd,PORT-023,2025-01-05,1M,0.2465,-0.0886,NIFTY Infrastructure,0.3351,0.785,0.1744,APAC,INR,True,True
PERF-00435,CLT0013,GIC Private Ltd Singapore,INE213A01029,MARUTI,Maruti Suzuki India Ltd,PORT-029,2024-09-10,1D,-0.1285,-0.0431,NIFTY Auto,-0.0854,-0.265,0.0653,APAC,INR,False,True
PERF-00436,CLT0012,Vanguard Emerging Markets,INE066A01021,ONGC,Oil & Natural Gas Corp,PORT-033,2025-03-26,6M,-0.004,0.1331,NIFTY Energy,-0.1371,2.832,0.0887,Americas,INR,True,True
PERF-00437,CLT0009,Emirates NBD Asset Mgmt,INE414G01012,ADANIENT,Adani Enterprises Ltd,PORT-031,2024-05-10,1Y,0.1251,0.0377,NIFTY 500,0.0874,2.197,0.3028,EMEA,INR,True,True
PERF-00438,CLT0006,LIC of India,INE361B01024,HCLTECH,HCL Technologies Ltd,PORT-045,2025-03-13,1D,0.2232,0.0927,NIFTY IT,0.1305,2.012,0.1917,APAC,INR,True,True
PERF-00439,CLT0009,Emirates NBD Asset Mgmt,INE009A01021,INFY,Infosys Ltd,PORT-049,2024-10-13,1D,0.0451,-0.0013,NIFTY IT,0.0464,0.758,0.2269,EMEA,INR,True,True
PERF-00440,CLT0003,SBI Life Insurance,INE213A01029,MARUTI,Maruti Suzuki India Ltd,PORT-033,2024-04-30,1Y,0.0908,0.0399,NIFTY Auto,0.0509,1.12,0.2225,APAC,INR,True,True
PERF-00441,CLT0014,Temasek Holdings,INE066A01021,ONGC,Oil & Natural Gas Corp,PORT-001,2024-07-24,1D,0.2447,0.1633,NIFTY Energy,0.0814,2.4,0.1275,APAC,INR,True,True
PERF-00442,CLT0013,GIC Private Ltd Singapore,INE009A01021,INFY,Infosys Ltd,PORT-028,2024-10-19,6M,0.152,-0.0866,NIFTY IT,0.2386,0.687,0.2275,APAC,INR,True,True
PERF-00443,CLT0015,Norges Bank Investment Mgmt,INE296A01024,BAJFINANCE,Bajaj Finance Ltd,PORT-005,2024-08-15,1M,0.2186,0.1666,NIFTY Financial Services,0.052,0.981,0.1116,EMEA,INR,True,True
PERF-00444,CLT0013,GIC Private Ltd Singapore,INE154A01025,ITC,ITC Ltd,PORT-033,2025-03-16,1W,0.034,-0.012,NIFTY FMCG,0.046,1.061,0.2447,APAC,INR,True,True
PERF-00445,CLT0002,Aditya Birla Capital,INE585B01010,AXISBANK,Axis Bank Ltd,PORT-006,2025-01-05,1W,,-0.0175,NIFTY Bank,,,0.1681,APAC,INR,True,False
PERF-00446,CLT0015,Norges Bank Investment Mgmt,INE066A01021,ONGC,Oil & Natural Gas Corp,PORT-040,2024-07-27,1W,0.2116,0.1105,NIFTY Energy,0.1011,0.91,0.2264,EMEA,INR,False,True
PERF-00447,CLT0003,SBI Life Insurance,INE117A01022,BHARTIARTL,Bharti Airtel Ltd,PORT-010,2024-01-27,YTD,0.2442,0.1975,NIFTY Media,0.0467,-0.144,0.2646,APAC,INR,True,True
PERF-00448,CLT0004,HDFC Pension Fund,INE213A01029,MARUTI,Maruti Suzuki India Ltd,PORT-009,2024-01-16,6M,-0.0911,0.0776,NIFTY Auto,-0.1687,-0.117,0.2153,APAC,INR,True,True
PERF-00449,CLT0007,ICICI Prudential AMC,INE031A01017,POWERGRID,Power Grid Corp of India,PORT-005,2024-12-18,1W,0.0583,-0.0011,NIFTY Infrastructure,0.0594,2.09,0.3278,APAC,INR,True,True
PERF-00450,CLT0004,HDFC Pension Fund,INE213A01029,MARUTI,Maruti Suzuki India Ltd,PORT-034,2024-09-11,YTD,0.2134,0.1201,NIFTY Auto,0.0933,1.95,0.3204,APAC,INR,True,True
PERF-00451,CLT0015,Norges Bank Investment Mgmt,INE018A01030,LARSEN,Larsen & Toubro Ltd,PORT-014,2024-03-04,1W,0.0931,0.0495,NIFTY Infrastructure,0.0436,1.488,0.2864,EMEA,INR,True,True
PERF-00452,CLT0009,Emirates NBD Asset Mgmt,INE154A01025,ITC,ITC Ltd,PORT-046,2024-09-22,1Y,-0.0869,0.1287,NIFTY FMCG,-0.2156,2.449,0.1459,EMEA,INR,True,True
PERF-00453,CLT0015,Norges Bank Investment Mgmt,INE296A01024,BAJFINANCE,Bajaj Finance Ltd,PORT-019,2024-09-28,1D,0.0389,0.0117,NIFTY Financial Services,0.0272,2.29,0.1506,EMEA,INR,True,True
PERF-00454,CLT0006,LIC of India,INE001A01036,SBIN,State Bank of India,PORT-027,2024-04-08,YTD,-0.0768,0.1941,NIFTY Bank,-0.2709,1.669,0.2937,APAC,INR,True,True
PERF-00455,CLT0012,Vanguard Emerging Markets,INE075A01022,WIPRO,Wipro Ltd,PORT-044,2024-11-24,1D,-0.0303,0.0842,NIFTY IT,-0.1145,-0.456,0.1909,Americas,INR,True,True
PERF-00456,CLT0008,Nippon India MF,INE361B01024,HCLTECH,HCL Technologies Ltd,PORT-014,2024-09-20,1Y,0.076,0.0487,NIFTY IT,0.0273,0.839,0.0531,APAC,INR,True,True
PERF-00457,CLT0013,GIC Private Ltd Singapore,INE001A01036,SBIN,State Bank of India,PORT-032,2025-05-20,YTD,-0.0285,0.0494,NIFTY Bank,-0.0779,0.794,0.1898,APAC,INR,True,True
PERF-00458,CLT0015,Norges Bank Investment Mgmt,INE075A01022,WIPRO,Wipro Ltd,PORT-013,2024-07-22,3M,0.1896,0.1065,NIFTY IT,0.0831,0.015,0.1437,EMEA,INR,True,True
PERF-00459,CLT0012,Vanguard Emerging Markets,INE020B01018,NTPC,NTPC Ltd,PORT-038,2025-05-01,1M,-0.1018,0.1752,NIFTY Infrastructure,-0.277,2.775,0.137,Americas,INR,False,True
PERF-00460,CLT0007,ICICI Prudential AMC,INE585B01010,AXISBANK,Axis Bank Ltd,PORT-007,2024-11-01,YTD,-0.0851,0.1626,NIFTY Bank,-0.2477,,0.0931,APAC,INR,True,False
PERF-00461,CLT0006,LIC of India,INE038A01020,HINDALCO,Hindalco Industries Ltd,PORT-039,2024-04-30,3M,0.1955,0.1233,NIFTY Metal,0.0722,,0.3234,APAC,INR,True,False
PERF-00462,CLT0006,LIC of India,INE031A01017,POWERGRID,Power Grid Corp of India,PORT-002,2024-04-30,3M,0.053,0.1353,NIFTY Infrastructure,-0.0823,1.822,0.0605,APAC,INR,True,True
PERF-00463,CLT0005,Kotak Mahindra AMC,INE020B01018,NTPC,NTPC Ltd,PORT-009,2024-10-10,3M,0.0799,0.15,NIFTY Infrastructure,-0.0701,2.428,0.3215,APAC,INR,True,True
PERF-00464,CLT0005,Kotak Mahindra AMC,INE154A01025,ITC,ITC Ltd,PORT-041,2024-07-22,6M,-0.1223,-0.0007,NIFTY FMCG,-0.1216,1.763,0.0835,APAC,INR,False,True
PERF-00465,CLT0011,BlackRock India Fund,INE721A01013,SUNPHARMA,Sun Pharmaceutical Ltd,PORT-021,2024-06-02,1D,0.1607,0.0827,NIFTY Pharma,0.078,2.291,0.3466,Americas,INR,True,True
PERF-00466,CLT0006,LIC of India,INE467B01029,TCS,Tata Consultancy Services,PORT-016,2024-10-26,1M,-0.0407,-0.0962,NIFTY IT,0.0555,0.969,0.2851,APAC,INR,True,True
PERF-00467,CLT0015,Norges Bank Investment Mgmt,INE002A01018,RELIANCE,Reliance Industries Ltd,PORT-050,2024-07-16,6M,,0.097,NIFTY Energy,,,0.0797,EMEA,INR,True,False
PERF-00468,CLT0011,BlackRock India Fund,INE018A01030,LARSEN,Larsen & Toubro Ltd,PORT-030,2024-07-05,3M,-0.0521,-0.0552,NIFTY Infrastructure,0.0031,2.984,0.1286,Americas,INR,True,True
PERF-00469,CLT0009,Emirates NBD Asset Mgmt,INE361B01024,HCLTECH,HCL Technologies Ltd,PORT-005,2024-06-08,YTD,0.0394,0.0324,NIFTY IT,0.007,1.882,0.0852,EMEA,INR,True,True
PERF-00470,CLT0006,LIC of India,INE721A01013,SUNPHARMA,Sun Pharmaceutical Ltd,PORT-048,2025-04-28,1W,0.2448,-0.0808,NIFTY Pharma,0.3256,1.914,0.2268,APAC,INR,True,True
PERF-00471,CLT0004,HDFC Pension Fund,INE361B01024,HCLTECH,HCL Technologies Ltd,PORT-003,2024-07-16,6M,0.1877,0.1505,NIFTY IT,0.0372,1.093,0.3045,APAC,INR,False,True
PERF-00472,CLT0009,Emirates NBD Asset Mgmt,INE361B01024,HCLTECH,HCL Technologies Ltd,PORT-046,2024-07-31,3M,0.0706,-0.0588,NIFTY IT,0.1294,2.056,0.1969,EMEA,INR,True,True
PERF-00473,CLT0009,Emirates NBD Asset Mgmt,INE361B01024,HCLTECH,HCL Technologies Ltd,PORT-004,2024-08-23,1Y,0.1792,0.0902,NIFTY IT,0.089,1.037,0.2581,EMEA,INR,True,True
PERF-00474,CLT0014,Temasek Holdings,INE020B01018,NTPC,NTPC Ltd,PORT-036,2024-10-08,1M,0.0127,0.0951,NIFTY Infrastructure,-0.0824,-0.149,0.29,APAC,INR,True,True
PERF-00475,CLT0012,Vanguard Emerging Markets,INE040A01034,HDFCBANK,HDFC Bank Ltd,PORT-027,2025-03-09,1M,0.098,0.1796,NIFTY Bank,-0.0816,0.906,0.0565,Americas,INR,True,True
PERF-00476,CLT0003,SBI Life Insurance,INE020B01018,NTPC,NTPC Ltd,PORT-038,2024-11-11,1Y,0.2391,-0.0279,NIFTY Infrastructure,0.267,0.568,0.0747,APAC,INR,False,True
PERF-00477,CLT0014,Temasek Holdings,INE075A01022,WIPRO,Wipro Ltd,PORT-026,2024-09-14,1W,0.1306,0.1094,NIFTY IT,0.0212,2.026,0.2033,APAC,INR,True,True
PERF-00478,CLT0005,Kotak Mahindra AMC,INE213A01029,MARUTI,Maruti Suzuki India Ltd,PORT-050,2025-01-22,6M,0.0885,0.0964,NIFTY Auto,-0.0079,-0.309,0.0724,APAC,INR,True,True
PERF-00479,CLT0003,SBI Life Insurance,INE075A01022,WIPRO,Wipro Ltd,PORT-045,2025-01-15,YTD,0.0223,0.0927,NIFTY IT,-0.0704,1.046,0.1024,APAC,INR,False,True
PERF-00480,CLT0006,LIC of India,INE075A01022,WIPRO,Wipro Ltd,PORT-034,2024-08-27,1D,0.0625,0.0273,NIFTY IT,0.0352,-0.054,0.0552,APAC,INR,True,True
PERF-00481,CLT0014,Temasek Holdings,INE154A01025,ITC,ITC Ltd,PORT-006,2024-06-16,6M,-0.0946,-0.0854,NIFTY FMCG,-0.0092,,0.2416,APAC,INR,False,False
PERF-00482,CLT0015,Norges Bank Investment Mgmt,INE585B01010,AXISBANK,Axis Bank Ltd,PORT-036,2024-01-09,1Y,0.0421,0.0575,NIFTY Bank,-0.0154,-0.286,0.2974,EMEA,INR,True,True
PERF-00483,CLT0002,Aditya Birla Capital,INE075A01022,WIPRO,Wipro Ltd,PORT-044,2024-03-10,YTD,-0.0444,-0.0404,NIFTY IT,-0.004,2.348,0.1551,APAC,INR,True,True
PERF-00484,CLT0001,Tata Investment Corp,INE467B01029,TCS,Tata Consultancy Services,PORT-012,2024-02-09,YTD,-0.1373,0.1408,NIFTY IT,-0.2781,-0.335,0.1544,APAC,INR,True,True
PERF-00485,CLT0015,Norges Bank Investment Mgmt,INE031A01017,POWERGRID,Power Grid Corp of India,PORT-008,2024-10-22,1M,-0.118,0.0823,NIFTY Infrastructure,-0.2003,1.266,0.2032,EMEA,INR,True,True
PERF-00486,CLT0002,Aditya Birla Capital,INE467B01029,TCS,Tata Consultancy Services,PORT-021,2025-05-12,1D,0.1275,0.1511,NIFTY IT,-0.0236,1.824,0.1408,APAC,INR,True,True
PERF-00487,CLT0012,Vanguard Emerging Markets,INE075A01022,WIPRO,Wipro Ltd,PORT-011,2025-03-13,6M,-0.0126,0.1517,NIFTY IT,-0.1643,1.095,0.2795,Americas,INR,True,True
PERF-00488,CLT0003,SBI Life Insurance,INE038A01020,HINDALCO,Hindalco Industries Ltd,PORT-038,2024-07-21,3M,0.037,-0.0875,NIFTY Metal,0.1245,0.362,0.0525,APAC,INR,True,True
PERF-00489,CLT0005,Kotak Mahindra AMC,INE467B01029,TCS,Tata Consultancy Services,PORT-007,2024-11-05,6M,0.2318,0.0479,NIFTY IT,0.1839,-0.174,0.1328,APAC,INR,True,True
PERF-00490,CLT0005,Kotak Mahindra AMC,INE467B01029,TCS,Tata Consultancy Services,PORT-032,2024-07-14,1M,0.1317,0.0505,NIFTY IT,0.0812,2.131,0.0693,APAC,INR,True,True
PERF-00491,CLT0004,HDFC Pension Fund,INE361B01024,HCLTECH,HCL Technologies Ltd,PORT-039,2025-02-10,1D,0.2377,0.0618,NIFTY IT,0.1759,2.358,0.1903,APAC,INR,False,True
PERF-00492,CLT0012,Vanguard Emerging Markets,INE213A01029,MARUTI,Maruti Suzuki India Ltd,PORT-040,2024-04-04,1Y,-0.0295,0.1602,NIFTY Auto,-0.1897,-0.304,0.105,Americas,INR,True,True
PERF-00493,CLT0012,Vanguard Emerging Markets,INE296A01024,BAJFINANCE,Bajaj Finance Ltd,PORT-050,2024-12-04,YTD,,0.0429,NIFTY Financial Services,,,0.2941,Americas,INR,False,False
PERF-00494,CLT0009,Emirates NBD Asset Mgmt,INE020B01018,NTPC,NTPC Ltd,PORT-025,2024-04-08,YTD,-0.0076,0.0265,NIFTY Infrastructure,-0.0341,0.445,0.0605,EMEA,INR,True,True
PERF-00495,CLT0009,Emirates NBD Asset Mgmt,INE066A01021,ONGC,Oil & Natural Gas Corp,PORT-024,2025-04-26,1M,-0.0178,0.0658,NIFTY Energy,-0.0836,1.076,0.0755,EMEA,INR,False,True
PERF-00496,CLT0014,Temasek Holdings,INE414G01012,ADANIENT,Adani Enterprises Ltd,PORT-009,2024-08-19,3M,-0.0057,0.0279,NIFTY 500,-0.0336,-0.25,0.3053,APAC,INR,True,True
PERF-00497,CLT0001,Tata Investment Corp,INE467B01029,TCS,Tata Consultancy Services,PORT-031,2024-05-25,1W,-0.081,0.1284,NIFTY IT,-0.2094,2.724,0.2702,APAC,INR,True,True
PERF-00498,CLT0009,Emirates NBD Asset Mgmt,INE117A01022,BHARTIARTL,Bharti Airtel Ltd,PORT-030,2024-03-14,6M,0.1937,-0.0804,NIFTY Media,0.2741,-0.426,0.2663,EMEA,INR,False,True
PERF-00499,CLT0007,ICICI Prudential AMC,INE361B01024,HCLTECH,HCL Technologies Ltd,PORT-004,2025-03-31,YTD,-0.1034,0.1652,NIFTY IT,-0.2686,1.323,0.1236,APAC,INR,True,True
PERF-00500,CLT0006,LIC of India,INE001A01036,SBIN,State Bank of India,PORT-017,2024-02-01,1M,0.1486,-0.0107,NIFTY Bank,0.1593,2.743,0.1211,APAC,INR,True,True
PERF-00501,CLT0007,ICICI Prudential AMC,INE090A01021,ICICIBANK,ICICI Bank Ltd,PORT-050,2025-01-16,1W,0.0909,0.02,NIFTY Bank,0.0709,1.589,0.1531,APAC,INR,True,True
PERF-00502,CLT0002,Aditya Birla Capital,INE038A01020,HINDALCO,Hindalco Industries Ltd,PORT-013,2024-12-31,1M,0.1798,0.0603,NIFTY Metal,0.1195,2.699,0.312,APAC,INR,True,True
PERF-00503,CLT0006,LIC of India,INE009A01021,INFY,Infosys Ltd,PORT-040,2025-04-13,1W,-0.0151,-0.0459,NIFTY IT,0.0308,1.118,0.1913,APAC,INR,True,True
PERF-00504,CLT0004,HDFC Pension Fund,INE009A01021,INFY,Infosys Ltd,PORT-027,2024-07-08,1D,0.0634,0.0814,NIFTY IT,-0.018,2.711,0.1677,APAC,INR,True,True
PERF-00505,CLT0002,Aditya Birla Capital,INE296A01024,BAJFINANCE,Bajaj Finance Ltd,PORT-044,2024-02-29,1Y,-0.053,0.1904,NIFTY Financial Services,-0.2434,1.224,0.1835,APAC,INR,True,True
PERF-00506,CLT0008,Nippon India MF,INE361B01024,HCLTECH,HCL Technologies Ltd,PORT-042,2024-12-03,YTD,0.0923,0.0384,NIFTY IT,0.0539,1.527,0.2215,APAC,INR,True,True
PERF-00507,CLT0001,Tata Investment Corp,INE031A01017,POWERGRID,Power Grid Corp of India,PORT-021,2025-04-17,6M,0.1616,0.1855,NIFTY Infrastructure,-0.0239,0.546,0.2947,APAC,INR,True,True
PERF-00508,CLT0014,Temasek Holdings,INE002A01018,RELIANCE,Reliance Industries Ltd,PORT-050,2024-07-31,1M,,0.09,NIFTY Energy,,,0.1725,APAC,INR,True,False
PERF-00509,CLT0001,Tata Investment Corp,INE117A01022,BHARTIARTL,Bharti Airtel Ltd,PORT-037,2024-06-20,1D,0.2035,0.1596,NIFTY Media,0.0439,2.777,0.3194,APAC,INR,True,True
PERF-00510,CLT0012,Vanguard Emerging Markets,INE066A01021,ONGC,Oil & Natural Gas Corp,PORT-030,2024-03-21,1W,0.1947,0.0563,NIFTY Energy,0.1384,1.11,0.2176,Americas,INR,True,True
PERF-00511,CLT0005,Kotak Mahindra AMC,INE002A01018,RELIANCE,Reliance Industries Ltd,PORT-008,2025-03-28,3M,-0.104,-0.092,NIFTY Energy,-0.012,2.888,0.283,APAC,INR,True,True
PERF-00512,CLT0003,SBI Life Insurance,INE414G01012,ADANIENT,Adani Enterprises Ltd,PORT-015,2024-04-07,1D,0.2281,0.071,NIFTY 500,0.1571,1.489,0.0545,APAC,INR,False,True
PERF-00513,CLT0013,GIC Private Ltd Singapore,INE296A01024,BAJFINANCE,Bajaj Finance Ltd,PORT-034,2024-01-29,3M,-0.1036,0.0773,NIFTY Financial Services,-0.1809,0.488,0.0559,APAC,INR,True,True
PERF-00514,CLT0001,Tata Investment Corp,INE001A01036,SBIN,State Bank of India,PORT-049,2024-03-28,YTD,-0.0683,-0.0255,NIFTY Bank,-0.0428,2.055,0.2628,APAC,INR,True,True
PERF-00515,CLT0014,Temasek Holdings,INE467B01029,TCS,Tata Consultancy Services,PORT-031,2024-06-25,1D,0.2152,0.0074,NIFTY IT,0.2078,0.632,0.271,APAC,INR,False,True
PERF-00516,CLT0008,Nippon India MF,INE002A01018,RELIANCE,Reliance Industries Ltd,PORT-028,2024-05-11,6M,0.0719,-0.0335,NIFTY Energy,0.1054,0.007,0.0666,APAC,INR,True,True
PERF-00517,CLT0012,Vanguard Emerging Markets,INE154A01025,ITC,ITC Ltd,PORT-010,2025-05-16,3M,0.1655,-0.0677,NIFTY FMCG,0.2332,2.778,0.1021,Americas,INR,True,True
PERF-00518,CLT0011,BlackRock India Fund,INE213A01029,MARUTI,Maruti Suzuki India Ltd,PORT-044,2024-08-29,3M,0.079,0.1137,NIFTY Auto,-0.0347,-0.136,0.2769,Americas,INR,True,True
PERF-00519,CLT0013,GIC Private Ltd Singapore,INE018A01030,LARSEN,Larsen & Toubro Ltd,PORT-039,2024-08-17,3M,,-0.0953,NIFTY Infrastructure,,,0.1234,APAC,INR,True,False
PERF-00520,CLT0008,Nippon India MF,INE038A01020,HINDALCO,Hindalco Industries Ltd,PORT-045,2025-02-14,1W,0.137,0.1124,NIFTY Metal,0.0246,2.481,0.2477,APAC,INR,True,True
PERF-00521,CLT0002,Aditya Birla Capital,INE066A01021,ONGC,Oil & Natural Gas Corp,PORT-006,2024-02-26,YTD,-0.1468,0.1773,NIFTY Energy,-0.3241,1.227,0.1094,APAC,INR,False,True
PERF-00522,CLT0014,Temasek Holdings,INE001A01036,SBIN,State Bank of India,PORT-013,2024-08-22,1Y,-0.1216,0.0856,NIFTY Bank,-0.2072,2.198,0.1776,APAC,INR,True,True
PERF-00523,CLT0006,LIC of India,INE213A01029,MARUTI,Maruti Suzuki India Ltd,PORT-016,2024-09-16,YTD,0.2409,-0.0743,NIFTY Auto,0.3152,1.129,0.1633,APAC,INR,True,True
PERF-00524,CLT0011,BlackRock India Fund,INE009A01021,INFY,Infosys Ltd,PORT-045,2024-12-25,1D,0.0303,-0.0603,NIFTY IT,0.0906,2.622,0.1533,Americas,INR,True,True
PERF-00525,CLT0010,Abu Dhabi Investment Auth,INE296A01024,BAJFINANCE,Bajaj Finance Ltd,PORT-027,2024-02-29,1M,0.1711,0.0436,NIFTY Financial Services,0.1275,2.826,0.2852,EMEA,INR,False,True
PERF-00526,CLT0015,Norges Bank Investment Mgmt,INE090A01021,ICICIBANK,ICICI Bank Ltd,PORT-034,2024-12-04,6M,-0.0407,-0.0379,NIFTY Bank,-0.0028,,0.1505,EMEA,INR,False,False
PERF-00527,CLT0010,Abu Dhabi Investment Auth,INE001A01036,SBIN,State Bank of India,PORT-007,2024-10-31,3M,0.234,-0.0831,NIFTY Bank,0.3171,0.598,0.181,EMEA,INR,True,True
PERF-00528,CLT0006,LIC of India,INE585B01010,AXISBANK,Axis Bank Ltd,PORT-033,2024-09-07,1D,0.0827,0.1528,NIFTY Bank,-0.0701,1.386,0.2782,APAC,INR,True,True
PERF-00529,CLT0001,Tata Investment Corp,INE040A01034,HDFCBANK,HDFC Bank Ltd,PORT-026,2024-08-27,1M,0.2347,-0.0388,NIFTY Bank,0.2735,2.608,0.12,APAC,INR,True,True
PERF-00530,CLT0003,SBI Life Insurance,INE467B01029,TCS,Tata Consultancy Services,PORT-039,2025-05-08,3M,0.0075,0.0785,NIFTY IT,-0.071,1.769,0.09,APAC,INR,True,True
PERF-00531,CLT0007,ICICI Prudential AMC,INE414G01012,ADANIENT,Adani Enterprises Ltd,PORT-035,2024-02-16,3M,0.2313,0.1338,NIFTY 500,0.0975,1.16,0.2543,APAC,INR,True,True
PERF-00532,CLT0002,Aditya Birla Capital,INE585B01010,AXISBANK,Axis Bank Ltd,PORT-017,2024-01-12,1M,0.1355,0.06,NIFTY Bank,0.0755,0.191,0.3255,APAC,INR,False,True
PERF-00533,CLT0002,Aditya Birla Capital,INE020B01018,NTPC,NTPC Ltd,PORT-012,2024-10-06,YTD,0.2279,0.1316,NIFTY Infrastructure,0.0963,1.096,0.2576,APAC,INR,True,True
PERF-00534,CLT0007,ICICI Prudential AMC,INE090A01021,ICICIBANK,ICICI Bank Ltd,PORT-027,2024-08-04,1M,0.1867,0.1653,NIFTY Bank,0.0214,1.396,0.0598,APAC,INR,True,True
PERF-00535,CLT0002,Aditya Birla Capital,INE031A01017,POWERGRID,Power Grid Corp of India,PORT-029,2024-11-26,1W,-0.1251,0.1477,NIFTY Infrastructure,-0.2728,0.985,0.1589,APAC,INR,True,True
PERF-00536,CLT0003,SBI Life Insurance,INE009A01021,INFY,Infosys Ltd,PORT-047,2025-02-25,YTD,-0.1185,-0.0515,NIFTY IT,-0.067,1.06,0.242,APAC,INR,True,True
PERF-00537,CLT0006,LIC of India,INE001A01036,SBIN,State Bank of India,PORT-009,2024-08-30,1D,0.1816,0.1671,NIFTY Bank,0.0145,1.875,0.3373,APAC,INR,False,True
PERF-00538,CLT0002,Aditya Birla Capital,INE018A01030,LARSEN,Larsen & Toubro Ltd,PORT-038,2024-05-06,YTD,0.0831,0.0136,NIFTY Infrastructure,0.0695,1.954,0.0644,APAC,INR,True,True
PERF-00539,CLT0003,SBI Life Insurance,INE038A01020,HINDALCO,Hindalco Industries Ltd,PORT-050,2024-10-22,1D,0.0305,0.0457,NIFTY Metal,-0.0152,1.234,0.336,APAC,INR,True,True
PERF-00540,CLT0004,HDFC Pension Fund,INE009A01021,INFY,Infosys Ltd,PORT-013,2025-04-29,3M,-0.0036,0.1441,NIFTY IT,-0.1477,0.944,0.2754,APAC,INR,True,True
PERF-00541,CLT0005,Kotak Mahindra AMC,INE018A01030,LARSEN,Larsen & Toubro Ltd,PORT-031,2024-11-05,1M,-0.0937,0.0682,NIFTY Infrastructure,-0.1619,0.537,0.1063,APAC,INR,False,True
PERF-00542,CLT0008,Nippon India MF,INE001A01036,SBIN,State Bank of India,PORT-024,2024-02-28,1M,0.2303,0.0717,NIFTY Bank,0.1586,1.48,0.3317,APAC,INR,True,True
PERF-00543,CLT0003,SBI Life Insurance,INE020B01018,NTPC,NTPC Ltd,PORT-047,2024-08-21,1W,0.1248,-0.0873,NIFTY Infrastructure,0.2121,,0.3199,APAC,INR,True,False
PERF-00544,CLT0002,Aditya Birla Capital,INE020B01018,NTPC,NTPC Ltd,PORT-019,2024-09-05,1M,-0.1139,0.1945,NIFTY Infrastructure,-0.3084,0.585,0.2439,APAC,INR,True,True
PERF-00545,CLT0007,ICICI Prudential AMC,INE031A01017,POWERGRID,Power Grid Corp of India,PORT-001,2024-04-19,1M,0.226,-0.0479,NIFTY Infrastructure,0.2739,0.086,0.2545,APAC,INR,False,True
PERF-00546,CLT0012,Vanguard Emerging Markets,INE001A01036,SBIN,State Bank of India,PORT-011,2024-12-29,1D,-0.0415,0.1933,NIFTY Bank,-0.2348,-0.373,0.1196,Americas,INR,False,True
PERF-00547,CLT0009,Emirates NBD Asset Mgmt,INE117A01022,BHARTIARTL,Bharti Airtel Ltd,PORT-018,2024-01-22,1W,0.0647,0.0142,NIFTY Media,0.0505,0.358,0.2403,EMEA,INR,True,True
PERF-00548,CLT0007,ICICI Prudential AMC,INE414G01012,ADANIENT,Adani Enterprises Ltd,PORT-040,2024-12-21,6M,0.0427,-0.004,NIFTY 500,0.0467,1.483,0.1166,APAC,INR,True,True
PERF-00549,CLT0012,Vanguard Emerging Markets,INE020B01018,NTPC,NTPC Ltd,PORT-034,2025-05-16,1M,-0.0138,0.0721,NIFTY Infrastructure,-0.0859,2.795,0.2251,Americas,INR,True,True
PERF-00550,CLT0009,Emirates NBD Asset Mgmt,INE721A01013,SUNPHARMA,Sun Pharmaceutical Ltd,PORT-050,2024-04-03,1D,-0.0397,0.1478,NIFTY Pharma,-0.1875,-0.266,0.2087,EMEA,INR,True,True
PERF-00551,CLT0012,Vanguard Emerging Markets,INE585B01010,AXISBANK,Axis Bank Ltd,PORT-007,2024-05-18,YTD,,-0.0863,NIFTY Bank,,,0.1768,Americas,INR,True,False
PERF-00552,CLT0008,Nippon India MF,INE090A01021,ICICIBANK,ICICI Bank Ltd,PORT-016,2024-05-02,3M,0.0545,-0.0912,NIFTY Bank,0.1457,2.474,0.3291,APAC,INR,True,True
PERF-00553,CLT0009,Emirates NBD Asset Mgmt,INE009A01021,INFY,Infosys Ltd,PORT-026,2024-07-09,1W,-0.1354,-0.0617,NIFTY IT,-0.0737,0.574,0.1531,EMEA,INR,True,True
PERF-00554,CLT0009,Emirates NBD Asset Mgmt,INE018A01030,LARSEN,Larsen & Toubro Ltd,PORT-008,2025-05-13,3M,,0.1964,NIFTY Infrastructure,,,0.1542,EMEA,INR,True,False
PERF-00555,CLT0001,Tata Investment Corp,INE721A01013,SUNPHARMA,Sun Pharmaceutical Ltd,PORT-002,2024-12-23,1M,0.2434,-0.0783,NIFTY Pharma,0.3217,1.572,0.1214,APAC,INR,True,True
PERF-00556,CLT0005,Kotak Mahindra AMC,INE467B01029,TCS,Tata Consultancy Services,PORT-005,2024-02-17,YTD,-0.0895,0.0415,NIFTY IT,-0.131,2.281,0.1582,APAC,INR,True,True
PERF-00557,CLT0008,Nippon India MF,INE038A01020,HINDALCO,Hindalco Industries Ltd,PORT-038,2024-11-01,1W,0.2206,0.0986,NIFTY Metal,0.122,1.58,0.3225,APAC,INR,True,True
PERF-00558,CLT0011,BlackRock India Fund,INE038A01020,HINDALCO,Hindalco Industries Ltd,PORT-032,2024-03-04,1M,0.1435,-0.0759,NIFTY Metal,0.2194,2.618,0.2887,Americas,INR,True,True
PERF-00559,CLT0005,Kotak Mahindra AMC,INE020B01018,NTPC,NTPC Ltd,PORT-047,2024-04-24,1Y,0.1515,0.016,NIFTY Infrastructure,0.1355,0.384,0.1002,APAC,INR,True,True
PERF-00560,CLT0007,ICICI Prudential AMC,INE020B01018,NTPC,NTPC Ltd,PORT-025,2024-01-22,3M,0.2329,0.0894,NIFTY Infrastructure,0.1435,2.882,0.2278,APAC,INR,True,True
PERF-00561,CLT0005,Kotak Mahindra AMC,INE154A01025,ITC,ITC Ltd,PORT-028,2025-02-23,1M,0.0425,0.1573,NIFTY FMCG,-0.1148,2.763,0.0948,APAC,INR,False,True
PERF-00562,CLT0004,HDFC Pension Fund,INE585B01010,AXISBANK,Axis Bank Ltd,PORT-050,2024-06-05,1Y,0.1487,-0.0524,NIFTY Bank,0.2011,1.853,0.1041,APAC,INR,True,True
PERF-00563,CLT0006,LIC of India,INE414G01012,ADANIENT,Adani Enterprises Ltd,PORT-023,2024-07-11,6M,-0.1099,0.0951,NIFTY 500,-0.205,0.249,0.2545,APAC,INR,True,True
PERF-00564,CLT0014,Temasek Holdings,INE009A01021,INFY,Infosys Ltd,PORT-045,2024-08-21,1D,-0.0624,0.0869,NIFTY IT,-0.1493,2.058,0.2047,APAC,INR,True,True
PERF-00565,CLT0012,Vanguard Emerging Markets,INE031A01017,POWERGRID,Power Grid Corp of India,PORT-010,2025-04-24,1M,-0.0927,0.1195,NIFTY Infrastructure,-0.2122,-0.117,0.3049,Americas,INR,True,True
PERF-00566,CLT0006,LIC of India,INE585B01010,AXISBANK,Axis Bank Ltd,PORT-045,2025-02-19,6M,0.091,0.0112,NIFTY Bank,0.0798,0.297,0.0593,APAC,INR,True,True
PERF-00567,CLT0008,Nippon India MF,INE031A01017,POWERGRID,Power Grid Corp of India,PORT-039,2025-01-28,1W,-0.0453,0.0642,NIFTY Infrastructure,-0.1095,1.639,0.1723,APAC,INR,True,True
PERF-00568,CLT0014,Temasek Holdings,INE066A01021,ONGC,Oil & Natural Gas Corp,PORT-048,2024-02-12,6M,-0.0398,0.0049,NIFTY Energy,-0.0447,0.591,0.132,APAC,INR,True,True
PERF-00569,CLT0015,Norges Bank Investment Mgmt,INE018A01030,LARSEN,Larsen & Toubro Ltd,PORT-036,2024-11-26,1W,0.0353,-0.0333,NIFTY Infrastructure,0.0686,0.073,0.1193,EMEA,INR,False,True
PERF-00570,CLT0009,Emirates NBD Asset Mgmt,INE090A01021,ICICIBANK,ICICI Bank Ltd,PORT-045,2024-04-19,3M,-0.0689,0.102,NIFTY Bank,-0.1709,1.733,0.3049,EMEA,INR,False,True
PERF-00571,CLT0009,Emirates NBD Asset Mgmt,INE020B01018,NTPC,NTPC Ltd,PORT-005,2024-06-23,1D,-0.1131,0.1907,NIFTY Infrastructure,-0.3038,2.527,0.3424,EMEA,INR,True,True
PERF-00572,CLT0003,SBI Life Insurance,INE467B01029,TCS,Tata Consultancy Services,PORT-045,2025-03-16,1Y,0.217,-0.0243,NIFTY IT,0.2413,1.654,0.1834,APAC,INR,True,True
PERF-00573,CLT0001,Tata Investment Corp,INE414G01012,ADANIENT,Adani Enterprises Ltd,PORT-024,2024-06-30,6M,0.0411,0.1463,NIFTY 500,-0.1052,1.76,0.2457,APAC,INR,True,True
PERF-00574,CLT0013,GIC Private Ltd Singapore,INE585B01010,AXISBANK,Axis Bank Ltd,PORT-041,2025-04-07,1Y,-0.0594,0.0098,NIFTY Bank,-0.0692,2.289,0.151,APAC,INR,True,True
PERF-00575,CLT0013,GIC Private Ltd Singapore,INE001A01036,SBIN,State Bank of India,PORT-047,2024-10-09,1W,-0.028,0.1283,NIFTY Bank,-0.1563,,0.2686,APAC,INR,True,False
PERF-00576,CLT0008,Nippon India MF,INE585B01010,AXISBANK,Axis Bank Ltd,PORT-041,2024-04-08,1Y,0.1787,-0.0583,NIFTY Bank,0.237,-0.052,0.0596,APAC,INR,False,True
PERF-00577,CLT0004,HDFC Pension Fund,INE414G01012,ADANIENT,Adani Enterprises Ltd,PORT-041,2025-05-08,3M,0.1776,0.1995,NIFTY 500,-0.0219,2.211,0.0618,APAC,INR,True,True
PERF-00578,CLT0007,ICICI Prudential AMC,INE361B01024,HCLTECH,HCL Technologies Ltd,PORT-042,2024-11-18,3M,0.2416,0.1967,NIFTY IT,0.0449,0.974,0.0502,APAC,INR,True,True
PERF-00579,CLT0010,Abu Dhabi Investment Auth,INE018A01030,LARSEN,Larsen & Toubro Ltd,PORT-027,2025-05-12,YTD,0.0153,-0.0149,NIFTY Infrastructure,0.0302,0.299,0.2285,EMEA,INR,True,True
PERF-00580,CLT0006,LIC of India,INE414G01012,ADANIENT,Adani Enterprises Ltd,PORT-040,2025-05-03,6M,0.0217,0.184,NIFTY 500,-0.1623,2.164,0.2222,APAC,INR,False,True
PERF-00581,CLT0001,Tata Investment Corp,INE009A01021,INFY,Infosys Ltd,PORT-014,2024-03-06,6M,0.0973,0.0576,NIFTY IT,0.0397,2.511,0.1459,APAC,INR,True,True
PERF-00582,CLT0003,SBI Life Insurance,INE585B01010,AXISBANK,Axis Bank Ltd,PORT-025,2025-04-23,6M,0.0273,-0.0429,NIFTY Bank,0.0702,0.515,0.2002,APAC,INR,True,True
PERF-00583,CLT0001,Tata Investment Corp,INE154A01025,ITC,ITC Ltd,PORT-049,2024-12-22,1D,0.2204,0.1531,NIFTY FMCG,0.0673,2.466,0.3011,APAC,INR,True,True
PERF-00584,CLT0003,SBI Life Insurance,INE296A01024,BAJFINANCE,Bajaj Finance Ltd,PORT-039,2024-05-01,1D,0.0902,0.1853,NIFTY Financial Services,-0.0951,2.389,0.2484,APAC,INR,True,True
PERF-00585,CLT0015,Norges Bank Investment Mgmt,INE721A01013,SUNPHARMA,Sun Pharmaceutical Ltd,PORT-048,2024-12-15,3M,0.1558,0.1942,NIFTY Pharma,-0.0384,0.527,0.2605,EMEA,INR,True,True
PERF-00586,CLT0015,Norges Bank Investment Mgmt,INE090A01021,ICICIBANK,ICICI Bank Ltd,PORT-040,2024-07-30,3M,0.1688,0.0815,NIFTY Bank,0.0873,2.219,0.3281,EMEA,INR,True,True
PERF-00587,CLT0003,SBI Life Insurance,INE361B01024,HCLTECH,HCL Technologies Ltd,PORT-019,2024-08-09,3M,,-0.0845,NIFTY IT,,,0.0509,APAC,INR,True,False
PERF-00588,CLT0001,Tata Investment Corp,INE213A01029,MARUTI,Maruti Suzuki India Ltd,PORT-035,2025-01-15,1M,-0.1449,0.0585,NIFTY Auto,-0.2034,2.506,0.248,APAC,INR,False,True
PERF-00589,CLT0004,HDFC Pension Fund,INE009A01021,INFY,Infosys Ltd,PORT-002,2024-12-21,1M,0.2442,0.0859,NIFTY IT,0.1583,0.244,0.2053,APAC,INR,True,True
PERF-00590,CLT0004,HDFC Pension Fund,INE018A01030,LARSEN,Larsen & Toubro Ltd,PORT-048,2024-02-21,1M,,0.0869,NIFTY Infrastructure,,,0.0984,APAC,INR,False,False
PERF-00591,CLT0004,HDFC Pension Fund,INE154A01025,ITC,ITC Ltd,PORT-002,2025-01-12,1Y,0.0184,0.0294,NIFTY FMCG,-0.011,2.893,0.322,APAC,INR,True,True
PERF-00592,CLT0010,Abu Dhabi Investment Auth,INE361B01024,HCLTECH,HCL Technologies Ltd,PORT-009,2024-11-19,YTD,0.2292,0.1137,NIFTY IT,0.1155,2.114,0.242,EMEA,INR,True,True
PERF-00593,CLT0013,GIC Private Ltd Singapore,INE066A01021,ONGC,Oil & Natural Gas Corp,PORT-048,2024-02-20,6M,,0.0245,NIFTY Energy,,,0.197,APAC,INR,True,False
PERF-00594,CLT0008,Nippon India MF,INE031A01017,POWERGRID,Power Grid Corp of India,PORT-045,2024-12-12,1D,-0.1395,0.1815,NIFTY Infrastructure,-0.321,1.536,0.252,APAC,INR,False,True
PERF-00595,CLT0014,Temasek Holdings,INE117A01022,BHARTIARTL,Bharti Airtel Ltd,PORT-003,2025-04-10,1D,0.0207,0.1472,NIFTY Media,-0.1265,1.612,0.143,APAC,INR,True,True
PERF-00596,CLT0012,Vanguard Emerging Markets,INE018A01030,LARSEN,Larsen & Toubro Ltd,PORT-009,2025-03-15,1W,0.166,0.1127,NIFTY Infrastructure,0.0533,0.843,0.2731,Americas,INR,True,True
PERF-00597,CLT0002,Aditya Birla Capital,INE020B01018,NTPC,NTPC Ltd,PORT-042,2024-05-12,1Y,0.2055,0.0445,NIFTY Infrastructure,0.161,0.711,0.1946,APAC,INR,True,True
PERF-00598,CLT0004,HDFC Pension Fund,INE154A01025,ITC,ITC Ltd,PORT-024,2024-04-26,1D,0.1778,0.1928,NIFTY FMCG,-0.015,1.535,0.132,APAC,INR,True,True
PERF-00599,CLT0009,Emirates NBD Asset Mgmt,INE090A01021,ICICIBANK,ICICI Bank Ltd,PORT-043,2024-04-23,1M,-0.1167,0.1802,NIFTY Bank,-0.2969,2.115,0.3131,EMEA,INR,True,True
PERF-00600,CLT0001,Tata Investment Corp,INE213A01029,MARUTI,Maruti Suzuki India Ltd,PORT-033,2025-02-12,3M,0.2458,0.0195,NIFTY Auto,0.2263,2.811,0.285,APAC,INR,True,True
PERF-00601,CLT0012,Vanguard Emerging Markets,INE585B01010,AXISBANK,Axis Bank Ltd,PORT-043,2024-01-16,1M,0.2206,-0.04,NIFTY Bank,0.2606,1.184,0.2136,Americas,INR,True,True
PERF-00602,CLT0004,HDFC Pension Fund,INE117A01022,BHARTIARTL,Bharti Airtel Ltd,PORT-014,2024-11-03,YTD,-0.1024,0.1473,NIFTY Media,-0.2497,1.297,0.2172,APAC,INR,True,True
PERF-00603,CLT0010,Abu Dhabi Investment Auth,INE154A01025,ITC,ITC Ltd,PORT-044,2024-06-13,1W,0.1795,0.0666,NIFTY FMCG,0.1129,2.763,0.1196,EMEA,INR,False,True
PERF-00604,CLT0009,Emirates NBD Asset Mgmt,INE001A01036,SBIN,State Bank of India,PORT-043,2024-08-07,1W,-0.0955,-0.0179,NIFTY Bank,-0.0776,0.297,0.1375,EMEA,INR,True,True
PERF-00605,CLT0007,ICICI Prudential AMC,INE154A01025,ITC,ITC Ltd,PORT-010,2024-06-03,1W,-0.1195,-0.0635,NIFTY FMCG,-0.056,2.629,0.159,APAC,INR,True,True
PERF-00606,CLT0013,GIC Private Ltd Singapore,INE001A01036,SBIN,State Bank of India,PORT-007,2024-08-12,1Y,0.0308,-0.0962,NIFTY Bank,0.127,1.733,0.1571,APAC,INR,True,True
PERF-00607,CLT0004,HDFC Pension Fund,INE090A01021,ICICIBANK,ICICI Bank Ltd,PORT-040,2024-06-03,6M,-0.081,-0.0916,NIFTY Bank,0.0106,2.414,0.3296,APAC,INR,False,True
PERF-00608,CLT0001,Tata Investment Corp,INE031A01017,POWERGRID,Power Grid Corp of India,PORT-025,2024-05-07,3M,0.132,0.0306,NIFTY Infrastructure,0.1014,2.814,0.0531,APAC,INR,False,True
PERF-00609,CLT0011,BlackRock India Fund,INE117A01022,BHARTIARTL,Bharti Airtel Ltd,PORT-023,2025-03-18,1D,0.1425,0.0426,NIFTY Media,0.0999,1.704,0.0808,Americas,INR,True,True
PERF-00610,CLT0011,BlackRock India Fund,INE213A01029,MARUTI,Maruti Suzuki India Ltd,PORT-018,2025-05-02,3M,0.2474,0.1103,NIFTY Auto,0.1371,2.849,0.2893,Americas,INR,True,True
PERF-00611,CLT0006,LIC of India,INE361B01024,HCLTECH,HCL Technologies Ltd,PORT-028,2025-02-06,6M,0.1263,0.0368,NIFTY IT,0.0895,0.052,0.1799,APAC,INR,True,True
PERF-00612,CLT0003,SBI Life Insurance,INE040A01034,HDFCBANK,HDFC Bank Ltd,PORT-045,2024-10-08,1M,0.2316,0.0419,NIFTY Bank,0.1897,0.937,0.3426,APAC,INR,True,True
PERF-00613,CLT0003,SBI Life Insurance,INE361B01024,HCLTECH,HCL Technologies Ltd,PORT-016,2024-06-19,1M,0.1356,0.141,NIFTY IT,-0.0054,0.532,0.1857,APAC,INR,True,True
PERF-00614,CLT0001,Tata Investment Corp,INE075A01022,WIPRO,Wipro Ltd,PORT-016,2024-01-25,1M,-0.1064,0.0471,NIFTY IT,-0.1535,2.74,0.309,APAC,INR,False,True
PERF-00615,CLT0002,Aditya Birla Capital,INE038A01020,HINDALCO,Hindalco Industries Ltd,PORT-049,2024-04-30,1D,0.044,0.1026,NIFTY Metal,-0.0586,2.82,0.1759,APAC,INR,True,True
PERF-00616,CLT0003,SBI Life Insurance,INE001A01036,SBIN,State Bank of India,PORT-031,2024-02-04,1W,0.1122,0.0909,NIFTY Bank,0.0213,0.823,0.1985,APAC,INR,True,True
PERF-00617,CLT0015,Norges Bank Investment Mgmt,INE296A01024,BAJFINANCE,Bajaj Finance Ltd,PORT-004,2024-01-23,1W,0.1728,-0.0858,NIFTY Financial Services,0.2586,-0.365,0.1073,EMEA,INR,True,True
PERF-00618,CLT0008,Nippon India MF,INE020B01018,NTPC,NTPC Ltd,PORT-009,2024-10-16,1D,0.186,0.1167,NIFTY Infrastructure,0.0693,2.441,0.3145,APAC,INR,True,True
PERF-00619,CLT0009,Emirates NBD Asset Mgmt,INE038A01020,HINDALCO,Hindalco Industries Ltd,PORT-022,2024-06-07,1D,-0.1251,0.071,NIFTY Metal,-0.1961,2.751,0.1788,EMEA,INR,True,True
PERF-00620,CLT0009,Emirates NBD Asset Mgmt,INE467B01029,TCS,Tata Consultancy Services,PORT-024,2024-03-04,1M,-0.1297,-0.04,NIFTY IT,-0.0897,0.465,0.213,EMEA,INR,True,True
PERF-00621,CLT0015,Norges Bank Investment Mgmt,INE414G01012,ADANIENT,Adani Enterprises Ltd,PORT-041,2025-01-08,6M,0.0026,0.1118,NIFTY 500,-0.1092,2.284,0.339,EMEA,INR,True,True
PERF-00622,CLT0006,LIC of India,INE213A01029,MARUTI,Maruti Suzuki India Ltd,PORT-021,2024-02-02,YTD,0.0096,-0.0744,NIFTY Auto,0.084,2.539,0.3242,APAC,INR,True,True
PERF-00623,CLT0001,Tata Investment Corp,INE020B01018,NTPC,NTPC Ltd,PORT-008,2024-05-19,1M,-0.0843,0.0951,NIFTY Infrastructure,-0.1794,0.006,0.2165,APAC,INR,True,True
PERF-00624,CLT0008,Nippon India MF,INE038A01020,HINDALCO,Hindalco Industries Ltd,PORT-022,2025-02-12,1M,-0.1262,-0.0919,NIFTY Metal,-0.0343,2.693,0.0668,APAC,INR,True,True
PERF-00625,CLT0013,GIC Private Ltd Singapore,INE296A01024,BAJFINANCE,Bajaj Finance Ltd,PORT-033,2024-06-23,YTD,0.1002,0.0195,NIFTY Financial Services,0.0807,1.792,0.1059,APAC,INR,False,True
PERF-00626,CLT0011,BlackRock India Fund,INE721A01013,SUNPHARMA,Sun Pharmaceutical Ltd,PORT-003,2025-04-29,3M,-0.0726,0.1824,NIFTY Pharma,-0.255,0.041,0.112,Americas,INR,False,True
PERF-00627,CLT0003,SBI Life Insurance,INE040A01034,HDFCBANK,HDFC Bank Ltd,PORT-016,2024-11-22,3M,,0.089,NIFTY Bank,,,0.1212,APAC,INR,True,False
PERF-00628,CLT0001,Tata Investment Corp,INE361B01024,HCLTECH,HCL Technologies Ltd,PORT-028,2024-05-03,1D,-0.1138,0.1503,NIFTY IT,-0.2641,1.071,0.2319,APAC,INR,True,True
PERF-00629,CLT0011,BlackRock India Fund,INE117A01022,BHARTIARTL,Bharti Airtel Ltd,PORT-016,2024-08-08,1Y,-0.1413,0.001,NIFTY Media,-0.1423,-0.273,0.2238,Americas,INR,True,True
PERF-00630,CLT0005,Kotak Mahindra AMC,INE296A01024,BAJFINANCE,Bajaj Finance Ltd,PORT-025,2024-05-17,1D,0.0953,0.0823,NIFTY Financial Services,0.013,0.774,0.0631,APAC,INR,True,True
PERF-00631,CLT0010,Abu Dhabi Investment Auth,INE414G01012,ADANIENT,Adani Enterprises Ltd,PORT-009,2024-12-23,1M,0.0746,-0.0544,NIFTY 500,0.129,0.677,0.1499,EMEA,INR,False,True
PERF-00632,CLT0010,Abu Dhabi Investment Auth,INE467B01029,TCS,Tata Consultancy Services,PORT-003,2025-04-11,6M,-0.0456,0.0034,NIFTY IT,-0.049,1.718,0.2337,EMEA,INR,True,True
PERF-00633,CLT0004,HDFC Pension Fund,INE002A01018,RELIANCE,Reliance Industries Ltd,PORT-046,2024-07-31,YTD,-0.0568,-0.096,NIFTY Energy,0.0392,0.832,0.3429,APAC,INR,False,True
PERF-00634,CLT0004,HDFC Pension Fund,INE031A01017,POWERGRID,Power Grid Corp of India,PORT-025,2024-03-04,1W,-0.0519,0.1693,NIFTY Infrastructure,-0.2212,0.52,0.2881,APAC,INR,True,True
PERF-00635,CLT0005,Kotak Mahindra AMC,INE002A01018,RELIANCE,Reliance Industries Ltd,PORT-017,2024-12-06,1M,-0.0622,-0.0466,NIFTY Energy,-0.0156,0.434,0.1623,APAC,INR,True,True
PERF-00636,CLT0005,Kotak Mahindra AMC,INE117A01022,BHARTIARTL,Bharti Airtel Ltd,PORT-022,2024-10-26,1W,0.2394,0.0247,NIFTY Media,0.2147,1.724,0.173,APAC,INR,True,True
PERF-00637,CLT0002,Aditya Birla Capital,INE018A01030,LARSEN,Larsen & Toubro Ltd,PORT-041,2024-07-04,3M,0.0151,-0.0095,NIFTY Infrastructure,0.0246,1.919,0.2263,APAC,INR,True,True
PERF-00638,CLT0011,BlackRock India Fund,INE414G01012,ADANIENT,Adani Enterprises Ltd,PORT-002,2024-12-21,1Y,,0.1934,NIFTY 500,,,0.2701,Americas,INR,True,False
PERF-00639,CLT0003,SBI Life Insurance,INE467B01029,TCS,Tata Consultancy Services,PORT-045,2024-06-25,6M,,-0.0814,NIFTY IT,,,0.2093,APAC,INR,True,False
PERF-00640,CLT0005,Kotak Mahindra AMC,INE154A01025,ITC,ITC Ltd,PORT-020,2025-04-12,3M,0.07,0.1677,NIFTY FMCG,-0.0977,-0.32,0.1729,APAC,INR,True,True
PERF-00641,CLT0014,Temasek Holdings,INE117A01022,BHARTIARTL,Bharti Airtel Ltd,PORT-044,2024-06-17,1Y,,0.1347,NIFTY Media,,,0.0557,APAC,INR,True,False
PERF-00642,CLT0012,Vanguard Emerging Markets,INE031A01017,POWERGRID,Power Grid Corp of India,PORT-027,2024-08-18,1M,0.0982,0.1755,NIFTY Infrastructure,-0.0773,2.287,0.1835,Americas,INR,True,True
PERF-00643,CLT0007,ICICI Prudential AMC,INE361B01024,HCLTECH,HCL Technologies Ltd,PORT-010,2024-12-05,1M,-0.1385,0.0211,NIFTY IT,-0.1596,1.027,0.0904,APAC,INR,True,True
PERF-00644,CLT0006,LIC of India,INE031A01017,POWERGRID,Power Grid Corp of India,PORT-009,2024-02-02,6M,-0.0937,0.0115,NIFTY Infrastructure,-0.1052,2.037,0.0588,APAC,INR,True,True
PERF-00645,CLT0013,GIC Private Ltd Singapore,INE467B01029,TCS,Tata Consultancy Services,PORT-034,2025-02-15,1Y,0.1762,-0.0176,NIFTY IT,0.1938,0.523,0.1361,APAC,INR,True,True
PERF-00646,CLT0006,LIC of India,INE038A01020,HINDALCO,Hindalco Industries Ltd,PORT-039,2025-03-29,1M,-0.1011,0.0267,NIFTY Metal,-0.1278,2.648,0.2119,APAC,INR,True,True
PERF-00647,CLT0012,Vanguard Emerging Markets,INE090A01021,ICICIBANK,ICICI Bank Ltd,PORT-003,2024-07-11,YTD,-0.0572,0.001,NIFTY Bank,-0.0582,-0.351,0.2414,Americas,INR,True,True
PERF-00648,CLT0014,Temasek Holdings,INE414G01012,ADANIENT,Adani Enterprises Ltd,PORT-007,2024-03-11,1W,0.0942,0.034,NIFTY 500,0.0602,-0.118,0.1042,APAC,INR,True,True
PERF-00649,CLT0009,Emirates NBD Asset Mgmt,INE066A01021,ONGC,Oil & Natural Gas Corp,PORT-013,2024-09-14,3M,0.2244,0.051,NIFTY Energy,0.1734,,0.24,EMEA,INR,True,False
PERF-00650,CLT0007,ICICI Prudential AMC,INE075A01022,WIPRO,Wipro Ltd,PORT-015,2024-11-18,1Y,0.192,0.1089,NIFTY IT,0.0831,0.555,0.1266,APAC,INR,True,True
PERF-00651,CLT0002,Aditya Birla Capital,INE038A01020,HINDALCO,Hindalco Industries Ltd,PORT-009,2025-01-03,1D,0.0543,0.0872,NIFTY Metal,-0.0329,2.851,0.2487,APAC,INR,True,True
PERF-00652,CLT0003,SBI Life Insurance,INE001A01036,SBIN,State Bank of India,PORT-005,2024-03-09,1M,-0.0836,0.0846,NIFTY Bank,-0.1682,2.772,0.3045,APAC,INR,True,True
PERF-00653,CLT0014,Temasek Holdings,INE066A01021,ONGC,Oil & Natural Gas Corp,PORT-029,2025-05-18,1Y,-0.0257,0.1453,NIFTY Energy,-0.171,2.052,0.2974,APAC,INR,True,True
PERF-00654,CLT0012,Vanguard Emerging Markets,INE018A01030,LARSEN,Larsen & Toubro Ltd,PORT-043,2024-11-16,1W,0.1248,0.1305,NIFTY Infrastructure,-0.0057,-0.226,0.3086,Americas,INR,False,True
PERF-00655,CLT0007,ICICI Prudential AMC,INE002A01018,RELIANCE,Reliance Industries Ltd,PORT-020,2024-12-04,1W,-0.1357,0.1477,NIFTY Energy,-0.2834,2.151,0.1001,APAC,INR,True,True
PERF-00656,CLT0014,Temasek Holdings,INE066A01021,ONGC,Oil & Natural Gas Corp,PORT-049,2024-11-25,6M,-0.1194,-0.061,NIFTY Energy,-0.0584,0.232,0.1874,APAC,INR,True,True
PERF-00657,CLT0005,Kotak Mahindra AMC,INE038A01020,HINDALCO,Hindalco Industries Ltd,PORT-006,2024-04-13,1M,-0.1193,0.0315,NIFTY Metal,-0.1508,2.87,0.2082,APAC,INR,True,True
PERF-00658,CLT0003,SBI Life Insurance,INE090A01021,ICICIBANK,ICICI Bank Ltd,PORT-004,2024-08-14,YTD,-0.0632,0.1631,NIFTY Bank,-0.2263,2.135,0.2099,APAC,INR,False,True
PERF-00659,CLT0015,Norges Bank Investment Mgmt,INE040A01034,HDFCBANK,HDFC Bank Ltd,PORT-035,2025-02-02,1W,0.0173,0.1506,NIFTY Bank,-0.1333,0.017,0.2212,EMEA,INR,True,True
PERF-00660,CLT0002,Aditya Birla Capital,INE040A01034,HDFCBANK,HDFC Bank Ltd,PORT-006,2024-02-28,YTD,0.001,0.1528,NIFTY Bank,-0.1518,0.954,0.2885,APAC,INR,False,True
PERF-00661,CLT0004,HDFC Pension Fund,INE414G01012,ADANIENT,Adani Enterprises Ltd,PORT-030,2025-05-07,1M,-0.0813,0.0556,NIFTY 500,-0.1369,1.691,0.2424,APAC,INR,True,True
PERF-00662,CLT0003,SBI Life Insurance,INE020B01018,NTPC,NTPC Ltd,PORT-002,2024-02-07,3M,0.0514,0.1491,NIFTY Infrastructure,-0.0977,0.967,0.3193,APAC,INR,True,True
PERF-00663,CLT0007,ICICI Prudential AMC,INE001A01036,SBIN,State Bank of India,PORT-002,2024-07-04,1D,0.2036,-0.03,NIFTY Bank,0.2336,2.293,0.1806,APAC,INR,False,True
PERF-00664,CLT0007,ICICI Prudential AMC,INE009A01021,INFY,Infosys Ltd,PORT-015,2024-02-05,1Y,0.0318,0.1402,NIFTY IT,-0.1084,1.637,0.2199,APAC,INR,True,True
PERF-00665,CLT0011,BlackRock India Fund,INE296A01024,BAJFINANCE,Bajaj Finance Ltd,PORT-005,2024-02-17,6M,0.1294,0.0889,NIFTY Financial Services,0.0405,0.925,0.2052,Americas,INR,False,True
PERF-00666,CLT0011,BlackRock India Fund,INE075A01022,WIPRO,Wipro Ltd,PORT-016,2025-03-20,1D,-0.1038,0.011,NIFTY IT,-0.1148,2.772,0.3137,Americas,INR,True,True
PERF-00667,CLT0010,Abu Dhabi Investment Auth,INE090A01021,ICICIBANK,ICICI Bank Ltd,PORT-036,2024-03-15,6M,-0.0873,0.0745,NIFTY Bank,-0.1618,1.139,0.2388,EMEA,INR,True,True
PERF-00668,CLT0013,GIC Private Ltd Singapore,INE213A01029,MARUTI,Maruti Suzuki India Ltd,PORT-004,2024-03-04,1D,,0.0116,NIFTY Auto,,,0.2993,APAC,INR,True,False
PERF-00669,CLT0001,Tata Investment Corp,INE075A01022,WIPRO,Wipro Ltd,PORT-045,2025-04-21,3M,0.1873,0.0426,NIFTY IT,0.1447,0.906,0.1577,APAC,INR,False,True
PERF-00670,CLT0015,Norges Bank Investment Mgmt,INE020B01018,NTPC,NTPC Ltd,PORT-011,2024-02-29,6M,0.0934,0.1956,NIFTY Infrastructure,-0.1022,-0.35,0.1296,EMEA,INR,True,True
PERF-00671,CLT0007,ICICI Prudential AMC,INE361B01024,HCLTECH,HCL Technologies Ltd,PORT-044,2025-02-19,YTD,-0.0246,0.0392,NIFTY IT,-0.0638,1.807,0.2426,APAC,INR,True,True
PERF-00672,CLT0011,BlackRock India Fund,INE585B01010,AXISBANK,Axis Bank Ltd,PORT-038,2024-09-01,YTD,-0.0905,0.0455,NIFTY Bank,-0.136,2.0,0.1695,Americas,INR,True,True
PERF-00673,CLT0012,Vanguard Emerging Markets,INE018A01030,LARSEN,Larsen & Toubro Ltd,PORT-005,2024-04-22,1Y,-0.1016,0.1315,NIFTY Infrastructure,-0.2331,2.752,0.0591,Americas,INR,True,True
PERF-00674,CLT0002,Aditya Birla Capital,INE018A01030,LARSEN,Larsen & Toubro Ltd,PORT-047,2024-03-30,YTD,0.0999,0.0769,NIFTY Infrastructure,0.023,0.457,0.328,APAC,INR,True,True
PERF-00675,CLT0011,BlackRock India Fund,INE296A01024,BAJFINANCE,Bajaj Finance Ltd,PORT-034,2024-02-12,1D,-0.1112,-0.043,NIFTY Financial Services,-0.0682,1.091,0.3103,Americas,INR,True,True
PERF-00676,CLT0002,Aditya Birla Capital,INE031A01017,POWERGRID,Power Grid Corp of India,PORT-044,2024-03-26,6M,-0.1269,0.1057,NIFTY Infrastructure,-0.2326,0.303,0.1927,APAC,INR,True,True
PERF-00677,CLT0004,HDFC Pension Fund,INE117A01022,BHARTIARTL,Bharti Airtel Ltd,PORT-018,2024-09-24,YTD,0.113,-0.0033,NIFTY Media,0.1163,0.868,0.3285,APAC,INR,True,True
PERF-00678,CLT0003,SBI Life Insurance,INE117A01022,BHARTIARTL,Bharti Airtel Ltd,PORT-001,2025-02-27,1W,-0.0731,0.1447,NIFTY Media,-0.2178,2.536,0.1199,APAC,INR,True,True
PERF-00679,CLT0008,Nippon India MF,INE066A01021,ONGC,Oil & Natural Gas Corp,PORT-005,2025-04-22,1Y,0.1511,-0.0893,NIFTY Energy,0.2404,,0.2114,APAC,INR,False,False
PERF-00680,CLT0012,Vanguard Emerging Markets,INE002A01018,RELIANCE,Reliance Industries Ltd,PORT-014,2025-02-07,YTD,0.0322,0.1635,NIFTY Energy,-0.1313,0.994,0.1055,Americas,INR,True,True
PERF-00681,CLT0007,ICICI Prudential AMC,INE721A01013,SUNPHARMA,Sun Pharmaceutical Ltd,PORT-029,2024-05-15,1M,0.2106,0.1504,NIFTY Pharma,0.0602,2.623,0.07,APAC,INR,False,True
PERF-00682,CLT0007,ICICI Prudential AMC,INE154A01025,ITC,ITC Ltd,PORT-020,2025-03-19,YTD,0.0212,0.0676,NIFTY FMCG,-0.0464,2.782,0.1923,APAC,INR,True,True
PERF-00683,CLT0005,Kotak Mahindra AMC,INE009A01021,INFY,Infosys Ltd,PORT-023,2024-09-24,1W,0.0881,-0.0812,NIFTY IT,0.1693,1.669,0.2538,APAC,INR,True,True
PERF-00684,CLT0014,Temasek Holdings,INE018A01030,LARSEN,Larsen & Toubro Ltd,PORT-005,2024-09-10,1Y,0.077,-0.0173,NIFTY Infrastructure,0.0943,2.72,0.3146,APAC,INR,True,True
PERF-00685,CLT0014,Temasek Holdings,INE213A01029,MARUTI,Maruti Suzuki India Ltd,PORT-037,2025-04-24,YTD,0.0168,0.1586,NIFTY Auto,-0.1418,0.101,0.2907,APAC,INR,True,True
PERF-00686,CLT0014,Temasek Holdings,INE001A01036,SBIN,State Bank of India,PORT-047,2025-02-01,YTD,-0.0823,0.0589,NIFTY Bank,-0.1412,2.35,0.1323,APAC,INR,True,True
PERF-00687,CLT0004,HDFC Pension Fund,INE154A01025,ITC,ITC Ltd,PORT-047,2024-01-17,1D,0.2404,0.1204,NIFTY FMCG,0.12,-0.023,0.3144,APAC,INR,True,True
PERF-00688,CLT0004,HDFC Pension Fund,INE721A01013,SUNPHARMA,Sun Pharmaceutical Ltd,PORT-003,2024-11-11,1D,0.026,0.1911,NIFTY Pharma,-0.1651,-0.333,0.3015,APAC,INR,True,True
PERF-00689,CLT0005,Kotak Mahindra AMC,INE031A01017,POWERGRID,Power Grid Corp of India,PORT-004,2024-02-29,1D,-0.0266,-0.0609,NIFTY Infrastructure,0.0343,2.569,0.1408,APAC,INR,True,True
PERF-00690,CLT0014,Temasek Holdings,INE020B01018,NTPC,NTPC Ltd,PORT-012,2025-01-07,6M,-0.0459,0.0902,NIFTY Infrastructure,-0.1361,0.209,0.1387,APAC,INR,True,True
PERF-00691,CLT0002,Aditya Birla Capital,INE467B01029,TCS,Tata Consultancy Services,PORT-046,2024-01-04,3M,0.0862,0.028,NIFTY IT,0.0582,-0.392,0.2908,APAC,INR,False,True
PERF-00692,CLT0002,Aditya Birla Capital,INE018A01030,LARSEN,Larsen & Toubro Ltd,PORT-020,2024-02-07,1Y,0.1511,0.0733,NIFTY Infrastructure,0.0778,1.1,0.2172,APAC,INR,True,True
PERF-00693,CLT0003,SBI Life Insurance,INE213A01029,MARUTI,Maruti Suzuki India Ltd,PORT-029,2024-11-07,6M,0.2323,-0.0181,NIFTY Auto,0.2504,0.231,0.0506,APAC,INR,False,True
PERF-00694,CLT0002,Aditya Birla Capital,INE154A01025,ITC,ITC Ltd,PORT-012,2025-04-23,1D,0.1564,0.1689,NIFTY FMCG,-0.0125,1.768,0.2602,APAC,INR,False,True
PERF-00695,CLT0010,Abu Dhabi Investment Auth,INE020B01018,NTPC,NTPC Ltd,PORT-033,2025-02-06,1Y,-0.1388,0.1411,NIFTY Infrastructure,-0.2799,0.385,0.3044,EMEA,INR,True,True
PERF-00696,CLT0008,Nippon India MF,INE361B01024,HCLTECH,HCL Technologies Ltd,PORT-025,2025-05-01,1W,-0.0508,0.0097,NIFTY IT,-0.0605,1.866,0.1596,APAC,INR,False,True
PERF-00697,CLT0004,HDFC Pension Fund,INE414G01012,ADANIENT,Adani Enterprises Ltd,PORT-047,2024-02-19,6M,-0.1151,0.1612,NIFTY 500,-0.2763,0.131,0.2185,APAC,INR,True,True
PERF-00698,CLT0007,ICICI Prudential AMC,INE001A01036,SBIN,State Bank of India,PORT-008,2025-02-10,1W,0.2312,-0.0128,NIFTY Bank,0.244,0.074,0.2109,APAC,INR,False,True
PERF-00699,CLT0015,Norges Bank Investment Mgmt,INE066A01021,ONGC,Oil & Natural Gas Corp,PORT-016,2024-07-16,1Y,-0.1189,0.026,NIFTY Energy,-0.1449,2.037,0.2368,EMEA,INR,True,True
PERF-00700,CLT0007,ICICI Prudential AMC,INE721A01013,SUNPHARMA,Sun Pharmaceutical Ltd,PORT-043,2024-01-02,3M,0.1919,0.1913,NIFTY Pharma,0.0006,2.912,0.0601,APAC,INR,True,True
PERF-00701,CLT0015,Norges Bank Investment Mgmt,INE038A01020,HINDALCO,Hindalco Industries Ltd,PORT-031,2025-03-19,6M,0.1789,0.1274,NIFTY Metal,0.0515,1.675,0.195,EMEA,INR,True,True
PERF-00702,CLT0015,Norges Bank Investment Mgmt,INE020B01018,NTPC,NTPC Ltd,PORT-006,2024-11-05,1M,0.2175,0.0622,NIFTY Infrastructure,0.1553,2.766,0.3467,EMEA,INR,True,True
PERF-00703,CLT0002,Aditya Birla Capital,INE467B01029,TCS,Tata Consultancy Services,PORT-001,2024-07-02,3M,0.1439,-0.0514,NIFTY IT,0.1953,1.72,0.3374,APAC,INR,False,True
PERF-00704,CLT0002,Aditya Birla Capital,INE213A01029,MARUTI,Maruti Suzuki India Ltd,PORT-004,2025-03-11,YTD,,-0.0283,NIFTY Auto,,,0.3112,APAC,INR,True,False
PERF-00705,CLT0013,GIC Private Ltd Singapore,INE585B01010,AXISBANK,Axis Bank Ltd,PORT-033,2024-03-24,1D,0.1858,-0.0418,NIFTY Bank,0.2276,1.748,0.2635,APAC,INR,False,True
PERF-00706,CLT0010,Abu Dhabi Investment Auth,INE414G01012,ADANIENT,Adani Enterprises Ltd,PORT-006,2024-11-14,1W,0.2245,-0.0761,NIFTY 500,0.3006,-0.408,0.1187,EMEA,INR,True,True
PERF-00707,CLT0013,GIC Private Ltd Singapore,INE009A01021,INFY,Infosys Ltd,PORT-008,2025-01-20,6M,0.1598,0.1112,NIFTY IT,0.0486,1.039,0.3368,APAC,INR,True,True
PERF-00708,CLT0008,Nippon India MF,INE018A01030,LARSEN,Larsen & Toubro Ltd,PORT-007,2024-09-25,YTD,-0.1231,-0.048,NIFTY Infrastructure,-0.0751,0.448,0.1801,APAC,INR,True,True
PERF-00709,CLT0011,BlackRock India Fund,INE213A01029,MARUTI,Maruti Suzuki India Ltd,PORT-014,2024-12-19,1W,-0.0046,0.0479,NIFTY Auto,-0.0525,,0.3469,Americas,INR,False,False
PERF-00710,CLT0008,Nippon India MF,INE154A01025,ITC,ITC Ltd,PORT-023,2024-02-07,1D,0.1171,0.1766,NIFTY FMCG,-0.0595,2.205,0.2901,APAC,INR,False,True
PERF-00711,CLT0010,Abu Dhabi Investment Auth,INE002A01018,RELIANCE,Reliance Industries Ltd,PORT-028,2025-03-07,3M,0.0112,-0.0539,NIFTY Energy,0.0651,0.212,0.1258,EMEA,INR,True,True
PERF-00712,CLT0009,Emirates NBD Asset Mgmt,INE154A01025,ITC,ITC Ltd,PORT-048,2025-03-05,1D,-0.0464,0.0294,NIFTY FMCG,-0.0758,2.386,0.2001,EMEA,INR,True,True
PERF-00713,CLT0005,Kotak Mahindra AMC,INE001A01036,SBIN,State Bank of India,PORT-002,2024-10-04,3M,-0.0106,0.1942,NIFTY Bank,-0.2048,-0.129,0.2709,APAC,INR,True,True
PERF-00714,CLT0015,Norges Bank Investment Mgmt,INE020B01018,NTPC,NTPC Ltd,PORT-044,2024-05-07,YTD,0.038,-0.0681,NIFTY Infrastructure,0.1061,2.908,0.2007,EMEA,INR,True,True
PERF-00715,CLT0009,Emirates NBD Asset Mgmt,INE066A01021,ONGC,Oil & Natural Gas Corp,PORT-049,2024-11-27,3M,0.1933,0.0824,NIFTY Energy,0.1109,1.442,0.0794,EMEA,INR,True,True
PERF-00716,CLT0010,Abu Dhabi Investment Auth,INE066A01021,ONGC,Oil & Natural Gas Corp,PORT-037,2024-09-16,1D,-0.0565,0.1154,NIFTY Energy,-0.1719,1.568,0.3162,EMEA,INR,True,True
PERF-00717,CLT0007,ICICI Prudential AMC,INE296A01024,BAJFINANCE,Bajaj Finance Ltd,PORT-021,2024-09-13,1D,0.0182,0.1458,NIFTY Financial Services,-0.1276,-0.218,0.2686,APAC,INR,True,True
PERF-00718,CLT0002,Aditya Birla Capital,INE117A01022,BHARTIARTL,Bharti Airtel Ltd,PORT-046,2024-01-04,1W,0.0851,-0.0801,NIFTY Media,0.1652,1.177,0.1446,APAC,INR,True,True
PERF-00719,CLT0004,HDFC Pension Fund,INE066A01021,ONGC,Oil & Natural Gas Corp,PORT-032,2024-11-06,3M,0.0767,0.0681,NIFTY Energy,0.0086,2.004,0.2384,APAC,INR,True,True
PERF-00720,CLT0007,ICICI Prudential AMC,INE075A01022,WIPRO,Wipro Ltd,PORT-028,2025-01-21,1Y,0.1884,-0.0079,NIFTY IT,0.1963,0.953,0.1851,APAC,INR,True,True
PERF-00721,CLT0005,Kotak Mahindra AMC,INE009A01021,INFY,Infosys Ltd,PORT-032,2025-04-18,1Y,-0.0968,-0.0394,NIFTY IT,-0.0574,1.647,0.1303,APAC,INR,True,True
PERF-00722,CLT0002,Aditya Birla Capital,INE414G01012,ADANIENT,Adani Enterprises Ltd,PORT-047,2024-12-24,3M,0.1467,0.1244,NIFTY 500,0.0223,0.903,0.1278,APAC,INR,True,True
PERF-00723,CLT0009,Emirates NBD Asset Mgmt,INE721A01013,SUNPHARMA,Sun Pharmaceutical Ltd,PORT-008,2024-08-10,1W,-0.1387,-0.0054,NIFTY Pharma,-0.1333,-0.221,0.057,EMEA,INR,True,True
PERF-00724,CLT0012,Vanguard Emerging Markets,INE040A01034,HDFCBANK,HDFC Bank Ltd,PORT-020,2024-03-19,1M,0.0952,0.1582,NIFTY Bank,-0.063,-0.088,0.3445,Americas,INR,True,True
PERF-00725,CLT0001,Tata Investment Corp,INE213A01029,MARUTI,Maruti Suzuki India Ltd,PORT-034,2024-11-03,1D,0.0868,-0.0772,NIFTY Auto,0.164,0.908,0.0715,APAC,INR,False,True
PERF-00726,CLT0014,Temasek Holdings,INE001A01036,SBIN,State Bank of India,PORT-014,2024-10-30,1Y,,0.0093,NIFTY Bank,,,0.1698,APAC,INR,True,False
PERF-00727,CLT0007,ICICI Prudential AMC,INE154A01025,ITC,ITC Ltd,PORT-048,2024-03-28,YTD,,0.0424,NIFTY FMCG,,,0.2395,APAC,INR,True,False
PERF-00728,CLT0012,Vanguard Emerging Markets,INE075A01022,WIPRO,Wipro Ltd,PORT-025,2024-08-02,1Y,-0.146,-0.0525,NIFTY IT,-0.0935,2.726,0.135,Americas,INR,True,True
PERF-00729,CLT0004,HDFC Pension Fund,INE038A01020,HINDALCO,Hindalco Industries Ltd,PORT-017,2025-05-02,1Y,0.0308,0.0008,NIFTY Metal,0.03,0.748,0.195,APAC,INR,True,True
PERF-00730,CLT0004,HDFC Pension Fund,INE154A01025,ITC,ITC Ltd,PORT-048,2025-01-19,1M,-0.1427,0.0915,NIFTY FMCG,-0.2342,,0.1631,APAC,INR,True,False
PERF-00731,CLT0007,ICICI Prudential AMC,INE002A01018,RELIANCE,Reliance Industries Ltd,PORT-032,2024-08-18,6M,0.2267,-0.0682,NIFTY Energy,0.2949,0.614,0.0893,APAC,INR,True,True
PERF-00732,CLT0008,Nippon India MF,INE361B01024,HCLTECH,HCL Technologies Ltd,PORT-042,2024-12-25,YTD,-0.0407,-0.0701,NIFTY IT,0.0294,1.75,0.3467,APAC,INR,True,True
PERF-00733,CLT0008,Nippon India MF,INE001A01036,SBIN,State Bank of India,PORT-016,2025-05-12,YTD,0.0159,-0.0081,NIFTY Bank,0.024,2.216,0.1048,APAC,INR,True,True
PERF-00734,CLT0010,Abu Dhabi Investment Auth,INE467B01029,TCS,Tata Consultancy Services,PORT-004,2024-07-20,YTD,-0.0258,0.1544,NIFTY IT,-0.1802,0.489,0.1087,EMEA,INR,True,True
PERF-00735,CLT0002,Aditya Birla Capital,INE001A01036,SBIN,State Bank of India,PORT-004,2024-10-29,1D,0.2496,0.1137,NIFTY Bank,0.1359,1.742,0.2625,APAC,INR,True,True
PERF-00736,CLT0015,Norges Bank Investment Mgmt,INE001A01036,SBIN,State Bank of India,PORT-027,2024-12-30,3M,0.0188,0.1629,NIFTY Bank,-0.1441,-0.03,0.1188,EMEA,INR,True,True
PERF-00737,CLT0015,Norges Bank Investment Mgmt,INE467B01029,TCS,Tata Consultancy Services,PORT-020,2024-08-25,6M,0.1651,0.1971,NIFTY IT,-0.032,,0.2532,EMEA,INR,True,False
PERF-00738,CLT0012,Vanguard Emerging Markets,INE018A01030,LARSEN,Larsen & Toubro Ltd,PORT-036,2025-04-29,3M,0.0057,0.1885,NIFTY Infrastructure,-0.1828,-0.138,0.1722,Americas,INR,True,True
PERF-00739,CLT0012,Vanguard Emerging Markets,INE467B01029,TCS,Tata Consultancy Services,PORT-035,2024-02-09,3M,0.1891,-0.0333,NIFTY IT,0.2224,2.127,0.1937,Americas,INR,False,True
PERF-00740,CLT0015,Norges Bank Investment Mgmt,INE075A01022,WIPRO,Wipro Ltd,PORT-044,2024-03-29,1M,0.1356,0.042,NIFTY IT,0.0936,0.435,0.3281,EMEA,INR,True,True
PERF-00741,CLT0007,ICICI Prudential AMC,INE361B01024,HCLTECH,HCL Technologies Ltd,PORT-004,2024-10-16,1M,-0.0314,-0.0809,NIFTY IT,0.0495,-0.371,0.0657,APAC,INR,False,True
PERF-00742,CLT0012,Vanguard Emerging Markets,INE154A01025,ITC,ITC Ltd,PORT-047,2025-01-09,1Y,0.0583,0.1408,NIFTY FMCG,-0.0825,0.647,0.1945,Americas,INR,True,True
PERF-00743,CLT0001,Tata Investment Corp,INE414G01012,ADANIENT,Adani Enterprises Ltd,PORT-012,2024-10-27,1Y,-0.0628,-0.0748,NIFTY 500,0.012,-0.276,0.1506,APAC,INR,True,True
PERF-00744,CLT0004,HDFC Pension Fund,INE001A01036,SBIN,State Bank of India,PORT-019,2025-05-01,1D,-0.016,0.0887,NIFTY Bank,-0.1047,0.076,0.1772,APAC,INR,True,True
PERF-00745,CLT0011,BlackRock India Fund,INE075A01022,WIPRO,Wipro Ltd,PORT-049,2024-01-24,YTD,0.0203,0.1679,NIFTY IT,-0.1476,-0.348,0.3099,Americas,INR,True,True
PERF-00746,CLT0009,Emirates NBD Asset Mgmt,INE154A01025,ITC,ITC Ltd,PORT-005,2024-10-07,1Y,-0.0175,-0.0089,NIFTY FMCG,-0.0086,,0.0857,EMEA,INR,True,False
PERF-00747,CLT0006,LIC of India,INE009A01021,INFY,Infosys Ltd,PORT-022,2024-01-18,1M,-0.0881,0.0127,NIFTY IT,-0.1008,2.554,0.1263,APAC,INR,True,True
PERF-00748,CLT0011,BlackRock India Fund,INE414G01012,ADANIENT,Adani Enterprises Ltd,PORT-020,2025-03-30,1M,-0.1135,-0.0181,NIFTY 500,-0.0954,-0.023,0.2064,Americas,INR,True,True
PERF-00749,CLT0012,Vanguard Emerging Markets,INE721A01013,SUNPHARMA,Sun Pharmaceutical Ltd,PORT-040,2024-08-09,1D,0.0528,0.0533,NIFTY Pharma,-0.0005,1.977,0.1257,Americas,INR,True,True
PERF-00750,CLT0003,SBI Life Insurance,INE001A01036,SBIN,State Bank of India,PORT-048,2024-07-13,1Y,-0.1389,0.1111,NIFTY Bank,-0.25,1.257,0.1607,APAC,INR,True,True
PERF-00751,CLT0005,Kotak Mahindra AMC,INE117A01022,BHARTIARTL,Bharti Airtel Ltd,PORT-036,2024-02-18,1D,0.1967,0.0459,NIFTY Media,0.1508,-0.131,0.1002,APAC,INR,True,True
PERF-00752,CLT0009,Emirates NBD Asset Mgmt,INE090A01021,ICICIBANK,ICICI Bank Ltd,PORT-003,2024-09-30,1W,0.0124,-0.0313,NIFTY Bank,0.0437,1.629,0.1603,EMEA,INR,False,True
PERF-00753,CLT0013,GIC Private Ltd Singapore,INE001A01036,SBIN,State Bank of India,PORT-041,2025-05-07,6M,0.0754,0.1647,NIFTY Bank,-0.0893,1.065,0.2965,APAC,INR,False,True
PERF-00754,CLT0006,LIC of India,INE213A01029,MARUTI,Maruti Suzuki India Ltd,PORT-023,2025-03-23,3M,0.1723,0.0467,NIFTY Auto,0.1256,-0.012,0.2599,APAC,INR,True,True
PERF-00755,CLT0015,Norges Bank Investment Mgmt,INE296A01024,BAJFINANCE,Bajaj Finance Ltd,PORT-035,2025-02-04,1D,,0.0865,NIFTY Financial Services,,,0.2619,EMEA,INR,True,False
PERF-00756,CLT0007,ICICI Prudential AMC,INE018A01030,LARSEN,Larsen & Toubro Ltd,PORT-047,2024-04-01,YTD,0.096,-0.0262,NIFTY Infrastructure,0.1222,2.595,0.2412,APAC,INR,True,True
PERF-00757,CLT0002,Aditya Birla Capital,INE117A01022,BHARTIARTL,Bharti Airtel Ltd,PORT-014,2024-06-15,3M,0.1672,-0.0975,NIFTY Media,0.2647,0.403,0.2404,APAC,INR,True,True
PERF-00758,CLT0002,Aditya Birla Capital,INE154A01025,ITC,ITC Ltd,PORT-040,2025-02-12,6M,-0.0899,-0.0973,NIFTY FMCG,0.0074,2.225,0.0609,APAC,INR,True,True
PERF-00759,CLT0008,Nippon India MF,INE020B01018,NTPC,NTPC Ltd,PORT-024,2025-03-08,YTD,0.1237,0.0342,NIFTY Infrastructure,0.0895,2.624,0.1657,APAC,INR,False,True
PERF-00760,CLT0010,Abu Dhabi Investment Auth,INE296A01024,BAJFINANCE,Bajaj Finance Ltd,PORT-046,2024-12-16,6M,-0.0364,0.0248,NIFTY Financial Services,-0.0612,-0.28,0.1346,EMEA,INR,True,True
PERF-00761,CLT0013,GIC Private Ltd Singapore,INE038A01020,HINDALCO,Hindalco Industries Ltd,PORT-047,2024-07-10,1D,0.0978,0.1098,NIFTY Metal,-0.012,1.528,0.086,APAC,INR,True,True
PERF-00762,CLT0010,Abu Dhabi Investment Auth,INE002A01018,RELIANCE,Reliance Industries Ltd,PORT-025,2024-06-09,1D,0.0886,0.1318,NIFTY Energy,-0.0432,,0.3059,EMEA,INR,True,False
PERF-00763,CLT0014,Temasek Holdings,INE117A01022,BHARTIARTL,Bharti Airtel Ltd,PORT-045,2025-03-19,1M,0.1858,0.1293,NIFTY Media,0.0565,2.066,0.0664,APAC,INR,True,True
PERF-00764,CLT0001,Tata Investment Corp,INE585B01010,AXISBANK,Axis Bank Ltd,PORT-011,2024-09-17,1M,0.0373,-0.09,NIFTY Bank,0.1273,0.936,0.3274,APAC,INR,True,True
PERF-00765,CLT0012,Vanguard Emerging Markets,INE018A01030,LARSEN,Larsen & Toubro Ltd,PORT-047,2024-08-03,1D,0.0715,0.0665,NIFTY Infrastructure,0.005,0.987,0.1381,Americas,INR,True,True
PERF-00766,CLT0010,Abu Dhabi Investment Auth,INE040A01034,HDFCBANK,HDFC Bank Ltd,PORT-037,2024-12-04,6M,0.2291,-0.0977,NIFTY Bank,0.3268,2.068,0.1986,EMEA,INR,True,True
PERF-00767,CLT0006,LIC of India,INE038A01020,HINDALCO,Hindalco Industries Ltd,PORT-013,2024-06-28,1M,-0.1038,0.1533,NIFTY Metal,-0.2571,0.211,0.135,APAC,INR,True,True
PERF-00768,CLT0013,GIC Private Ltd Singapore,INE414G01012,ADANIENT,Adani Enterprises Ltd,PORT-041,2025-03-27,1M,-0.1193,-0.085,NIFTY 500,-0.0343,2.358,0.3394,APAC,INR,True,True
PERF-00769,CLT0004,HDFC Pension Fund,INE361B01024,HCLTECH,HCL Technologies Ltd,PORT-038,2024-11-30,1M,-0.0623,0.1799,NIFTY IT,-0.2422,0.355,0.1963,APAC,INR,True,True
PERF-00770,CLT0007,ICICI Prudential AMC,INE040A01034,HDFCBANK,HDFC Bank Ltd,PORT-037,2024-04-16,6M,0.0109,0.0676,NIFTY Bank,-0.0567,2.508,0.2567,APAC,INR,True,True
PERF-00771,CLT0012,Vanguard Emerging Markets,INE117A01022,BHARTIARTL,Bharti Airtel Ltd,PORT-015,2024-04-14,1M,0.0003,0.0747,NIFTY Media,-0.0744,2.939,0.074,Americas,INR,True,True
PERF-00772,CLT0003,SBI Life Insurance,INE066A01021,ONGC,Oil & Natural Gas Corp,PORT-023,2024-07-01,1D,0.0174,0.1373,NIFTY Energy,-0.1199,1.01,0.3026,APAC,INR,True,True
PERF-00773,CLT0014,Temasek Holdings,INE585B01010,AXISBANK,Axis Bank Ltd,PORT-026,2025-05-06,6M,-0.1397,-0.0115,NIFTY Bank,-0.1282,0.99,0.08,APAC,INR,True,True
PERF-00774,CLT0014,Temasek Holdings,INE117A01022,BHARTIARTL,Bharti Airtel Ltd,PORT-049,2025-03-22,YTD,0.0732,0.0368,NIFTY Media,0.0364,0.363,0.2374,APAC,INR,True,True
PERF-00775,CLT0013,GIC Private Ltd Singapore,INE031A01017,POWERGRID,Power Grid Corp of India,PORT-050,2024-11-20,1D,-0.0908,0.1046,NIFTY Infrastructure,-0.1954,-0.18,0.1921,APAC,INR,True,True
PERF-00776,CLT0007,ICICI Prudential AMC,INE296A01024,BAJFINANCE,Bajaj Finance Ltd,PORT-019,2025-04-25,1W,0.0463,-0.0662,NIFTY Financial Services,0.1125,2.25,0.0813,APAC,INR,True,True
PERF-00777,CLT0015,Norges Bank Investment Mgmt,INE031A01017,POWERGRID,Power Grid Corp of India,PORT-016,2024-11-16,3M,-0.0864,0.03,NIFTY Infrastructure,-0.1164,-0.475,0.2263,EMEA,INR,True,True
PERF-00778,CLT0014,Temasek Holdings,INE296A01024,BAJFINANCE,Bajaj Finance Ltd,PORT-002,2024-11-11,YTD,0.098,0.0092,NIFTY Financial Services,0.0888,0.342,0.3048,APAC,INR,True,True
PERF-00779,CLT0009,Emirates NBD Asset Mgmt,INE361B01024,HCLTECH,HCL Technologies Ltd,PORT-007,2025-04-25,1W,0.1579,-0.0417,NIFTY IT,0.1996,0.288,0.2514,EMEA,INR,True,True
PERF-00780,CLT0007,ICICI Prudential AMC,INE066A01021,ONGC,Oil & Natural Gas Corp,PORT-047,2025-01-23,3M,0.0297,-0.0062,NIFTY Energy,0.0359,-0.374,0.1686,APAC,INR,False,True
PERF-00781,CLT0006,LIC of India,INE154A01025,ITC,ITC Ltd,PORT-002,2024-07-30,1W,-0.0666,0.1327,NIFTY FMCG,-0.1993,,0.0828,APAC,INR,True,False
PERF-00782,CLT0002,Aditya Birla Capital,INE018A01030,LARSEN,Larsen & Toubro Ltd,PORT-006,2024-06-02,1M,-0.0441,0.1214,NIFTY Infrastructure,-0.1655,0.66,0.1328,APAC,INR,True,True
PERF-00783,CLT0012,Vanguard Emerging Markets,INE020B01018,NTPC,NTPC Ltd,PORT-010,2024-05-19,1M,-0.1089,-0.0235,NIFTY Infrastructure,-0.0854,0.794,0.0918,Americas,INR,True,True
PERF-00784,CLT0015,Norges Bank Investment Mgmt,INE009A01021,INFY,Infosys Ltd,PORT-018,2024-11-15,1D,-0.0767,0.089,NIFTY IT,-0.1657,1.848,0.1381,EMEA,INR,True,True
PERF-00785,CLT0010,Abu Dhabi Investment Auth,INE075A01022,WIPRO,Wipro Ltd,PORT-009,2025-02-26,1Y,0.1178,0.0461,NIFTY IT,0.0717,1.264,0.1357,EMEA,INR,True,True
PERF-00786,CLT0013,GIC Private Ltd Singapore,INE467B01029,TCS,Tata Consultancy Services,PORT-028,2024-03-25,3M,0.1556,0.1218,NIFTY IT,0.0338,2.326,0.3074,APAC,INR,True,True
PERF-00787,CLT0012,Vanguard Emerging Markets,INE002A01018,RELIANCE,Reliance Industries Ltd,PORT-035,2024-10-23,1Y,0.0729,0.1725,NIFTY Energy,-0.0996,1.072,0.0699,Americas,INR,True,True
PERF-00788,CLT0012,Vanguard Emerging Markets,INE066A01021,ONGC,Oil & Natural Gas Corp,PORT-030,2024-02-14,YTD,0.0633,-0.0207,NIFTY Energy,0.084,0.491,0.2886,Americas,INR,True,True
PERF-00789,CLT0005,Kotak Mahindra AMC,INE001A01036,SBIN,State Bank of India,PORT-043,2024-12-17,1W,0.242,0.0927,NIFTY Bank,0.1493,-0.055,0.2638,APAC,INR,True,True
PERF-00790,CLT0003,SBI Life Insurance,INE031A01017,POWERGRID,Power Grid Corp of India,PORT-050,2024-04-23,1Y,-0.0878,-0.0504,NIFTY Infrastructure,-0.0374,1.716,0.1577,APAC,INR,True,True
PERF-00791,CLT0009,Emirates NBD Asset Mgmt,INE585B01010,AXISBANK,Axis Bank Ltd,PORT-018,2024-10-22,6M,0.2092,-0.0086,NIFTY Bank,0.2178,1.546,0.105,EMEA,INR,False,True
PERF-00792,CLT0014,Temasek Holdings,INE154A01025,ITC,ITC Ltd,PORT-050,2024-06-12,1W,-0.0703,0.0419,NIFTY FMCG,-0.1122,0.052,0.1734,APAC,INR,True,True
PERF-00793,CLT0005,Kotak Mahindra AMC,INE117A01022,BHARTIARTL,Bharti Airtel Ltd,PORT-023,2024-10-07,1M,-0.0478,0.1279,NIFTY Media,-0.1757,2.041,0.1714,APAC,INR,True,True
PERF-00794,CLT0006,LIC of India,INE001A01036,SBIN,State Bank of India,PORT-035,2024-04-27,6M,0.0513,0.009,NIFTY Bank,0.0423,0.684,0.2215,APAC,INR,True,True
PERF-00795,CLT0010,Abu Dhabi Investment Auth,INE038A01020,HINDALCO,Hindalco Industries Ltd,PORT-030,2025-01-23,1Y,0.2153,-0.0341,NIFTY Metal,0.2494,2.765,0.1321,EMEA,INR,True,True
PERF-00796,CLT0013,GIC Private Ltd Singapore,INE066A01021,ONGC,Oil & Natural Gas Corp,PORT-049,2025-03-19,YTD,0.2376,0.0003,NIFTY Energy,0.2373,2.355,0.0871,APAC,INR,False,True
PERF-00797,CLT0004,HDFC Pension Fund,INE009A01021,INFY,Infosys Ltd,PORT-048,2025-03-24,YTD,-0.1281,0.0599,NIFTY IT,-0.188,2.719,0.3198,APAC,INR,True,True
PERF-00798,CLT0002,Aditya Birla Capital,INE213A01029,MARUTI,Maruti Suzuki India Ltd,PORT-029,2025-04-02,3M,0.2174,0.1283,NIFTY Auto,0.0891,-0.012,0.3337,APAC,INR,True,True
PERF-00799,CLT0008,Nippon India MF,INE031A01017,POWERGRID,Power Grid Corp of India,PORT-041,2024-04-15,1Y,,-0.07,NIFTY Infrastructure,,,0.2303,APAC,INR,True,False
PERF-00800,CLT0004,HDFC Pension Fund,INE585B01010,AXISBANK,Axis Bank Ltd,PORT-010,2025-05-18,1Y,-0.1123,0.0311,NIFTY Bank,-0.1434,1.252,0.0505,APAC,INR,True,True
PERF-00801,CLT0005,Kotak Mahindra AMC,INE414G01012,ADANIENT,Adani Enterprises Ltd,PORT-043,2025-02-14,1Y,0.1913,0.1624,NIFTY 500,0.0289,1.384,0.0727,APAC,INR,True,True
PERF-00802,CLT0009,Emirates NBD Asset Mgmt,INE090A01021,ICICIBANK,ICICI Bank Ltd,PORT-036,2024-05-29,1D,-0.1352,0.135,NIFTY Bank,-0.2702,-0.3,0.3297,EMEA,INR,True,True
PERF-00803,CLT0009,Emirates NBD Asset Mgmt,INE001A01036,SBIN,State Bank of India,PORT-016,2025-05-03,3M,0.1123,-0.0056,NIFTY Bank,0.1179,0.045,0.3128,EMEA,INR,True,True
PERF-00804,CLT0015,Norges Bank Investment Mgmt,INE585B01010,AXISBANK,Axis Bank Ltd,PORT-037,2024-11-10,1M,0.2403,0.0155,NIFTY Bank,0.2248,0.436,0.254,EMEA,INR,True,True
PERF-00805,CLT0012,Vanguard Emerging Markets,INE066A01021,ONGC,Oil & Natural Gas Corp,PORT-024,2025-04-22,1M,0.2108,0.1715,NIFTY Energy,0.0393,1.331,0.2072,Americas,INR,True,True
PERF-00806,CLT0003,SBI Life Insurance,INE296A01024,BAJFINANCE,Bajaj Finance Ltd,PORT-042,2024-07-07,6M,0.0353,-0.0737,NIFTY Financial Services,0.109,1.887,0.3106,APAC,INR,False,True
PERF-00807,CLT0007,ICICI Prudential AMC,INE075A01022,WIPRO,Wipro Ltd,PORT-003,2024-11-06,6M,-0.0985,-0.0441,NIFTY IT,-0.0544,1.646,0.1714,APAC,INR,True,True
PERF-00808,CLT0006,LIC of India,INE154A01025,ITC,ITC Ltd,PORT-003,2025-02-08,1D,-0.1366,-0.0966,NIFTY FMCG,-0.04,2.487,0.1353,APAC,INR,True,True
PERF-00809,CLT0009,Emirates NBD Asset Mgmt,INE038A01020,HINDALCO,Hindalco Industries Ltd,PORT-033,2024-03-23,1M,-0.0979,0.0437,NIFTY Metal,-0.1416,1.575,0.1171,EMEA,INR,True,True
PERF-00810,CLT0015,Norges Bank Investment Mgmt,INE038A01020,HINDALCO,Hindalco Industries Ltd,PORT-031,2024-06-20,1W,0.052,0.0515,NIFTY Metal,0.0005,0.456,0.3495,EMEA,INR,True,True
PERF-00811,CLT0015,Norges Bank Investment Mgmt,INE117A01022,BHARTIARTL,Bharti Airtel Ltd,PORT-001,2024-09-02,1Y,0.246,0.0213,NIFTY Media,0.2247,0.16,0.1942,EMEA,INR,True,True
PERF-00812,CLT0008,Nippon India MF,INE296A01024,BAJFINANCE,Bajaj Finance Ltd,PORT-036,2024-10-16,YTD,0.1768,0.1811,NIFTY Financial Services,-0.0043,-0.363,0.1726,APAC,INR,False,True
PERF-00813,CLT0015,Norges Bank Investment Mgmt,INE031A01017,POWERGRID,Power Grid Corp of India,PORT-003,2024-10-22,1D,0.0806,0.1053,NIFTY Infrastructure,-0.0247,0.152,0.3474,EMEA,INR,True,True
PERF-00814,CLT0003,SBI Life Insurance,INE154A01025,ITC,ITC Ltd,PORT-048,2024-04-10,3M,0.1059,-0.0185,NIFTY FMCG,0.1244,2.773,0.3274,APAC,INR,True,True
PERF-00815,CLT0007,ICICI Prudential AMC,INE040A01034,HDFCBANK,HDFC Bank Ltd,PORT-026,2024-03-18,1M,0.0004,0.0873,NIFTY Bank,-0.0869,0.581,0.1314,APAC,INR,False,True
PERF-00816,CLT0008,Nippon India MF,INE020B01018,NTPC,NTPC Ltd,PORT-018,2025-04-22,1D,0.1035,0.0016,NIFTY Infrastructure,0.1019,1.254,0.1182,APAC,INR,True,True
PERF-00817,CLT0009,Emirates NBD Asset Mgmt,INE002A01018,RELIANCE,Reliance Industries Ltd,PORT-046,2024-10-24,1Y,0.1789,0.1765,NIFTY Energy,0.0024,-0.284,0.2781,EMEA,INR,True,True
PERF-00818,CLT0010,Abu Dhabi Investment Auth,INE414G01012,ADANIENT,Adani Enterprises Ltd,PORT-005,2024-07-18,3M,-0.0359,0.1174,NIFTY 500,-0.1533,2.41,0.3353,EMEA,INR,True,True
PERF-00819,CLT0014,Temasek Holdings,INE154A01025,ITC,ITC Ltd,PORT-041,2024-06-20,1W,0.184,-0.031,NIFTY FMCG,0.215,2.174,0.3328,APAC,INR,True,True
PERF-00820,CLT0001,Tata Investment Corp,INE001A01036,SBIN,State Bank of India,PORT-037,2025-04-06,1Y,-0.139,0.1602,NIFTY Bank,-0.2992,,0.2886,APAC,INR,False,False
PERF-00821,CLT0014,Temasek Holdings,INE020B01018,NTPC,NTPC Ltd,PORT-031,2024-07-28,1D,-0.1297,-0.0477,NIFTY Infrastructure,-0.082,2.838,0.3384,APAC,INR,True,True
PERF-00822,CLT0014,Temasek Holdings,INE467B01029,TCS,Tata Consultancy Services,PORT-041,2024-11-25,3M,-0.0145,0.1759,NIFTY IT,-0.1904,0.229,0.1091,APAC,INR,False,True
PERF-00823,CLT0009,Emirates NBD Asset Mgmt,INE154A01025,ITC,ITC Ltd,PORT-018,2025-02-26,1W,-0.0121,0.1204,NIFTY FMCG,-0.1325,2.859,0.1654,EMEA,INR,True,True
PERF-00824,CLT0009,Emirates NBD Asset Mgmt,INE018A01030,LARSEN,Larsen & Toubro Ltd,PORT-044,2024-09-23,1Y,-0.0561,0.0177,NIFTY Infrastructure,-0.0738,-0.1,0.3477,EMEA,INR,True,True
PERF-00825,CLT0001,Tata Investment Corp,INE001A01036,SBIN,State Bank of India,PORT-046,2024-08-09,3M,0.2246,-0.0881,NIFTY Bank,0.3127,2.919,0.0695,APAC,INR,True,True
PERF-00826,CLT0001,Tata Investment Corp,INE038A01020,HINDALCO,Hindalco Industries Ltd,PORT-023,2024-12-11,1D,0.1174,0.1021,NIFTY Metal,0.0153,2.462,0.1197,APAC,INR,True,True
PERF-00827,CLT0003,SBI Life Insurance,INE090A01021,ICICIBANK,ICICI Bank Ltd,PORT-029,2024-10-16,1M,0.0126,0.1993,NIFTY Bank,-0.1867,0.869,0.2923,APAC,INR,True,True
PERF-00828,CLT0009,Emirates NBD Asset Mgmt,INE296A01024,BAJFINANCE,Bajaj Finance Ltd,PORT-048,2025-05-14,3M,0.001,0.0166,NIFTY Financial Services,-0.0156,1.42,0.2772,EMEA,INR,True,False
PERF-00829,CLT0014,Temasek Holdings,INE414G01012,ADANIENT,Adani Enterprises Ltd,PORT-021,2024-11-03,6M,-0.0472,-0.0633,NIFTY 500,0.0161,2.622,0.2158,APAC,INR,True,True
PERF-00830,CLT0002,Aditya Birla Capital,INE018A01030,LARSEN,Larsen & Toubro Ltd,PORT-007,2024-07-28,1M,0.137,0.0448,NIFTY Infrastructure,0.0922,2.844,0.0857,APAC,INR,False,True
PERF-00831,CLT0007,ICICI Prudential AMC,INE066A01021,ONGC,Oil & Natural Gas Corp,PORT-044,2025-03-09,1W,-0.0989,-0.0289,NIFTY Energy,-0.07,-0.115,0.1996,APAC,INR,True,True
PERF-00832,CLT0004,HDFC Pension Fund,INE040A01034,HDFCBANK,HDFC Bank Ltd,PORT-032,2024-08-19,YTD,-0.0938,0.146,NIFTY Bank,-0.2398,-0.293,0.2486,APAC,INR,True,True
PERF-00833,CLT0012,Vanguard Emerging Markets,INE467B01029,TCS,Tata Consultancy Services,PORT-032,2024-11-09,1M,0.2432,0.1921,NIFTY IT,0.0511,0.645,0.0941,Americas,INR,True,True
PERF-00834,CLT0004,HDFC Pension Fund,INE002A01018,RELIANCE,Reliance Industries Ltd,PORT-024,2024-06-28,3M,,-0.0493,NIFTY Energy,,,0.244,APAC,INR,False,False
PERF-00835,CLT0004,HDFC Pension Fund,INE361B01024,HCLTECH,HCL Technologies Ltd,PORT-016,2024-10-24,YTD,0.1228,0.1479,NIFTY IT,-0.0251,2.042,0.332,APAC,INR,True,True
PERF-00836,CLT0009,Emirates NBD Asset Mgmt,INE020B01018,NTPC,NTPC Ltd,PORT-042,2025-03-14,3M,0.1514,0.088,NIFTY Infrastructure,0.0634,,0.286,EMEA,INR,True,False
PERF-00837,CLT0005,Kotak Mahindra AMC,INE018A01030,LARSEN,Larsen & Toubro Ltd,PORT-023,2025-02-03,1Y,0.1421,-0.0697,NIFTY Infrastructure,0.2118,2.319,0.233,APAC,INR,True,True
PERF-00838,CLT0014,Temasek Holdings,INE467B01029,TCS,Tata Consultancy Services,PORT-044,2024-12-21,3M,-0.0836,-0.043,NIFTY IT,-0.0406,2.927,0.2978,APAC,INR,True,True
PERF-00839,CLT0010,Abu Dhabi Investment Auth,INE018A01030,LARSEN,Larsen & Toubro Ltd,PORT-044,2024-04-04,1D,0.1216,0.1022,NIFTY Infrastructure,0.0194,2.948,0.1376,EMEA,INR,True,True
PERF-00840,CLT0012,Vanguard Emerging Markets,INE075A01022,WIPRO,Wipro Ltd,PORT-001,2024-02-18,YTD,-0.0101,0.198,NIFTY IT,-0.2081,0.49,0.0982,Americas,INR,True,True
PERF-00841,CLT0008,Nippon India MF,INE009A01021,INFY,Infosys Ltd,PORT-045,2025-04-01,6M,0.0455,0.1828,NIFTY IT,-0.1373,1.563,0.1236,APAC,INR,True,True
PERF-00842,CLT0005,Kotak Mahindra AMC,INE066A01021,ONGC,Oil & Natural Gas Corp,PORT-043,2024-03-11,1D,0.1146,0.1274,NIFTY Energy,-0.0128,2.117,0.2541,APAC,INR,True,True
PERF-00843,CLT0003,SBI Life Insurance,INE117A01022,BHARTIARTL,Bharti Airtel Ltd,PORT-027,2025-02-13,1M,-0.1053,-0.0177,NIFTY Media,-0.0876,1.78,0.1516,APAC,INR,True,True
PERF-00844,CLT0007,ICICI Prudential AMC,INE020B01018,NTPC,NTPC Ltd,PORT-014,2024-03-18,YTD,-0.123,-0.0237,NIFTY Infrastructure,-0.0993,0.596,0.2535,APAC,INR,True,True
PERF-00845,CLT0002,Aditya Birla Capital,INE075A01022,WIPRO,Wipro Ltd,PORT-017,2025-04-09,1D,-0.1409,0.0953,NIFTY IT,-0.2362,2.934,0.2743,APAC,INR,True,True
PERF-00846,CLT0006,LIC of India,INE721A01013,SUNPHARMA,Sun Pharmaceutical Ltd,PORT-037,2024-06-21,1M,,-0.0441,NIFTY Pharma,,,0.277,APAC,INR,True,False
PERF-00847,CLT0005,Kotak Mahindra AMC,INE090A01021,ICICIBANK,ICICI Bank Ltd,PORT-027,2024-07-02,1M,-0.1002,-0.071,NIFTY Bank,-0.0292,0.366,0.1894,APAC,INR,True,True
PERF-00848,CLT0012,Vanguard Emerging Markets,INE296A01024,BAJFINANCE,Bajaj Finance Ltd,PORT-016,2024-09-18,YTD,0.1174,0.0824,NIFTY Financial Services,0.035,2.82,0.2376,Americas,INR,True,True
PERF-00849,CLT0012,Vanguard Emerging Markets,INE585B01010,AXISBANK,Axis Bank Ltd,PORT-036,2024-07-13,6M,,0.0318,NIFTY Bank,,,0.2959,Americas,INR,True,False
PERF-00850,CLT0003,SBI Life Insurance,INE721A01013,SUNPHARMA,Sun Pharmaceutical Ltd,PORT-013,2024-06-30,YTD,0.1273,-0.0801,NIFTY Pharma,0.2074,,0.2624,APAC,INR,True,False
PERF-00851,CLT0011,BlackRock India Fund,INE009A01021,INFY,Infosys Ltd,PORT-023,2024-03-21,1W,-0.1017,0.0122,NIFTY IT,-0.1139,0.424,0.2229,Americas,INR,True,True
PERF-00852,CLT0015,Norges Bank Investment Mgmt,INE002A01018,RELIANCE,Reliance Industries Ltd,PORT-007,2025-01-19,3M,,-0.063,NIFTY Energy,,,0.0775,EMEA,INR,True,False
PERF-00853,CLT0005,Kotak Mahindra AMC,INE002A01018,RELIANCE,Reliance Industries Ltd,PORT-012,2025-01-29,YTD,0.2272,0.1488,NIFTY Energy,0.0784,-0.271,0.0892,APAC,INR,True,True
PERF-00854,CLT0011,BlackRock India Fund,INE031A01017,POWERGRID,Power Grid Corp of India,PORT-046,2024-12-23,YTD,0.1055,0.0275,NIFTY Infrastructure,0.078,-0.021,0.2215,Americas,INR,False,True
PERF-00855,CLT0005,Kotak Mahindra AMC,INE020B01018,NTPC,NTPC Ltd,PORT-033,2025-04-26,1D,0.0174,0.1113,NIFTY Infrastructure,-0.0939,0.178,0.2214,APAC,INR,True,True
PERF-00856,CLT0013,GIC Private Ltd Singapore,INE213A01029,MARUTI,Maruti Suzuki India Ltd,PORT-020,2024-04-29,6M,0.1387,0.193,NIFTY Auto,-0.0543,0.324,0.159,APAC,INR,True,True
PERF-00857,CLT0009,Emirates NBD Asset Mgmt,INE002A01018,RELIANCE,Reliance Industries Ltd,PORT-032,2024-06-23,3M,0.0259,0.196,NIFTY Energy,-0.1701,-0.125,0.1503,EMEA,INR,True,True
PERF-00858,CLT0012,Vanguard Emerging Markets,INE031A01017,POWERGRID,Power Grid Corp of India,PORT-050,2024-07-11,3M,-0.0489,-0.0542,NIFTY Infrastructure,0.0053,1.555,0.1198,Americas,INR,True,True
PERF-00859,CLT0006,LIC of India,INE467B01029,TCS,Tata Consultancy Services,PORT-040,2025-04-16,1W,,0.0839,NIFTY IT,,,0.261,APAC,INR,True,False
PERF-00860,CLT0007,ICICI Prudential AMC,INE075A01022,WIPRO,Wipro Ltd,PORT-011,2024-04-13,1D,-0.0494,-0.0844,NIFTY IT,0.035,2.345,0.2037,APAC,INR,True,True
PERF-00861,CLT0013,GIC Private Ltd Singapore,INE467B01029,TCS,Tata Consultancy Services,PORT-035,2025-04-11,1D,-0.0111,-0.0789,NIFTY IT,0.0678,-0.322,0.2476,APAC,INR,True,True
PERF-00862,CLT0004,HDFC Pension Fund,INE414G01012,ADANIENT,Adani Enterprises Ltd,PORT-031,2025-01-14,1D,-0.0677,0.0876,NIFTY 500,-0.1553,0.698,0.0987,APAC,INR,True,True
PERF-00863,CLT0010,Abu Dhabi Investment Auth,INE031A01017,POWERGRID,Power Grid Corp of India,PORT-015,2025-04-14,6M,0.0929,0.1115,NIFTY Infrastructure,-0.0186,-0.289,0.0809,EMEA,INR,True,True
PERF-00864,CLT0013,GIC Private Ltd Singapore,INE414G01012,ADANIENT,Adani Enterprises Ltd,PORT-050,2024-03-31,6M,0.1856,-0.0693,NIFTY 500,0.2549,0.794,0.3095,APAC,INR,True,True
PERF-00865,CLT0004,HDFC Pension Fund,INE414G01012,ADANIENT,Adani Enterprises Ltd,PORT-044,2025-02-09,6M,0.1932,-0.0313,NIFTY 500,0.2245,0.741,0.1844,APAC,INR,True,True
PERF-00866,CLT0010,Abu Dhabi Investment Auth,INE117A01022,BHARTIARTL,Bharti Airtel Ltd,PORT-046,2025-05-11,3M,0.232,0.1809,NIFTY Media,0.0511,1.976,0.1519,EMEA,INR,True,True
PERF-00867,CLT0008,Nippon India MF,INE018A01030,LARSEN,Larsen & Toubro Ltd,PORT-019,2024-02-01,1W,-0.1128,-0.0011,NIFTY Infrastructure,-0.1117,2.613,0.09,APAC,INR,True,True
PERF-00868,CLT0001,Tata Investment Corp,INE020B01018,NTPC,NTPC Ltd,PORT-031,2024-11-13,3M,0.2341,0.1167,NIFTY Infrastructure,0.1174,2.571,0.2926,APAC,INR,True,True
PERF-00869,CLT0012,Vanguard Emerging Markets,INE040A01034,HDFCBANK,HDFC Bank Ltd,PORT-034,2024-06-13,1Y,0.1279,0.0245,NIFTY Bank,0.1034,2.222,0.0657,Americas,INR,True,True
PERF-00870,CLT0004,HDFC Pension Fund,INE090A01021,ICICIBANK,ICICI Bank Ltd,PORT-035,2024-06-09,1W,0.2152,0.1256,NIFTY Bank,0.0896,-0.389,0.2118,APAC,INR,True,True
PERF-00871,CLT0012,Vanguard Emerging Markets,INE414G01012,ADANIENT,Adani Enterprises Ltd,PORT-042,2024-02-10,1M,-0.0845,0.1355,NIFTY 500,-0.22,2.053,0.3174,Americas,INR,True,True
PERF-00872,CLT0010,Abu Dhabi Investment Auth,INE002A01018,RELIANCE,Reliance Industries Ltd,PORT-029,2024-02-25,1W,-0.0901,0.0481,NIFTY Energy,-0.1382,,0.3186,EMEA,INR,True,False
PERF-00873,CLT0007,ICICI Prudential AMC,INE040A01034,HDFCBANK,HDFC Bank Ltd,PORT-017,2024-11-26,1M,0.1714,0.166,NIFTY Bank,0.0054,1.09,0.0535,APAC,INR,True,True
PERF-00874,CLT0008,Nippon India MF,INE213A01029,MARUTI,Maruti Suzuki India Ltd,PORT-015,2024-05-13,6M,-0.0041,0.0361,NIFTY Auto,-0.0402,0.043,0.3175,APAC,INR,True,True
PERF-00875,CLT0011,BlackRock India Fund,INE066A01021,ONGC,Oil & Natural Gas Corp,PORT-022,2025-02-17,3M,-0.0042,0.1075,NIFTY Energy,-0.1117,0.927,0.2494,Americas,INR,True,True
PERF-00876,CLT0014,Temasek Holdings,INE075A01022,WIPRO,Wipro Ltd,PORT-021,2025-03-12,1Y,0.1846,-0.0891,NIFTY IT,0.2737,0.608,0.3309,APAC,INR,True,True
PERF-00877,CLT0001,Tata Investment Corp,INE090A01021,ICICIBANK,ICICI Bank Ltd,PORT-039,2024-09-03,1W,0.1693,-0.0166,NIFTY Bank,0.1859,1.358,0.0974,APAC,INR,True,True
PERF-00878,CLT0008,Nippon India MF,INE002A01018,RELIANCE,Reliance Industries Ltd,PORT-023,2024-11-30,6M,0.2116,0.0818,NIFTY Energy,0.1298,1.787,0.1028,APAC,INR,True,True
PERF-00879,CLT0005,Kotak Mahindra AMC,INE361B01024,HCLTECH,HCL Technologies Ltd,PORT-010,2024-05-08,6M,0.0717,0.1962,NIFTY IT,-0.1245,1.564,0.0791,APAC,INR,True,True
PERF-00880,CLT0007,ICICI Prudential AMC,INE040A01034,HDFCBANK,HDFC Bank Ltd,PORT-008,2024-04-13,6M,0.0447,0.1821,NIFTY Bank,-0.1374,1.009,0.293,APAC,INR,True,True
PERF-00881,CLT0004,HDFC Pension Fund,INE361B01024,HCLTECH,HCL Technologies Ltd,PORT-050,2024-10-26,1M,0.1241,0.153,NIFTY IT,-0.0289,0.168,0.2382,APAC,INR,False,True
PERF-00882,CLT0012,Vanguard Emerging Markets,INE020B01018,NTPC,NTPC Ltd,PORT-014,2024-12-19,YTD,-0.1189,0.1504,NIFTY Infrastructure,-0.2693,1.275,0.2763,Americas,INR,False,True
PERF-00883,CLT0015,Norges Bank Investment Mgmt,INE361B01024,HCLTECH,HCL Technologies Ltd,PORT-048,2024-09-28,1D,0.0356,-0.098,NIFTY IT,0.1336,1.486,0.2933,EMEA,INR,True,True
PERF-00884,CLT0004,HDFC Pension Fund,INE414G01012,ADANIENT,Adani Enterprises Ltd,PORT-022,2024-03-07,1D,-0.0567,-0.0424,NIFTY 500,-0.0143,1.654,0.3392,APAC,INR,True,True
PERF-00885,CLT0005,Kotak Mahindra AMC,INE585B01010,AXISBANK,Axis Bank Ltd,PORT-047,2024-05-19,6M,-0.1397,0.0092,NIFTY Bank,-0.1489,2.161,0.2748,APAC,INR,True,True
PERF-00886,CLT0012,Vanguard Emerging Markets,INE361B01024,HCLTECH,HCL Technologies Ltd,PORT-029,2024-11-11,1Y,0.0676,-0.0271,NIFTY IT,0.0947,1.324,0.1113,Americas,INR,True,True
PERF-00887,CLT0012,Vanguard Emerging Markets,INE001A01036,SBIN,State Bank of India,PORT-040,2024-09-25,1Y,-0.1264,0.1498,NIFTY Bank,-0.2762,2.409,0.2258,Americas,INR,True,True
PERF-00888,CLT0010,Abu Dhabi Investment Auth,INE001A01036,SBIN,State Bank of India,PORT-001,2025-01-17,1M,0.0515,-0.0151,NIFTY Bank,0.0666,2.807,0.1503,EMEA,INR,True,True
PERF-00889,CLT0008,Nippon India MF,INE213A01029,MARUTI,Maruti Suzuki India Ltd,PORT-012,2024-05-20,3M,0.0113,-0.06,NIFTY Auto,0.0713,0.196,0.0612,APAC,INR,True,True
PERF-00890,CLT0008,Nippon India MF,INE721A01013,SUNPHARMA,Sun Pharmaceutical Ltd,PORT-009,2024-01-20,6M,-0.0388,0.0572,NIFTY Pharma,-0.096,,0.3239,APAC,INR,True,False
PERF-00891,CLT0015,Norges Bank Investment Mgmt,INE090A01021,ICICIBANK,ICICI Bank Ltd,PORT-010,2024-12-08,6M,0.0663,0.1915,NIFTY Bank,-0.1252,0.52,0.2388,EMEA,INR,True,True
PERF-00892,CLT0004,HDFC Pension Fund,INE296A01024,BAJFINANCE,Bajaj Finance Ltd,PORT-016,2024-11-21,6M,0.1135,0.0466,NIFTY Financial Services,0.0669,-0.434,0.1263,APAC,INR,True,True
PERF-00893,CLT0002,Aditya Birla Capital,INE040A01034,HDFCBANK,HDFC Bank Ltd,PORT-001,2024-05-04,1M,0.186,-0.0402,NIFTY Bank,0.2262,1.572,0.2259,APAC,INR,True,True
PERF-00894,CLT0010,Abu Dhabi Investment Auth,INE020B01018,NTPC,NTPC Ltd,PORT-044,2024-10-16,3M,0.0372,0.1358,NIFTY Infrastructure,-0.0986,0.258,0.0561,EMEA,INR,True,True
PERF-00895,CLT0008,Nippon India MF,INE075A01022,WIPRO,Wipro Ltd,PORT-012,2025-01-15,1M,-0.1222,-0.0316,NIFTY IT,-0.0906,0.786,0.2061,APAC,INR,True,True
PERF-00896,CLT0001,Tata Investment Corp,INE031A01017,POWERGRID,Power Grid Corp of India,PORT-045,2024-05-07,6M,-0.0905,-0.0599,NIFTY Infrastructure,-0.0306,1.279,0.2349,APAC,INR,False,True
PERF-00897,CLT0009,Emirates NBD Asset Mgmt,INE009A01021,INFY,Infosys Ltd,PORT-040,2024-07-26,YTD,0.0233,-0.0909,NIFTY IT,0.1142,0.58,0.2573,EMEA,INR,True,True
PERF-00898,CLT0003,SBI Life Insurance,INE020B01018,NTPC,NTPC Ltd,PORT-048,2025-01-28,6M,-0.0489,0.1772,NIFTY Infrastructure,-0.2261,2.845,0.2411,APAC,INR,True,True
PERF-00899,CLT0012,Vanguard Emerging Markets,INE296A01024,BAJFINANCE,Bajaj Finance Ltd,PORT-041,2024-07-18,1D,0.0766,0.0526,NIFTY Financial Services,0.024,2.901,0.1548,Americas,INR,True,True
PERF-00900,CLT0001,Tata Investment Corp,INE721A01013,SUNPHARMA,Sun Pharmaceutical Ltd,PORT-012,2024-07-05,YTD,-0.0612,0.0491,NIFTY Pharma,-0.1103,1.741,0.2923,APAC,INR,True,True
PERF-00901,CLT0002,Aditya Birla Capital,INE361B01024,HCLTECH,HCL Technologies Ltd,PORT-015,2025-01-28,1M,-0.1299,0.1175,NIFTY IT,-0.2474,0.739,0.1573,APAC,INR,False,True
PERF-00902,CLT0011,BlackRock India Fund,INE031A01017,POWERGRID,Power Grid Corp of India,PORT-030,2024-01-14,YTD,0.1852,0.1893,NIFTY Infrastructure,-0.0041,0.552,0.2492,Americas,INR,True,True
PERF-00903,CLT0012,Vanguard Emerging Markets,INE585B01010,AXISBANK,Axis Bank Ltd,PORT-038,2024-04-25,6M,0.0959,-0.0605,NIFTY Bank,0.1564,-0.226,0.3114,Americas,INR,True,True
PERF-00904,CLT0008,Nippon India MF,INE075A01022,WIPRO,Wipro Ltd,PORT-031,2024-02-20,YTD,-0.0231,0.1617,NIFTY IT,-0.1848,2.506,0.0984,APAC,INR,True,True
PERF-00905,CLT0004,HDFC Pension Fund,INE213A01029,MARUTI,Maruti Suzuki India Ltd,PORT-030,2025-04-06,1D,0.1548,0.0584,NIFTY Auto,0.0964,0.831,0.069,APAC,INR,True,True
PERF-00906,CLT0014,Temasek Holdings,INE361B01024,HCLTECH,HCL Technologies Ltd,PORT-007,2024-04-07,1D,-0.0143,-0.0689,NIFTY IT,0.0546,2.224,0.096,APAC,INR,True,True
PERF-00907,CLT0001,Tata Investment Corp,INE001A01036,SBIN,State Bank of India,PORT-024,2024-04-06,1M,-0.0244,0.1819,NIFTY Bank,-0.2063,0.123,0.2752,APAC,INR,False,True
PERF-00908,CLT0015,Norges Bank Investment Mgmt,INE296A01024,BAJFINANCE,Bajaj Finance Ltd,PORT-026,2025-05-06,1D,0.1106,0.0891,NIFTY Financial Services,0.0215,0.585,0.1286,EMEA,INR,True,True
PERF-00909,CLT0008,Nippon India MF,INE001A01036,SBIN,State Bank of India,PORT-006,2024-10-26,1M,0.0776,0.0814,NIFTY Bank,-0.0038,0.1,0.1956,APAC,INR,False,True
PERF-00910,CLT0002,Aditya Birla Capital,INE009A01021,INFY,Infosys Ltd,PORT-003,2024-01-07,3M,0.1214,-0.0085,NIFTY IT,0.1299,0.793,0.2982,APAC,INR,True,True
PERF-00911,CLT0001,Tata Investment Corp,INE002A01018,RELIANCE,Reliance Industries Ltd,PORT-011,2024-08-04,1W,0.0649,0.0215,NIFTY Energy,0.0434,0.048,0.141,APAC,INR,True,True
PERF-00912,CLT0003,SBI Life Insurance,INE721A01013,SUNPHARMA,Sun Pharmaceutical Ltd,PORT-017,2024-03-16,1W,0.2043,0.0395,NIFTY Pharma,0.1648,1.327,0.3444,APAC,INR,True,True
PERF-00913,CLT0001,Tata Investment Corp,INE001A01036,SBIN,State Bank of India,PORT-002,2024-02-08,6M,-0.0695,0.0448,NIFTY Bank,-0.1143,1.654,0.0922,APAC,INR,True,True
PERF-00914,CLT0009,Emirates NBD Asset Mgmt,INE002A01018,RELIANCE,Reliance Industries Ltd,PORT-029,2024-06-11,1M,0.208,0.1068,NIFTY Energy,0.1012,0.007,0.3142,EMEA,INR,True,True
PERF-00915,CLT0010,Abu Dhabi Investment Auth,INE117A01022,BHARTIARTL,Bharti Airtel Ltd,PORT-002,2024-06-01,1W,-0.0393,0.0125,NIFTY Media,-0.0518,1.56,0.2716,EMEA,INR,False,True
PERF-00916,CLT0010,Abu Dhabi Investment Auth,INE002A01018,RELIANCE,Reliance Industries Ltd,PORT-041,2024-09-07,1M,0.0243,0.0025,NIFTY Energy,0.0218,1.225,0.2432,EMEA,INR,False,True
PERF-00917,CLT0015,Norges Bank Investment Mgmt,INE020B01018,NTPC,NTPC Ltd,PORT-039,2024-09-23,1W,0.1552,-0.0592,NIFTY Infrastructure,0.2144,1.1,0.2231,EMEA,INR,True,True
PERF-00918,CLT0009,Emirates NBD Asset Mgmt,INE090A01021,ICICIBANK,ICICI Bank Ltd,PORT-017,2024-04-19,1W,,-0.0243,NIFTY Bank,,,0.1706,EMEA,INR,True,False
PERF-00919,CLT0008,Nippon India MF,INE467B01029,TCS,Tata Consultancy Services,PORT-029,2024-06-29,YTD,-0.1256,0.0398,NIFTY IT,-0.1654,0.717,0.1161,APAC,INR,True,True
PERF-00920,CLT0015,Norges Bank Investment Mgmt,INE213A01029,MARUTI,Maruti Suzuki India Ltd,PORT-023,2024-11-19,3M,0.172,0.1534,NIFTY Auto,0.0186,0.169,0.1785,EMEA,INR,True,True
PERF-00921,CLT0012,Vanguard Emerging Markets,INE018A01030,LARSEN,Larsen & Toubro Ltd,PORT-014,2024-08-01,6M,,-0.0653,NIFTY Infrastructure,,,0.0562,Americas,INR,False,False
PERF-00922,CLT0012,Vanguard Emerging Markets,INE467B01029,TCS,Tata Consultancy Services,PORT-026,2024-10-31,1M,0.0342,-0.0827,NIFTY IT,0.1169,2.867,0.1497,Americas,INR,False,True
PERF-00923,CLT0015,Norges Bank Investment Mgmt,INE721A01013,SUNPHARMA,Sun Pharmaceutical Ltd,PORT-001,2024-01-20,1W,0.0735,0.0669,NIFTY Pharma,0.0066,2.309,0.0988,EMEA,INR,False,True
PERF-00924,CLT0004,HDFC Pension Fund,INE031A01017,POWERGRID,Power Grid Corp of India,PORT-034,2024-01-14,1Y,-0.0272,-0.0724,NIFTY Infrastructure,0.0452,0.544,0.0898,APAC,INR,True,True
PERF-00925,CLT0012,Vanguard Emerging Markets,INE002A01018,RELIANCE,Reliance Industries Ltd,PORT-036,2024-12-30,3M,-0.036,-0.053,NIFTY Energy,0.017,0.312,0.2151,Americas,INR,True,True
PERF-00926,CLT0002,Aditya Birla Capital,INE075A01022,WIPRO,Wipro Ltd,PORT-013,2024-07-06,6M,0.1559,-0.0308,NIFTY IT,0.1867,2.585,0.1959,APAC,INR,True,True
PERF-00927,CLT0011,BlackRock India Fund,INE154A01025,ITC,ITC Ltd,PORT-050,2024-06-28,1M,-0.0986,-0.0268,NIFTY FMCG,-0.0718,1.157,0.3245,Americas,INR,True,True
PERF-00928,CLT0010,Abu Dhabi Investment Auth,INE018A01030,LARSEN,Larsen & Toubro Ltd,PORT-016,2024-07-01,YTD,0.2332,0.1423,NIFTY Infrastructure,0.0909,2.448,0.1187,EMEA,INR,True,True
PERF-00929,CLT0012,Vanguard Emerging Markets,INE066A01021,ONGC,Oil & Natural Gas Corp,PORT-002,2025-04-21,3M,-0.049,-0.0433,NIFTY Energy,-0.0057,1.74,0.1322,Americas,INR,True,True
PERF-00930,CLT0010,Abu Dhabi Investment Auth,INE154A01025,ITC,ITC Ltd,PORT-049,2024-09-05,1W,,0.107,NIFTY FMCG,,,0.3307,EMEA,INR,True,False
PERF-00931,CLT0004,HDFC Pension Fund,INE154A01025,ITC,ITC Ltd,PORT-015,2024-12-13,1W,,0.1678,NIFTY FMCG,,,0.2404,APAC,INR,True,False
PERF-00932,CLT0009,Emirates NBD Asset Mgmt,INE154A01025,ITC,ITC Ltd,PORT-004,2024-09-13,1Y,0.2395,0.0823,NIFTY FMCG,0.1572,0.133,0.2525,EMEA,INR,True,True
PERF-00933,CLT0011,BlackRock India Fund,INE040A01034,HDFCBANK,HDFC Bank Ltd,PORT-002,2024-06-29,YTD,-0.0944,0.027,NIFTY Bank,-0.1214,2.428,0.1362,Americas,INR,False,True
PERF-00934,CLT0013,GIC Private Ltd Singapore,INE117A01022,BHARTIARTL,Bharti Airtel Ltd,PORT-042,2024-10-25,3M,0.2139,0.1074,NIFTY Media,0.1065,0.68,0.3181,APAC,INR,True,True
PERF-00935,CLT0004,HDFC Pension Fund,INE117A01022,BHARTIARTL,Bharti Airtel Ltd,PORT-047,2024-12-06,1M,0.1059,0.0412,NIFTY Media,0.0647,0.009,0.1827,APAC,INR,True,True
PERF-00936,CLT0003,SBI Life Insurance,INE020B01018,NTPC,NTPC Ltd,PORT-047,2025-03-15,1M,-0.0823,0.1159,NIFTY Infrastructure,-0.1982,1.965,0.117,APAC,INR,True,True
PERF-00937,CLT0012,Vanguard Emerging Markets,INE414G01012,ADANIENT,Adani Enterprises Ltd,PORT-004,2024-05-30,YTD,0.232,-0.0438,NIFTY 500,0.2758,2.834,0.2106,Americas,INR,True,True
PERF-00938,CLT0010,Abu Dhabi Investment Auth,INE009A01021,INFY,Infosys Ltd,PORT-031,2024-02-12,1M,0.059,0.072,NIFTY IT,-0.013,0.617,0.2605,EMEA,INR,True,True
PERF-00939,CLT0011,BlackRock India Fund,INE001A01036,SBIN,State Bank of India,PORT-008,2024-04-11,1D,,-0.0971,NIFTY Bank,,,0.102,Americas,INR,True,False
PERF-00940,CLT0013,GIC Private Ltd Singapore,INE117A01022,BHARTIARTL,Bharti Airtel Ltd,PORT-026,2024-03-22,6M,0.0746,-0.0141,NIFTY Media,0.0887,-0.059,0.1914,APAC,INR,True,False
PERF-00941,CLT0010,Abu Dhabi Investment Auth,INE361B01024,HCLTECH,HCL Technologies Ltd,PORT-045,2024-04-29,1Y,0.1211,-0.0787,NIFTY IT,0.1998,2.677,0.1782,EMEA,INR,True,True
PERF-00942,CLT0013,GIC Private Ltd Singapore,INE002A01018,RELIANCE,Reliance Industries Ltd,PORT-034,2024-05-04,6M,0.0227,-0.0018,NIFTY Energy,0.0245,1.59,0.0943,APAC,INR,True,False
PERF-00943,CLT0010,Abu Dhabi Investment Auth,INE009A01021,INFY,Infosys Ltd,PORT-023,2024-01-16,1M,-0.1198,0.1741,NIFTY IT,-0.2939,-0.461,0.2773,EMEA,INR,True,True
PERF-00944,CLT0009,Emirates NBD Asset Mgmt,INE721A01013,SUNPHARMA,Sun Pharmaceutical Ltd,PORT-006,2024-09-05,1Y,0.1982,0.1642,NIFTY Pharma,0.034,2.639,0.0793,EMEA,INR,True,True
PERF-00945,CLT0005,Kotak Mahindra AMC,INE020B01018,NTPC,NTPC Ltd,PORT-031,2024-11-03,6M,0.2031,-0.0933,NIFTY Infrastructure,0.2964,0.139,0.0928,APAC,INR,True,True
PERF-00946,CLT0015,Norges Bank Investment Mgmt,INE585B01010,AXISBANK,Axis Bank Ltd,PORT-022,2024-09-04,YTD,,-0.0561,NIFTY Bank,,,0.1834,EMEA,INR,True,False
PERF-00947,CLT0012,Vanguard Emerging Markets,INE040A01034,HDFCBANK,HDFC Bank Ltd,PORT-039,2025-03-09,1W,0.0348,0.0158,NIFTY Bank,0.019,-0.072,0.2099,Americas,INR,True,True
PERF-00948,CLT0013,GIC Private Ltd Singapore,INE038A01020,HINDALCO,Hindalco Industries Ltd,PORT-034,2024-06-22,3M,-0.0807,0.111,NIFTY Metal,-0.1917,-0.003,0.1165,APAC,INR,True,True
PERF-00949,CLT0004,HDFC Pension Fund,INE117A01022,BHARTIARTL,Bharti Airtel Ltd,PORT-012,2024-10-24,1W,-0.0445,0.1039,NIFTY Media,-0.1484,0.39,0.2686,APAC,INR,True,True
PERF-00950,CLT0014,Temasek Holdings,INE031A01017,POWERGRID,Power Grid Corp of India,PORT-049,2025-05-01,YTD,0.1949,0.1396,NIFTY Infrastructure,0.0553,1.547,0.0969,APAC,INR,True,True
PERF-00951,CLT0005,Kotak Mahindra AMC,INE721A01013,SUNPHARMA,Sun Pharmaceutical Ltd,PORT-002,2024-06-02,YTD,0.0744,-0.0981,NIFTY Pharma,0.1725,0.797,0.1425,APAC,INR,True,True
PERF-00952,CLT0010,Abu Dhabi Investment Auth,INE038A01020,HINDALCO,Hindalco Industries Ltd,PORT-032,2024-07-18,YTD,-0.1456,0.0787,NIFTY Metal,-0.2243,2.566,0.2154,EMEA,INR,False,True
PERF-00953,CLT0011,BlackRock India Fund,INE001A01036,SBIN,State Bank of India,PORT-032,2025-01-21,1W,0.0236,0.1219,NIFTY Bank,-0.0983,0.584,0.259,Americas,INR,True,True
PERF-00954,CLT0014,Temasek Holdings,INE414G01012,ADANIENT,Adani Enterprises Ltd,PORT-027,2024-03-04,1M,-0.1407,-0.0686,NIFTY 500,-0.0721,0.633,0.0612,APAC,INR,True,True
PERF-00955,CLT0003,SBI Life Insurance,INE020B01018,NTPC,NTPC Ltd,PORT-019,2024-03-09,YTD,-0.0693,-0.0216,NIFTY Infrastructure,-0.0477,0.04,0.0955,APAC,INR,False,True
PERF-00956,CLT0006,LIC of India,INE117A01022,BHARTIARTL,Bharti Airtel Ltd,PORT-023,2024-09-06,6M,0.0794,0.1873,NIFTY Media,-0.1079,-0.218,0.112,APAC,INR,True,True
PERF-00957,CLT0012,Vanguard Emerging Markets,INE721A01013,SUNPHARMA,Sun Pharmaceutical Ltd,PORT-025,2024-05-18,1Y,0.0354,0.1571,NIFTY Pharma,-0.1217,0.089,0.169,Americas,INR,True,True
PERF-00958,CLT0007,ICICI Prudential AMC,INE117A01022,BHARTIARTL,Bharti Airtel Ltd,PORT-008,2024-12-10,1W,-0.0509,0.0649,NIFTY Media,-0.1158,2.876,0.0516,APAC,INR,True,True
PERF-00959,CLT0010,Abu Dhabi Investment Auth,INE066A01021,ONGC,Oil & Natural Gas Corp,PORT-042,2024-09-09,YTD,0.0488,0.023,NIFTY Energy,0.0258,0.384,0.1258,EMEA,INR,True,True
PERF-00960,CLT0007,ICICI Prudential AMC,INE002A01018,RELIANCE,Reliance Industries Ltd,PORT-006,2025-02-07,1Y,0.2273,0.0928,NIFTY Energy,0.1345,2.797,0.3313,APAC,INR,False,True
PERF-00961,CLT0006,LIC of India,INE009A01021,INFY,Infosys Ltd,PORT-012,2024-12-04,6M,-0.0008,0.003,NIFTY IT,-0.0038,2.51,0.1865,APAC,INR,True,True
PERF-00962,CLT0007,ICICI Prudential AMC,INE296A01024,BAJFINANCE,Bajaj Finance Ltd,PORT-018,2024-03-14,3M,-0.0466,0.0647,NIFTY Financial Services,-0.1113,1.185,0.3258,APAC,INR,True,True
PERF-00963,CLT0009,Emirates NBD Asset Mgmt,INE296A01024,BAJFINANCE,Bajaj Finance Ltd,PORT-041,2024-05-01,3M,0.0832,0.1363,NIFTY Financial Services,-0.0531,,0.2181,EMEA,INR,False,False
PERF-00964,CLT0011,BlackRock India Fund,INE075A01022,WIPRO,Wipro Ltd,PORT-017,2025-04-08,1D,0.0041,0.1538,NIFTY IT,-0.1497,0.3,0.273,Americas,INR,True,True
PERF-00965,CLT0008,Nippon India MF,INE018A01030,LARSEN,Larsen & Toubro Ltd,PORT-005,2024-09-25,1W,0.2394,-0.006,NIFTY Infrastructure,0.2454,-0.445,0.3203,APAC,INR,True,True
PERF-00966,CLT0001,Tata Investment Corp,INE031A01017,POWERGRID,Power Grid Corp of India,PORT-035,2024-07-16,1M,0.0475,0.0459,NIFTY Infrastructure,0.0016,0.112,0.1206,APAC,INR,False,True
PERF-00967,CLT0015,Norges Bank Investment Mgmt,INE721A01013,SUNPHARMA,Sun Pharmaceutical Ltd,PORT-035,2025-05-14,1Y,0.0357,-0.0634,NIFTY Pharma,0.0991,0.491,0.337,EMEA,INR,True,True
PERF-00968,CLT0009,Emirates NBD Asset Mgmt,INE296A01024,BAJFINANCE,Bajaj Finance Ltd,PORT-004,2025-03-23,1M,-0.0286,-0.099,NIFTY Financial Services,0.0704,2.467,0.0773,EMEA,INR,True,True
PERF-00969,CLT0007,ICICI Prudential AMC,INE020B01018,NTPC,NTPC Ltd,PORT-007,2025-01-05,6M,0.015,0.0569,NIFTY Infrastructure,-0.0419,1.361,0.2781,APAC,INR,True,True
PERF-00970,CLT0004,HDFC Pension Fund,INE066A01021,ONGC,Oil & Natural Gas Corp,PORT-003,2024-05-04,YTD,0.0568,0.0367,NIFTY Energy,0.0201,1.036,0.2388,APAC,INR,True,True
PERF-00971,CLT0001,Tata Investment Corp,INE117A01022,BHARTIARTL,Bharti Airtel Ltd,PORT-013,2025-05-19,1Y,-0.0728,-0.088,NIFTY Media,0.0152,0.786,0.1207,APAC,INR,True,True
PERF-00972,CLT0005,Kotak Mahindra AMC,INE009A01021,INFY,Infosys Ltd,PORT-024,2025-04-07,3M,-0.0265,-0.0506,NIFTY IT,0.0241,2.357,0.2206,APAC,INR,True,True
PERF-00973,CLT0008,Nippon India MF,INE075A01022,WIPRO,Wipro Ltd,PORT-013,2025-01-20,1M,-0.0941,0.0843,NIFTY IT,-0.1784,0.074,0.1593,APAC,INR,True,True
PERF-00974,CLT0009,Emirates NBD Asset Mgmt,INE018A01030,LARSEN,Larsen & Toubro Ltd,PORT-048,2024-08-20,3M,0.2448,0.0075,NIFTY Infrastructure,0.2373,1.245,0.2655,EMEA,INR,True,True
PERF-00975,CLT0006,LIC of India,INE020B01018,NTPC,NTPC Ltd,PORT-009,2024-12-15,YTD,0.0691,-0.087,NIFTY Infrastructure,0.1561,2.104,0.0558,APAC,INR,True,True
PERF-00976,CLT0004,HDFC Pension Fund,INE040A01034,HDFCBANK,HDFC Bank Ltd,PORT-013,2024-05-20,6M,-0.1101,0.1983,NIFTY Bank,-0.3084,0.966,0.0606,APAC,INR,True,True
PERF-00977,CLT0001,Tata Investment Corp,INE296A01024,BAJFINANCE,Bajaj Finance Ltd,PORT-041,2024-02-22,1W,-0.0014,0.0029,NIFTY Financial Services,-0.0043,2.527,0.1847,APAC,INR,True,True
PERF-00978,CLT0013,GIC Private Ltd Singapore,INE040A01034,HDFCBANK,HDFC Bank Ltd,PORT-027,2025-01-07,1W,-0.0193,0.1679,NIFTY Bank,-0.1872,2.252,0.3358,APAC,INR,True,True
PERF-00979,CLT0010,Abu Dhabi Investment Auth,INE009A01021,INFY,Infosys Ltd,PORT-007,2025-05-05,YTD,0.0038,0.1607,NIFTY IT,-0.1569,1.596,0.1289,EMEA,INR,True,True
PERF-00980,CLT0001,Tata Investment Corp,INE018A01030,LARSEN,Larsen & Toubro Ltd,PORT-043,2025-01-05,1Y,-0.0061,0.0738,NIFTY Infrastructure,-0.0799,-0.279,0.2127,APAC,INR,True,True
PERF-00981,CLT0007,ICICI Prudential AMC,INE020B01018,NTPC,NTPC Ltd,PORT-039,2024-12-26,1W,0.0656,0.1673,NIFTY Infrastructure,-0.1017,0.164,0.1626,APAC,INR,True,True
PERF-00982,CLT0010,Abu Dhabi Investment Auth,INE467B01029,TCS,Tata Consultancy Services,PORT-016,2024-06-26,1D,-0.1169,0.1711,NIFTY IT,-0.288,1.404,0.2247,EMEA,INR,True,True
PERF-00983,CLT0007,ICICI Prudential AMC,INE038A01020,HINDALCO,Hindalco Industries Ltd,PORT-031,2024-11-12,1Y,0.157,0.0936,NIFTY Metal,0.0634,2.504,0.1653,APAC,INR,True,True
PERF-00984,CLT0008,Nippon India MF,INE296A01024,BAJFINANCE,Bajaj Finance Ltd,PORT-035,2024-12-18,6M,0.0886,0.1511,NIFTY Financial Services,-0.0625,2.328,0.2692,APAC,INR,True,True
PERF-00985,CLT0011,BlackRock India Fund,INE018A01030,LARSEN,Larsen & Toubro Ltd,PORT-014,2024-07-27,1Y,0.0246,-0.0571,NIFTY Infrastructure,0.0817,1.74,0.1412,Americas,INR,True,True
PERF-00986,CLT0012,Vanguard Emerging Markets,INE117A01022,BHARTIARTL,Bharti Airtel Ltd,PORT-008,2024-05-17,1D,0.2498,0.1764,NIFTY Media,0.0734,0.654,0.0849,Americas,INR,True,True
PERF-00987,CLT0013,GIC Private Ltd Singapore,INE721A01013,SUNPHARMA,Sun Pharmaceutical Ltd,PORT-020,2025-04-18,1D,-0.0945,0.1235,NIFTY Pharma,-0.218,2.093,0.0971,APAC,INR,True,True
PERF-00988,CLT0006,LIC of India,INE040A01034,HDFCBANK,HDFC Bank Ltd,PORT-041,2024-09-30,3M,-0.0543,0.0734,NIFTY Bank,-0.1277,2.201,0.207,APAC,INR,True,True
PERF-00989,CLT0006,LIC of India,INE585B01010,AXISBANK,Axis Bank Ltd,PORT-016,2024-03-09,1Y,0.0006,-0.0481,NIFTY Bank,0.0487,2.701,0.1041,APAC,INR,True,True
PERF-00990,CLT0007,ICICI Prudential AMC,INE002A01018,RELIANCE,Reliance Industries Ltd,PORT-001,2024-12-29,6M,0.1278,-0.0892,NIFTY Energy,0.217,-0.218,0.251,APAC,INR,True,True
PERF-00991,CLT0003,SBI Life Insurance,INE018A01030,LARSEN,Larsen & Toubro Ltd,PORT-046,2025-03-22,6M,0.0114,-0.0705,NIFTY Infrastructure,0.0819,1.98,0.0683,APAC,INR,True,True
PERF-00992,CLT0012,Vanguard Emerging Markets,INE213A01029,MARUTI,Maruti Suzuki India Ltd,PORT-047,2024-01-31,1W,0.1649,0.0944,NIFTY Auto,0.0705,0.358,0.2706,Americas,INR,True,True
PERF-00993,CLT0007,ICICI Prudential AMC,INE585B01010,AXISBANK,Axis Bank Ltd,PORT-004,2024-12-22,1D,-0.014,-0.0233,NIFTY Bank,0.0093,2.129,0.3474,APAC,INR,True,True
PERF-00994,CLT0002,Aditya Birla Capital,INE467B01029,TCS,Tata Consultancy Services,PORT-030,2024-02-15,1W,0.1579,-0.0932,NIFTY IT,0.2511,0.122,0.1683,APAC,INR,False,True
PERF-00995,CLT0005,Kotak Mahindra AMC,INE020B01018,NTPC,NTPC Ltd,PORT-015,2024-12-08,6M,0.1208,-0.0713,NIFTY Infrastructure,0.1921,1.49,0.2481,APAC,INR,True,True
PERF-00996,CLT0015,Norges Bank Investment Mgmt,INE090A01021,ICICIBANK,ICICI Bank Ltd,PORT-016,2025-02-24,1M,-0.1437,0.1136,NIFTY Bank,-0.2573,0.517,0.2256,EMEA,INR,True,True
PERF-00997,CLT0007,ICICI Prudential AMC,INE154A01025,ITC,ITC Ltd,PORT-038,2025-02-03,1Y,0.169,0.0288,NIFTY FMCG,0.1402,1.575,0.3117,APAC,INR,True,True
PERF-00998,CLT0014,Temasek Holdings,INE117A01022,BHARTIARTL,Bharti Airtel Ltd,PORT-009,2024-04-24,1Y,0.0864,0.1605,NIFTY Media,-0.0741,0.848,0.1111,APAC,INR,True,True
PERF-00999,CLT0002,Aditya Birla Capital,INE018A01030,LARSEN,Larsen & Toubro Ltd,PORT-012,2024-03-30,YTD,,0.1632,NIFTY Infrastructure,,,0.1168,APAC,INR,True,False
PERF-01000,CLT0001,Tata Investment Corp,INE213A01029,MARUTI,Maruti Suzuki India Ltd,PORT-013,2024-11-15,1D,0.1721,0.1953,NIFTY Auto,-0.0232,0.5,0.1875,APAC,INR,True,True
